id,nome,our_lat,our_lng,cs_lat,cs_lng,distance_m,status,error
801,Obra Social de São Martinho da Gândara,40.8472714,-8.5268835,40.846678,-8.528382,142,MINOR,
802,Centro de S. Roque,40.8777587,-8.4708316,40.876346,-8.469927,175,MINOR,
803,Comissão Melhoramentos de Azeméis,40.8397387,-8.47413,40.839729,-8.474673,46,MATCH,
804,Centro Social Paroquial São Miguel,40.8415588,-8.4782115,40.841553,-8.478552,29,MATCH,
805,Santa Casa da Misericórdia de Oliveira de Azeméis,40.8453703,-8.4847384,40.836226,-8.478407,1148,MISMATCH,
807,Centro de Infância Arte e Qualidade,40.630912,-8.6548977,,,,NO_CS_COORDS,
808,Centro de Apoio Familiar Pinto Carvalho,40.8546397,-8.4674258,40.871242,-8.447153,2513,MISMATCH,
809,Centro Infantil e Social de Cesar (CISC),40.9179174,-8.4315947,40.914169,-8.431504,417,MINOR,
812,Patronato Santo António,40.7823559,-8.4829343,40.874109,-8.472772,10238,MISMATCH,
814,Florinhas do Vouga,40.6403771,-8.6506669,40.630132,-8.649258,1145,MISMATCH,
821,Fundação Creche Helena de Albuquerque Quadros,40.6791963,-8.5533645,40.679183,-8.548636,399,MINOR,
822,Centro Social de Azurva,40.635663,-8.593691,40.615577,-8.636549,4251,MISMATCH,
828,CAPP - Centro de Assistência Paroquial de Pampilhosa,40.33531,-8.4249253,40.334642,-8.424586,80,MATCH,
830,Casa da Criança Maria do Resgate Salazar,40.3761854,-8.4476006,40.387044444,-8.3761416666,6172,MISMATCH,
832,Casa da Criança da Mealhada,40.3765009,-8.4476737,40.37609,-8.44769,46,MATCH,
834,Centro Social e Cultural Nossa Senhora do Ó de Aguim,40.4153556,-8.452032,40.40219,-8.446982,1525,MISMATCH,
835,Misericórdia da Vila de Cucujães,40.8774966,-8.5041391,40.877848,-8.502818,118,MINOR,
836,Centro Social Santa Joana Princesa,40.6338678,-8.620157,41.018066,-8.471965,44503,MISMATCH,
837,Centro Acolhimento Caritas Aveiro,40.6421394,-8.6230639,40.641718,-8.622672,57,MATCH,
838,Creche da Santa Casa da Misericórdia de Aveiro,40.6481287,-8.6288317,40.648441,-8.629681,80,MATCH,
887,Infantário da Santa Casa da Misericórdia da Murtosa,40.7479986,-8.6503396,,,,NO_CS_COORDS,
894,Centro Social da Freguesia de Casal Comba,40.3663791,-8.4650482,40.365234,-8.466475,176,MINOR,
901,Associação de Solidariedade Social de Alquerubim,40.6170795,-8.5132869,40.625505,-8.472025,3606,MISMATCH,
902,Complexo Social de Fajões I,40.9124641,-8.4159782,40.911943,-8.41763,150,MINOR,
903,Centro Social Cultural e Recreativo de Carregosa,40.8711717,-8.4471216,,,,NO_CS_COORDS,
905,Centro Social Paroquial São Vicente da Branca,40.7657801,-8.4785677,40.764316,-8.473387,466,MINOR,
906,Centro Social Paroquial de São Jacinto,40.6624704,-8.7339116,40.662165,-8.731379,216,MINOR,
907,Colégio da Gandarinha da Fundação Condessa Penha Longa,40.7849852,-8.4965576,40.871563,-8.493299,9631,MISMATCH,
908,Centro Paroquial Social de Santo André de Macinhata da Seixa,40.819226,-8.4694393,,,,NO_CS_COORDS,
909,Centro Comunitário da Paróquia de Aradas,40.6102588,-8.6485601,40.610137,-8.647303,107,MINOR,
911,Casa do Povo de Amoreira da Gândara,40.4769509,-8.5397264,40.457249,-8.559601,2762,MISMATCH,
912,Centro Infantil de Eixo,40.6277752,-8.5636523,40.628175,-8.562057,142,MINOR,
913,Centro Social e Paroquial São Pedro de Nariz,40.5380579,-8.5923167,40.54811,-8.589409,1144,MISMATCH,
920,Jardim de Infância Doutora Odete Isabel,40.3088111,-8.4750477,40.30815,-8.474781,77,MATCH,
921,Jardim de Infância Sant'ana,40.3766338,-8.4488911,41.124256,-7.785524,100166,MISMATCH,
922,Centro Social Paroquial Nossa Senhora de Fátima,40.5811163,-8.5852961,40.580202,-8.581635,325,MINOR,
932,Creche - Centro Social de Paços de Brandão,40.9679487,-8.5874791,40.968096,-8.58758,18,MATCH,
942,Centro Infantil da Fundação Pe. Manuel Pereira Pinho e Irmã,40.8278569,-8.5851366,41.962951,-8.626463,126264,MISMATCH,
946,Equip Social da Fundação Benjamim Dias Costa,40.805543,-8.5745645,40.805076,-8.575448,91,MATCH,
947,Centro Paroquial de Santo André de Mosteirô,40.9003187,-8.5265086,41.600782,-8.415176,78442,MISMATCH,
965,Centro de Promoção Social do Furadouro,40.8720319,-8.6751865,40.114045,-8.49813,85604,MISMATCH,
966,Centro Social e Paroquial de São Miguel,40.6994905,-8.5494488,40.699078,-8.549111,54,MATCH,
968,Centro Social Paroquial São Tomé de Canelas,40.7165949,-8.5566482,40.716958,-8.55517,131,MINOR,
970,Centro Paroquial e Social de Santa Marinha de Avança,40.8056303,-8.5727843,40.806238,-8.571848,104,MINOR,
973,Centro Social da Teixugueira,40.7594315,-8.575088,40.759405,-8.575026,6,MATCH,
975,Centro Social Paroquial de São João de Ovar,40.8649964,-8.6087014,40.861919,-8.590143,1598,MISMATCH,
976,Centro Social Habitovar,40.8712495,-8.6258477,38.659377,-9.161898,250179,MISMATCH,
978,Centro Infantil de Santa Maria da Feira,40.9206594,-8.5406724,40.918516,-8.540532,239,MINOR,
980,Centro Social Jesus Maria José,40.8584753,-8.6185369,38.953619,-7.505138,232121,MISMATCH,
982,Grupo de Acção Social de São Vicente Pereira - Equip. Soc. I,40.8665975,-8.5383706,40.866727,-8.538691,31,MATCH,
984,Centro de Assistência Social de Esmoriz - Centro Infantil,40.9613542,-8.62253,40.961707,-8.620185,201,MINOR,
986,Centro Social Cortegacence Olívia e Florindo Cantinho,40.9469201,-8.6223134,40.94712,-8.622217,24,MATCH,
988,Ninho da Criança,40.9010838,-8.4937292,40.900911,-8.493983,29,MATCH,
990,Centro Infantil de São João da Madeira,40.8990949,-8.4869893,40.898743,-8.487375,51,MATCH,
991,Complexo Social Principal,40.893738,-8.4953874,40.890248,-8.494101,403,MINOR,
994,Santa Casa da Misericórdia de Ovar,40.8577697,-8.6291265,40.858009,-8.627659,126,MINOR,
995,Masspo- Movimento de Apoio Social a São Paio de Oleiros,40.989417,-8.5971849,41.353359,-8.469149,41863,MISMATCH,
996,Casa de Nossa Senhora do Sameiro,40.9878608,-8.5866371,40.925871,-8.550065,7546,MISMATCH,
997,Centro Social Paroquial de São Jorge,40.9663015,-8.5042172,38.752107,-9.147025,252244,MISMATCH,
998,Centro Infantil de Santa Maria de Lamas,40.9790555,-8.5721748,41.007608,-8.467071,9375,MISMATCH,
1218,Centro Social Paroquial de Calvão,40.4793546,-8.6973191,40.479335,-8.697282,4,MATCH,
1219,CASDSC - Comissão de Apoio Social e Desenvolvimento de Santa Catarina,40.4655678,-8.6407767,40.47741,-8.69956,5144,MISMATCH,
1220,Associação dos Amigos de Perrães,40.632698,-8.6186974,39.11131,-8.990226,172116,MISMATCH,
1221,Centro Social da Freguesia de Soza,40.540456,-8.6588758,40.540471,-8.658486,33,MATCH,
1222,Patronato de Nossa Senhora das Dores,40.594278,-8.5069402,40.594656,-8.505514,128,MINOR,
1223,Casa da Misericórdia de Oliveira do Bairro,40.5104068,-8.4935611,40.3204,-7.891936,55141,MISMATCH,
1224,Os Pioneiros - Associação de Pais de Mourisca Dovouga,40.6163535,-8.4565497,40.61742,-8.458116,178,MINOR,
1228,Associação Barroense de Recreio Cultura e Assistência,39.399872,-8.224454,40.536307,-8.469888,128085,MISMATCH,
1229,Bela Vista - Centro de Educação Integrada,40.5755258,-8.4377404,40.575842,-8.437843,36,MATCH,
1232,Centro Infantil de Ílhavo,40.6083893,-8.6726103,37.087895,-8.24748,393187,MISMATCH,
1233,Complexo Social Seabra de Castro,40.4414137,-8.4356124,40.441446,-8.435647,5,MATCH,
1234,Centro Social de Maria Auxiliadora de Mogofores,40.4191272,-8.4484264,40.451867,-8.466184,3939,MISMATCH,
1235,Centro Social Paroquial da Moita de Anadia,40.4424764,-8.4198088,40.442613,-8.415823,338,MINOR,
1237,Equipamento Social Costa Verde,41.0132879,-8.6249136,41.003136,-8.640863,1751,MISMATCH,
1238,Equip Soc do Centro Social e Paroquial de Valongo do Vouga,40.6189544,-8.4356635,40.616562,-8.434815,275,MINOR,
1239,Centro Social de Oiã,40.5418265,-8.5494246,40.538757,-8.546265,433,MINOR,
1240,Centro Social Paroquial da Freguesia de Recardães,40.5624308,-8.465408,41.634557,-8.302387,119995,MISMATCH,
1241,Associação Fermentelense de Assistência,40.5680167,-8.521674,40.568172,-8.52178,19,MATCH,
1242,SOLSIL - Associação de Solidariedade Social do Silveiro,40.534905,-8.5066401,40.536332,-8.507515,175,MINOR,
1244,Centro Social Cultural e Recreativo de Paredes do Bairro,40.4515016,-8.503587,41.204032,-8.324063,85030,MISMATCH,
1246,Centro Social da Anadia,40.439186,-8.4325337,40.431278,-8.429439,918,MISMATCH,
1247,Centro Social Infantil de Aguada de Baixo,40.510059,-8.450072,40.490199,-8.476278,3128,MISMATCH,
1248,Centro de Bem Estar Social de Macinhata do Vouga,40.6507518,-8.4584088,40.652194,-8.458114,162,MINOR,
1250,Centro Social Paroquial de São Pedro da Palhaça,40.5306254,-8.604166,39.476746,-9.018845,122393,MISMATCH,
1252,CASCI - Centro Infância da Barra,40.6430968,-8.7405611,40.642917,-8.743261,229,MINOR,
1254,Betel - Ponte de Vagos,40.4749911,-8.6660986,40.474789,-8.66753,123,MINOR,
1255,Infantário da Anunciação,40.6185851,-8.7341144,40.619668,-8.733671,126,MINOR,
1267,Centro Social Paroquial de Fonte de Angeão,40.4527673,-8.6738111,40.452706,-8.673809,7,MATCH,
1272,Liga dos Amigos de Aguada de Cima,40.5208388,-8.4157906,40.52034,-8.411766,345,MINOR,
1278,Centro Social de São José de Cluny,40.4590392,-8.4519537,40.452004,-8.449238,815,MISMATCH,
1281,Associação Social de Avelãs de Caminho,40.4789826,-8.4527014,40.479156,-8.453232,49,MATCH,
1284,Centro Infantil Espinho 1,41.00193,-8.6368087,40.996065,-8.642443,806,MISMATCH,
1285,Equip Doc do Casa do Povo de Valongo do Vouga,40.6209616,-8.4330218,40.572377,-8.434708,5404,MISMATCH,
1288,Centro Social Paroquial da Borralha,40.5525348,-8.4479885,40.552655,-8.447941,14,MATCH,
1290,Centro de Bem Estar Infantil de Sangalhos,40.4850041,-8.4744982,40.524115,-8.476115,4351,MISMATCH,
1294,ARCOR - Associação Recreativa e Cultural de Óis da Ribeira,40.5745593,-8.5067103,,,,NO_CS_COORDS,
1299,Creche do Centro Infantil da Lagoa,40.5997365,-8.6624512,40.599626,-8.662198,25,MATCH,
1301,Obra da Providência,40.6362058,-8.7209455,40.636284,-8.720751,19,MATCH,
1366,Obra de Promoção Social da Sagrada Família - Casa da Imaculada Conceição,40.4408964,-8.4444234,40.436374,-8.464247,1751,MISMATCH,
2143,Associação Humanitária de Salreu,40.7425886,-8.5397332,40.741292,-8.539264,149,MINOR,
2590,Casa Vera Cruz,40.6468347,-8.6474014,40.646931,-8.64718,22,MATCH,
3286,Santa Casa da Misericórdia de Arouca,40.9310287,-8.245094,40.931831,-8.245684,102,MINOR,
4509,Jardim de Infância do Centro Social do Couto Mineiro do Pejão,41.034962,-8.3535228,41.03786,-8.357771,480,MINOR,
4512,Jardim de Infância do Centro Social Paroquial de Sobrado,41.0410465,-8.2665244,41.124371,-8.513872,22708,MISMATCH,
4516,Centro Social Cristóvão,41.0084658,-8.5807017,41.002492,-8.578701,685,MISMATCH,
4517,Centro Social Paroquial de Sanfins,40.9599992,-8.5857892,40.691124,-7.732395,77781,MISMATCH,
4518,Associação do Centro Social de Escapães,40.9219372,-8.5183642,40.92176,-8.517915,43,MATCH,
4519,Centro Paroquial de Promoção Social da Rainha Santa Mafalda de Arouca,40.9309512,-8.2459846,40.931244,-8.246644,64,MATCH,
4538,Centro Infantil da Casa do Povo de Oliveirinha,40.6020768,-8.6066593,37.086799,-8.830513,391361,MISMATCH,
12132,Associação de Solidariedade Social de L0ureiro,40.8101291,-8.5322133,40.805133,-8.527614,677,MISMATCH,
12142,Centro Social e Paroquial de Santo André de Esgueira,40.6617842,-8.6298188,40.68843,-8.617083,3152,MISMATCH,
17154,Comossela - Comissão de Melhoramentos de Ossela,40.822623,-8.432436,40.824063,-8.480832,4075,MISMATCH,
17184,Obra Do Frei Gil Ramalde,40.504485,-8.5797296,40.505054,-8.592207,1057,MISMATCH,
17481,Trá-Lá-Lá - Educação para a Criança,40.6269214,-8.6379451,40.638791,-8.638887,1322,MISMATCH,
17490,Associação de Solidariedade Social Casa Mãe de Aradas,40.6309122,-8.6479872,40.618776,-8.637022,1636,MISMATCH,
17500,Centro Ambiente para Todos,40.5024127,-8.5681867,40.515273,-8.494795,6367,MISMATCH,
17505,Centro de Educação Integral,40.8916393,-8.4816418,40.891339,-8.482966,116,MINOR,
17510,O Abrigo - Centro de Solidariedade Social de São João de Ver,40.9542647,-8.5499865,40.954127,-8.549307,59,MATCH,
17528,Centro Social de Lourosa,40.9896325,-8.547892,40.989682,-8.54758,27,MATCH,
17529,Casa da Criança de Águeda,40.5769012,-8.4494679,40.638764,-8.471676,7130,MISMATCH,
17560,Fundação Luíz Bernardo de Almeida,40.8532434,-8.3699323,40.8578747,-8.3720327,544,MISMATCH,
18298,Quinta dos Pequenotes,40.6488578,-8.630974,40.890296,-8.457033,30583,MISMATCH,
18307,Centro Social Paroquial de Santa Eulália de Vale Maior,40.7001541,-8.4704237,42.02457,-8.554634,147436,MISMATCH,
18310,O Jardim - Centro de Solidariedade Social de Canedo,41.005538,-8.4630963,41.6232645,-7.7336162,91814,MISMATCH,
19926,Centro Comunitário da Boa Hora,40.5637371,-8.7417148,,,,NO_CS_COORDS,
19945,Sonho da Criança,40.9111498,-8.5534884,40.911423,-8.553582,31,MATCH,
19964,Creche do Centro de Acção Social de Covão do Lobo,40.439255,-8.6459007,40.411115,-8.697766,5391,MISMATCH,
22178,Associação Baptista Shalom,40.589948,-8.4240975,40.556828,-8.412122,3819,MISMATCH,
22182,Lápis e Cor,40.7437325,-8.4918448,40.691993,-8.513551,6037,MISMATCH,
22183,Cediara - Associação de Solidariedade Social de Ribeira de Fráguas,40.7388706,-8.4466174,40.698666,-8.463813,4700,MISMATCH,
22281,Centro Apoio Social de Vila Nova de Monsarros,40.4045918,-8.3967234,40.404713,-8.396767,14,MATCH,
22421,Associação de Pais do Infantário e Jardim-De-Infância da Escola Preparatória de Ovar,40.8675673,-8.6253092,40.867624,-8.625331,7,MATCH,
22630,Santa Casa da Misericórdia de Vale de Cambra,40.8424421,-8.3960727,40.837369,-8.389478,791,MISMATCH,
22713,Escola Pequeno Cidadão,40.6039209,-8.6312015,40.5919912,-8.604029,2650,MISMATCH,
23671,Centro Cultural Recreativo de Poutena,40.4208494,-8.5716877,39.517722,-8.969492,105990,MISMATCH,
23710,CASCI - Centro de Acção Social do Concelho de Ílhavo,40.5999851,-8.6708284,39.355511,-9.379307,150972,MISMATCH,
24222,"Creche ""O Ninho dos Cucos""",41.0348364,-8.2444354,41.365069,-8.417795,39481,MISMATCH,
24405,Colégio da Cúria,40.4279071,-8.4693568,40.427704,-8.469665,35,MATCH,
24419,Centro Social Paroquial São Pedro de Maceda,40.9341347,-8.6121373,40.933986,-8.612696,50,MATCH,
24420,Fundação Eng. António Pascoal,40.6432631,-8.6462079,40.643558,-8.643742,211,MINOR,
24787,PROBRANCA,40.7486834,-8.4836132,,,,NO_CS_COORDS,
24811,Creche da Zona Industrial de Vagos,40.5522067,-8.7244344,40.546353,-8.717203,893,MISMATCH,
24827,Creche Artes e Traquinices - Alberto Pacheco,40.8892948,-8.495976,40.889966,-8.495881,75,MATCH,
24857,João Pé de Feijão,40.9257257,-8.5532424,40.925644,-8.553251,9,MATCH,
25173,Associação os Salineiros - Associação Aveirense para a Educação Ativa,40.6162047,-8.6537696,40.6105,-8.648905,756,MISMATCH,
25252,Creche S. Paulo,40.9203421,-8.2586483,,,,NO_CS_COORDS,
25551,Centro Social de Santa Maria de Sardoura - Creche e Lar de Idosos,41.0525111,-8.2992715,41.057576,-8.295079,664,MISMATCH,
26074,A Nossa Casa,40.9554051,-8.6325391,40.941586,-8.656175,2510,MISMATCH,
26076,Colégio Português,40.6598849,-8.6157851,40.656717,-8.619364,464,MINOR,
27496,Equipamento Social do Centro Social Arco-Íris,40.5465035,-8.4800293,40.5472,-8.480822,102,MINOR,
27913,Centro Social Padre José Kentenich,40.6214852,-8.7133783,,,,NO_CS_COORDS,
28264,"O Mágico - Centro de Apoio Social, Cultural e Recreativo",40.5921783,-8.4002594,40.592044,-8.399862,37,MATCH,
28265,C.S.S.C.M. - Centro Social Santa Cristina de Mansores,40.9360728,-8.3695795,,,,NO_CS_COORDS,
28266,"Centro Social e Cultural de Fermedo, Escariz e Mato",40.925583,-8.2759689,40.944877,-8.408444,11333,MISMATCH,
32766,Associação Social e Desenvolvimento da Vila de Anta,41.0008566,-8.610621,41.000984,-8.610716,16,MATCH,
34280,Colégio Mãe Galinha,40.9986254,-8.6357775,,,,NO_CS_COORDS,
35775,Creche Avó Aninhas,40.9333538,-8.5724654,40.933344,-8.572581,10,MATCH,
36542,Centro Infantil - Santa Casa Da Misericórdia Espinho,41.00193,-8.6368087,41.001995,-8.636819,7,MATCH,
37236,Centro Social de Paramos - Sede,40.9743901,-8.6267697,,,,NO_CS_COORDS,
37396,Creche Imaginarte,41.0041088,-8.6301786,,,,NO_CS_COORDS,
38804,Creche Engenheira Fátima Vide,40.8565558,-8.3990279,,,,NO_CS_COORDS,
39601,Creche do Cabeço,40.8313965,-8.3913917,,,,NO_CS_COORDS,
825,Sede Coelhosa (Misericórdia de Vale de Cambra),40.8397195,-8.4027712,40.838928,-8.402202,100,MINOR,
839,Patronato Nossa Senhora de Fátima,40.6305221,-8.6352665,40.760172,-8.064085,50266,MISMATCH,
840,Centro Paroquial de São Bernardo - Equipamento de Apoio à Infância,40.619229,-8.625541,40.621301,-8.627962,308,MINOR,
842,Centro Social de Esgueira,40.6480293,-8.6268292,40.64591,-8.625692,254,MINOR,
860,Centro Infantil de Aveiro,40.6283066,-8.6519397,40.629819,-8.652479,174,MINOR,
869,Creche da Santa Casa de Sever do Vouga,40.7307071,-8.3662883,40.733236,-8.371762,540,MISMATCH,
883,Centro Social Paroquial de Cacia,40.6811032,-8.602946,40.68163,-8.601704,120,MINOR,
897,Jardim de Infância Dona Teresa,40.6897831,-8.4821868,40.688643,-8.468519,1159,MISMATCH,
934,CATL e Pré-Escolar - Centro Social de Paços de Brandão,40.987444,-8.5666077,40.969054,-8.585477,2587,MISMATCH,
964,Centro Social Paroquial de Santa Maria da Feira,40.938774,-8.5674286,41.557997,-8.782546,71164,MISMATCH,
1204,Infantário Centro Social de Santa Maria de Fiães,40.9853511,-8.5205515,40.985346,-8.520911,30,MATCH,
1207,Centro de Assistência Social à Terceira Idade e Infância de Sanguedo,41.0060836,-8.5150566,41.006519,-8.514664,59,MATCH,
1214,Centro Paroquial de Assistência e Formação Dom Manuel Trindade Salgueiro,40.6016132,-8.66987,40.602279,-8.669248,91,MATCH,
1215,Santa Casa da Misericórdia de Vagos,40.5515047,-8.6857079,40.885243,-8.511363,39913,MISMATCH,
1216,Associação de Beneficência e Cultura de Bustos,40.4959976,-8.6002454,40.498693,-8.604133,445,MINOR,
1217,Casci - Centro de Infância da Costa Nova,40.5999851,-8.6708284,40.613227,-8.751462,6964,MISMATCH,
1297,Casa da Pequenada,40.6589656,-8.4741747,40.635924,-8.445629,3516,MISMATCH,
1307,Casci - Centro de Infância de Ílhavo,40.6000024,-8.6707401,40.643356,-8.70985,5843,MISMATCH,
18511,"Jardim de Infância ""Lápis e Cor""",40.7437331,-8.4920229,40.692685,-8.494191,5679,MISMATCH,
26077,Creche do Núcleo de Ensino Estrela Guia,40.9016745,-8.4957516,40.639292,-8.652786,32033,MISMATCH,
27363,Complexo Social - Asas de Santa Joana,40.638002,-8.6156372,40.637853,-8.615394,26,MATCH,
29442,"Externato Infantil e Primário ""Paraíso dos Pequeninos""",40.9283781,-8.5722839,40.978058,-8.538278,6219,MISMATCH,
29451,"Externato Infantil Jardim Infantil ""A Escolinha"" De Ovar, Lda.",40.8548494,-8.6132184,40.854744,-8.613305,14,MATCH,
29647,Colégio de Albergaria,40.7088966,-8.4622987,40.704037,-8.483251,1847,MISMATCH,
29649,Jardim de Infância o Tagarela Lda,40.6449535,-8.6466736,40.645014,-8.647259,50,MATCH,
29852,Escola Básica de Igreja,40.9121738,-8.5524867,40.942672,-8.445619,9597,MISMATCH,
29853,"Jardim de Infância de Manhouce, Santa Maria da Feira",40.9074975,-8.5084879,,,,NO_CS_COORDS,
29854,Jardim de Infância de Santo António,40.9280628,-8.5086258,40.928688,-8.508711,70,MATCH,
29855,Jardim de Infância de Fontainhas,40.901866,-8.5024926,40.902305,-8.502695,52,MATCH,
29856,Jardim de Infância de Bajouca,40.9468417,-8.4778616,,,,NO_CS_COORDS,
29857,Jardim de Infância de Pereiro,40.922978,-8.4781516,40.923041,-8.478157,7,MATCH,
29866,"Jardim-de-Infância da Quebrada, São Paio de Oleiros",40.988604,-8.5985333,40.974098,-8.590759,1740,MISMATCH,
29867,Escola Básica e Jardim-de-Infância da Igreja,40.9747945,-8.5894307,,,,NO_CS_COORDS,
29868,Escola Básica e Jardim-de-Infância do Outeiro,40.9536097,-8.5902091,40.953797,-8.590085,23,MATCH,
29869,"Jardim de Infância da Lapa, São Paio de Oleiros",40.9824828,-8.6001226,40.982658,-8.599972,23,MATCH,
29927,Jardim de Infância de Aldriz,41.0142938,-8.536742,41.0144,-8.536746,12,MATCH,
29929,Jardim de Infância de São Domingos,41.0196477,-8.5443317,41.020216,-8.544193,64,MATCH,
29930,Jardim de Infância N.º 1 de Igreja,41.007302,-8.518104,40.995446,-8.501909,1893,MISMATCH,
29931,EB1/JI do Carvalhal,41.0269915,-8.5293708,41.026828,-8.530519,98,MATCH,
29932,Jardim de Infância de Ordonhe,41.0077624,-8.5444138,41.008064,-8.544979,58,MATCH,
29987,Jardim de Infância de Nogueira do Cravo,40.8902313,-8.4518175,,,,NO_CS_COORDS,
29992,"Escola Básica de Brejo, Serrazina",40.8016453,-8.527452,,,,NO_CS_COORDS,
29993,"Jardim de Infância de Travanca, Susana",40.8104477,-8.4775047,,,,NO_CS_COORDS,
30245,Escola Básica de São João de Vêr,40.9475324,-8.5608289,40.950039,-8.557923,370,MINOR,
30365,JI de Padrão Nº 1,40.9180693,-8.5526873,40.889252,-8.557742,3232,MISMATCH,
30366,EB1/JI do Mieiro,40.9110589,-8.5767022,40.912577,-8.577662,187,MINOR,
30367,JI da Cruz,40.9211225,-8.557296,,,,NO_CS_COORDS,
30393,Jardim de Infância da Pampilhosa,40.3429349,-8.4283529,,,,NO_CS_COORDS,
30394,"Jardim de Infância de Luso, Centro Escolar do Luso",40.385409,-8.378913,,,,NO_CS_COORDS,
30395,Jardim de Infância de Casal Comba,40.3628588,-8.4659624,,,,NO_CS_COORDS,
30396,Jardim de Infância de Antes,40.2958611,-8.4718314,,,,NO_CS_COORDS,
30397,Jardim de Infância de Carqueijo,40.3196702,-8.4522059,,,,NO_CS_COORDS,
30398,Jardim de Infância de Quinta do Valongo,40.3532125,-8.4096125,,,,NO_CS_COORDS,
30399,Jardim de Infância de Canedo,40.3410618,-8.4409537,,,,NO_CS_COORDS,
30400,"Jardim de Infância de Mealhada, Centro Escolar da Mealhada",40.3761854,-8.4476006,,,,NO_CS_COORDS,
30415,"Jardim de Infância de Fradelos, Albergaria-A-Velha",40.7439801,-8.4742313,,,,NO_CS_COORDS,
30416,"Jardim de Infância de Soutelo, Albergaria-A-Velha",40.7465103,-8.5119101,,,,NO_CS_COORDS,
30417,Jardim de Infância de Telhadela,40.7572157,-8.4471671,40.751091,-8.482703,3070,MISMATCH,
30418,Jardim de Infância de Campo,40.740966,-8.4478182,,,,NO_CS_COORDS,
30433,Jardim de Infância de Vagos,40.5544711,-8.6837814,40.554831,-8.683965,43,MATCH,
30434,Jardim de Infância de Calvão,40.477356,-8.6997059,40.47757,-8.699666,24,MATCH,
30435,Jardim de Infância de Santo André,40.507173,-8.6767972,,,,NO_CS_COORDS,
30436,Escola Básica de Fonte de Angeão,40.4520184,-8.6717802,40.450324,-8.673145,221,MINOR,
30438,Jardim de Infância de Lomba,40.522101,-8.697791,,,,NO_CS_COORDS,
30460,Jardim de Infância de Sangalhos,40.4795746,-8.4750829,40.482669,-8.465912,849,MISMATCH,
30461,Jardim de Infância de Avelãs de Cima,40.4810651,-8.4208887,40.471935,-8.408265,1473,MISMATCH,
30462,Jardim de Infância de Tamengos,40.4158467,-8.4689616,40.416119,-8.468763,35,MATCH,
30463,Jardim de Infância de Vila Nova de Monsarros,40.4045918,-8.3967234,40.408055,-8.39873,421,MINOR,
30464,Jardim de Infância de Vilarinho do Bairro,40.4186544,-8.5214112,40.421374,-8.521352,302,MINOR,
30479,Escola Básica N.º 2 de Cale da Vila,40.6325484,-8.7063725,40.632127,-8.70627,48,MATCH,
30480,Escola Básica de Marinha Velha,40.6330981,-8.7248289,40.631255,-8.725825,222,MINOR,
30481,Escola Básica de Chave,40.6412694,-8.7052004,40.641217,-8.708113,246,MINOR,
30484,Jardim de Infância de Gafanha do Carmo,40.5916995,-8.7404784,,,,NO_CS_COORDS,
30486,Escola Básica de Rocas do Vouga,40.7569896,-8.3438825,,,,NO_CS_COORDS,
30488,Jardim de Infância de Sever do Vouga,40.7260993,-8.365941,,,,NO_CS_COORDS,
30489,Jardim de Infância de Talhadas,40.6643199,-8.3211476,,,,NO_CS_COORDS,
30497,"Escola Básica de Chave, Arouca",40.8986195,-8.3471588,40.899182,-8.344638,221,MINOR,
30498,Escola Básica de Fermedo,40.9543054,-8.4163464,,,,NO_CS_COORDS,
30499,"Jardim de Infância de Belece, Arouca",40.9648796,-8.3999465,,,,NO_CS_COORDS,
30670,Escola Básica da Ponte Nova,40.8715721,-8.6168604,40.871816,-8.616842,27,MATCH,
30671,Jardim de Infância do Furadouro,40.8741639,-8.6738658,,,,NO_CS_COORDS,
30672,Jardim de Infância de Oliveirinha,40.8667924,-8.6273354,,,,NO_CS_COORDS,
30686,Jardim de Infância de Sá,41.0379515,-8.3113615,,,,NO_CS_COORDS,
30687,"Jardim de Infância de Adro, Real, Castelo de Paiva",41.0134148,-8.266886,,,,NO_CS_COORDS,
30688,"Jardim de Infância de Fornos, Castelo de Paiva",41.0528605,-8.2584459,,,,NO_CS_COORDS,
30690,"Jardim de Infância de Vista Alegre, São Martinho",41.0421014,-8.2817615,,,,NO_CS_COORDS,
30691,Jardim de Infância de Crava,41.0685023,-8.2902427,,,,NO_CS_COORDS,
30709,"Escola Básica de Paço, Rossas, Arouca",40.9162376,-8.3210695,,,,NO_CS_COORDS,
30710,Escola Básica do Burgo,40.9272489,-8.2637928,,,,NO_CS_COORDS,
30711,Escola Básica de Canelas,40.7133296,-8.5596805,,,,NO_CS_COORDS,
30712,Escola Básica de Paços,40.9163114,-8.2221159,,,,NO_CS_COORDS,
30714,"Escola Básica de Boavista, Arouca",39.0084722,-7.2541906,,,,NO_CS_COORDS,
30715,"Escola Básica de Paço, Alvarenga",40.9683292,-8.1599108,40.968429,-8.159384,46,MATCH,
30716,Escola Básica N.º 1 de Arouca,40.9312766,-8.2377049,,,,NO_CS_COORDS,
30748,Escola Básica Visconde de Salreu,40.73606,-8.5568851,40.736162,-8.556892,11,MATCH,
30759,Jardim de Infância de Quintãs,40.5902168,-8.6196627,40.588531,-8.616237,345,MINOR,
30760,Jardim de Infância de Póvoa do Valado,40.5724912,-8.590303,40.572671,-8.590338,20,MATCH,
30761,Jardim de Infância de Oliveirinha,40.6071959,-8.597975,40.608894,-8.602083,395,MINOR,
30789,Escola Básica de Azagães,40.89604,-8.4198665,40.894899,-8.422283,239,MINOR,
30790,Jardim de Infância de Pindelo,40.8721301,-8.4430605,,,,NO_CS_COORDS,
30791,Jardim de Infância de Pinhão,40.8620652,-8.4380962,40.861225,-8.438316,95,MATCH,
30816,Jardim de Infância de Castanheira do Vouga,40.5893292,-8.358214,,,,NO_CS_COORDS,
30842,Jardim de Infância de Azurva,40.6373495,-8.5934569,40.621458,-8.548385,4194,MISMATCH,
30976,"Jardim de Infância de Chão do Rio, Fiães, Santa Maria da Feira",40.9869364,-8.5195568,40.986902,-8.519579,4,MATCH,
30977,"Jardim de Infância de Arcozelo, Santa Maria da Feira",40.9615368,-8.5097214,,,,NO_CS_COORDS,
30979,"Escola Básica N.º 2 de Vendas Novas, Santa Maria da Feira",40.983816,-8.5327794,40.984,-8.532234,50,MATCH,
30980,"Jardim de Infância de Igreja, Caldas de São Jorge, Santa Maria da Feira",40.9660878,-8.5044293,40.966171,-8.504664,22,MATCH,
30982,"Escola Básica de Avenida, Chousa de Baixo, Santa Maria da Feira",40.9941397,-8.5222603,40.994019,-8.52249,23,MATCH,
31009,"Jardim de Infância de Igreja, Vila Maior",41.0093989,-8.4816225,41.009824,-8.481749,48,MATCH,
31260,Escola Básica de Oliveira do Bairro,40.5067463,-8.4831426,,,,NO_CS_COORDS,
31261,Escola Básica de Palhaça,40.5304044,-8.6057231,,,,NO_CS_COORDS,
31263,Escola Básica de Oiã Poente,40.5248112,-8.5690512,,,,NO_CS_COORDS,
31264,Escola Básica de Oiã Nascente,40.5397937,-8.5281612,,,,NO_CS_COORDS,
31278,Escola Básica de Fonte Seca,40.9654524,-8.5445022,40.967912,-8.542457,323,MINOR,
31479,Jardim de Infância de Pinheiro,40.6214161,-8.5309107,,,,NO_CS_COORDS,
31614,Jardim de Infância de Travessas,40.8965202,-8.480243,40.896785,-8.483443,271,MINOR,
31763,Jardim de Infância de Vermoim,40.8453096,-8.4380679,,,,NO_CS_COORDS,
31781,Escola Básica de Campo Grande,40.9551047,-8.6127176,40.955295,-8.61277,22,MATCH,
31782,Escola Básica de Torre,40.9624315,-8.6180607,40.962573,-8.61782,26,MATCH,
31784,"Escola Básica de Praia, Esmoriz",40.9543523,-8.6461346,40.954673,-8.646223,36,MATCH,
31785,"Jardim de Infância de Gavinho, Cortegaça",40.9475233,-8.6296662,40.946741,-8.63023,99,MATCH,
31786,Escola Básica de Vinha,40.9603194,-8.6304231,40.960317,-8.630725,25,MATCH,
31787,"Escola Básica de Estrada, Maceda",40.21456,-8.372864,40.928198,-8.614651,81939,MISMATCH,
31789,Escola Básica de Relva,40.9562159,-8.6232697,40.956002,-8.622692,54,MATCH,
31790,Escola Básica de Outeiral,40.9277867,-8.6270628,40.915577,-8.59693,2873,MISMATCH,
31791,Escola Básica de Murteira,40.9077505,-8.5911618,40.907804,-8.591204,7,MATCH,
31801,EB António Graça,40.5343754,-8.4711928,40.558023,-8.532708,5825,MISMATCH,
31943,Pré- Escolar do Centro Infantil da Lagoa,40.5972111,-8.6720577,40.595675,-8.672992,188,MINOR,
31971,JI Giesteira,40.5933128,-8.3956961,40.593328,-8.395777,7,MATCH,
31972,JI Águeda (Incluído no Edifício 1º Ceb),40.5747163,-8.4433396,40.574745,-8.443414,7,MATCH,
31973,JI Recardães (Incluído no Edifício do 1º Ceb),40.5601935,-8.4655957,40.568562,-8.489658,2235,MISMATCH,
31974,JI Borralha (Incluído no Edifício do 1º Ceb),40.5591486,-8.4387794,40.558489,-8.438184,89,MATCH,
32038,EB/JI Combatentes,40.8590465,-8.6198572,40.859119,-8.620349,42,MATCH,
32039,EB/JI de Habitovar,40.8714721,-8.6256852,40.869482,-8.628311,313,MINOR,
32052,EB/JI de S. Donato,40.8595877,-8.5890358,40.858997,-8.589171,67,MATCH,
32053,EB/JI de S. João,40.8625377,-8.6024012,40.862649,-8.602399,12,MATCH,
32054,Jardim de Infância do Torrão do Lameiro,40.8334968,-8.6695324,40.873564,-8.554833,10626,MISMATCH,
32119,Escola Básica Integrada Sá Couto,41.0081131,-8.6324396,41.006857,-8.634507,223,MINOR,
32120,Guetim,41.0173086,-8.6059016,41.017637,-8.605729,39,MATCH,
32122,EB1/ JI do Souto,41.005649,-8.5883756,41.005442,-8.588138,30,MATCH,
32124,Centro Escolar de Anta,40.9984624,-8.615891,,,,NO_CS_COORDS,
32128,EB1/ JI de Pousadela,41.0080255,-8.5684018,41.007094,-8.577582,777,MISMATCH,
32131,EB Souto Redondo,40.9566052,-8.5180119,40.957191,-8.518443,75,MATCH,
32143,EB Fornos,40.9152564,-8.5330169,40.912378,-8.552672,1682,MISMATCH,
32144,EB Aldeia,40.8945558,-8.5327194,40.894668,-8.532188,46,MATCH,
32145,EB Cavaco,40.9435663,-8.5501283,,,,NO_CS_COORDS,
32310,JI da Devesa Velha,40.8853559,-8.4829514,40.887221,-8.481445,243,MINOR,
32325,JI dos Ribeiros,40.9045627,-8.4864243,,,,NO_CS_COORDS,
32524,EB1/JI Aguada de Baixo,40.5215646,-8.4146209,40.511315,-8.450907,3272,MISMATCH,
32526,EB1/JI Espinhel,40.5798913,-8.4017548,40.558541,-8.486874,7571,MISMATCH,
32527,EB Prof. Artur Nunes Vidal,40.5603398,-8.5269056,40.56048,-8.526898,16,MATCH,
32743,Escola Básica de Cedrim do Vouga,40.7023982,-8.3429439,,,,NO_CS_COORDS,
32745,Jardim de Infância da Senhorinha,40.7287852,-8.3859258,,,,NO_CS_COORDS,
32746,Jardim de Infância da Vala – Silva Escura,40.7153156,-8.3745717,,,,NO_CS_COORDS,
33155,Escola Básica de Serra da Vila,40.9299128,-8.3681129,,,,NO_CS_COORDS,
33156,Escola Básica e Secundária de Escariz,40.9446562,-8.4040481,40.944904,-8.403954,29,MATCH,
33202,Escola Básica de Cale da Vila 1,40.6297189,-8.7068741,,,,NO_CS_COORDS,
33203,Escola Básica de Cambeia,40.639651,-8.7151424,,,,NO_CS_COORDS,
33208,Escola Básica de Corgo Comum,40.6141291,-8.6633363,,,,NO_CS_COORDS,
33210,Escola Básica de Presa,40.5917973,-8.6529046,40.592031,-8.653312,43,MATCH,
33211,Jardim de Infância de Vilarinho,40.9270077,-8.4501014,40.927807,-8.449494,102,MINOR,
33212,Jardim de Infância do Areal,40.9164415,-8.4213771,40.915716,-8.421292,81,MATCH,
33223,Escola Básica de Vale de Ílhavo,40.5729983,-8.648497,40.57319,-8.648182,34,MATCH,
33224,Escola Básica de Ílhavo,40.5988154,-8.6719811,40.598886,-8.672019,8,MATCH,
33225,Escola Básica de Chousa Velha,40.5928514,-8.6779046,40.592731,-8.677012,77,MATCH,
33226,Escola Básica de Gafanha de Aquém,40.6091237,-8.6950234,40.610504,-8.693363,208,MINOR,
33228,Jardim de Infância de Cesar,40.9183248,-8.4348013,,,,NO_CS_COORDS,
33229,Jardim de Macieira de Sarnes,40.8963799,-8.4647553,40.896415,-8.464764,4,MATCH,
33238,Escola Básica de Igreja Lobão,40.9846263,-8.487504,,,,NO_CS_COORDS,
33288,Escola Básica do Bairro,40.9191019,-8.4955601,,,,NO_CS_COORDS,
33317,"Escola Básica de Alumieira, Oliveira de Azeméis",40.8120528,-8.5315815,,,,NO_CS_COORDS,
33318,Escola Básica de Curval,40.7770354,-8.4879188,,,,NO_CS_COORDS,
33319,Escola Básica de Palmaz,40.7937132,-8.4608692,,,,NO_CS_COORDS,
33985,EB1/ JI de Milheirós,40.9294625,-8.4683301,,,,NO_CS_COORDS,
33986,EB1 N.º 2 da Feira,40.9254726,-8.5450557,40.925531,-8.545923,73,MATCH,
33991,EB de Canedo,41.0119247,-8.4649143,41.012218,-8.464927,33,MATCH,
34042,Escola Básica de Bustos,40.4966044,-8.5967418,40.501874,-8.591508,734,MISMATCH,
34043,Escola Básica da Mamarrosa,40.484607,-8.5781211,40.480831,-8.574048,543,MISMATCH,
34044,Escola Básica da Vila Verde,40.5119296,-8.4919742,,,,NO_CS_COORDS,
34047,Jardim Infância Tarei,40.8911388,-8.5730386,,,,NO_CS_COORDS,
34063,Escola Básica Nº 3 de Santa Maria de Lamas,40.9778694,-8.5740683,40.97811,-8.57408,27,MATCH,
34064,Escola Básica de Santo António Rio Meão,40.9573045,-8.5783912,,,,NO_CS_COORDS,
34077,Jardim de Infância da Portela,40.9707127,-8.5936307,,,,NO_CS_COORDS,
34777,Escola Básica de Madail,40.8387572,-8.504135,,,,NO_CS_COORDS,
34778,Escola Básica N.º 1,40.8382378,-8.4737566,,,,NO_CS_COORDS,
34787,Escola Básica de Pardilhó,40.7981672,-8.6233267,,,,NO_CS_COORDS,
34788,Escola EB1/JI da Raiva,41.0364,-8.3448673,,,,NO_CS_COORDS,
34790,Jardim de Infância de Oliveira do Arda,41.0353736,-8.3542169,,,,NO_CS_COORDS,
34791,Escola Básica de Barrocas,40.6498058,-8.6412228,,,,NO_CS_COORDS,
34792,Escola Básica de Santiago,40.6295136,-8.6491117,,,,NO_CS_COORDS,
34793,Escola Básica de Esgueira,40.6460177,-8.6306898,,,,NO_CS_COORDS,
34794,Escola Básica de Quinta do Simão,40.6575822,-8.6103209,,,,NO_CS_COORDS,
34796,Escola Básica N.º 4,40.834806,-8.4833891,,,,NO_CS_COORDS,
34797,Escola Básica Comendador António da Silva Rodrigues,40.8206772,-8.4932102,,,,NO_CS_COORDS,
34805,Escola EB1/JI da Póvoa,41.0380257,-8.385799,,,,NO_CS_COORDS,
34807,Escola Básica de Alumieira,40.6597685,-8.625509,,,,NO_CS_COORDS,
34808,Jardim-De-Infância da Gafanha da Encarnação Centro,40.6212735,-8.7318792,,,,NO_CS_COORDS,
34810,Escola Básica de São Silvestre,40.7589417,-8.6566532,,,,NO_CS_COORDS,
34811,Escola Básica e Secundária Padre António Morais da Fonseca,40.7451882,-8.6416921,,,,NO_CS_COORDS,
34812,Escola Básica de Presa,40.6350506,-8.6306834,,,,NO_CS_COORDS,
34813,Escola Básica de Areais,40.6409163,-8.6255494,,,,NO_CS_COORDS,
34814,Escola Básica N.º 1 de São Bernardo,40.6154371,-8.6283269,,,,NO_CS_COORDS,
34815,Jardim de Infância de Cabo Luís,40.6443843,-8.6149951,,,,NO_CS_COORDS,
34816,Jardim-De-Infância da Gafanha da Encarnação Norte,40.6213675,-8.7277583,,,,NO_CS_COORDS,
34817,Jardim-De-Infância da Gafanha da Encarnação Sul,40.6047007,-8.7302217,,,,NO_CS_COORDS,
34818,Jardim de Infância da Torreira,40.764686,-8.7048344,,,,NO_CS_COORDS,
34820,Escola Básica do Monte,40.7532737,-8.6411742,,,,NO_CS_COORDS,
34822,Escola Básica de Solposto,40.6262871,-8.6134047,,,,NO_CS_COORDS,
34823,Escola Básica de Pinheiro,40.7530347,-8.6188997,,,,NO_CS_COORDS,
34824,Escola Básica de Mato,40.8092963,-8.5756391,,,,NO_CS_COORDS,
34825,Escola Básica Padre Donaciano Abreu Freire,40.7630841,-8.5731062,,,,NO_CS_COORDS,
34826,Escola Básica de Cabeças,40.7492575,-8.6029996,,,,NO_CS_COORDS,
34827,Escola Básica de Póvoa do Paço,40.6738002,-8.6292257,,,,NO_CS_COORDS,
34828,Escola Básica de Quintã do Loureiro,40.6785704,-8.5917026,,,,NO_CS_COORDS,
34829,Escola Básica de Sarrazola,40.6907156,-8.6032496,,,,NO_CS_COORDS,
34830,Escola Básica de Taboeira,40.6539586,-8.581826,,,,NO_CS_COORDS,
34831,Escola Básica de Paramos,40.9801823,-8.6309342,,,,NO_CS_COORDS,
34833,Escola Básica de Silvalde,40.9920768,-8.6286164,,,,NO_CS_COORDS,
34834,Escola Básica N.º 2,41.0027354,-8.6399584,,,,NO_CS_COORDS,
34836,Jardim de Infância de Nojões,41.0325443,-8.2909704,,,,NO_CS_COORDS,
34837,"Escola Básica de Congosta,",40.8042723,-8.5809849,,,,NO_CS_COORDS,
34839,Jardim de Infância de Eixo,40.6307689,-8.5370198,,,,NO_CS_COORDS,
34840,Jardim de Infância de Requeixo,40.5955988,-8.5306617,,,,NO_CS_COORDS,
34841,Escola Básica de Valongo do Vouga,40.6158459,-8.4303281,,,,NO_CS_COORDS,
34842,Escola Básica da Trofa,40.61118,-8.4737487,,,,NO_CS_COORDS,
34843,Escola Básica de Macinhata do Vouga,40.655428,-8.4500715,,,,NO_CS_COORDS,
34855,Escola Básica Integrada Dr. Fernando Peixinho,40.1902489,-8.7908062,,,,NO_CS_COORDS,
34856,Escola Básica de Verdemilho,40.6111614,-8.6525022,,,,NO_CS_COORDS,
34857,Escola Básica de Bonsucesso,40.6073354,-8.6367731,,,,NO_CS_COORDS,
34858,Escola Básica de Leirinhas,40.6141637,-8.6353972,,,,NO_CS_COORDS,
34859,Jardim de Infância de Quinta do Picado,40.5954079,-8.6335232,,,,NO_CS_COORDS,
34860,Jardim de Infância de Sto António,41.1461055,-8.6089736,,,,NO_CS_COORDS,
34861,Jardim de Infância do Sobreiro,40.6951036,-8.503442,,,,NO_CS_COORDS,
34862,Escola Básica N.º 1 de Faria de Baixo,40.8382378,-8.4737566,,,,NO_CS_COORDS,
34863,Escola Básica de Bustelo,40.858361,-8.4616646,,,,NO_CS_COORDS,
34864,Escola Básica Comendador Ângelo Azevedo,40.8790025,-8.4657525,,,,NO_CS_COORDS,
34865,Escola Básica de Picoto,40.8783619,-8.5086661,,,,NO_CS_COORDS,
34866,Ardim de Infância do Largo da Feira,40.8831031,-8.4562417,,,,NO_CS_COORDS,
34867,"Escola Básica de Outeiro, Santiago de Riba-Ul",40.8593839,-8.4767828,,,,NO_CS_COORDS,
34868,Escola Básica N.º 2 de Oliveira de Azeméis,40.8492019,-8.4680423,,,,NO_CS_COORDS,
34869,"Jardim de Infância de Cruzeiro, Santiago de Riba-Ul,",40.8296091,-8.4622987,,,,NO_CS_COORDS,
34870,Jardim de Infância de Carvalho,40.8667924,-8.6273354,,,,NO_CS_COORDS,
34871,"Escola Básica de Regedoura, Válega",40.8339823,-8.6069201,,,,NO_CS_COORDS,
34872,JI de São Vicente de Pereira Jusã,40.8656705,-8.5364829,,,,NO_CS_COORDS,
34873,Escola Básica Conde Dias Garcia,40.9030671,-8.4903921,,,,NO_CS_COORDS,
34874,Escola Básica de Parrinho,40.9143284,-8.4859885,,,,NO_CS_COORDS,
34875,"Escola Básica das Fontaínhas,a",40.8963956,-8.5048292,,,,NO_CS_COORDS,
34876,Escola Básica de Casaldelo,40.8952375,-8.5000603,,,,NO_CS_COORDS,
34877,Escola Básica de Carquejido,40.9072581,-8.4932628,,,,NO_CS_COORDS,
34878,Escola Básica de Fundo de Vila,40.8902517,-8.4964123,,,,NO_CS_COORDS,
34879,Escola Básica do Parque,40.889265,-8.4877344,,,,NO_CS_COORDS,
36425,Escola Básica do Búzio,40.8540713,-8.375296,,,,NO_CS_COORDS,
36427,Escola Básica de Vila Chã,40.8568784,-8.3971281,40.856883,-8.397122,1,MATCH,
36428,Escola Básica do Côvo,40.8242226,-8.392726,,,,NO_CS_COORDS,
36429,Escola Básica de Codal,40.8597012,-8.412564,40.859724,-8.412536,3,MATCH,
36430,Escola Básica Luíz Bernardo de Almeida,40.8601766,-8.3958485,,,,NO_CS_COORDS,
36431,Escola Básica dos Dois,40.845715,-8.4038858,,,,NO_CS_COORDS,
36432,Escola Básica de Macinhata,40.8409187,-8.3897114,,,,NO_CS_COORDS,
36438,Escola Básica de Angeja,40.6780753,-8.5581008,40.67841,-8.557647,53,MATCH,
36855,EB1/JI de Casal da Renda,41.0123111,-8.303626,,,,NO_CS_COORDS,
36953,EB1/JI de Prime,41.0020672,-8.5590272,,,,NO_CS_COORDS,
36954,Centro Escolar de Sobral,40.9958242,-8.5633289,,,,NO_CS_COORDS,
37103,Colégio de Lamas,40.9761814,-8.5713178,40.97,-8.57,696,MISMATCH,
37104,Jardim Infantil do Centro Social Drª Leonilde A. da Silva Matos,40.9124641,-8.4159782,,,,NO_CS_COORDS,
37105,Centro de Educação Integral,40.8913327,-8.4817872,,,,NO_CS_COORDS,
37106,Colégio D. José I,40.6319559,-8.6067045,,,,NO_CS_COORDS,
37592,Escola Básica de Albergaria-A-Nova,40.7431984,-8.4930789,,,,NO_CS_COORDS,
37593,Escola Básica de Laginhas,40.7562464,-8.4902033,,,,NO_CS_COORDS,
37594,Escola Básica de Janardo,40.799985,-8.3958306,,,,NO_CS_COORDS,
37596,"Escola Básica de Pereire, Sardoura",41.0590244,-8.2940978,,,,NO_CS_COORDS,
37597,Escola Básica de São Lourenço,41.0372389,-8.2459837,,,,NO_CS_COORDS,
37598,Escola Básica de Troviscal,40.498444,-8.5633328,,,,NO_CS_COORDS,
37599,Escola Básica de Sever do Vouga,40.7298487,-8.3708077,,,,NO_CS_COORDS,
37853,Escola Básica de Castelo de Paiva,41.0386452,-8.2601857,,,,NO_CS_COORDS,
38261,Centro Social Jesus Maria José,40.8584753,-8.6185369,,,,NO_CS_COORDS,
38299,Instituto Duarte Lemos,40.609899,-8.4706838,,,,NO_CS_COORDS,
38566,Escola Básica de Costa do Valado,40.5905551,-8.607297,,,,NO_CS_COORDS,
38780,Jardim de Infância de Aguada de Cima,40.5204283,-8.4146529,,,,NO_CS_COORDS,
1005,Jardim de Infância Nossa Senhora da Piedade,37.5953839,-8.6423268,37.595072,-8.642086,41,MATCH,
1009,Equip. Soc. Santa Casa de Misericórdia de Ourique,37.6528153,-8.2270466,37.652369,-8.227874,88,MATCH,
1017,Centro Apoio à Pequena Infância,37.8324294,-8.2399559,37.834119,-8.244658,454,MINOR,
1022,Centro Infantil,37.6430371,-7.6597924,37.642817,-7.659583,31,MATCH,
1024,Infantário Lar Jacinto Faleiro,37.7025139,-8.0877587,37.702683,-8.08774,19,MATCH,
1027,Infantário Carrilho Garcia,37.513098,-8.0603495,37.513096,-8.060243,9,MATCH,
1028,Jardim de Infância Santa Casa da Misericórdia de Aljustrel,37.8769256,-8.1641197,37.952738,-8.18552,8636,MISMATCH,
1040,Jardim da Pequenada,38.2123631,-7.7965665,38.208097,-7.797722,485,MINOR,
1042,Infantário Santa Casa Misericórdia de Cuba,38.166255,-7.8955214,38.165076,-7.887117,746,MISMATCH,
1043,Creche e JI Seara Nova,38.0565198,-7.9872682,38.055889,-7.986342,107,MINOR,
1044,Centro Paroquial e Social do Salvador,38.012574,-7.8547445,38.013654,-7.856031,165,MINOR,
1046,Jardim de Infância Patronato de Santo António,38.0200702,-7.8661171,38.022066,-7.472709,34462,MISMATCH,
1051,Jardim de Infância Fundação Joaquim Honório Raposo,37.9354301,-7.772628,37.935266,-7.772196,42,MATCH,
1057,Jardim de Infância Centro Infantil Coronel Sousa Tavares,38.0102609,-7.861328,38.010726,-7.861105,55,MATCH,
1060,Centro Infantil Nossa Senhora do Carmo,38.1389219,-7.4507732,39.743228,-8.822444,214228,MISMATCH,
1067,Lar Nossa Senhora da Conceição de Barrancos,38.1315269,-6.9776672,38.133644,-6.976392,260,MINOR,
1069,Creche Jardim Nossa Senhora da Conceição,37.9449773,-7.5962233,37.944966,-7.596043,16,MATCH,
1070,Creche de S.gregório,38.0163802,-7.8629968,38.016414,-7.862981,4,MATCH,
18400,Centro Infantil da Santa Casa da Misericórdia de Ferreira do Alentejo,38.0635073,-8.1160304,38.0582886,-8.1164335,581,MISMATCH,
18431,Infantário Lápis de Cor Sonhador,37.7275171,-8.7833074,38.777136,-9.120845,120376,MISMATCH,
18447,Centro Infantil da Santa Casa da Misericórdia de Beja,38.013827,-7.8613143,38.013885,-7.861338,7,MATCH,
19981,Jardim Infantil Nossa Senhora da Conceição,38.0101267,-7.8601669,38.010468,-7.860388,43,MATCH,
20002,Creche da Freguesia de Santa Clara de Louredo,37.9724827,-7.8720718,37.983487,-7.917253,4145,MISMATCH,
20701,"Creche ""O Sonho da Criança""",38.0258004,-7.850753,38.025672,-7.850738,14,MATCH,
24104,Casa do Povo do Penedo Gordo,37.9841438,-7.9171314,37.984822,-7.916582,89,MATCH,
24243,Fundação Viscondes Messangil - Creche,38.018888,-7.4750088,38.020541,-7.477044,256,MINOR,
24677,Creche o Bem-Me-Quer,38.2113827,-7.2262185,38.2118851,-7.225902,62,MATCH,
25070,Creche - Aldeia Nova,37.9275702,-7.4116296,,,,NO_CS_COORDS,
25818,Os Calculinhos,37.5102049,-8.7093143,37.596078,-8.621028,12319,MISMATCH,
29006,Creche Bairro da Apariça,38.0163791,-7.8697459,38.016382,-7.869995,22,MATCH,
29321,Casa Beatriz Gambôa,37.5818493,-8.6661288,,,,NO_CS_COORDS,
32290,"Creche "" Amor Perfeito""",38.13129,-7.4452006,38.13092,-7.444028,111,MINOR,
37398,Creche Maria Fernanda,38.2910668,-8.0380142,,,,NO_CS_COORDS,
24128,Jardim Ide Infância e CATL o Avião,38.0097643,-7.8692227,38.00973,-7.869259,5,MATCH,
26338,Casa Maria Luísa Cordes da Ponte,37.5813672,-8.6668679,37.579928,-8.665592,196,MINOR,
29565,Colégio de Nossa Senhora da Graça,37.7248622,-8.7800638,37.727669,-8.778341,347,MINOR,
29870,Escola Básica de Santana da Serra,37.4976205,-8.3002897,,,,NO_CS_COORDS,
29871,Escola Básica de Ourique,37.6514536,-8.2257695,,,,NO_CS_COORDS,
29872,Jardim de Infância de Panóias,37.7573173,-8.302713,,,,NO_CS_COORDS,
29873,Escola Básica de Baleizão,38.0251576,-7.7174129,,,,NO_CS_COORDS,
29874,Escola Básica de Neves,38.0190454,-7.8097124,,,,NO_CS_COORDS,
29875,Escola Básica de Santa Vitória,37.9654585,-8.0270652,,,,NO_CS_COORDS,
29876,Escola Básica de Santa Clara do Louredo,37.9864979,-7.9151126,,,,NO_CS_COORDS,
29877,Escola Básica de Albernoa,37.8620939,-7.9572807,,,,NO_CS_COORDS,
29913,"Jardim de Infância de Garvão, Ourique",41.1661724,-8.571872,37.709158,-8.340197,384917,MISMATCH,
29986,Jardim de Infância de Vila Nova de Milfontes,37.7291356,-8.7795214,,,,NO_CS_COORDS,
30732,Escola Básica de Abade Correia da Serra,37.9390804,-7.5911991,,,,NO_CS_COORDS,
30733,Escola Básica de Brinches,38.0349327,-7.6071994,,,,NO_CS_COORDS,
31023,Escola Básica Fialho de Almeida,38.1708193,-7.8925905,38.17108,-7.892175,46,MATCH,
31229,Epei a-Do-Pinto,37.9176642,-7.4786115,37.91772222,-7.47861111111,6,MATCH,
31230,Jardim de Infância de Mértola,37.6393941,-7.6624625,37.639572,-7.662419,20,MATCH,
31250,Jardim de Infância de São Teotónio,37.5133562,-8.7066869,,,,NO_CS_COORDS,
31332,Jardim de Infância de Relíquias,37.7014454,-8.4851865,,,,NO_CS_COORDS,
31368,Escola Básica N.º 2 de Castro Verde,37.6991315,-8.0858263,37.703023,-8.081765,561,MISMATCH,
31396,Jardim de Infância de Odemira,37.597294,-8.6424508,37.597705,-8.643279,86,MATCH,
31397,Jardim de Infância de Almograve,37.6533689,-8.7939579,,,,NO_CS_COORDS,
31445,Escola Básica de Montes Velhos,37.3748957,-8.379916,,,,NO_CS_COORDS,
31448,Escola Básica N.º 2 de Saboia,37.4967718,-8.4974502,37.497028,-8.498357,85,MATCH,
31505,Jardim de Infância de Sete e Meio,38.1469058,-7.4538773,,,,NO_CS_COORDS,
31506,Escola Básica de Bombeiros Voluntários,38.1398328,-7.4550274,,,,NO_CS_COORDS,
31508,Jardim de Infância de Sobral da Adiça,38.0213655,-7.2603525,,,,NO_CS_COORDS,
31522,Jardim de Infância de Safara,38.1093622,-7.2181489,38.108389,-7.218233,108,MINOR,
31523,Jardim de Infância de Santo Aleixo Restauração,38.0651124,-7.1532452,38.110028,-7.218763,7604,MISMATCH,
31524,Jardim de Infância de Póvoa de São Miguel,38.2258625,-7.3322935,,,,NO_CS_COORDS,
31558,Ebi JI Frei António Chagas,38.2081053,-7.8038186,,,,NO_CS_COORDS,
31596,Jardim de Infância de Aldeia dos Fernandes,37.5706945,-8.1688185,,,,NO_CS_COORDS,
32146,Escola Básica de Fojo,38.1412569,-7.4456344,38.139904,-7.445581,151,MINOR,
32321,Jardim Infância de Vila Nova de S. Bento,37.9275702,-7.4116296,37.9288888888,-7.409444444,241,MINOR,
32337,Jardim de Infância de Vila Verde de Ficalho,37.9457994,-7.2998554,37.945555555555,-7.3,30,MATCH,
32473,Jardim-De-Infância e Escola Básica de 1º Ciclo de São Luís,37.7176978,-8.6646929,,,,NO_CS_COORDS,
32475,Escola Básica de Algodor,37.7441832,-7.7920636,,,,NO_CS_COORDS,
32476,Escola Básica de Penilhos,37.6429726,-7.8530954,,,,NO_CS_COORDS,
32483,E.b. 1 e Jardim de Infância de Castelão,37.6212062,-8.6160674,,,,NO_CS_COORDS,
32503,Escola Básica de Mina de S. Domingos,37.677201,-7.4991945,,,,NO_CS_COORDS,
32504,Escola Básica de Santana de Cambas,37.6232745,-7.526768,,,,NO_CS_COORDS,
32505,Escola Básica de S. Miguel do Pinheiro,37.5438641,-7.8377407,,,,NO_CS_COORDS,
32629,EB1 C/JI de Pedrogão,38.121478,-7.6496401,,,,NO_CS_COORDS,
32630,EB1 C/JI de Vila de Frades,38.2113278,-7.8182702,38.212279,-7.821158,274,MINOR,
32631,EB1 C/JI de Selmes,38.1455864,-7.7608829,38.145925,-7.761393,58,MATCH,
32712,Jardim de Infância de Vila Alva,38.2468885,-7.9008055,,,,NO_CS_COORDS,
32713,Jardim de Infância de Vila Ruiva,38.245568,-7.9366476,38.2454914,-7.9356573,87,MATCH,
32714,Jardim de Infância de Faro do Alentejo,38.1472087,-7.9414617,38.14743,-7.940935,52,MATCH,
32787,Escola Básica Prof. Francisco Honrado Pereira - Amareleja,38.23788,-7.286868,38.205705,-7.223176,6615,MISMATCH,
33241,Escola Básica/Jardim de Infância de de Santa Bárbara de Padrões,37.6359133,-7.9865601,37.699534,-8.092936,11735,MISMATCH,
33266,Escola Básica de Luzianes-Gare,37.5915679,-8.4874384,,,,NO_CS_COORDS,
33267,Escola Básica/Jardim de Infância de Entradas,37.7764154,-8.0140948,37.776789,-8.014475,53,MATCH,
33268,Jardim de Infância de Castro Verde,37.7025519,-8.0877832,37.702569,-8.087794,2,MATCH,
33360,Escola Básica Mário Beirão,38.005632,-7.856185,38.005643,-7.855926,23,MATCH,
33361,Escola Básica de Salvada,37.9379297,-7.777,,,,NO_CS_COORDS,
33362,Escola Básica de Cabeça Gorda,37.929134,-7.7910754,,,,NO_CS_COORDS,
34880,Centro Educativo de Santiago Maior,38.0160792,-7.873109,,,,NO_CS_COORDS,
34881,Centro Educativo de Santa Maria,38.0193494,-7.8647265,,,,NO_CS_COORDS,
34882,Escola Básica de São Matias,38.1085174,-7.8563267,,,,NO_CS_COORDS,
34883,Escola Básica de Penedo Gordo,37.9860217,-7.9145209,,,,NO_CS_COORDS,
34884,Escola Básica de Beringel,38.0547904,-7.981479,,,,NO_CS_COORDS,
34885,Escola Básica de Trigaches,38.0890416,-7.9722214,,,,NO_CS_COORDS,
34886,Escola Básica de Brejão,37.4804539,-8.7664803,,,,NO_CS_COORDS,
34887,Escola Básica de Zambujeira do Mar,,,,,,NO_CS_COORDS,
34888,Jardim de Infância de Cavaleiro,37.5954283,-8.6423326,,,,NO_CS_COORDS,
34889,Escola Básica de Bicos,37.7328408,-8.465415,,,,NO_CS_COORDS,
34890,Escola Básica de São Martinho das Amoreiras,37.6511286,-8.4035138,,,,NO_CS_COORDS,
34891,Jardim de Infância de Colos,37.7344539,-8.455783,,,,NO_CS_COORDS,
34892,Centro Escolar da Boavista dos Pinheiros,37.5816155,-8.6655352,,,,NO_CS_COORDS,
34893,Escola Básica de Ervidel,37.9643814,-8.0832658,,,,NO_CS_COORDS,
34894,Escola Básica de Rio de Moinhos,37.8955394,-8.2109832,,,,NO_CS_COORDS,
34895,Escola Básica de Messejana,37.8305706,-8.242762,,,,NO_CS_COORDS,
34896,Escola Básica de Ferreira do Alentejo,38.0593873,-8.1140713,,,,NO_CS_COORDS,
34897,Escola Básica de Santa Margarida do Sado,38.1110779,-8.3579711,,,,NO_CS_COORDS,
34898,Escola Básica de Canhestros,38.0347338,-8.2872706,,,,NO_CS_COORDS,
34899,Jardim de Infância de Figueira de Cavaleiros,38.120681,-8.0570723,,,,NO_CS_COORDS,
34902,Jardim de Infância de Alfundão,38.1203543,-8.0611033,,,,NO_CS_COORDS,
34903,Escola Básica de Rosário,37.606074,-8.081939,,,,NO_CS_COORDS,
34904,Escola Básica de Santa Clara-A-Nova,37.4905159,-8.1435887,,,,NO_CS_COORDS,
34905,Escola Básica de Almodôvar,37.5102604,-8.060724,,,,NO_CS_COORDS,
34906,Escola Básica de Vale de Vargo,,,,,,NO_CS_COORDS,
34907,Escola Básica de Pias,38.0243824,-7.4790281,,,,NO_CS_COORDS,
37107,Escola Básica N.º 1 de Alvito,38.2550189,-7.9953339,,,,NO_CS_COORDS,
37108,Jardim de Infância de Vila Nova de Baronia,38.291263,-8.0381229,,,,NO_CS_COORDS,
37588,Jardim de Infância de Barrancos,38.133557,-6.9776394,,,,NO_CS_COORDS,
39198,Jardim de Infância de Foros do Galeado,37.7388358,-8.7500934,,,,NO_CS_COORDS,
138,Jardim de Infância do Centro Social Solidariedade Cultura e Desporto Somelos,41.4466297,-8.3675908,41.446687,-8.367514,9,MATCH,
140,Casa do Povo de Briteiros,41.5227544,-8.3261154,41.521006,-8.327095,211,MINOR,
145,Infantário 1 Santa Casa Misericórdia Fafe,41.4492741,-8.1701875,41.450264,-8.169587,121,MINOR,
146,Infantário 2 Santa Casa Misericórdia Fafe,41.4536523,-8.1686551,41.453119,-8.168832,61,MATCH,
156,Centro Social da Paroquia de Penselo,41.471158,-8.2981184,41.20369,-8.330438,29863,MISMATCH,
157,Centro Social e Cultural de Riba de Ave,41.4071017,-8.3687029,41.393752,-8.39058,2352,MISMATCH,
158,Mundos de Vida - Associação para a Educação e Solidariedade,41.3510756,-8.529377,41.350948,-8.528507,74,MATCH,
161,Centro Comunitário da Engenho,41.4683133,-8.491873,41.467413,-8.491254,113,MINOR,
164,Jardim de Infância Nossa Senhora da Lapa - Santa Casa da Misericórdia de Vila Nova de Famalicão,41.4132888,-8.5222306,41.40915,-8.522878,463,MINOR,
167,Acarf - Associação Social Cultural Artística e Recreativa de Forjães,41.6018217,-8.7420476,,,,NO_CS_COORDS,
168,Centro Social da Paróquia de Curvos,41.5625766,-8.7363891,41.55949,-8.739366,423,MINOR,
172,Jardim de Infância Dr. Fernando Rocha - Santa Casa da Misericórdia de Fão,41.5093564,-8.7708676,,,,NO_CS_COORDS,
174,Creche e Jardim Infantil Dona Elzira Cupertino de Miranda,41.4367071,-8.5409597,41.429458,-8.535628,920,MISMATCH,
175,"Creche, Jardim de Infância e ATL da Casa do Povo de Nine",41.4071961,-8.5203122,41.463588,-8.54686,6650,MISMATCH,
176,Associação Social Recreativa Cultural São Cristóvão de Cabeçudos,41.4030985,-8.527639,41.402892,-8.527651,23,MATCH,
179,Centro Paroquial Barcelinhos,41.5241582,-8.6198971,,,,NO_CS_COORDS,
185,Centro Social Paróquia S. Pedro de Lomar,41.5294325,-8.4283851,41.5295,-8.428813,36,MATCH,
187,Centro Social da Paróquia de São Victor,41.5527525,-8.4131261,41.55262,-8.413874,64,MATCH,
189,Edifacoop,41.5328935,-8.4816323,41.531966,-8.483645,197,MINOR,
2579,Creche as Formiguinhas - Santa Casa Misericórdia Barcelos,41.542167,-8.6176915,41.512061,-8.677579,6005,MISMATCH,
3010,Centro Social da Paróquia Freiriz,41.6533243,-8.5162713,,,,NO_CS_COORDS,
3011,Jardim de Infância Santa Casa da Misericórdia Amares,41.6292401,-8.3629203,41.629688,-8.362386,67,MATCH,
3012,Casa do Povo da Vila de Prado,41.5968722,-8.4631943,41.597156,-8.463699,53,MATCH,
3015,Creche do Lar do Trabalhador de Prado,41.5980359,-8.4676616,,,,NO_CS_COORDS,
3028,Creche Nossa Senhora da Misericórdia,41.5745295,-8.2661241,41.574476,-8.265611,43,MATCH,
3029,Jardim de Infância São Gonçalo,41.5747257,-8.271494,41.574712,-8.271462,3,MATCH,
3031,Centro Social e Paroquial Cervães,41.5951288,-8.523098,41.595595,-8.522591,67,MATCH,
3035,Centro Social Paroquial Sobreposta,41.5528332,-8.3344091,41.53664,-8.409685,6518,MISMATCH,
3037,Equip Social do Centro Social e Paroquial de Santa Eulália de Crespos,41.6051105,-8.3617167,41.628917,-8.331527,3648,MISMATCH,
3038,Obra Social das Franciscanas Missionárias de Maria,41.549332,-8.6110059,41.485066,-8.548898,8821,MISMATCH,
3040,Centro Social da Paróquia de Nogueira,41.5254337,-8.4133387,41.526559,-8.412048,165,MINOR,
3050,Fundação Stela e Oswaldo Bomfim,41.5522322,-8.4317689,41.552408,-8.432644,75,MATCH,
3052,Centro de Solidariedade Social de Valdozende,41.6584774,-8.2126186,,,,NO_CS_COORDS,
3061,Centro Social da Paróquia de Taíde,41.5583966,-8.2200071,41.558893,-8.219424,73,MATCH,
3065,Centro Social da Paróquia de Cavês,41.5064259,-7.911905,41.755986,-7.465749,46314,MISMATCH,
3071,Santa Casa Misericórdia Vila Verde,41.6529418,-8.4347577,41.652379,-8.434346,71,MATCH,
3072,Jardim de Infância Centro Social de Cabeceiras de Basto,41.5167372,-7.996592,41.887885,-8.782996,77236,MISMATCH,
3076,Creche / Jardim de Infância / CATL Santa Cecília - Santa Casa Misericórdia Vieira do Minho,41.6344558,-8.1393438,41.633924,-8.139378,59,MATCH,
3080,Comissão de Melhoramentos de Santo Emilião,41.5270276,-8.2919636,41.526592,-8.292278,55,MATCH,
3083,Centro Paroquial Fraternidade Cristã e Solidariedade Social S. José de S. Lázaro - I,41.5109256,-8.4260036,41.544565,-8.420389,3770,MISMATCH,
3084,Centro Social da Paróquia de Celeirós,41.5101033,-8.4522224,41.521494,-8.420691,2915,MISMATCH,
3092,Centro Social da Paroquia de Gualtar,41.567783,-8.3905437,41.566705,-8.38874,192,MINOR,
3095,Casa do Povo Tadim,41.5105319,-8.4848167,41.510574,-8.485254,37,MATCH,
3097,Associação Maconde,41.5442213,-8.4398739,41.565623,-8.378689,5620,MISMATCH,
3101,Creche - Polo 1 Centro Cultural e Social de Santo Adrião,41.5381353,-8.4094965,41.538464,-8.409617,38,MATCH,
3106,Centro Sócio Cultural e Desportivo de Sande S. Clemente-Creche,41.482766,-8.3538278,41.482854,-8.353705,14,MATCH,
3108,Equip Social do Centro Social de São Pedro Azurém,41.4561228,-8.2976274,41.386553,-8.240136,9101,MISMATCH,
3109,Casa do Povo Fermentões,41.4921149,-8.1922101,41.458547,-8.313021,10735,MISMATCH,
3111,Creche da Casa do Povo Serzedelo,41.402692,-8.3697013,41.403897,-8.370245,141,MINOR,
3112,Creche da Santa Casa Misericórdia de Vizela,,,41.376032,-8.311937,,CS_ONLY,
3134,Centro Infantil Golães,41.4641592,-8.2038909,41.46556,-8.195866,687,MISMATCH,
3136,Coopfafe - Cooperativa de Solidariedade Social de Fafe,39.399872,-8.224454,41.502518,-8.160592,233866,MISMATCH,
3137,Jardim de Infância de Antime,41.4378335,-8.1679245,41.438042,-8.16797,23,MATCH,
3138,Lar e Jardim de Infância Centro Social Paroquial Ronfe,41.4380862,-8.3865488,41.438501,-8.386141,57,MATCH,
3139,Creche Mais,41.4449956,-8.2926769,41.446122,-8.292542,126,MINOR,
3142,Sede,39.399872,-8.224454,41.352956,-8.554211,218962,MISMATCH,
3146,Casa do Pessoal Hospital Vila Nova de Famalicão,41.4130833,-8.5234407,41.413155,-8.523887,38,MATCH,
3153,"Ascra - Associação Social, Cultural e Recreativa de Apúlia",41.4853565,-8.7627883,,,,NO_CS_COORDS,
3154,Creche e Jardim de Infância Santa Isabel,41.5281297,-8.7784527,41.527848,-8.77827,35,MATCH,
3156,Centro Social da Juventude de Mar,41.5797716,-8.7860821,41.578765,-8.787881,187,MINOR,
3159,Mãe Cegonha - Creche e Jardim de Infância,41.5491855,-8.4080961,41.548639,-8.40895,93,MATCH,
3161,Infantário de Sta. Ana - Irmandade de Santa Cruz,41.5484854,-8.4241295,41.54838,-8.424339,21,MATCH,
3171,Centro Social de Educação - Sol Nascente,41.4043995,-8.5068696,41.360963,-8.553768,6216,MISMATCH,
3173,Centro Social e Paroquial de Fragoso,41.6103912,-8.6949929,,,,NO_CS_COORDS,
3177,Centro Social Cultural Doutor Nuno Simões,,,41.402468,-8.535491,,CS_ONLY,
3179,Jardim de Infância do Instituto de São José,41.3897257,-8.4009478,41.356624,-8.554596,13339,MISMATCH,
3184,Centro Social da Paroquia de Joane,41.4405367,-8.4153725,41.441858,-8.416394,170,MINOR,
3185,Associação Pró-Infância Nuno Álvares,41.3684097,-8.4804642,41.378962,-8.485096,1235,MISMATCH,
3186,Centro Social Paroquial Castelões,41.4113507,-8.4292708,41.411245,-8.42916,15,MATCH,
3187,Jardim de Infância Centro Social Paroquial São Dâmaso,41.4427546,-8.2877588,41.44937,-8.286639,741,MISMATCH,
4211,Creche Centro Humanitário da Cruz Vermelha Portuguesa de Macieira de Rates,41.4283623,-8.6355319,41.436203,-8.634516,876,MISMATCH,
4216,Centro Social Paroquial Nossa Senhora da Conceição,41.4487635,-8.3032804,41.377878,-8.381811,10248,MISMATCH,
4217,Centro Social Paroquial de São Miguel das Caldas de Vizela,41.3811531,-8.3079824,38.811721,-9.329608,298624,MISMATCH,
4218,Associação de Reformados de Lordelo,41.3717642,-8.3679872,41.371117,-8.367273,93,MATCH,
4220,Irmandade Nossa Senhora da Consolação e Santos Passos,41.4419431,-8.2901574,41.441738,-8.291116,83,MATCH,
4221,A Bogalha,41.5602858,-8.4045349,41.560526,-8.403766,69,MATCH,
4222,Infantário Nuno Simões,41.4454682,-8.2887248,39.327494,-8.749706,238721,MISMATCH,
4226,Jardim de Infância do Centro Social da Paróquia Sta. Eulália de Nespereira,39.399872,-8.224454,41.396332,-8.350822,222254,MISMATCH,
4228,Centro Social da Associação de Moradores das Lameiras,41.4083313,-8.5154387,39.555436,-8.164251,208162,MISMATCH,
4229,Associação Bem Me Quer - Solidariedade em Delães,41.3851175,-8.4075142,41.378784,-8.603267,16347,MISMATCH,
4230,Centro Paroquial de Santa Maria,41.4066136,-8.4038334,40.876822,-8.554982,60254,MISMATCH,
4231,Associação Teatro Construção - Colégio Atc,41.4350844,-8.4165734,41.43546357,-8.4167397,44,MATCH,
4232,Centro Social Paroquia São Martinho Pousada de Saramagos - Equipamento P/Infância,41.4094427,-8.4793798,41.427206,-8.433258,4323,MISMATCH,
4235,Centro de Bem Estar Social Barqueiros - Creche e Jardim de Infância,41.465018,-8.7229143,41.464031,-8.72155,158,MINOR,
4237,Centro Social de Cultura e Recreio da Silva,41.5687146,-8.6299365,41.947112,-8.653661,42122,MISMATCH,
4246,CSC - Centro Social de Calendário,41.4003319,-8.5241711,41.400237,-8.524822,55,MATCH,
4252,Infantário Rainha Santa Isabel - Santa Casa da Misericórdia de Barcelos,41.5294214,-8.6177719,41.529045,-8.616614,105,MINOR,
4253,Creche Arco Íris - Centro Social Paroquial de Casteloes - Polo de Pedome,41.3748176,-8.440599,41.413822,-8.391577,5961,MISMATCH,
4255,Centro Infantil de Barcelos,41.5355824,-8.6146838,38.422605,-7.53627,358127,MISMATCH,
4263,Creche Rainha Santa Isabel,41.5459784,-8.4225346,41.54591,-8.422608,10,MATCH,
4269,Infantário José Oliveira Cunha Graça - Associação da Creche de Braga,41.5789493,-8.4264356,41.594045,-8.429133,1693,MISMATCH,
4270,Associação da Creche de Braga,41.5496978,-8.4199318,41.548516,-8.422443,247,MINOR,
4272,Centro Social Juventude Unida Marinhas,41.5593154,-8.7803562,41.559584,-8.780304,30,MATCH,
4278,Creche/Pré-Escolar /CATL Centro Social Padre David Oliveira Martins,39.399872,-8.224454,41.498903,-8.499841,234562,MISMATCH,
4279,Centro Paroquial de São Lázaro,41.5459784,-8.4225346,41.453356,-8.303607,14289,MISMATCH,
4280,Centro Paroquial Fraternidade Cristã e Solidariedade Social S. José de Lázaro - II,,,41.404823,-8.373082,,CS_ONLY,
4346,Patronato Nossa Senhora da Torre,41.5516785,-8.4287843,41.404269,-8.4122,16449,MISMATCH,
5933,Creche Rainha D. Leonor,41.5464719,-8.4260092,41.547034,-8.425956,63,MATCH,
5936,Creche e Jardim Infantil Albano Coelho Lima,41.4270091,-8.3612321,41.426995,-8.365101,323,MINOR,
5937,Creche da Santa Casa da Misericórdia S. Bento Arnoia,41.3822109,-8.0004414,,,,NO_CS_COORDS,
11116,Equip Social do Centro Social e Cultural São Pedro do Bairro,41.3688148,-8.4270549,41.369058,-8.427727,62,MATCH,
11146,Associação de São José,41.5539996,-8.4315518,41.554304,-8.433738,185,MINOR,
13095,Centro Social de Cunha,41.4949524,-8.5150302,41.493623,-8.513397,201,MINOR,
13099,Creche da Associação de Solidariedade Social de Sta. Maria de Lamaçães,41.5481183,-8.40138,41.548271,-8.401668,29,MATCH,
13104,Infantário de Mazagão - Centro Paroquial F. C S S. S.lázaro,41.5254704,-8.4549922,41.535945,-8.443636,1500,MISMATCH,
13107,Centro Social da Paróquia de Ferreiros,41.527129,-8.4447709,41.5360317,-8.4402145,1060,MISMATCH,
13117,Creche do Centro de Intervenção Cultural e Social de Palmeira de Faro,41.5372072,-8.7389422,41.5371043,-8.7462988,612,MISMATCH,
13127,Creche - Polo 2 - Centro Cultural e Social de Santo Adrião,41.538718,-8.4090711,41.53862,-8.408164,76,MATCH,
13130,Centro Social Juventude de Belinho,41.5899795,-8.780992,41.590069,-8.781405,36,MATCH,
13138,Centro Social Cultural e Recreativo Abel Varzim,,,41.480419,-8.6972,,CS_ONLY,
13140,Centro Social e Paroquial de Gilmonde,41.5078633,-8.6642179,41.5102513,-8.6567889,673,MISMATCH,
13141,CASP - Centro de Apoio e Solidariedade de Pousa,41.5528937,-8.515763,41.443665,-8.147888,32957,MISMATCH,
13142,Creche de Arnoso Santa Eulália - Engenho,41.4696059,-8.5254196,41.470065,-8.521643,319,MINOR,
13145,"Creche - Associação Gerações - Associação de Educação, Solidariedade e Serviços",41.4081052,-8.5171037,41.398146,-8.526579,1360,MISMATCH,
13147,Centro Social e Paroquial de Avidos,41.3782088,-8.485245,41.379656,-8.483731,205,MINOR,
13171,Centro Social de Brito,41.4516986,-8.3646924,41.451762,-8.36382,73,MATCH,
13175,Creche e ATL do Centro Social de Durrães,41.6385683,-8.6710412,41.5933537,-8.5803078,9065,MISMATCH,
17450,Fraterna - Centro Comunitário de Solidariedade e Integração Social,41.4394016,-8.2934168,41.252804,-8.607271,33421,MISMATCH,
17451,Centro Social da Paróquia de Fermentões,41.4544893,-8.3173226,41.20369,-8.330438,27909,MISMATCH,
17452,Centro Social de Guardizela,41.387494,-8.3699483,41.410596,-8.3914,3131,MISMATCH,
17453,Centro Comunitário de S. Martinho de Dume,41.5694229,-8.4364183,41.570247,-8.441969,471,MINOR,
17455,Centro Social Paroquial Imaculado Coração de Maria,41.5459343,-8.7105882,41.5455039,-8.7133004,231,MINOR,
17459,Centro Social e Cultural de Gandra,41.5221371,-8.7623502,41.522681,-8.762191,62,MATCH,
17460,Em Diálogo - Associação para o Desenvolvimento Social da Póvoa de Lanhoso,41.6180289,-8.3183263,41.617897,-8.318598,27,MATCH,
17462,Centro Social da Paróquia de Esmeriz,41.3809923,-8.5155305,41.386604,-8.489094,2292,MISMATCH,
17767,Creche - Polo 3 - Centro Cultural e Social de Santo Adrião,41.5373967,-8.4099506,41.548516,-8.422443,1615,MISMATCH,
17865,Creche Aldeia da Gente Pequena,41.5546115,-8.4450013,41.553345,-8.445683,152,MINOR,
18074,Creche do Patronato S. Pedro de Maximinos,41.5447275,-8.4353372,41.546386,-8.434903,188,MINOR,
18089,Equip Soc Centro Social Paroquial de Vale S. Cosme,41.4508139,-8.4757422,41.444231,-8.465873,1101,MISMATCH,
18097,Associação Social Cultural e Recreativa de Chorente,41.4534564,-8.6112164,41.451807,-8.61115,183,MINOR,
18106,Centro de Solidariedade Social de Valdozende - Arca de Noé,41.5448418,-8.4060275,41.542675,-8.40674,248,MINOR,
18158,Centro Social e Paroquial de Areias de Vilar,41.5404714,-8.5536558,41.5358237,-8.5696116,1425,MISMATCH,
18202,Centro Social da Paróquia da Lage,41.6267053,-8.469517,41.6515061,-8.4359365,3923,MISMATCH,
18296,Recreio do João - Cooperativa de Solidariedade Social,41.4173847,-8.4446488,41.417626,-8.444499,30,MATCH,
18380,Centro de Bem Estar Social de Alheira,41.6122073,-8.5611524,41.6132792,-8.5639459,261,MINOR,
18391,Centro Infantil a Gaivota,41.535874,-8.783641,41.534455,-8.783028,166,MINOR,
18401,Casa do Povo de Creixomil IPSS,41.4401002,-8.3135246,41.3729756,-8.3999204,10374,MISMATCH,
18405,Ata - Associação de Trabalhadores da Aco,41.4212128,-8.4007279,41.421821,-8.402012,127,MINOR,
18972,Creche Mãe e Patronato da Sagrada Família - Centro Social e Paroquial de Santo Adrião - Polo 1,41.4186954,-8.5197844,41.418611111,-8.519444444,30,MATCH,
18981,Creche - Socialeloos - Associação Social de Fradelos,41.3703965,-8.6106488,41.370393,-8.610318,28,MATCH,
19083,Solidariedade - Grupo Cultural Recreativo Martim de Freitas,41.5137782,-8.2109997,41.5128204,-8.2105898,112,MINOR,
19092,Centro Social Padre Manuel Joaquim de Sousa,7.882761,-76.624692,41.488794,-8.345511,7623973,MISMATCH,
19093,Centro Social de S.lourenço de Selho,41.4163966,-8.3472602,41.425519,-8.297566,4266,MISMATCH,
21805,"O Talvaizinho - Jardim de Infância, Lda.",41.4212475,-8.520926,41.421157,-8.520836,13,MATCH,
21821,Creche da Cruz Vermelha Portuguesa - Delegação Distrital de Braga,41.54157,-8.4060625,41.545135,-8.405244,402,MINOR,
21839,Equip Social do Centro Social Paroquial de Moimenta,41.7183392,-8.3107877,41.7194444,-8.2983333,1041,MISMATCH,
21945,"Grupo Desportivo e Recreativo ""Os Amigos de Urgeses""",41.4266295,-8.2926148,41.426351,-8.291854,71,MATCH,
21961,Centro Comunitário de Solidariedade e Integração Social de Tabuadelo,39.399872,-8.224454,41.401096,-8.286377,222588,MISMATCH,
21962,Centro Social Paroquial de S. Martinho de Brufe,41.4110849,-8.5391327,41.386273,-8.554627,3047,MISMATCH,
21987,Centro Comunitário da Associação de Solidariedade Social de Basto,41.3812095,-8.0247005,,,,NO_CS_COORDS,
21989,"Acr Cabreiros - Centro Social António Araújo, IPSS",41.5353581,-8.4910488,41.4870471,-8.3167795,15473,MISMATCH,
22029,Centro Social D. Manuel Monteiro de Castro,41.4864851,-8.3173619,41.487047,-8.316779,79,MATCH,
22031,Centro Social Aldeia da Gente Pequena,41.54095,-8.4317326,41.541198,-8.431057,63,MATCH,
22124,Colégio do Ave,41.3547928,-8.3809784,41.440688,-8.312843,11114,MISMATCH,
22125,Patronato Nossa Senhora da Luz,41.5578523,-8.4306685,41.559521,-8.427082,351,MINOR,
22144,"Creche ""Girafa"" - Associação de Fomento Amarense",41.6315546,-8.3514751,41.631135,-8.351005,61,MATCH,
22166,"Fortunate Vivere,CRL",41.6545782,-8.4363917,41.654634,-8.43639,6,MATCH,
22690,Mais Plural Social,41.4267237,-8.5010188,41.4284405,-8.4999112,212,MINOR,
22852,Quinta da Nascente,41.561206,-8.3908923,41.5650378,-8.388611,466,MINOR,
23048,Creche Traquilândia Centro Social e Paroquial de Vilar da Veiga,41.6988943,-8.1678484,43.534194,-7.941889,204912,MISMATCH,
23185,Infantário do Carmo (Lar Santa Estefânia),41.4456671,-8.2921558,41.446122,-8.292542,60,MATCH,
23534,Creche Nossa Senhora da Guia - Santa Casa da Misericórdia de Vila Nova de Famalicão,41.4095535,-8.5216292,41.4201142,-8.5579209,3246,MISMATCH,
23783,Obra Social do Sagrado Coração de Maria - Braga,41.5606798,-8.4036687,41.566523,-8.398562,776,MISMATCH,
24234,Creche Mãe e Patronato da Sagrada Família - Centro Social e Paroquial de Santo Adrião,41.4108689,-8.5225044,41.41055555,-8.52222222,42,MATCH,
24250,Infantário de Santa Maria da Fonte de Baixo,41.5293024,-8.6244812,41.528944,-8.624384,41,MATCH,
24610,Infantário da Escola Preparatória de Vila Nova de Famalicão,41.4032908,-8.5241267,41.402696,-8.526724,226,MINOR,
24803,Centro Social e Paroquial de S. Miguel de Ceide,41.3960426,-8.4646174,41.396027,-8.464415,17,MATCH,
24887,Casa dos Bebés,41.3656294,-8.0084613,,,,NO_CS_COORDS,
24910,Esposende Solidário - Associação Concelhia Desenvolvimento Integrado,41.5384148,-8.7792272,,,,NO_CS_COORDS,
24981,"2008 Coop - Cooperativa de Solidariedade Social, CRL",41.5416951,-8.4261432,41.540134,-8.429775,349,MINOR,
25073,Centro de Solidariedade Social de S. Veríssimo,41.5358558,-8.5964176,41.535475,-8.596235,45,MATCH,
25354,Complexo de Apoio Social Alargado - Casal do Telhado,41.3529516,-8.3012641,41.353618,-8.30213,104,MINOR,
25691,Creche Padre Alberto Fonseca,41.5790423,-8.4261823,41.588522,-8.429306,1086,MISMATCH,
25821,Centro Comunitário Bento Xvi,41.3793316,-8.08709,41.374478,-8.089553,577,MISMATCH,
26380,Centro de Apoio à Infância e Terceira Idade - Prado,41.5981316,-8.4575031,41.600664,-8.460461,374,MINOR,
26691,Centro Social de Remelhe - D. António Barroso,41.4780378,-8.6105088,41.457617,-8.55285,5314,MISMATCH,
26692,Lar e Creche da A.R.C.A.,41.47467,-7.957638,41.474694,-7.957492,12,MATCH,
26718,Equip Social do Centro Social e Paroquial de Mascotelos - Santiago,41.422671,-8.3158049,41.424086,-8.315781,157,MINOR,
27490,Equip. Soc. do Centro Social Paroquial de Requião,41.4095332,-8.4794488,41.409481,-8.479283,15,MATCH,
28268,Centro Social da Paróquia de Polvoreira,41.4082361,-8.3052178,,,,NO_CS_COORDS,
29007,Casa do Povo de Escariz,41.6460845,-8.53146,40.944958,-8.408465,78636,MISMATCH,
29388,Jardim de Infância 1 da Santa Casa da Misericórdia de Fafe,41.4492741,-8.1701875,41.450082,-8.169746,97,MATCH,
29717,Colégio João Paulo II,41.5675319,-8.4372245,41.567568,-8.437105,11,MATCH,
31892,Externato Jardim Escola João de Deus,41.5459199,-8.4070237,41.54322,-8.407084,300,MINOR,
34072,Associação Cristã Amor em Ação - Colégio Semear,41.5561207,-8.4016746,41.556203,-8.401684,9,MATCH,
34236,Colégio de S.vicente,41.5610307,-8.420354,,,,NO_CS_COORDS,
36973,Creche e Jardim de Infância o Gonzo - Braga,41.5287919,-8.4185403,,,,NO_CS_COORDS,
36975,Aspev - Associação Social de Pevidém Vida a Cores,41.4337456,-8.3577978,,,,NO_CS_COORDS,
37400,Associação Social de Pereira,41.4948085,-8.629865,,,,NO_CS_COORDS,
37876,Creche de Moreira do Rei,41.4801174,-8.1161453,,,,NO_CS_COORDS,
37978,Creche Cestinho com Botões - Associação Centro Social e Cultural de Ferreiros,41.5328853,-8.4532508,,,,NO_CS_COORDS,
38870,Centro Social da Paróquia da Lage - Creche 2,41.6267053,-8.469517,,,,NO_CS_COORDS,
39121,The Sailors - S. Vítor,41.5454927,-8.4119455,,,,NO_CS_COORDS,
39181,Creche Arco Íris,41.387938,-8.2632464,,,,NO_CS_COORDS,
39201,Centro Social de Brito - Nova Creche,41.4516986,-8.3646924,,,,NO_CS_COORDS,
39222,Creche da Casa do Povo da Vila de Prado,41.5973527,-8.4637422,,,,NO_CS_COORDS,
39235,Creche Dr.ª Maria Júlia Martins,41.6456929,-8.1252162,,,,NO_CS_COORDS,
39236,Clube dos Pequenos,41.5658905,-8.3974478,,,,NO_CS_COORDS,
39636,Fábula - Academia de Apoio às Famílias,41.4661978,-8.6381751,,,,NO_CS_COORDS,
39638,Creche Minimeus,41.552083,-8.5801038,,,,NO_CS_COORDS,
39644,Creche de Gandarela de Basto,41.4582218,-8.0318371,,,,NO_CS_COORDS,
39645,Creche do Centro Social da Paróquia de São Bartolomeu do Rego,41.4560624,-8.0172685,,,,NO_CS_COORDS,
39660,Equipamento Mais Polvoreira,41.4175816,-8.3075807,,,,NO_CS_COORDS,
166,Associação Cultural Beneficente e Desportiva dos Trabalhadores do Município de Vila Nova de Famalicão,41.4111996,-8.5226429,41.412072,-8.433461,7438,MISMATCH,
3013,Lar Dom Pedro V,41.5513273,-8.4192596,41.446527,-8.469968,12395,MISMATCH,
3100,Centro Cultural e Social de Santo Adrião,41.5384204,-8.4100029,41.53664,-8.409685,200,MINOR,
3113,Patronato São Sebastião,41.4408178,-8.2976189,41.451409,-8.357649,5140,MISMATCH,
3114,Centro Pastoral D. António Bento Martins Júnior,41.4433054,-8.2924661,41.442919,-8.292734,48,MATCH,
3115,Obra Social do Sagrado Coração de Maria - Guimarães,41.4401962,-8.2883631,41.439786,-8.28937,96,MATCH,
3116,Venerável Ordem Terceira de São Francisco,41.4412572,-8.2924848,41.440894,-8.292574,41,MATCH,
3118,Centro Social e Paroquial São Martinho de Sande,41.4961315,-8.3628808,41.494417,-8.361529,221,MINOR,
3122,Jardim de Infância - Centro Social Paroquial São Martinho Candoso,41.4261004,-8.3351424,41.20369,-8.330438,24734,MISMATCH,
3123,Centro Paroquial Moreira de Cónegos,41.3822992,-8.3387909,41.384348,-8.338845,228,MINOR,
3126,Centro Infantil de Pevidém,41.4245194,-8.352831,41.422737,-8.354966,266,MINOR,
3127,Centro Social da Paróquia São Martinho de Medelo,41.4714133,-8.1564256,41.469346,-8.155337,247,MINOR,
3128,Jardim de Infância Associação Cultural e Recreativa Fornelos,41.4686428,-8.1717038,41.467432,-8.173246,186,MINOR,
3133,Jardim de Infância da Associação Cultural e Recreativa de Travassos,41.4912028,-8.1916753,41.49202,-8.190483,135,MINOR,
3190,Centro Social Cultural Desportivo e Recreativo de Vila Nova de Sande,41.4648256,-8.3489954,41.417422,-8.288234,7310,MISMATCH,
3193,Jardim de Infância do Centro para a Formação de Juventude de Arões,41.4568634,-8.2121295,41.455993,-8.214709,236,MINOR,
3194,Congregação das Servas Franciscanas de Nossa Senhora das Graças,39.6333409,-8.6758306,41.684167,-8.046884,234129,MISMATCH,
3199,Centro Social Paroquial São Cristóvão de Selho,41.41631,-8.3474073,41.417499,-8.346503,152,MINOR,
4202,Venerável Ordem Terceira de São Francisco - Casa do Menino Deus,41.537195,-8.6203194,41.535623,-8.619914,178,MINOR,
4205,Centro Social Comendadora Maria Eva Nunes Corrêa - Santa Casa da Misericórdia de Barcelos,41.4484735,-8.5889081,39.583498,-8.819429,208289,MISMATCH,
4207,Casa do Povo de Alvito,41.5579085,-8.6693547,41.513913,-8.662896,4922,MISMATCH,
4224,Jardim de Infância do Salgueiral,41.4316893,-8.3042914,41.432242,-8.303795,74,MATCH,
5001,Centro de Solidariedade da Imaculada Conceição,41.5472291,-8.4262998,41.546991,-8.426188,28,MATCH,
11190,Lar Santa Estefânia,41.4454327,-8.2926473,41.446122,-8.292542,77,MATCH,
13149,Centro de Dia do Centro Social da Paróquia de Polvoreira,41.4082361,-8.3052178,41.407604,-8.297371,658,MISMATCH,
13181,ATL - Centro Social e Paroquial da Tregosa,41.6510257,-8.6820636,41.6316512,-8.6892734,2236,MISMATCH,
21958,Centro Paroquial de S. Romão de Mesão Frio,41.4527288,-8.2648298,41.166617,-8.346522,32538,MISMATCH,
29387,Jardim Infantil do Centro Paroquial,41.5745782,-8.7466171,,,,NO_CS_COORDS,
29389,Jardim de Infância do Centro Social da Paróquia de Castelões - Pólo de Pedome,41.4137807,-8.3912557,,,,NO_CS_COORDS,
29401,Centro de Solidariedade Espírito Santo,41.5331114,-8.4025498,41.442129,-8.133148,24615,MISMATCH,
29420,Jardim de Infância Bente,41.387762,-8.4510232,,,,NO_CS_COORDS,
29480,Colégio Teresiano,41.5553674,-8.4108476,41.555392,-8.410946,9,MATCH,
29528,"Colégio ""D. Diogo de Sousa""",41.5574396,-8.4162386,41.557572,-8.415867,34,MATCH,
29572,"Externato ""Paulo VI""",41.5526476,-8.420864,41.158478,-8.601241,46343,MISMATCH,
29597,Jardim de Infância Montelongo,41.4468087,-8.17207,41.447074,-8.173639,134,MINOR,
29600,Colégio Machado Ruivo - A Escolinha de Famalicão,41.4104051,-8.5021951,41.4,-8.51666,1672,MISMATCH,
29606,"Externato ""Leonardo da Vinci""",41.5573246,-8.4170327,41.557547,-8.417137,26,MATCH,
29684,Colégio Luso-Internacional de Braga,41.5706348,-8.3890635,41.569882,-8.388536,95,MATCH,
29821,Escola Básica Bairro,41.372778,-8.4251636,41.372346,-8.424771,58,MATCH,
29822,Escola Básica Oliveira Santa Maria,41.4037722,-8.4068695,,,,NO_CS_COORDS,
29823,Escola Básica de Riba de Ave,41.3944423,-8.3915497,,,,NO_CS_COORDS,
29825,"Escola Básica de Igreja, Ruivães, Vila Nova de Famalicão",41.3965746,-8.4424315,,,,NO_CS_COORDS,
29826,Escola Básica de Delães,41.384177,-8.4142213,,,,NO_CS_COORDS,
29827,"Escola Básica de Oliveira S. Mateus, Vila Nova Famalicão",41.3898169,-8.4077498,,,,NO_CS_COORDS,
29849,"Jardim de Infância de Calçadas, Barcelos",41.5433985,-8.6119428,,,,NO_CS_COORDS,
29850,"Escola Básica de Nossa Senhora da Conceição, Fermentões",41.4481984,-8.3045657,41.433333333333,-8.3,1696,MISMATCH,
29888,Escola Básica de Barranhas,41.3914944,-8.5614409,41.391613,-8.561436,13,MATCH,
29889,JI de Lousado,41.3517654,-8.5301086,41.351759,-8.530175,6,MATCH,
29890,Escola Básica de Sapugal,41.3790695,-8.6007568,41.378849,-8.602211,124,MINOR,
29891,"Escola Básica de Valdossos, Fradelos",,,,,,NO_CS_COORDS,
29900,Jardim de Infância e Escola Básica do Bairro da Alegria,41.5638599,-8.402921,,,,NO_CS_COORDS,
29901,Jardim de Infância da Quinta das Fontes,41.5576546,-8.4196556,,,,NO_CS_COORDS,
29908,"Escola Básica de Arcozelo, Barcelos",41.5449778,-8.6098496,,,,NO_CS_COORDS,
29922,Centro Escolar D. Gualdim Pais,41.6349918,-8.3494606,41.645537,-8.351431,1184,MISMATCH,
29923,Escola Básica de Caldelas,41.6693868,-8.3700501,41.673582,-8.381644,1070,MISMATCH,
29924,Escola Básica de Bouro,41.6608113,-8.2737242,,,,NO_CS_COORDS,
29988,Escola Básica de Urgezes,41.4256864,-8.296941,41.424992,-8.296503,85,MATCH,
29989,Escola Básica de Polvoreira,41.4149263,-8.3005413,,,,NO_CS_COORDS,
29996,Jardim de Infância de Souto - Santa Maria,41.5089557,-8.2887077,,,,NO_CS_COORDS,
29997,"Escola Básica de Fafião, Briteiros - Santo Estevão",41.5091387,-8.3108437,41.517848,-8.319543,1209,MISMATCH,
29998,Escola Básica de Barco,41.4996161,-8.32786,,,,NO_CS_COORDS,
30374,Escola Básica de Celorico de Basto,41.3906309,-8.0011855,41.392115,-8.003501,254,MINOR,
30385,Jardim de Infância de Rego,41.4387169,-8.0794251,,,,NO_CS_COORDS,
30471,Escola Básica de São Roque,41.4357134,-8.2822519,,,,NO_CS_COORDS,
30588,Jardim de Infância de Lanhas,41.6670081,-8.4090278,41.668212,-8.409143,134,MINOR,
30589,Jardim de Infância da Loureira,41.6290996,-8.428834,41.633859,-8.42929,531,MISMATCH,
30591,Jardim de Infância de Pico de Regalados,41.6878229,-8.423248,41.687505,-8.424002,72,MATCH,
30593,Jardim de Infância de Turiz,41.6275765,-8.4568816,41.633946,-8.447549,1050,MISMATCH,
30638,Escola Básica de Merelim - São Pedro,41.5826661,-8.4536696,,,,NO_CS_COORDS,
30639,Escola Básica de Merelim - São Paio,41.583821,-8.4632929,,,,NO_CS_COORDS,
30640,Básica de Padim da Graça,41.569301,-8.4871392,,,,NO_CS_COORDS,
30642,Escola Básica Panoias Panoias,41.5743632,-8.4642703,,,,NO_CS_COORDS,
30643,Escola Básica/JI de Ruães,41.5806621,-8.4762191,,,,NO_CS_COORDS,
30678,Escola Básica do 1.º Ciclo e Jardim-De-Infância de São Frutuoso,41.561092,-8.4359553,41.561157,-8.436419,39,MATCH,
30679,Jardim-De-Infância de Parada de Tibães,41.559122,-8.4606546,41.561211,-8.46017,236,MINOR,
30680,Jardim-De-Infância da Goja,41.5714637,-8.4511135,41.569706,-8.44865,283,MINOR,
30681,Jardim de Infância Quinta das Hortas,41.5515299,-8.4357323,41.552026,-8.433252,214,MINOR,
30756,Escola Básica de São Gens,41.4481226,-8.1333015,41.441677,-8.136242,757,MISMATCH,
30757,Escola Básica de Quinchães,41.4412092,-8.1393299,,,,NO_CS_COORDS,
30758,Escola Básica de São Jorge,41.4407365,-8.1777057,38.713256,-9.329062,318702,MISMATCH,
30763,Jardim de Infância de Carvalho,41.4973598,-8.4167945,,,,NO_CS_COORDS,
30803,"Escola Básica de Santa Luzia, Azurém",41.448314,-8.297894,41.447861,-8.297377,66,MATCH,
30876,Escola Básica de Silveiros,41.4737548,-8.5700616,41.473755,-8.570075,1,MATCH,
30927,Escola Básica de Gilmonde,41.5092835,-8.6624897,,,,NO_CS_COORDS,
30928,Escola Básica de Cristelo,41.5741735,-8.6318727,,,,NO_CS_COORDS,
30930,Escola Básica de Rio Covo - Santa Eugénia,41.527313,-8.5980971,,,,NO_CS_COORDS,
30931,Jardim de Infância de Covelo,41.5240994,-8.5621592,,,,NO_CS_COORDS,
30932,Escola Básica de Remelhe,41.4883516,-8.6037138,,,,NO_CS_COORDS,
30933,Jardim de Infância Alcaides de Faria,41.5242092,-8.6249451,,,,NO_CS_COORDS,
30935,Jardim de Infância de Gamil,41.5149635,-8.5867061,,,,NO_CS_COORDS,
30936,"Escola Básica de Carvalhal, Barcelos",41.4882413,-8.6429432,,,,NO_CS_COORDS,
30937,"Escola Básica de Pereira, Barcelos",41.4926194,-8.6262109,,,,NO_CS_COORDS,
30938,Escola Básica da Várzea,41.5103628,-8.5762367,,,,NO_CS_COORDS,
30986,Escola Básica de Bastuço - Santo Estêvão,41.511009,-8.5181849,,,,NO_CS_COORDS,
30987,Jardim de Infância de Martim,41.5336162,-8.518861,,,,NO_CS_COORDS,
30988,Jardim de Infância de Cabreiros,41.5363676,-8.4916704,,,,NO_CS_COORDS,
30989,Escola Básica de Cunha,41.4964418,-8.4973531,,,,NO_CS_COORDS,
30990,Jardim de Infância de Vilaça entre Muros,41.5155506,-8.4863742,41.560909,-8.378633,10288,MISMATCH,
30991,Escola Básica de Tebosa,41.5555236,-8.4625556,,,,NO_CS_COORDS,
30992,Escola Básica de Vimieiro,41.5104553,-8.4620103,,,,NO_CS_COORDS,
30993,Escola Básica de Arentim,41.5791148,-8.4513272,,,,NO_CS_COORDS,
30994,Jardim de Infância de Igreja,41.4514491,-8.4753996,,,,NO_CS_COORDS,
31062,Escola Básica de Nogueiró,41.5512873,-8.3869649,41.551514,-8.386436,51,MATCH,
31063,Escola Básica de Tenões,41.5567496,-8.3922731,41.556832,-8.392014,23,MATCH,
31064,Jardim de Infância de Lamaçães,41.5513972,-8.3864056,41.546843,-8.391806,677,MISMATCH,
31071,Escola Básica de Vinha,41.4573966,-8.2501899,41.458606,-8.249658,142,MINOR,
31073,Escola Básica de Mosteiro,41.4796609,-8.2613818,,,,NO_CS_COORDS,
31074,Escola Básica de Bela Vista,41.467957,-8.2806142,,,,NO_CS_COORDS,
31104,Escola EB1/JI de Balugães,41.6430143,-8.6372428,41.643025,-8.637488,20,MATCH,
31105,Escola EB1/JI de Durrães,41.6375038,-8.6647086,,,,NO_CS_COORDS,
31106,Jardim de Infância de Boavista,41.6518161,-8.7394298,,,,NO_CS_COORDS,
31107,Escola EB1/JI de Palme,41.6110411,-8.6366396,,,,NO_CS_COORDS,
31135,Escola Básica de Cabanelas,41.5890198,-8.4983389,41.589165,-8.498394,17,MATCH,
31136,Escola Básica N.º 1 de Prado,41.6017139,-8.4619445,41.6047734,-8.45895767,421,MINOR,
31137,Jardim de Infância de Paúl,41.0421014,-8.2817615,41.61483272,-8.48833323,65979,MISMATCH,
31242,Escola Básica do Cávado,41.6817792,-8.1111101,,,,NO_CS_COORDS,
31243,Escola Básica Domingos de Abreu,41.6388594,-8.1427698,,,,NO_CS_COORDS,
31287,Jardim de Infância de Pedregais,41.6984735,-8.4740415,,,,NO_CS_COORDS,
31288,Jardim de Infância de Marrancos,41.667824,-8.5226743,,,,NO_CS_COORDS,
31292,Jardim de Infância N.º 2 de Moure,41.6397821,-8.4845103,,,,NO_CS_COORDS,
31293,Escola Básica da Lage,41.62269,-8.4695505,,,,NO_CS_COORDS,
31294,"Jardim de Infância de Carreiras, Santiago",41.6518081,-8.4821801,,,,NO_CS_COORDS,
31296,Escola Básica de Parada de Gatim,41.6187515,-8.5182666,,,,NO_CS_COORDS,
31297,Jardim de Infância de Arcozelo,,,,,,NO_CS_COORDS,
31298,Jardim de Infância de Duas Igrejas,41.683935,-8.4915317,,,,NO_CS_COORDS,
31315,"Jardim de Infância de Lamas, Braga",41.5029454,-8.4312428,,,,NO_CS_COORDS,
31316,Escola Básica de Guisande,41.481545,-8.4489089,,,,NO_CS_COORDS,
31317,Escola Básica de Escudeiros,41.5085709,-8.4372806,,,,NO_CS_COORDS,
31327,Escola EB1/JI Mascotelos,41.4271779,-8.3112344,,,,NO_CS_COORDS,
31329,Escola EB1/JI Silvares,41.4426109,-8.3395592,41.445945,-8.342959,467,MINOR,
31330,Escola EB1/JI Alto da Bandeira,41.4423314,-8.3107038,,,,NO_CS_COORDS,
31334,Escola Básica N.º 1 de Pevidém - Guimarães,41.4335837,-8.3485477,,,,NO_CS_COORDS,
31336,Escola Básica de Gondar - Guimarães,41.4207866,-8.3683452,,,,NO_CS_COORDS,
31365,Escola Básica de Sobreposta,41.5525962,-8.3340841,,,,NO_CS_COORDS,
31366,"Escola Básica de Espinho, Braga",41.5452821,-8.3615111,,,,NO_CS_COORDS,
31367,Escola Básica de Pedralva,41.5600221,-8.3214041,,,,NO_CS_COORDS,
31372,"Escola Básica de Ponte, Guimarães",41.4735484,-8.346438,,,,NO_CS_COORDS,
31373,"Escola Básica de Corvite, Guimarães",41.4744493,-8.3189527,,,,NO_CS_COORDS,
31374,Escola Básica de Cerca do Paço,41.4854448,-8.3169841,,,,NO_CS_COORDS,
31375,"Escola Básica de Deserto, Guimarães",41.4926563,-8.2760021,,,,NO_CS_COORDS,
31416,Escola Básica de Charneca,41.4903655,-8.3415907,,,,NO_CS_COORDS,
31417,"Escola Básica de Igreja, Sande - São Martinho",41.4967319,-8.3608428,41.495977,-8.35507,488,MINOR,
31418,Escola Básica de Longos,41.4926563,-8.2760021,,,,NO_CS_COORDS,
31419,Escola Básica de Agrolongo,41.5080754,-8.3499316,41.507732,-8.353295,283,MINOR,
31420,Escola Básica de Pinheiral,41.4869843,-8.3496395,,,,NO_CS_COORDS,
31421,Escola Básica de Vieite,41.4926563,-8.2760021,,,,NO_CS_COORDS,
31432,Jardim de Infância de Eiral,41.413984,-8.5408086,41.413355,-8.540756,70,MATCH,
31433,Escola Básica de Louro / Mouquim,41.4326196,-8.5407887,41.432783,-8.540796,18,MATCH,
31434,Escola Básica de Cruz,41.4391195,-8.4954082,41.439776,-8.495176,76,MATCH,
31435,"Jardim de Infância de Além, Gavião",41.4282771,-8.510356,,,,NO_CS_COORDS,
31436,Escola Básica de Requião,41.410362,-8.479562,41.411253,-8.47882,117,MINOR,
31437,Jardim de Infância de Mouquim,41.4373211,-8.5178794,41.4382,-8.516506,151,MINOR,
31440,Escola Básica de Telhado,41.4503322,-8.4566144,41.445779,-8.461979,675,MISMATCH,
31441,Jardim de Infância de Fonte Cova,41.4723577,-8.5395973,,,,NO_CS_COORDS,
31442,Jardim de Infância de Altinho,41.4634468,-8.4958574,41.463672,-8.495191,61,MATCH,
31451,Escola Básica de Guilheta,41.6056119,-8.7944687,,,,NO_CS_COORDS,
31452,Escola Básica de Forjães,41.6159617,-8.7377477,41.6161,-8.737769,15,MATCH,
31470,Escola Básica de Vermis - Moreira de Cónegos,41.3740894,-8.3522281,41.373776,-8.352287,35,MATCH,
31472,Escola Básica de Monte-Guardizela,41.3989894,-8.4019754,41.387931,-8.366091,3236,MISMATCH,
31486,"Escola Básica de Fão, Esposende",41.5035315,-8.7678821,,,,NO_CS_COORDS,
31487,"Escola Básica de Barral, Esposende",41.5359921,-8.7455835,41.536048,-8.74563,7,MATCH,
31488,"Escola Básica de Curvos, Esposende",41.5625766,-8.7363891,41.559653,-8.739126,397,MINOR,
31489,Escola Básica de Gandra,41.5211568,-8.7591312,41.521095,-8.75775,115,MINOR,
31490,Escola Básica de Gemeses,41.5228485,-8.7303861,41.522935,-8.730406,10,MATCH,
31509,EB1/JI de Perelhal,41.5290301,-8.6929826,,,,NO_CS_COORDS,
31510,Jardim de Infância de Vila Cova,41.5465033,-8.7083238,,,,NO_CS_COORDS,
31532,Jardim de Infância de Esmeriz,41.3833978,-8.5140005,41.383008,-8.514395,54,MATCH,
31533,Escola Básica de Louredo,41.4050289,-8.5326098,,,,NO_CS_COORDS,
31534,Jardim de Infância de Lage,41.3843171,-8.5390102,,,,NO_CS_COORDS,
31585,Escola Básica de Infantas,41.4260732,-8.239907,41.4267,-8.2456,480,MINOR,
31586,Escola Básica de São Romão,41.4482804,-8.2586915,41.2702,-8.1545,21627,MISMATCH,
31587,"Escola Básica de Serzedo, Guimarães",41.4042008,-8.2318385,41.2417,-8.1346,19810,MISMATCH,
31615,"Escola Básica de Calvos, Guimarães",41.4037021,-8.2431295,41.405896,-8.243224,244,MINOR,
31616,Escola Básica de Tabuadelo,39.399872,-8.224454,41.401047,-8.287777,222585,MISMATCH,
31617,Escola Básica Ucha de Baixo,41.4480958,-8.2974112,,,,NO_CS_COORDS,
31618,"Escola Básica de Pinheiro, Guimarães",41.4166394,-8.2877959,,,,NO_CS_COORDS,
31686,Jardim de Infância de Terras de Bouro,41.7197917,-8.3083246,,,,NO_CS_COORDS,
31688,Jardim de Infância de Chorense,41.6912789,-8.2929853,41.723625,-8.162631,11403,MISMATCH,
31691,"Escola Básica Padre Dr. Joaquim Santos, Refojos de Basto",41.5141114,-7.9859457,41.514928,-7.985209,110,MINOR,
31696,Escola Básica de Pedraça,41.5463842,-7.9374948,41.496222,-7.955882,5784,MISMATCH,
31699,Jardim de Infância de Santa Senhorinha,41.4866407,-7.9733657,41.4903,-7.981996,826,MISMATCH,
31714,"Centro Escolar da Naia, Ferreiros",41.5392864,-8.4397614,41.537231,-8.440307,233,MINOR,
32004,EB de Góios,40.6404778,-7.9258474,,,,NO_CS_COORDS,
32005,"Escola Básica de Estação, Tadim",41.5082238,-8.4868489,41.509152,-8.486237,115,MINOR,
32027,Escola Básica de Galegos S. Martinho,41.5568913,-8.5641517,41.557015,-8.56432,20,MATCH,
32031,Jardim de Infância de Vale S. Martinho,41.4239328,-8.4832328,41.424004,-8.483213,8,MATCH,
32032,Jardim de Infância de Vale S. Cosme,41.4515427,-8.4757864,,,,NO_CS_COORDS,
32033,Escola Básica de Ferreirinha,41.5142695,-7.9879308,41.501995,-7.905516,6997,MISMATCH,
32034,Escola Básica Professora Filomena Mesquita,41.5153215,-7.993989,41.515448,-7.99353,41,MATCH,
32043,Escola Básica de Areias S. Vicente,41.5631734,-8.5429599,41.563184,-8.542998,3,MATCH,
32044,Escola Básica Galegos Santa Maria,41.5635494,-8.5740265,41.563553,-8.574012,1,MATCH,
32045,Escola Básica de Ucha,41.5786271,-8.5187646,41.577012,-8.518791,180,MINOR,
32049,Escola Básica de Faia,41.5142695,-7.9879308,41.47854,-7.973622,4148,MISMATCH,
32051,Escola Básica do Arco de Baúlhe,41.4809677,-7.9581951,41.482199,-7.957879,139,MINOR,
32062,Escola Básica de Garapôa,41.5210869,-8.4522556,41.518655,-8.455726,396,MINOR,
32085,Escola Básica de Cruz,41.4949291,-8.4975292,41.512692,-8.450217,4407,MISMATCH,
32086,Escola Básica de Figueiredo,41.5032826,-8.4368418,41.511514,-8.484196,4048,MISMATCH,
32263,Centro Escolar de Maximinos,41.5446204,-8.4321309,,,,NO_CS_COORDS,
32316,Jardim de Infância e Escola Básica da Quinta da Veiga,41.5600552,-8.4034988,41.559116,-8.424082,1716,MISMATCH,
32335,Jardim de Infância e Escola Básica das Enguardas,41.5568068,-8.4133395,,,,NO_CS_COORDS,
32433,EB de Guilhofrei,41.5698053,-8.1349772,41.529148,-8.399287,22455,MISMATCH,
32446,EB de Rossas,41.5837921,-8.098372,,,,NO_CS_COORDS,
32474,Escola Básica Aula Conde Código Postal,41.3928756,-8.3338575,41.392893,-8.334011,13,MATCH,
32482,Escola Básica de Fonte Boa,41.4999048,-8.7401779,41.499817,-8.740419,22,MATCH,
32485,EB1/JI de Creixomil,41.540072,-8.6764689,,,,NO_CS_COORDS,
32486,Escola Básica do Carreiro – Lordelo,41.3689081,-8.3879643,41.36923,-8.388603,64,MATCH,
32544,Escola Básica de Criaz,41.4731685,-8.7492842,,,,NO_CS_COORDS,
32545,Escola Básica de Facho,41.4883142,-8.7793802,,,,NO_CS_COORDS,
32564,Escola Básica de Rio Tinto,41.4990059,-8.7115498,,,,NO_CS_COORDS,
32693,Escola Básica Agostinho da Silva,41.4074697,-8.2683305,,,,NO_CS_COORDS,
32700,Jardim de Infância de Roupeire Airão S. João,41.4537475,-8.411312,41.458186,-8.420873,937,MISMATCH,
32704,Jardim de Infância de Rio Caldo,41.7236094,-8.162713,,,,NO_CS_COORDS,
32705,Jardim de Infância do Gerês,41.7279146,-8.1631798,,,,NO_CS_COORDS,
32723,Jardim de Infância de Poças Airão Stª Maria,41.4500618,-8.4128331,,,,NO_CS_COORDS,
32724,Jardim de Infância de Ronfe,41.437857,-8.385851,41.442839,-8.380647,704,MISMATCH,
33116,Jardim de Infância de Encourados,41.4591911,-8.6092135,,,,NO_CS_COORDS,
33117,Escola Básica de Sequeira,41.532199,-8.4733376,,,,NO_CS_COORDS,
33136,Escola Básica de Pousa,41.5507411,-8.5166568,,,,NO_CS_COORDS,
33157,Jardim de Infância de Moreira do Castelo,41.3489196,-8.0618287,,,,NO_CS_COORDS,
33160,Escola Básica de Seidões,41.4095919,-8.1240053,41.409708,-8.123899,16,MATCH,
33175,Jardim de Infância de Feira,41.3822734,-8.0004337,,,,NO_CS_COORDS,
33176,"Jardim de Infância de Santa Luzia, Canedo",41.3822734,-8.0004337,41.445587,-7.967857,7546,MISMATCH,
33178,Escola Básica de Regadas,41.3984845,-8.1498388,,,,NO_CS_COORDS,
33179,Escola Básica de Silvares S. Martinho,41.4074392,-8.1610042,41.406955,-8.16057,65,MATCH,
33231,Jardim de Infância de Aldeia Nova,41.3621564,-8.5688155,,,,NO_CS_COORDS,
33232,Escola Básica N.º1 de Ribeirão,41.3580327,-8.5586169,41.358266,-8.558623,26,MATCH,
33239,Jardim de Infância de Cruzeiro,41.4538003,-8.6475331,,,,NO_CS_COORDS,
33248,Escola Básica da Feira Nova,41.6310795,-8.3717825,,,,NO_CS_COORDS,
33261,Jardim de Infância de Airó,41.5242347,-8.6247367,,,,NO_CS_COORDS,
33262,Escola Básica de Alvelos,41.5079621,-8.6221697,,,,NO_CS_COORDS,
33263,Escola Básica de Areias de Vilar,41.5018626,-8.5876813,41.499989,-8.585704,266,MINOR,
33264,Escola Básica de Gueral,41.4567511,-8.6273651,,,,NO_CS_COORDS,
33265,"Escola Básica de Moure, Barcelos",41.5004661,-8.5561468,,,,NO_CS_COORDS,
33272,Escola Básica de Vale do Cávado,41.6297837,-8.3592533,,,,NO_CS_COORDS,
33273,Escola Básica do Vale do Homem,41.6290272,-8.4067696,41.629298,-8.406498,38,MATCH,
33294,"Escola Básica de Serrado, Briteiros (Stª Leocádia)",41.5211433,-8.3442019,,,,NO_CS_COORDS,
33304,"Escola Básica de Igreja, Briteiros",41.5228817,-8.323733,,,,NO_CS_COORDS,
33305,Escola Básica de Donim,41.5303743,-8.2982466,,,,NO_CS_COORDS,
33308,Eb1ji de Caneiros,41.4550524,-8.3088572,41.45,-8.3,928,MISMATCH,
33343,Escola Básica de Milhazes,41.4928059,-8.6576868,41.492792,-8.657717,3,MATCH,
33345,Escola Básica da Cruz de Argola,41.4519468,-8.274925,41.2707,-8.1629,22217,MISMATCH,
33363,Escola Básica de Barqueiros,41.5293712,-8.5595031,,,,NO_CS_COORDS,
33364,Escola Básica de Paradela,41.4606551,-8.683226,,,,NO_CS_COORDS,
33376,Escola Básica de Barbudo,41.6479094,-8.4489484,41.648372,-8.448857,52,MATCH,
33377,Escola Básica de Esqueiros,41.6618461,-8.4443214,41.662023,-8.444735,40,MATCH,
33378,Escola Básica de Geme,41.6649221,-8.4283323,41.664994,-8.428364,8,MATCH,
33379,Escola Básica de Soutelo,41.6132384,-8.4427689,41.613439,-8.44285,23,MATCH,
33380,Escola Básica N.º 2 de Vila Verde,41.6422129,-8.4286207,41.643087,-8.428065,108,MINOR,
33381,Jardim de Infância de Atães,41.7139386,-8.4144253,41.732674,-8.419186,2120,MISMATCH,
33382,Jardim de Infância de Sabariz,41.6567944,-8.4178309,41.656887,-8.417349,41,MATCH,
33383,EB1/Jardim de Infância Este S. Mamede,41.574905,-8.3583972,,,,NO_CS_COORDS,
33388,Jardim de Infância de Gualtar,41.5694729,-8.3879826,,,,NO_CS_COORDS,
33389,Jardim de Infância de Este S. Pedro,41.5641549,-8.372295,,,,NO_CS_COORDS,
33395,Escola Básica de Aboim da Nóbrega,41.7469516,-8.3950401,41.746703,-8.395176,30,MATCH,
33396,Escola Básica de Oriz - São Miguel,41.6964654,-8.3751382,41.693981,-8.370675,462,MINOR,
33397,Escola Básica de Sande,41.7044039,-8.3961128,41.704357,-8.396112,5,MATCH,
33398,Escola Básica Monsenhor Elísio Araújo,41.687673,-8.424573,41.6882735,-8.4253306,92,MATCH,
33896,Jardim de Infância de Serzedelo,41.6160917,-8.2221935,,,,NO_CS_COORDS,
33942,Escola Básica de Carapeços,41.5829977,-8.6377523,41.582731,-8.638113,42,MATCH,
33943,Escola Básica de Fraião - Tamel São Veríssimo,41.5483199,-8.5943538,,,,NO_CS_COORDS,
33944,Escola Básica de Alheira,41.6126248,-8.5663978,41.08766,-8.539573,58416,MISMATCH,
33945,Escola Básica de Alvito S. Pedro,41.6021273,-8.5913638,41.604215,-8.59211,240,MINOR,
33946,Escola Básica de Cossourado,41.626941,-8.62464,,,,NO_CS_COORDS,
33957,Escola Básica e Secundária de Vale do Tamel,41.5615346,-8.6076465,41.56235,-8.607526,91,MATCH,
34536,"Escola EB1, 2, 3 de Fragoso",41.6128078,-8.7128432,,,,NO_CS_COORDS,
34742,Jardim de Infância do Centro de Solidariedade da Sagrada Família,41.5461103,-8.4258508,,,,NO_CS_COORDS,
34908,Escola Básica de Travassós,41.2900231,-8.6700386,,,,NO_CS_COORDS,
34909,"Escola Básica de Moreira de Rei,",41.4801174,-8.1161453,,,,NO_CS_COORDS,
34910,Escola Básica de Montelongo,41.4555185,-8.1801384,,,,NO_CS_COORDS,
34911,"Escola Básica de Medelo,",41.4642247,-8.1556895,,,,NO_CS_COORDS,
34912,Escola Básica de Golães,41.466321,-8.1940809,,,,NO_CS_COORDS,
34913,Escola Básica de Pontes,41.5380792,-8.5965632,,,,NO_CS_COORDS,
34914,Escola Básica de Vila Boa,41.5492056,-8.6226145,,,,NO_CS_COORDS,
34917,Escola Básica Padre Joaquim Flores,39.399872,-8.224454,,,,NO_CS_COORDS,
34918,Escola Básica de Serafão,41.5329829,-8.215738,,,,NO_CS_COORDS,
34919,Escola Básica de Passos,41.4774613,-8.201706,,,,NO_CS_COORDS,
34920,Escola Básica António Fogaça,41.530068,-8.6273316,,,,NO_CS_COORDS,
34921,Jardim de Infância da Avenida João Duarte,41.5378205,-8.615475,,,,NO_CS_COORDS,
34922,Escola Básica de Abade de Neiva,41.5520981,-8.6344446,,,,NO_CS_COORDS,
34923,"Escola Básica de Vila Frescaínha, São Pedro",41.5296261,-8.6475736,,,,NO_CS_COORDS,
34925,Escola Básica e Jardim de Infância de Arcos,41.5216313,-8.4241158,,,,NO_CS_COORDS,
34926,Jardim de Infância de Igreja,41.4202564,-8.6015399,,,,NO_CS_COORDS,
34928,Escola Básica de Freiriz,41.6514134,-8.5165828,,,,NO_CS_COORDS,
34929,Escola Básica do Fujacal,41.5445402,-8.4225348,,,,NO_CS_COORDS,
34930,Escola Básica de S. Miguel,41.3801295,-8.3050006,,,,NO_CS_COORDS,
34931,"Jardim de Infância de Simães,",41.570421,-8.230029,,,,NO_CS_COORDS,
34932,"Escola Básica de Monte, Arões - Santa Cristina",41.4443309,-8.2106513,,,,NO_CS_COORDS,
34933,"Escola Básica de Cabeçudos,",41.4212164,-8.5208945,,,,NO_CS_COORDS,
34934,Jardim de Infância de Seide,41.3554406,-8.5508472,,,,NO_CS_COORDS,
34935,Escola Básica de Aldão,41.5367691,-8.6312647,,,,NO_CS_COORDS,
34936,Escola Básica de Nespereira,41.4078621,-8.3252919,,,,NO_CS_COORDS,
34937,Jardim de Infância de Lomar,41.5309148,-8.4265944,,,,NO_CS_COORDS,
34938,Centro Escolar de Esporões,41.5117301,-8.4152337,,,,NO_CS_COORDS,
34939,Jardim de Infância de Monte,41.5331819,-8.4143089,,,,NO_CS_COORDS,
34940,Escola Básica N.º 1 de Nogueira e Jardim de Infância,41.5313048,-8.4100955,,,,NO_CS_COORDS,
34941,Escola Básica e Jardim de Infância de Fraião,41.534268,-8.3985127,,,,NO_CS_COORDS,
34942,Jardim de Infância de Outeiro,41.420135,-8.5576554,,,,NO_CS_COORDS,
34945,Escola Básica de Cambeses,41.4815471,-8.5309492,39.399872,-8.224454,232920,MISMATCH,
34948,Escola Básica de Rio Covo - Santa Eulália,41.4866952,-8.5753136,41.4897493,-8.5784341,428,MINOR,
34949,Escola Básica de São Lázaro,41.5489551,-8.4197747,,,,NO_CS_COORDS,
34950,Escola Básica da Ponte Pedrinha,41.5404111,-8.4295656,,,,NO_CS_COORDS,
34951,Escola Básica de Vizela,41.3837975,-8.2650596,,,,NO_CS_COORDS,
34952,Escola Básica de Infias,41.3955955,-8.309122,,,,NO_CS_COORDS,
34953,Escola Básica de Tagilde,41.3767223,-8.2826719,,,,NO_CS_COORDS,
34954,Escola Básica do Ave,41.5577291,-8.220181,,,,NO_CS_COORDS,
34955,Jardim de Infância de Travassos,41.4934589,-8.1912571,,,,NO_CS_COORDS,
34957,Jardim de Infância de Garfe,41.5386668,-8.2444015,,,,NO_CS_COORDS,
34958,Escola Básica de Arões - São Romão,41.4571086,-8.2160792,,,,NO_CS_COORDS,
34959,Escola Básica de Fareja,41.4144605,-8.2319386,,,,NO_CS_COORDS,
34960,Escola Básica de Cepães,41.4381144,-8.2052107,,,,NO_CS_COORDS,
34961,Escola Básica dos Enxertos,41.3669109,-8.3094449,41.36678381,-8.30931846,18,MATCH,
34962,Escola Básica Maria de Lurdes Sampaio de Melo,41.3775259,-8.3075601,41.36628653,-8.28284611,2411,MISMATCH,
34963,Escola Básica de Lagoas,41.3723723,-8.2948857,41.37226962,-8.29447084,36,MATCH,
34964,Jardim de Infância de Campo da Vinha,41.3591042,-8.3038076,41.35906378,-8.3034764,28,MATCH,
34965,Escola Básica de Monte,41.352909,-8.2859055,41.35301543,-8.28589511,12,MATCH,
34966,Escola Básica de Antas,41.4026721,-8.5081327,,,,NO_CS_COORDS,
34968,Escola Básica de Lagoa,41.426037,-8.505924,,,,NO_CS_COORDS,
34975,Escola Básica Luís de Camões,41.4066929,-8.52134,,,,NO_CS_COORDS,
37109,Escola Básica de Crespos,41.6035407,-8.3561881,,,,NO_CS_COORDS,
37110,Escola Básica de Pousada,41.6047968,-8.3456513,,,,NO_CS_COORDS,
37111,Jardim de Infância de Pomares,41.5923515,-8.3732461,,,,NO_CS_COORDS,
37112,Escola Básica de Presa,41.6009062,-8.404875,,,,NO_CS_COORDS,
37113,Escola Básica de Bracara Augusta,41.5943015,-8.4362014,,,,NO_CS_COORDS,
37114,Jardim de Infância de Coucinheiro,41.5970159,-8.4252339,,,,NO_CS_COORDS,
37115,Escola Básica de Dume,41.5684296,-8.4365285,,,,NO_CS_COORDS,
37116,Jardim de Infância de Adaúfe,41.5857945,-8.3976104,,,,NO_CS_COORDS,
37600,Jardim de Infância de Mosteiro,41.4641691,-8.5206808,,,,NO_CS_COORDS,
38233,Escola Básica Conde de Arnoso,41.4634468,-8.4958574,,,,NO_CS_COORDS,
38718,Escola Básica de Silvares São Clemente,41.4260961,-8.1605656,,,,NO_CS_COORDS,
38796,Escola Básica de Estalagem,,,,,,NO_CS_COORDS,
39216,Jardim de Infância de Minhotães,41.4359039,-8.5718441,,,,NO_CS_COORDS,
4291,Jardim de Infância Nossa Senhora de Fátima,41.533587,-6.9566214,40.785507,-7.349613,89452,MISMATCH,
4300,Lar Nosso Senhor da Misericórdia,41.4944881,-6.2738217,39.658221,-8.824002,296755,MISMATCH,
4304,Centro Paroquial de Assistência de Freixo de Espada,41.0915053,-6.8087881,41.093191,-6.81072,248,MINOR,
4311,Jardim de Infância Centro Paroquial de Assistência Torre de Moncorvo,41.1732195,-7.0547481,40.540862,-7.486838,79150,MISMATCH,
4328,Centro Social do Sagrado Coração de Jesus,41.8186542,-6.7612881,41.811717,-6.76031,776,MISMATCH,
4333,Jardim de Infância Centro Social Nossa Senhora do Amparo,41.4773271,-7.1816937,41.243897,-7.302584,27848,MISMATCH,
4357,Jardim de Infância Flor de Liz de Vila Flor,41.3080576,-7.1499645,41.308454,-7.149398,65,MATCH,
4359,Equip. Soc. Santa Casa Misericórdia Carrazeda de Ansiães,41.2412788,-7.3066473,41.148095,-7.404277,13194,MISMATCH,
4372,Centro Infantil de Alfândega da Fé,41.344363,-6.9601807,39.718017,-8.79936,238449,MISMATCH,
4379,"Centro Infantil ""O Miminho""",41.4836808,-7.1916578,41.799267,-6.765606,49848,MISMATCH,
4380,Centro Infantil Arco Íris,41.4909191,-7.1746682,38.965379,-7.763675,285242,MISMATCH,
4399,Centro Infantil da Coxa,41.8001875,-6.76901,,,,NO_CS_COORDS,
4400,Centro Infantil São João de Deus,41.7844872,-6.7761686,41.785368,-6.775294,122,MINOR,
5302,Jardim de Infância Nuclisol Jean Piaget,41.5372736,-6.9676642,41.537269,-6.96814,40,MATCH,
5303,Nuclisol Jean Piaget,41.4811731,-7.1779088,40.479836,-7.984574,130316,MISMATCH,
11183,Casa da Criança Mirandesa,41.3911535,-6.4250268,41.3909358,-6.4239908,90,MATCH,
15144,Centro Infantil Cinderella,41.8072382,-6.7577113,41.806914,-6.756814,83,MATCH,
15149,Caritas Diocesana de Bragança - Miranda,41.800643,-6.7715468,,,,NO_CS_COORDS,
19142,Jardim Infantil da Santa Casa da Misericórdia de Vinhais,41.8377532,-6.999432,40.217372,-8.430041,216477,MISMATCH,
24103,Creche de São Bento e São Francisco,41.8052812,-6.7497014,41.805133,-6.748907,68,MATCH,
24605,Creche - Centro Social Santa Clara,41.799987,-6.7602107,41.799818,-6.760106,21,MATCH,
24861,Centro Social Padre Miguel,41.810154,-6.742333,,,,NO_CS_COORDS,
25531,Creche João Lopes da Silva,41.3396819,-6.7113283,41.338703,-6.707517,336,MINOR,
34096,Creche - O Cantinho dos Afetos,41.5873195,-6.5229467,,,,NO_CS_COORDS,
4316,Obra Kolping da Diocese de Bragança-Miranda,41.7959093,-6.7711378,41.239893,-7.306747,76230,MISMATCH,
4327,Centro Comunitário do Santo Condestável,41.8119727,-6.7656456,41.811379,-6.765344,71,MATCH,
4338,Equip. Soc. Centro Social Paroquial Santos Mártires,41.7965902,-6.7715988,40.479836,-7.984574,178198,MISMATCH,
15159,Equip. Soc. da Santa Casa da Misericórdia de Freixo de Espada Cinta,41.0924491,-6.8088665,40.942217,-7.38683,51287,MISMATCH,
29402,Jardim Infantil da Stª Casa da Misericórdia,41.3439203,-6.7104954,,,,NO_CS_COORDS,
29576,Colégio do Sagrado Coração de Jesus,41.8186542,-6.7612881,41.815816,-6.761704,317,MINOR,
29892,Jardim de Infância de Carviçais,41.1813544,-6.8890964,,,,NO_CS_COORDS,
29893,Jardim de Infância de Cabanas de Baixo,41.1860828,-7.1214621,,,,NO_CS_COORDS,
29902,Jardim de Infância de Avidagos,41.3985356,-7.3071333,41.483863,-7.190227,13601,MISMATCH,
29904,Jardim de Infância de Mirandela,41.5142812,-7.1650213,,,,NO_CS_COORDS,
29914,Escola Básica Visconde de Vila Maior,41.1753693,-7.0588782,,,,NO_CS_COORDS,
30470,Escola Básica de Carrazeda de Ansiães,41.2447889,-7.3036778,41.244567,-7.303342,37,MATCH,
30569,Escola Básica N.º 1 de Vimioso,41.5857421,-6.5293638,,,,NO_CS_COORDS,
30692,Escola Básica da Sé,41.808835,-6.7649202,,,,NO_CS_COORDS,
30693,Jardim de Infância de Santiago,41.8056165,-6.7767739,,,,NO_CS_COORDS,
30821,Escola Básica de Macedo de Cavaleiros,41.5372196,-6.9560992,,,,NO_CS_COORDS,
30824,Jardim de Infância de Morais,41.4904815,-6.7741603,,,,NO_CS_COORDS,
30838,Escola Básica Guerra Junqueiro,41.4568888,-8.1631447,41.091062,-6.810482,120137,MISMATCH,
31369,Escola Básica de Mogadouro,41.334799,-6.7179595,,,,NO_CS_COORDS,
31462,Jardim de Infância de Palaçoulo,41.4748661,-6.448696,41.456805,-6.4444,2040,MISMATCH,
31463,Jardim de Infância N.º 1 de Sendim,41.4310849,-6.4318551,41.39129,-6.424974,4462,MISMATCH,
31464,Escola Básica de Miranda do Douro,41.5021651,-6.2802731,41.500154,-6.270922,810,MISMATCH,
31491,Jardim de Infância de Alfândega da Fé,41.3426887,-6.9646886,,,,NO_CS_COORDS,
31492,Jardim de Infância de Sambade,41.4120804,-6.974039,,,,NO_CS_COORDS,
31504,Jardim de Infância de Ervedosa,41.708816,-7.0775961,,,,NO_CS_COORDS,
31718,Jardim de Infância de Santa Comba de Rossas,41.6625875,-6.8271822,,,,NO_CS_COORDS,
31719,Jardim de Infância de Bragança,41.6374045,-7.1574784,41.80971,-6.761042,38073,MISMATCH,
31776,Escola Básica de Santa Maria,41.8077805,-6.7480043,41.806267,-6.749806,225,MINOR,
31777,Jardim de Infância de Gimonde,41.7988669,-6.6977496,,,,NO_CS_COORDS,
32059,Jardim de Infância de Vinhais,41.833971,-7.0023403,,,,NO_CS_COORDS,
32060,Jardim de Infância de Vilar de Lomba,41.8097864,-7.1819296,,,,NO_CS_COORDS,
32064,Jardim de Infância de Rebordelo,41.7517596,-7.1520926,41.716534,-7.181694,4623,MISMATCH,
32065,Jardim de Infância de Agrochão,41.6936597,-7.0324464,,,,NO_CS_COORDS,
32355,Jardim de Infância do Romeu,41.5297299,-7.0588924,,,,NO_CS_COORDS,
32385,"Escola Básica 1,2 de Torre Dona Chama",41.6573947,-7.1264491,,,,NO_CS_COORDS,
32424,Escola Básica de Frechas,41.4126641,-7.1590545,,,,NO_CS_COORDS,
33287,Jardim de Infância de Cardanha,41.2534483,-7.0349464,,,,NO_CS_COORDS,
33296,"Jardim de Infância de Carvalhal, Felgar",41.1835258,-6.9823165,,,,NO_CS_COORDS,
33297,Jardim de Infância de Felgar,41.1813544,-6.8890964,,,,NO_CS_COORDS,
34495,Jardim de Infância de Chacim,41.4685707,-6.899359,,,,NO_CS_COORDS,
34970,Escola Básica de Santa Comba de Vilariça,41.3560441,-7.0659968,,,,NO_CS_COORDS,
34973,Escola Básica Dr. Artur Pimentel - Vila Flor,41.3080576,-7.1499645,,,,NO_CS_COORDS,
34974,Escola Básica de Bemposta,41.3077834,-6.5036433,,,,NO_CS_COORDS,
34977,Jardim de Infância de Benlhevai,41.3742655,-7.0893377,,,,NO_CS_COORDS,
34978,Jardim de Infância de Freixiel,41.3175307,-7.2488218,,,,NO_CS_COORDS,
34979,Escola Básica de Samões,41.3044849,-7.183191,,,,NO_CS_COORDS,
34980,Escola Básica de Izeda,41.5703655,-6.7251331,,,,NO_CS_COORDS,
34981,Escola Básica de Parada,41.6774319,-6.6959309,,,,NO_CS_COORDS,
34995,"Escola Básica de Rebordãos,",41.7398212,-6.8231041,,,,NO_CS_COORDS,
37601,Escola Básica de Pereira,41.4097087,-7.3151015,,,,NO_CS_COORDS,
37602,Escola Básica do Convento,41.4879063,-7.1779433,,,,NO_CS_COORDS,
37603,Escola Básica do Fomento,41.4668537,-7.1604553,,,,NO_CS_COORDS,
1316,Santa Casa da Misericórdia de Sobreira Formosa,39.770895,-7.8501069,39.770025,-7.850205,97,MATCH,
1319,Equip. Soc. do Centro Paroquial de Assistência Nossa Senhora das Dores,40.1993439,-7.6399521,40.199681,-7.637061,248,MINOR,
1341,"Creche e Jardim de Infância ""O Cortiço""",39.7527885,-7.9255131,39.710074,-7.820373,10168,MISMATCH,
1345,Lar I,39.6569398,-7.6748718,40.3204,-7.891936,76056,MISMATCH,
1349,Equip. Soc. Centro Social e Cultural de Santo Aleixo,40.256754,-7.6216739,40.258302,-7.622258,179,MINOR,
1352,Creche e Jardim de Infância da Santa Casa da Misericórdia de Alpedrinha,40.0988348,-7.4675332,40.133293,-7.495766,4522,MISMATCH,
1364,"Creche, Pré-Escolar e CATL ""O Pinheirinho""",39.8106591,-8.0971052,39.8116,-8.0966,113,MINOR,
1371,Equip.soc.centro de Apoio a Crianças e Idosos de Cortes,40.253418,-7.581264,37.12814,-8.345504,353784,MISMATCH,
1372,Centro de Assistência Social do Tortosendo,40.2403145,-7.5195077,,,,NO_CS_COORDS,
1373,"Infantário ""O Meu Cantinho""",40.3123168,-7.4587022,38.616087,-9.187643,239995,MISMATCH,
1375,Equip. Socialdo Centro Social Nossa Senhora das Necessidades de Alcaria,40.2019364,-7.5181397,40.2019,-7.519601,124,MINOR,
1380,Santa Casa da Misericórdia de Idanha-A-Nova,39.9270736,-7.2408541,38.988307,-9.386293,211706,MISMATCH,
1390,Santa Casa da Misericórdia de Vila de Rei,39.6743238,-8.1444594,39.614696,-8.097834,7739,MISMATCH,
1391,Equip. Soc. do Centro Social São Nuno de Santa Maria,39.81468,-8.1897351,38.580445,-9.174178,161340,MISMATCH,
1396,Capuchinho Vermelho,40.2421314,-7.527432,40.241217,-7.525787,173,MINOR,
1397,Infantário da Associação Centro Social Sagrado Coração de Maria,40.2353153,-7.4443411,40.235316,-7.443979,31,MATCH,
2002,Equip. Social da Associação de Solidariedade Social da Freguesia de Silvares,40.1359861,-7.6719561,41.447822,-8.17529,151898,MISMATCH,
2012,O Pimpão - Centro de Educação para a Infância,39.8177137,-7.4864015,39.815369,-7.484673,300,MINOR,
2017,Colégio Nossa Senhora do Rosário,39.8200441,-7.4947326,39.81962,-7.495422,75,MATCH,
2019,Obra de Santa Zita - Castelo Branco,39.8207217,-7.494119,39.820506,-7.494515,41,MATCH,
2021,Abrigo dos Pequeninos de Nossa Senhora da Conceição,40.283913,-7.5069065,40.284413,-7.507228,62,MATCH,
2023,Equip. Soc. Centro Paroquial de Bem-Estar Social de Valverde,40.151604,-7.4741439,38.942498,-9.346304,209380,MISMATCH,
2025,Equip. Soc. do Centro Social Paroquial de Alcaide,40.1303377,-7.4347746,38.587198,-8.921416,213953,MISMATCH,
2031,Centro Infantil Guardado Moreira,39.8285676,-7.493998,39.825659,-7.489449,505,MISMATCH,
2036,Equip. Soc. do Centro Paroquial de Assistência das Donas,40.1375709,-7.4992135,40.211783,-8.412547,78036,MISMATCH,
2040,Obra de Santa Zita - Covilhã,40.278633,-7.5016116,39.629798,-8.665923,122694,MISMATCH,
2041,Jardim de Infância Dr. Alfredo Mota,39.826987,-7.4950834,40.950266,-8.518886,152047,MISMATCH,
2045,"Centro Social Padres Redentoristas - Infantário ""O Raposinho""",39.8101235,-7.5014033,39.942208,-8.148077,57105,MISMATCH,
2052,Fundação Imaculada Conceição,40.2782939,-7.5035321,40.278029,-7.506569,259,MINOR,
2054,"Infantário ""Mundo da Fantasia""",40.2755849,-7.4990399,40.275579,-7.499043,1,MATCH,
2058,Jardim de Infância Girassol,40.2958654,-7.3619579,40.210118,-8.427729,90946,MISMATCH,
2063,Jardim Infantil Maria Augusta Silva,39.9180881,-7.9134242,42.07848,-8.482441,244923,MISMATCH,
2065,Creche e Jardim-De-Infância da Santa Casa da Misericórdia do Fundão,40.1366287,-7.4959182,40.030913,-7.484153,11798,MISMATCH,
4435,Jardim Escola João de Deus de Castelo Branco,39.8275701,-7.4958126,39.826904,-7.495168,92,MATCH,
4448,Casa Nossa Senhora de Fátima,40.1324867,-7.5319673,41.245824,-8.374841,142743,MISMATCH,
4452,"Jardim de Infância da Associação Nossa Senhora da Esperança - Infantário "" O Amiguinho""",40.3566571,-7.3531553,41.641796,-8.69706,182040,MISMATCH,
4455,Equip. Soc. do Movimento de Apoio e Solidariedade Colectiva ao Ladoeiro,39.8390457,-7.2619979,40.004491,-6.918079,34621,MISMATCH,
11178,Casa Menino Jesus,40.2803357,-7.5005527,40.402436,-7.539098,13964,MISMATCH,
12321,Centro Social Jesus Maria José - Covilhã,,,40.20972222222,-7.5258333333,,CS_ONLY,
19182,Jardim de Infância o Cordeirinho - SCM Belmonte,40.3574775,-7.3497072,40.35736,-7.349908,21,MATCH,
19205,Equip. Soc. da Misericórdia de Penamacor,40.1678853,-7.1687959,38.020085,-7.866105,246287,MISMATCH,
19210,CACFF - Centro Assistencial Cultural e Formativo do Fundão,40.1428131,-7.503067,40.140878,-7.505016,272,MINOR,
26419,Creche Olival do Paço,39.826987,-7.4950834,,,,NO_CS_COORDS,
28620,Creche Saudável,40.265928,-7.4924276,40.266144,-7.492287,27,MATCH,
29014,Centro Infantil Alberto Trindade (Antigo Centro Infantil de Castelo Branco I),39.8219325,-7.4845419,39.820718,-7.48586,176,MINOR,
29015,Centro Infantil Jacqueline Albert (Antigo Centro Infantil de Castelo Branco II),39.819891,-7.4998377,39.82007,-7.500071,28,MATCH,
34098,Creche em Amor,39.8250853,-7.5072142,39.825287,-7.507112,24,MATCH,
36545,Centro Infantil do Lar Major Rato,39.9157161,-7.4573809,39.910062,-7.456848,630,MISMATCH,
39046,Creche em Amor - Granja Park,39.8193718,-7.5093356,,,,NO_CS_COORDS,
39130,Creche Saudável II,40.2962369,-7.4733042,,,,NO_CS_COORDS,
29558,Conservatório Regional de Música da Covilhã,40.2643519,-7.5027917,40.26566,-7.496794,529,MISMATCH,
30022,Jardim de Infância de Canhoso,40.2975572,-7.4790465,,,,NO_CS_COORDS,
30085,Escola Básica Centro Educativo de Belmonte,40.361544,-7.3474923,40.362228,-7.348217,98,MATCH,
30139,Jardim de Infância de Escalos de Cima,39.9278719,-7.4013966,,,,NO_CS_COORDS,
30141,Jardim de Infância de Póvoa de Rio de Moinhos,39.941607,-7.5040835,39.937686,-7.502808,449,MINOR,
30161,Jardim de Infância de Sarzedas,39.8428146,-7.6981753,,,,NO_CS_COORDS,
30162,Jardim de Infância de Quintas das Violetas,39.824325,-7.5038286,,,,NO_CS_COORDS,
30183,Escola Básica São Nuno de Santa Maria,39.8158803,-8.1847474,39.815794,-8.18492,18,MATCH,
30184,Jardim de Infância de Castelo,39.8443832,-8.1688529,,,,NO_CS_COORDS,
30207,Escola Básica de Fatela,40.1468844,-7.4364046,40.15952,-7.429434,1525,MISMATCH,
30290,Escola Básica de Malpica do Tejo,39.6836421,-7.3928754,39.683567,-7.393111,22,MATCH,
30291,Escola Básica de Escalos de Baixo,39.8863416,-7.3949917,39.884888,-7.396755,221,MINOR,
30292,Jardim de Infância de Boa Esperança,39.8278085,-7.4798733,,,,NO_CS_COORDS,
30293,Escola Básica de Valongo,39.8056211,-7.5022085,39.808266,-7.504355,347,MINOR,
30319,Jardim de Infância de Teixoso,40.3154658,-7.4565685,,,,NO_CS_COORDS,
30320,Escola Básica de Vale Formoso,41.1654119,-8.6111227,40.374473,-7.380524,135918,MISMATCH,
30321,Escola Básica de Orjais,40.3402764,-7.4086718,,,,NO_CS_COORDS,
30322,Jardim de Infância de Verdelhos,40.3750989,-7.4684384,,,,NO_CS_COORDS,
30369,Jardim de Infância de Peraboa,40.2573705,-7.3875563,,,,NO_CS_COORDS,
30370,Jardim de Infância de Rodrigo,40.2819739,-7.4986058,,,,NO_CS_COORDS,
30371,Escola Básica de Refúgio,40.2665268,-7.5084236,40.265829,-7.507579,106,MINOR,
30372,Escola Básica a Lã e a Neve,40.2817292,-7.5125768,,,,NO_CS_COORDS,
30373,Escola Básica de Santo António,38.712558,-9.2322437,,,,NO_CS_COORDS,
30500,Jardim de Infância de Alpedrinha,40.1012114,-7.4659162,,,,NO_CS_COORDS,
30501,Jardim de Infância de Fundão,40.1370802,-7.5039351,,,,NO_CS_COORDS,
30502,Jardim de Infância de Aldeia de Joanes,40.1354854,-7.5135847,,,,NO_CS_COORDS,
30503,Escola Básica de Castelejo,40.1203858,-7.5779863,40.122607,-7.577454,251,MINOR,
30504,Escola Básica de Souto da Casa,40.1220795,-7.5392828,40.122006,-7.540183,77,MATCH,
30505,Escola Básica de Janeiro de Cima,40.0684861,-7.8010235,40.068573,-7.801015,10,MATCH,
30506,"Jardim de Infância a Joaninha, Silvares, Fundão",40.135213,-7.513838,,,,NO_CS_COORDS,
30507,Jardim de Infância de Soalheira,40.0313899,-7.4861208,,,,NO_CS_COORDS,
30508,Escola Básica de Atalaias,40.0552689,-7.437578,,,,NO_CS_COORDS,
30509,Escola Básica de Vale de Prazeres,40.1115985,-7.4280772,40.112728,-7.428073,126,MINOR,
30700,"Jardim de Infância de Peso, Covilhã",40.1960155,-7.5605567,,,,NO_CS_COORDS,
30701,Jardim de Infância os Loureiros,40.2384022,-7.5251491,,,,NO_CS_COORDS,
30702,Escola Básica de Cortes,40.2500148,-7.5840249,40.253198,-7.581025,436,MINOR,
30703,"Jardim de Infância de Vales do Rio, Covilhã",40.2010611,-7.5424616,,,,NO_CS_COORDS,
30705,Escola Básica N.º 1 de Paúl,40.1980989,-7.6388276,40.192494,-7.638139,626,MISMATCH,
30706,"Jardim de Infância Ovo Mágico, Tortosendo",40.2317642,-7.5309897,,,,NO_CS_COORDS,
30740,Escola Básica de Ladoeiro,39.833454,-7.2608154,39.836489,-7.261843,349,MINOR,
30741,Jardim de Infância de Termas de Monfortinho,39.9911548,-6.8811438,39.991455,-6.881255,35,MATCH,
30742,Jardim de Infância de Monsanto,40.0573944,-7.1077648,,,,NO_CS_COORDS,
30743,Jardim de Infância de São Miguel de Acha,39.9273201,-7.2409852,,,,NO_CS_COORDS,
31093,Escola Básica de Sobreira Formosa,39.7692353,-7.8501401,39.774474,-7.854342,684,MISMATCH,
32040,Jardim de Infância dos Penedos Altos,40.2882365,-7.5028129,40.286704,-7.501278,214,MINOR,
32055,Jardim de Infância de Cantar Galo,40.2989854,-7.4947061,40.29897,-7.494615,8,MATCH,
32056,Jardim de Infância de Vila do Carvalho,40.3082455,-7.4910025,40.308312,-7.490988,7,MATCH,
32061,Jardim de Infância de Capinha,40.2009853,-7.3750519,,,,NO_CS_COORDS,
32084,Jardim de Infância de Pêro Viseu,40.2087345,-7.4460828,40.208658,-7.445955,14,MATCH,
32206,Jardim de Infância do Salgueiro Campo,39.8885487,-7.5792069,,,,NO_CS_COORDS,
32227,Jardim de Infância do Castelo,39.826901,-7.4943493,,,,NO_CS_COORDS,
32267,Escola Básica de Proença-A-Nova,39.7505413,-7.9210593,39.750667,-7.921,15,MATCH,
33449,Escola Básica de Alcains,39.9100345,-7.4571256,39.91018,-7.456652,44,MATCH,
33450,Jardim de Infância de Tinalhas,39.949229,-7.528695,,,,NO_CS_COORDS,
33451,Jardim de Infância de Lardosa,39.9879156,-7.4418855,39.988698,-7.443094,135,MINOR,
33484,Escola Básica Integrada de São Vicente da Beira,40.0361398,-7.5604432,40.034742,-7.5681,670,MISMATCH,
34377,Centro Escolar de Caria,38.7517942,-9.2985742,,,,NO_CS_COORDS,
34576,Escola Cidade de Castelo Branco,39.8213443,-7.4758044,,,,NO_CS_COORDS,
34577,Escola Básica de Cebolais de Cima e Retaxo,39.7498024,-7.5670252,,,,NO_CS_COORDS,
34982,"Escola Básica de Cumeada,",39.7716726,-8.1146822,,,,NO_CS_COORDS,
34983,"Jardim de Infância de Cabeçudo,",39.8277228,-8.1409204,,,,NO_CS_COORDS,
34984,Jardim de Infância de Porto do Tejo,39.6555748,-7.6681823,,,,NO_CS_COORDS,
34985,Escola Básica de Telhado,40.161621,-7.5615826,,,,NO_CS_COORDS,
34986,Escola Básica de Barroca Grande,40.1536589,-7.7454503,,,,NO_CS_COORDS,
34987,Escola Básica de Dominguizo,40.2096686,-7.5306571,,,,NO_CS_COORDS,
34989,Escola Básica de Idanha-A-Nova,39.9236407,-7.2391405,,,,NO_CS_COORDS,
34990,Escola Básica de Orvalho,40.0246074,-7.790321,,,,NO_CS_COORDS,
34991,Escola Básica de Estreito,39.9529547,-7.8085325,,,,NO_CS_COORDS,
34996,"Jardim de Infância de Pedrógão Pequeno,",39.8936257,-8.1259704,,,,NO_CS_COORDS,
34998,Jardim de Infância de Sertã,39.8106431,-8.0985714,,,,NO_CS_COORDS,
34999,Escola Básica de Várzea dos Cavaleiros,39.7904074,-8.0228331,,,,NO_CS_COORDS,
35000,Escola Básica de São Silvestre,40.2786657,-7.5051393,,,,NO_CS_COORDS,
35001,Escola Básica de Boidobra,40.2529394,-7.4935331,,,,NO_CS_COORDS,
35002,Escola Básica de Penamacor,40.1683185,-7.1731726,,,,NO_CS_COORDS,
35003,Escola Básica de Zebreira,39.8444651,-7.0692034,,,,NO_CS_COORDS,
35004,Escola Básica de Penha Garcia,40.0408351,-7.0142502,,,,NO_CS_COORDS,
35005,Escola Básica de Oleiros,41.6140173,-8.5009722,,,,NO_CS_COORDS,
35006,Jardim de Infância de Vila de Rei,39.6790342,-8.1456895,,,,NO_CS_COORDS,
36832,Gabinete de Apoio Social do Município de Belmonte,40.358638,-7.3512585,,,,NO_CS_COORDS,
37275,Escola Básica da Quinta da Granja,39.8180623,-7.5022985,,,,NO_CS_COORDS,
37604,Escola Básica de Unhais da Serra,40.2579002,-7.6240539,,,,NO_CS_COORDS,
39199,Escola Básica de Alcaria,40.2025796,-7.5163327,,,,NO_CS_COORDS,
2806,Casa da Criança D. Elsa Sotto Mayor,40.1184226,-8.4957164,40.120406,-8.494453,245,MINOR,
2812,Centro de Solidariedade Social do Paião,40.0694322,-8.8074175,40.069564,-8.806995,39,MATCH,
2814,Centro Social Vela Azul,40.2652317,-8.7715304,40.288021,-8.840872,6405,MISMATCH,
2816,Equip. Soc. Centro Paroquial de Solidariedade Social de Buarcos,40.1656415,-8.8798856,40.165111,-8.878823,108,MINOR,
2818,Centro Social da Cova e Gala - Equip. da Morraceira,40.1315859,-8.8572778,40.139178,-8.843662,1433,MISMATCH,
2826,Equip. Soc. Centro Social e Paroquial de Meãs do Campo,40.2130437,-8.6315301,40.216637,-8.632554,409,MINOR,
2831,"Equip. Soc. Associação de Desenvolvimento, Progresso e Vida da Tocha",40.2890621,-8.7584593,40.29249,-8.753392,574,MISMATCH,
2832,Equip. Soc. Centro Social Comunitário da Varziela,40.2771307,-8.7279787,40.372455,-8.006349,62087,MISMATCH,
2834,Equip. Soc. Prodeco - Progresso e Desenvolvimento de Covões,40.4343529,-8.6105555,40.434276,-8.610609,10,MATCH,
2836,Gira Sol- Associação de Desenvolvimento de Febres,40.3979596,-8.6394176,40.400298,-8.629863,850,MISMATCH,
2847,Equip. Soc. Obra Dona Josefina da Fonseca de Protecção à Criança e Formação Doméstica,40.3594095,-7.8641138,40.359158,-7.863971,30,MATCH,
2849,Centro Paroquial de Solidariedade Social da Freguesia de Serpins,40.1568631,-8.2012624,41.974933,-8.707051,206558,MISMATCH,
2850,Santa Casa da Misericórdia da Lousã,40.1109597,-8.245071,40.110823,-8.245375,30,MATCH,
2851,Fundação Maria Luísa Ruas - Sede,40.0826554,-8.6590969,40.082716,-8.658776,28,MATCH,
2853,Creche da Santa Casa da Misericórdia de Penacova,40.2443996,-8.346354,40.303674,-8.144548,18346,MISMATCH,
2854,Equip. Soc. Associação de Solidariedade Social de Dornelas do Zêzere,40.1025658,-7.7456065,40.102747,-7.745824,27,MATCH,
2858,Equip. Soc. Centro Social de Alfarelos,40.1509815,-8.6515238,40.151758,-8.649961,158,MINOR,
2864,Creche e Jardim de Infância Dandelio,40.2013713,-8.3979134,40.201492,-8.397901,13,MATCH,
2866,Centro Social São Teotónio,40.2003928,-8.4202467,40.201895,-8.414003,556,MISMATCH,
2878,Creche e Erpi do Centro de Apoio Social de Souselas,40.2866472,-8.4234014,40.202737,-8.396022,9615,MISMATCH,
2880,Centro Social de Torres do Mondego,40.1977342,-8.3792861,40.19702,-8.379199,80,MATCH,
2883,Centro Nossa Senhora da Anunciação,40.2028995,-8.4133314,40.202713,-8.413501,25,MATCH,
2891,Equip. do Centro Social de São João,40.2116365,-8.4726037,40.35,-8.47,15387,MISMATCH,
2893,Centro Social Paroquial de Trouxemil,40.2743113,-8.4528572,40.27556,-8.452836,139,MINOR,
2895,Equip. Soc. Centro Paroquial de Bem Estar Social de Almalaguês,40.1649897,-8.4513549,40.150106,-8.331638,10308,MISMATCH,
2897,Equip. Soc. Centro Social Paroquial de Sarzedo,40.2409471,-8.0734778,40.241213,-8.069333,353,MINOR,
2898,Centro Social Paroquial Coja - Estrutura Residencial para Pessoas Idosas I,40.2673435,-7.9853414,40.267946,-7.98562,71,MATCH,
2902,Equip. Soc. Centro Social Nossa Senhora da Alegria,40.1692904,-8.4589171,40.256374,-7.938739,45219,MISMATCH,
2903,Equip. Soc. Centro Sócio Cultural da Paróquia de Nossa Senhora de Lurdes,40.2114653,-8.4187304,40.211619,-8.417831,78,MATCH,
2906,Centro de Estimulação Precoce de Fontela,40.1449476,-8.8169823,40.144671,-8.817143,34,MATCH,
2908,Casa da Criança Maria Granado,40.2150735,-8.4630202,40.215013888,-8.463,7,MATCH,
2913,Casa da Criança Joaquina Barreto Rosa,40.217451,-8.0592823,40.217688888,-8.056211111,262,MINOR,
2925,Equip. Soc. Santa Casa da Misericórdia de Cantanhede,40.3437422,-8.5913335,40.343621,-8.591102,24,MATCH,
2926,Centro Infante Dom Pedro - Creche,40.2207021,-8.5754551,40.223482,-8.58515,879,MISMATCH,
2928,Creche da AFMP - Cantinho das Cegonhas,40.1776993,-8.6798413,41.178875,-8.309807,115616,MISMATCH,
2930,Creche de Montemor-O-Velho - Centro Ilda Moreno,40.1710499,-8.6860542,41.130504,-8.635456,106772,MISMATCH,
2940,Centro Social Comunitário N.ª S.ª dos Milagres,40.1374653,-8.4700366,41.114457,-8.572396,108979,MISMATCH,
2943,Centro Social de São Pedro,40.2307718,-8.4292162,40.226262,-8.432327,567,MISMATCH,
2946,Creche e Jardim de Infância Nossa Senhora de Fátima (Coimbra),40.2469309,-8.4424413,40.410446,-8.572682,21271,MISMATCH,
2949,Centro Social Nossa Senhora da Conceição,40.1592517,-8.4298961,38.208479,-7.226762,240422,MISMATCH,
2952,Centro Cultural e Infantil o Paraíso da Criança,40.2484342,-8.4170486,40.24892,-8.417107,54,MATCH,
2953,Equip. Soc. do Centro Social Polivalente de Palheira,40.1635172,-8.4477671,40.211426,-8.429891,5539,MISMATCH,
2955,Equip. do Centro Paroquial de Solidariedade Social de Ribeira de Frades,40.1931612,-8.4902109,40.19887,-8.491147,640,MISMATCH,
2957,Equip. Soc. do Centro Social de Castelo de Viegas,40.1609965,-8.4058177,40.191313,-8.417811,3522,MISMATCH,
2959,Centro de Bem Estar Infantil do Movimento de Casais de Santa Maria,40.1987222,-8.4010045,40.198109,-8.401236,71,MATCH,
2962,Equip. do Centro de Bem-Estar Social da Sagrada Família,40.2174782,-8.4307983,40.216932,-8.430546,64,MATCH,
2964,Centro de Bem-Estar Infantil do Seixo de Mira,40.4682819,-8.721933,40.468248,-8.721898,5,MATCH,
2965,Equip. Soc. do Centro de Bem-Estar Infantil de Santo André,40.2081428,-8.2541155,40.210818,-8.257433,410,MINOR,
2969,Casa da Criança Sarah Beirão,40.3824233,-7.8845877,40.385876,-7.88603,403,MINOR,
2976,Jardim Escola João de Deus de Alhadas,40.1926037,-8.7932586,40.192594,-8.794128,74,MATCH,
2984,Casa de São Pedro,40.1594257,-8.8693266,40.161279,-8.870406,226,MINOR,
2991,Equip. Soc. do Conselho de Moradores de Borda do Campo,40.0585136,-8.7535987,,,,NO_CS_COORDS,
4405,Equip. Soc. do Centro Social Paroquial de Cadima,40.3107665,-8.6490294,39.594612,-8.854417,81534,MISMATCH,
4410,Fundação Aurélio Amaro Diniz,40.3584337,-7.8560713,40.384176,-7.814646,4529,MISMATCH,
4441,Casa da Criança de Mira,40.4295635,-8.7375885,40.429328,-8.737384,31,MATCH,
4530,Creche da Casa do Povo de Quiaios,40.2173142,-8.8534088,40.218711,-8.857126,352,MINOR,
4533,Equip. Soc. da Comissão de Melhoramentos do Corticeiro de Cima,40.4287277,-8.6734721,,,,NO_CS_COORDS,
4551,Equip. Soc. da Associação para o Desenvolvimento Social e Cultural de Santana,40.2168228,-8.7457606,,,,NO_CS_COORDS,
4552,Associação de Solidariedade Social de Carapelhos e Corticeiro de Baixo,40.4344963,-8.6867299,40.43453,-8.686774,5,MATCH,
4554,Centro Social Polivalente da Freguesia de Murtede,40.3576413,-8.5045959,40.355341,-8.503448,274,MINOR,
4559,Obra de Eugénia Garcia Monteiro de Brito,40.3969848,-7.8639127,,,,NO_CS_COORDS,
4568,Equip. Soc. da Associação Cultural Recreativa e Social de Samuel,40.0882492,-8.7097966,40.08833333,-8.709638888,16,MATCH,
4570,Equip. Soc. do Centro Social de Aldeia das Dez,40.2924395,-7.8654647,40.294029,-7.86354,241,MINOR,
4574,Creche e Jardim de Infância de São Miguel,40.2344487,-8.4323043,40.014835,-8.412873,24476,MISMATCH,
4587,"Jardim de Infância ""A Previdência Portuguesa""",40.1971859,-8.4172041,40.070381,-8.302325,17152,MISMATCH,
4596,Casa da Criança do Centro Social Paroquial de Lorvão,40.2612646,-8.3164125,40.261752,-8.316288,55,MATCH,
4598,Equip. Soc. do Centro Social Paroquial de Seixo da Beira,40.45728,-7.84744,40.457279,-7.847484,4,MATCH,
5601,Equip. Soc. I da Misericórdia de Pampilhosa da Serra,40.0455712,-7.949317,40.04569,-7.947948,117,MINOR,
5603,Fundação ADFP - Centro Social Comunitário Dr. Jaime Ramos,40.0922879,-8.3295178,,,,NO_CS_COORDS,
5607,Equipamento Social Centro Social Rocha Barros,40.1584395,-8.1090024,40.155739,-8.109938,311,MINOR,
5623,Casa da Criança São Julião,40.155251,-8.8621223,40.1552,-8.86228611111,15,MATCH,
12157,Casa da Criança Maria Leonor Anjos Diniz,40.217112,-8.6520739,40.2171138888,-8.65203611111,3,MATCH,
12160,Equip. da Casa do Povo de Azarede,40.2800678,-8.6527693,,,,NO_CS_COORDS,
12164,Equip. da Fundação Pires Negrão,40.34014,-8.604437,40.340956,-8.604377,91,MATCH,
12170,Equip. Social do Centro de Assistência Paroquial da Granja do Ulmeiro,40.1570996,-8.6347642,40.158522,-8.635056,160,MINOR,
12195,Creche Anip,40.2127452,-8.4147538,39.315939,-9.0218,112411,MISMATCH,
12197,Equip. Social do Centro Soc. e Recreativo de Quimbres,40.2219853,-8.546281,40.022578,-8.796846,30750,MISMATCH,
12202,Casa do Povo Mouronho,40.2790646,-8.0422233,40.282319,-8.043298,373,MINOR,
12218,Complexo da Casa São João de Deus,40.3242288,-7.8869591,40.325033,-7.887108,90,MATCH,
12219,Equip. Social do Centro de Recreio e Convívio Alvoco das Várzeas,40.3052542,-7.836941,40.305484,-7.836866,26,MATCH,
12222,Santa Casa Misericórdia de Tábua,40.3604674,-8.03375,40.360386,-8.034271,45,MATCH,
17126,Santa Casa da Misericórdia de Semide,40.1580608,-8.3368494,40.1618706,-8.3352584,445,MINOR,
17280,Lar de Cortes,39.9855398,-8.1062248,39.98938,-8.105841,428,MINOR,
17578,Equip. da Fundação Mário da Cunha Brito,40.3024008,-8.1657523,40.302516,-8.165819,14,MATCH,
17611,Equipamento do Centro Social Paroquial de Lavos,40.0708377,-8.8215781,40.09067,-8.874919,5046,MISMATCH,
17670,"""Casinha da Pequenada"" - Creche",40.1521398,-8.857583,,,,NO_CS_COORDS,
17675,"Equipamento do Centro de Solidariedade Social ""O Pátio""",40.2118745,-8.4281063,40.211491,-8.4292014,102,MINOR,
17681,Pézinhos de Lã - Creche da Misericórdia de Condeixa,40.1100101,-8.5006275,40.114545,-8.500136,506,MISMATCH,
17686,Centro de Solidariedade Social da Adémia,40.2530977,-8.4447281,40.251298,-8.450165,503,MISMATCH,
17706,Centro de Bem Estar Social da Freguesia de Figueira de Lorvão,40.2830057,-8.3273698,40.283263,-8.328149,72,MATCH,
18367,Equip. Social do Centro Social e Polivalente de Ourentã,40.3602771,-8.5518022,40.436173,-8.226928,28776,MISMATCH,
18403,"Creche e Jardim de Infância - Pintainhos D'ouro, Lda.",40.1064796,-8.4908068,40.109811,-8.494503,486,MINOR,
19827,Equip Soc 2 - Associação Cultural e Desportiva e de Solidariedade da Freguesia de Vinha da Rainha,40.0607873,-8.725481,40.06077,-8.725374,9,MATCH,
19832,"Associação Social, Cultural e Recreativa de S.paulo de Frades",40.2459834,-8.3978602,40.269353,-8.429416,3731,MISMATCH,
20829,Ensijovem - Associação de Solidariedade Social,40.2722501,-8.5155616,40.272319,-8.515585,8,MATCH,
21501,Equip. da Fundação Beatriz Santos,40.2357689,-8.4165478,,,,NO_CS_COORDS,
21633,"Creche, Jardim de Infância - O Ninho da Luz",40.17973,-8.6093264,40.18076,-8.609027,117,MINOR,
22533,Aldeia dos Pimpolhos,40.1228132,-8.2377187,41.7924513,-8.5682631,187718,MISMATCH,
22535,Fraldas e Fraldinhas,40.2104154,-8.4110826,40.210234,-8.411499,41,MATCH,
22536,Associação de Jardins-Escola João de Deus - Estab. 2 - Figueira da Foz,40.1550696,-8.864443,40.156352,-8.864256,143,MINOR,
22540,Centro Infantil de Coimbra,40.204048,-8.4168439,40.204295,-8.416919,28,MATCH,
23325,"Creche ""Augusto Neves""",40.0273745,-8.389634,40.027392,-8.389638,2,MATCH,
24060,Centro Social Bem-Querer da Brenha,40.1583029,-8.8355695,40.1898907,-8.8244635,3637,MISMATCH,
24216,Casa da Criança de Penela,40.0287791,-8.3904161,41.551347,-8.42802,169331,MISMATCH,
24557,Colégio Bom Jesus,40.1424378,-8.4717915,,,,NO_CS_COORDS,
24561,Os Pimentinhas,40.2026076,-8.4617391,40.202655,-8.461181,48,MATCH,
24581,Edifício António Biscaia,40.1525337,-8.856629,,,,NO_CS_COORDS,
24720,Universo Imaginário,40.1923202,-8.4060817,40.192693,-8.405887,45,MATCH,
24771,Creche e Jardim de Infância Passo a Passo,40.2102388,-8.4024164,,,,NO_CS_COORDS,
25552,Creche de Ceira,40.1719807,-8.3906317,40.172183,-8.390518,24,MATCH,
25772,Creche Margarida Brandão,40.2147202,-8.3957927,40.215714,-8.396822,141,MINOR,
25829,Centro Sócio-Cultural Polivalente de S. Martinho,40.2029747,-8.4599229,40.202697,-8.461053,101,MINOR,
26440,Lar da Saibreira,40.0584111,-8.6353146,40.05905,-8.633447,174,MINOR,
26958,Creche Tico e Teca,40.0344152,-8.821834,40.031678,-8.825208,419,MINOR,
28278,Creche Morangos Coimbra,40.2131673,-8.4144602,40.213119,-8.414499,6,MATCH,
28281,Cantinho dos Sonhos,40.118664,-8.2499425,,,,NO_CS_COORDS,
28301,O Cocas,40.1489009,-8.8351427,40.157905,-8.824679,1339,MISMATCH,
29382,Compasso,40.2487583,-8.4166635,,,,NO_CS_COORDS,
29392,Creche e Jardim de Infância da Casa do Pessoal dos Huc - O Caracol,39.39987,-8.224454,40.220792,-8.412687,92687,MISMATCH,
32934,Aquarium Project,40.2103669,-8.3960748,40.210575,-8.396194,25,MATCH,
33036,Escolinha Encantada - Infantário,40.1997763,-8.4141277,40.199724,-8.414287,15,MATCH,
33735,Centro Intergeracional Mondego,40.2021705,-8.4814817,40.202788,-8.481922,78,MATCH,
33818,"Xica Larica, Lda",40.2098078,-8.4561847,40.209643,-8.455998,24,MATCH,
35723,Edifício Arco-Íris,40.2016971,-8.4404658,40.211704,-8.420412,2034,MISMATCH,
36981,Associação Jardim Milsorrisos,40.2405241,-8.364652,,,,NO_CS_COORDS,
37406,St. Paul's School - Creche,40.198807,-8.4722729,,,,NO_CS_COORDS,
38831,Equipamento Social Nossa Senhora da Conceição,40.1574265,-8.5976735,,,,NO_CS_COORDS,
2817,Centro Social da Cova e Gala,40.1521805,-8.8536872,40.130678,-8.857433,2412,MISMATCH,
2911,Equip. Soc. Centro Social e Cultural 25 de Abril,40.212611,-8.430103,40.212492,-8.430343,24,MATCH,
2922,CATL de Liceia,40.2711838,-8.7308991,,,,NO_CS_COORDS,
4417,Adic - Associação de Defesa do Idoso e da Criança - Vilarinho,40.1254712,-8.2155469,40.124356,-8.214477,154,MINOR,
5610,Casa da Criança de Soure,40.0577921,-8.6335065,40.140103,-8.604168,9487,MISMATCH,
17719,Adip- Associação de Desenvolvimento Integrado de Poiares,40.2104287,-8.2344964,,,,NO_CS_COORDS,
17850,Mondego-Associação de Intervenção Social,40.2103374,-8.4023406,40.21025,-8.40235,10,MATCH,
17959,Colégio Beija-Flor,40.2487564,-8.4196464,40.285201,-8.421436,4055,MISMATCH,
18144,Goltz de Carvalho - Sede,40.1650975,-8.8754969,40.16493,-8.875523,19,MATCH,
29390,Casa da Criança Rainha Stª Isabel,40.2022317,-8.4339506,40.2013777777,-8.4340583333,95,MATCH,
29391,Jardim Infantil de Gatões - Associação Fernão Mendes Pinto,40.1776993,-8.6798413,,,,NO_CS_COORDS,
29491,Externato Menino Jesus,40.2131985,-8.4197838,40.213508,-8.419891,36,MATCH,
29531,Conservatório de Música David de Sousa,40.1485434,-8.8625147,40.148504,-8.862381,12,MATCH,
29788,Jardim de Infância dos Serviços de Ação Social da Universidade de Coimbra,40.2075183,-8.4139775,40.20738,-8.414176,23,MATCH,
30023,Jardim de Infância de Tromelgo,40.1682325,-8.8722713,,,,NO_CS_COORDS,
30024,Jardim de Infância de Ferreira-A-Nova,40.1505485,-8.8520518,,,,NO_CS_COORDS,
30025,"Jardim de Infância de Ribas, Moinhos da Gândara",40.1682325,-8.8722713,,,,NO_CS_COORDS,
30027,Jardim de Infância de Cova da Serpe,40.2117287,-8.8210093,,,,NO_CS_COORDS,
30030,Jardim de Infância de Maiorca,40.1528034,-8.8550255,,,,NO_CS_COORDS,
30031,Escola Básica de Vila Nova do Ceira,40.1804815,-8.150132,,,,NO_CS_COORDS,
30032,Jardim de Infância de Marinha das Ondas,40.1907459,-8.86431,,,,NO_CS_COORDS,
30033,Jardim de Infância de Regalheiras,40.0863726,-8.834713,,,,NO_CS_COORDS,
30034,Jardim de Infância de Alqueidão,40.0956127,-8.7720847,40.095969,-8.772139,40,MATCH,
30051,Jardim de Infância de Ázere,40.3453215,-8.0922605,,,,NO_CS_COORDS,
30052,Jardim de Infância de Mouronho,40.2832005,-8.0452586,,,,NO_CS_COORDS,
30053,Jardim de Infância de Espariz,40.3091286,-8.0378713,,,,NO_CS_COORDS,
30055,Jardim de Infância de Midões,40.3849695,-7.9543841,,,,NO_CS_COORDS,
30056,Jardim de Infância de Candosa,40.3449973,-7.9719662,,,,NO_CS_COORDS,
30057,Jardim de Infância de Sinde,40.3251055,-8.0513517,,,,NO_CS_COORDS,
30058,Jardim de Infância de Póvoa de Midões,40.3895834,-7.9727585,,,,NO_CS_COORDS,
30059,Jardim de Infância de Tábua,40.3616974,-8.0267165,,,,NO_CS_COORDS,
30061,Jardim de Infância de Covas,40.3471682,-7.9320129,,,,NO_CS_COORDS,
30063,Jardim de Infância de Ceira,39.7555924,-8.7970984,,,,NO_CS_COORDS,
30098,Jardim de Infância de Solum-Sul,40.2019471,-8.4035853,,,,NO_CS_COORDS,
30099,Escola Básica N.º 3 de Condeixa-A-Nova,40.1113329,-8.500294,,,,NO_CS_COORDS,
30158,Jardim de Infância de Murtede,40.3621499,-8.5055119,,,,NO_CS_COORDS,
30159,Jardim de Infância de Sepins,40.3845424,-8.5012028,,,,NO_CS_COORDS,
30323,Escola Básica de Montemor-O-Velho,40.1810494,-8.6725239,40.181291,-8.674479,168,MINOR,
30324,Escola Básica de Pereira,40.177627,-8.585043,40.177643,-8.585032,2,MATCH,
30325,Jardim de Infância de Carapinheira,40.212541,-8.6494675,40.22678,-8.653196,1615,MISMATCH,
30326,Jardim de Infância de Meãs,40.2101615,-8.6313621,,,,NO_CS_COORDS,
30423,Jardim de Infância de Lentisqueira,40.4011995,-8.6981279,,,,NO_CS_COORDS,
30424,Jardim de Infância de Mira,40.4286237,-8.7392501,,,,NO_CS_COORDS,
30496,Jardim de Infância de Olivais,40.2212232,-8.4074124,,,,NO_CS_COORDS,
30717,Jardim de Infância de Miranda do Corvo,40.0936682,-8.3351771,,,,NO_CS_COORDS,
30719,Escola Básica de Moinhos,40.1172396,-8.3551384,,,,NO_CS_COORDS,
30720,Jardim de Infância de Casais de S. Clemente,40.09459,-8.3817201,,,,NO_CS_COORDS,
31032,Jardim de Infância de Sanguinheira,40.3166852,-8.7044162,40.319608,-8.703077,344,MINOR,
31221,Jardim de Infância de Lousã,40.1106522,-8.2436702,40.11008,-8.241217,218,MINOR,
31307,"EB1 e Jardim de Infância de Vilamar, Cantanhede",,,40.418699,-8.661962,,CS_ONLY,
31308,EB1 e Jardim de Infância de São Caetano,40.3809251,-8.679394,40.381028,-8.679386,11,MATCH,
31309,Jardim de Infância do Corticeiro de Cima,40.4276446,-8.6787417,,,,NO_CS_COORDS,
31663,Escola Básica de Seixo,40.329017,-8.311314,40.340631,-8.299015,1660,MISMATCH,
31664,Escola Básica Joaquim Oliveira Marques,40.288105,-8.3217108,,,,NO_CS_COORDS,
31665,Jardim de Infância de Miro,40.2888667,-8.2511139,40.287586,-8.247717,321,MINOR,
31666,Jardim de Infância de Espinheira,40.3143401,-8.3368347,,,,NO_CS_COORDS,
31667,Centro Escolar de Lorvão,40.2595575,-8.3134911,40.259466,-8.313355,15,MATCH,
31668,Jardim de Infância de São Mamede,40.2522973,-8.3215855,,,,NO_CS_COORDS,
31669,Jardim de Infância de São Pedro de Alva,40.3038323,-8.1656284,,,,NO_CS_COORDS,
31670,Jardim de Infância de Penacova,40.2725174,-8.2847674,40.272629,-8.284777,12,MATCH,
31748,Escola Básica do 1ºceb/Jardim-De-Infância de Coja,40.2682631,-7.9866829,40.2690535,-7.9867601,88,MATCH,
31749,Escola Básica do 1ºceb/Jardim-De-Infância de S. Martinho da Cortiça,40.2718525,-8.1487748,,,,NO_CS_COORDS,
31778,Jardim de Infância de Ameal,40.1873836,-8.5433652,,,,NO_CS_COORDS,
31779,Jardim de Infância de São Bento,40.1996895,-8.4830737,,,,NO_CS_COORDS,
31798,Jardim de Infância de Carvalhais de Baixo,40.1592341,-8.4295099,,,,NO_CS_COORDS,
31799,Jardim de Infância de São João do Campo,40.2360042,-8.5099956,40.238155,-8.510976,253,MINOR,
31800,Jardim de Infância de Andorinha,40.2717388,-8.5701755,,,,NO_CS_COORDS,
31813,Jardim de Infância de Travanca de Lagos,40.4012957,-7.9165548,40.382209,-7.884115,3472,MISMATCH,
31814,Escola Básica de Seixo da Beira,40.4582194,-7.84844,,,,NO_CS_COORDS,
31815,Jardim de Infância de Largo da Feira,40.3585068,-7.8555001,,,,NO_CS_COORDS,
31816,"Escola Básica de Lourosa, Oliveira do Hospital",40.3175766,-7.9306047,,,,NO_CS_COORDS,
31817,Jardim de Infância de Seixas da Beira,40.4605329,-7.873649,40.460333,-7.87641,235,MINOR,
31818,Jardim de Infância de Penalva de Alva,40.3352238,-7.8286368,40.333666,-7.832067,338,MINOR,
31820,Escola Básica de Nogueira do Cravo,40.3380549,-7.8809482,40.337062,-7.880604,114,MINOR,
31822,Jardim de Infância de Alvôco de Várzeas,40.3054895,-7.837008,40.305479,-7.837232,19,MATCH,
31823,Jardim de Infância de Vale Ferreiro,40.3501751,-7.8566318,,,,NO_CS_COORDS,
31893,Jardim Escola João de Deus N.º 1 - Figueira da Foz,40.1527609,-8.8570954,40.152845,-8.857833,63,MATCH,
31901,Jardim Escola João de Deus N.º 1,40.2036451,-8.4200489,40.204984,-8.419866,150,MINOR,
31902,Jardim Escola João de Deus N.º 2,40.2038829,-8.4061182,40.204384,-8.406265,57,MATCH,
31911,Colégio da Rainha Stª Isabel,40.2001437,-8.4216628,40.199811,-8.420768,85,MATCH,
31912,Colégio de São Teotónio,40.2003928,-8.4202467,40.200322,-8.420191,9,MATCH,
32016,Escola Básica de Degracias,40.0055085,-8.5219279,40.007225,-8.520686,218,MINOR,
32017,Escola Básica de Granja do Ulmeiro,40.1561537,-8.6362631,,,,NO_CS_COORDS,
32018,Escola Básica de Tapeus,40.0329316,-8.5409157,40.036274,-8.541119,372,MINOR,
32019,Escola Básica de Carapelhos com Jardim de Infância,40.4371201,-8.6900141,40.436238,-8.689757,100,MINOR,
32020,Escola Básica de Casal de S. Tomé com Jardim de Infância,40.4154269,-8.7514286,,,,NO_CS_COORDS,
32021,Escola Básica de Portomar com Jardim de Infância,40.4429997,-8.7292685,40.442839,-8.729024,27,MATCH,
32023,Escola Básica de Figueiró do Campo,40.1472406,-8.5767086,40.148666,-8.575642,183,MINOR,
32024,Escola Básica de Sobral,40.0267204,-8.6477199,40.03638,-8.642457,1164,MISMATCH,
32025,Escola Básica de Vinha da Rainha,40.0607873,-8.725481,40.060974,-8.724132,117,MINOR,
32026,Escola Básica de Praia de Mira com Jardim de Infância,40.4557065,-8.7943719,,,,NO_CS_COORDS,
32108,Jardim de Infância de Soure,40.0646812,-8.6268694,40.060266,-8.625355,508,MISMATCH,
32209,Jardim de Infância das Fontainhas,40.1251969,-8.2626631,,,,NO_CS_COORDS,
32210,Jardim de Infância de Serpins,40.1574642,-8.2009122,,,,NO_CS_COORDS,
32229,Jardim de Infância de Santa Rita,40.1101056,-8.2542865,,,,NO_CS_COORDS,
32230,Jardim de Infância do Freixo,40.1338902,-8.2476595,,,,NO_CS_COORDS,
32342,Jardim de Infância da Pocariça,40.3412668,-8.5924254,,,,NO_CS_COORDS,
32346,Jardim de Infância de Cantanhede,40.3436868,-8.5862183,40.350128,-8.585487,719,MISMATCH,
32348,Jardim de Infância de Ourentã,40.3599901,-8.5515014,,,,NO_CS_COORDS,
32363,Jardim de Infância de Cordinhã,40.3338802,-8.5315357,40.334446,-8.531714,65,MATCH,
32479,EB1 e Jardim de Infância de Febres,40.4019022,-8.6319261,,,,NO_CS_COORDS,
32684,Jardim de Infância de Espinho,40.0885144,-8.2913619,,,,NO_CS_COORDS,
32686,Escola Básica de Semide,40.1580608,-8.3368494,40.162056,-8.33904,482,MINOR,
32689,Escola Básica Professor Doutor Ferrer Correia,40.1587615,-8.345445,,,,NO_CS_COORDS,
32696,Jardim de Infância de Arrifana,40.9144528,-8.4955809,,,,NO_CS_COORDS,
32706,Jardim de Infância do Vidual,40.1286598,-8.3157972,,,,NO_CS_COORDS,
33098,Jardim de Infância da Solum,40.2049989,-8.4062968,,,,NO_CS_COORDS,
33115,Escola Básica Nº1 de Condeixa-A-Nova,40.1173169,-8.4947861,,,,NO_CS_COORDS,
33119,Jardim de Infância de Carvalhais,40.0714789,-8.8192402,,,,NO_CS_COORDS,
33120,Jardim de Infância de Santa Luzia,40.0947724,-8.8257311,,,,NO_CS_COORDS,
33121,Jardim de Infância de Leirosa,40.0569051,-8.8868125,,,,NO_CS_COORDS,
33137,Jardim de Infância de Costa de Lavos,40.0917767,-8.8736693,,,,NO_CS_COORDS,
33330,Escola Básica do 1ºceb/Jardim-De-Infância de Sarzedo,40.2396326,-8.0719784,40.24456271,-8.07178528,548,MISMATCH,
33331,Escola Básica do 1ºceb/Jardim-De-Infância de Pombeiro da Beira,40.2253543,-8.13861,40.22521652,-8.13874239,19,MATCH,
34657,Escola Básica de Meruge,40.3777655,-7.8431695,,,,NO_CS_COORDS,
34658,Escola Básica N.º 1 de Oliveira do Hospital,40.3604098,-7.8571079,,,,NO_CS_COORDS,
34675,Escola Básica de Cordinha,40.4263873,-7.8825348,,,,NO_CS_COORDS,
34677,Escola Básica de São Paio de Gramaços,40.3495673,-7.8398189,,,,NO_CS_COORDS,
34761,Jardim Infantil de S. Miguel - Centro Ass.paroq. de Santa Cruz,40.2334948,-8.4302435,,,,NO_CS_COORDS,
34992,Escola Básica de Góis,40.160592,-8.1100134,,,,NO_CS_COORDS,
34993,Escola Básica de Quinta das Flores,40.1964625,-8.405578,,,,NO_CS_COORDS,
34994,Escola Básica de Areeiro,40.1397366,-8.4538767,,,,NO_CS_COORDS,
35007,Jardim de Infância de Vila Verde,40.1493006,-8.8610644,,,,NO_CS_COORDS,
35009,Escola Básica de Souselas,40.285176,-8.4222974,,,,NO_CS_COORDS,
35010,Escola Básica de Trouxemil,40.2733784,-8.4496988,,,,NO_CS_COORDS,
35011,Escola Básica de Eiras,40.2504282,-8.4148908,,,,NO_CS_COORDS,
35012,Escola Básica de Loreto,40.231997,-8.4408044,,,,NO_CS_COORDS,
35013,Escola Básica de Montes Claros,40.215493,-8.4186852,,,,NO_CS_COORDS,
35016,Escola Básica de Santa Apolónia,40.2547591,-8.4344035,,,,NO_CS_COORDS,
35017,Escola Básica de Larçã,40.3195446,-8.3953033,,,,NO_CS_COORDS,
35018,Escola Básica de Brasfemes,40.2705656,-8.4034422,,,,NO_CS_COORDS,
35019,Escola Básica de Ingote,40.2342759,-8.4209127,,,,NO_CS_COORDS,
35020,Escola Básica da Gala,40.1318454,-8.8564257,,,,NO_CS_COORDS,
35021,Jardim de Infância de Caceira,40.1655452,-8.8096743,,,,NO_CS_COORDS,
35022,"Escola Básica e Secundária Escalada,",40.0442761,-7.9486147,,,,NO_CS_COORDS,
35023,Escola Básica da Cumeeira,39.9452205,-8.3808878,,,,NO_CS_COORDS,
35024,Escola Básica do Espinhal,40.0126943,-8.3514921,,,,NO_CS_COORDS,
35026,Escola Básica N.º 1 de Taveiro,40.203857,-8.5008168,,,,NO_CS_COORDS,
35027,Escola Básica de Póvoa,40.196509,-8.4553556,,,,NO_CS_COORDS,
35028,Escola Básica de Bairro Azul,40.2233515,-8.5336525,,,,NO_CS_COORDS,
35029,Escola Básica de São Martinho de Árvore,40.2175853,-8.5540892,,,,NO_CS_COORDS,
35035,Escola Básica S. Julião/Tavarede,40.166882,-8.8536565,,,,NO_CS_COORDS,
35036,Jardim de Infância Conde Ferreira,40.1527609,-8.8570954,,,,NO_CS_COORDS,
35039,EB/JI da Tocha,40.3139529,-8.7476027,,,,NO_CS_COORDS,
35040,Escola Básica Infante D. Pedro,40.0268204,-8.3873491,40.02554575,-8.38773193,145,MINOR,
35041,Escola Básica de Arzila,40.188514,-8.5551919,,,,NO_CS_COORDS,
35042,Escola Básica de Almas de Freire,40.200122,-8.4396499,,,,NO_CS_COORDS,
35043,Escola Básica de Antuzede,40.2547918,-8.4756614,,,,NO_CS_COORDS,
35044,Escola Básica de São Bartolomeu,40.2096544,-8.4318739,,,,NO_CS_COORDS,
35045,Escola Básica de Vila Verde,40.2337721,-8.5597836,,,,NO_CS_COORDS,
35046,Escola Básica de Almedina,40.2089494,-8.4286175,,,,NO_CS_COORDS,
36963,Centro Escolar Norton de Matos,40.207906,-8.411239,,,,NO_CS_COORDS,
37102,Escola Básica de Alvares,40.0159869,-8.0978854,,,,NO_CS_COORDS,
37117,Jardim Infantil do Centro Social e Paroquial de S. Martinho do Bispo,40.2112167,-8.4566328,,,,NO_CS_COORDS,
37119,Instituto Educativo de Lordemão,40.2342943,-8.4209672,,,,NO_CS_COORDS,
37120,St. Paul S School - Educação Pré-Escolar,40.2013212,-8.4724191,,,,NO_CS_COORDS,
37317,Escola Básica de Ribeira de Frades,40.2055733,-8.4917696,,,,NO_CS_COORDS,
37605,Escola Básica de Antanhol,40.1697893,-8.4600021,,,,NO_CS_COORDS,
37606,Escola Básica de Seixo,40.2377127,-8.688572,,,,NO_CS_COORDS,
37607,Escola Básica de Santana,40.2148252,-8.7418895,,,,NO_CS_COORDS,
37748,Escola Básica de Bom Sucesso,40.2906225,-8.774819,,,,NO_CS_COORDS,
37787,Escola EB1/JI de Casais do Campo,40.2056162,-8.4826301,,,,NO_CS_COORDS,
38237,Jardim de Infância de Regateiros,40.2647405,-8.7680857,,,,NO_CS_COORDS,
1076,Equip. Soc. Santa Casa Misericórdia de Mora,38.9434928,-8.166797,38.943695,-8.166377,43,MATCH,
1083,Equip. Soc. Santa Casa Misericórdia do Vimieiro,38.8340848,-7.8379248,41.104986,-8.620062,261158,MISMATCH,
1086,Jardim de Infância Centro Infantil Augusto Piteira,38.7191861,-7.9703653,38.718774,-7.970172,49,MATCH,
1090,Equip. Soc. Santa Casa Misericórdia de Arraiolos,38.725528,-7.984618,38.721122,-7.984488,490,MINOR,
1100,Jardim de Infância Centro Imaculado Coração de Maria,38.3318904,-8.003295,38.332547,-8.003226,73,MATCH,
1106,Jardim de Infância D.ana Angélica Silveira Santa Casa da Misericórdia de Borba,38.8063106,-7.4620713,38.80571,-7.463034,107,MINOR,
1110,Jardim de Infância os Amigos da Landeira,38.5951535,-8.6488419,38.594893,-8.649342,52,MATCH,
1112,"Creche, ATL ,Sad e Centro de Convívio da 3ª Idade Renascer de Bombel",38.6856042,-8.513489,39.665042,-8.988422,116348,MISMATCH,
1115,Jardim de Infância Associação Creche e Jardim Infância de Évora,38.5716353,-7.9038168,38.571733,-7.903944,16,MATCH,
1116,"Coopberço-Cooperativa de Solidariedade Social,CRL",38.574803,-7.9101656,38.574918,-7.909979,21,MATCH,
1117,Jardim Infantil Nossa Senhora da Piedade,38.5681616,-7.9085491,38.568108,-7.909121,50,MATCH,
1121,Jardim de Infância do Centro Social Paroquial do Ciborro,38.7935387,-8.2282138,38.800036,-8.22854,723,MISMATCH,
1127,Creche e Jardim de Infância Lar dos Pequeninos,38.6513693,-8.2113004,38.651151,-8.211063,32,MATCH,
1129,Centro Actividade Infantil de Évora,38.5721984,-7.9120792,38.572252,-7.911889,18,MATCH,
1130,O Casulo - Évora,38.5654697,-7.9287661,38.570864,-7.922249,825,MISMATCH,
1134,Centro Social Paroquial Santo António de Lavre,38.7745498,-8.3711009,38.774903,-8.370213,86,MATCH,
1135,Equip Soc da Associação de Solidariedade Social 25 de Abril de Vendas Novas,38.676133,-8.4696387,38.675972,-8.470504,77,MATCH,
1138,Obra Promoção Social Sagrada Família - Casa Sagrado Coração Jesus,38.6074983,-7.9153967,38.590084,-7.911663,1963,MISMATCH,
1142,Centro Infantil Irene Lisboa,38.570867,-7.9075001,38.715612,-9.139222,108177,MISMATCH,
1148,Associação Centro Infantil São Manços,38.4604863,-7.7511641,,,,NO_CS_COORDS,
1154,Casa São José Operário - Évora,38.5659689,-7.9013884,38.573156,-7.9094,1060,MISMATCH,
1158,Centro Infantil Nossa Senhora da Saúde,38.6456482,-7.5467747,40.281263,-8.122775,188473,MISMATCH,
1162,Creche e Jardim de Infância da Santa Casa da Misericórdia de Vila Viçosa,38.7789915,-7.4173444,39.364647,-9.317805,176508,MISMATCH,
1164,Equip. Soc. Centro Bem Estar Social Estremoz,38.8425836,-7.5905424,38.842531,-7.589863,59,MATCH,
1170,Centro Comunitário-Centro Social Paroquial Santo André,38.8467684,-7.5924962,,,,NO_CS_COORDS,
1173,Jardim de Infância Fundação Dias Carvalho,38.3105966,-7.7052399,38.309942,-7.704924,78,MATCH,
1176,Equip. Soc. Centro Paroquial Bem Estar Social São Julião Monte do Trigo,38.3962071,-7.7161175,38.396461,-7.713808,203,MINOR,
1191,Creche Anastácia Franco de Carvalho,38.7023001,-7.4010765,38.702527,-7.403903,247,MINOR,
1196,Creche Rainha Dona Leonor,38.5708485,-7.9045233,38.570799,-7.904638,11,MATCH,
1197,Quinta dos Sonhos-Évora,38.550209,-7.9153537,38.551356,-7.911204,383,MINOR,
1198,Legado Caixeiro Alentejano,38.5882651,-7.9041687,38.362807,-7.551613,39628,MISMATCH,
1200,Creche da Santa Casa da Misericórdia de Reguengos de Monsaraz,38.4259369,-7.5349025,38.426202,-7.534458,49,MATCH,
17387,Colégio Jardim dos Sentidos - Assoc. das Obras Assist. da Sociedade de S. Vicente de Paulo,38.6525114,-8.2084993,38.644845,-8.212204,911,MISMATCH,
17690,Adbes - Associação para o Desenvolvimento Bem Estar Social da Cruz da Picada,38.5654697,-7.9287661,38.566846,-7.927511,188,MINOR,
18534,"Centro Infantil Palmo e Meio, Lda.",38.5612051,-7.9108089,38.561462,-7.911248,48,MATCH,
19667,Creche Lydia Maia Cabeça,38.6765687,-8.4589666,38.674908,-8.450136,789,MISMATCH,
22112,Associação Solidariedade Social Ninho,38.5708189,-7.9339643,39.663742,-8.514544,131444,MISMATCH,
22739,Mãe Galinha,38.5560839,-7.9260878,38.556316,-7.92619,27,MATCH,
24765,Centro Comunitário Pastorinhos de Fátima,38.5862647,-7.9010178,38.585002,-7.901309,143,MINOR,
25692,Creche e Aparece,38.4541892,-7.3820535,38.4252,-7.53445,13659,MISMATCH,
25915,Creche da Cáritas Diocesana de Évora,38.5658553,-7.9055375,38.565242,-7.908761,288,MINOR,
26272,Colégio Fundação Alentejo,38.565952,-7.9113446,38.565633,-7.910867,55,MATCH,
28540,Creche a Casinha,39.399872,-8.224454,,,,NO_CS_COORDS,
28997,Creche - Santa Casa da Misericórdia de Alcáçovas,38.392479,-8.1561206,38.571758,-7.908754,29343,MISMATCH,
29364,Creche São Francisco de Assis,38.8500953,-7.5896232,38.850045,-7.589657,6,MATCH,
33596,Fundação Salesianos - Salesianos de Évora,38.5707138,-7.9156332,38.57166666,-7.91722222,174,MINOR,
37979,Creche Bebé Creche - Associação para a Infância,38.5648748,-7.8976811,,,,NO_CS_COORDS,
37982,Consigo - Cooperativa de Ensino e Solidariedade Social - Escolinha do Parque,38.6723561,-8.4375724,,,,NO_CS_COORDS,
39050,Cruz Vermelha Portuguesa - Delegação de Santiago Maior - Alandroal,38.5452954,-7.4804862,,,,NO_CS_COORDS,
18533,Equipamento São João de Deus,38.5455311,-7.8992037,38.545696,-7.898585,57,MATCH,
29878,Jardim de Infância de São Sebastião da Giesteira,38.5816226,-8.0990644,,,,NO_CS_COORDS,
31011,Jardim de Infância de Pavia,38.8950779,-8.0174355,,,,NO_CS_COORDS,
31012,Escola Básica de Cabeção,38.9487807,-8.0747553,,,,NO_CS_COORDS,
31013,Escola Básica de Brotas,38.8738985,-8.1511079,,,,NO_CS_COORDS,
31035,Escola Básica de Canaviais,38.6104361,-7.9047526,38.610136,-7.905044,42,MATCH,
31036,Escola Básica Galopim de Carvalho,38.5910527,-7.9126387,38.591129,-7.912656,9,MATCH,
31222,Escola Básica de Cortiçadas do Lavre,38.8051001,-8.4132601,,,,NO_CS_COORDS,
31223,Escola Básica Nº 5 de Montemor-O-Novo,38.645213,-8.208995,,,,NO_CS_COORDS,
31224,Escola Básica de São Cristovão,38.4897275,-8.3068962,,,,NO_CS_COORDS,
31225,Jardim de Infância N.º 1 de Montemor-O-Novo,38.6486133,-8.2167526,38.648497,-8.216541,22,MATCH,
31226,Escola Básica de Vale de Figueira,38.7206659,-8.322597,,,,NO_CS_COORDS,
31227,Escola Básica de Lavre,38.7777057,-8.3653035,,,,NO_CS_COORDS,
31228,Escola Básica de Santiago de Escoural,38.5427693,-8.1659513,,,,NO_CS_COORDS,
31244,"Escola Básica de Pias, Alandroal",38.5452358,-7.4815108,,,,NO_CS_COORDS,
31246,Jardim de Infância de Alandroal,38.6995324,-7.4065706,,,,NO_CS_COORDS,
31247,Escola Básica de Terena,38.6191537,-7.4119038,,,,NO_CS_COORDS,
31394,Jardim de Infância de Monte Branco,38.684228,-8.5235045,,,,NO_CS_COORDS,
31395,Jardim de Infância da Afeiteira,38.6453439,-8.5075122,,,,NO_CS_COORDS,
31413,Escola Básica 2 3 Padre Bento Pereira,38.8050208,-7.4565489,38.803712,-7.452702,364,MINOR,
31414,Jardim de Infância de Orada,38.8752296,-7.466474,,,,NO_CS_COORDS,
31415,"Escola Básica de Rio de Moinhos, Borba",38.834805,-7.5142122,38.772214,-7.503613,7020,MISMATCH,
31473,Jardim de Infância de Aguiar,38.3919985,-7.96632,38.337813,-8.009393,7100,MISMATCH,
31474,Escola Básica de Viana do Alentejo,38.3370048,-8.0093534,38.337813,-8.009393,90,MATCH,
31535,Jardim de Infância do Bairro de Santo António,38.5745765,-7.8771205,,,,NO_CS_COORDS,
31536,Jardim de Infância do Bairro Garcia de Resende,38.6556022,-7.9872787,,,,NO_CS_COORDS,
32211,Jardim de Infância da Escola Básica de Alcáçovas,38.3899488,-8.1490769,38.415919,-8.175118,3673,MISMATCH,
32245,EB1/JI de Arraiolos,38.7243907,-7.9887391,38.725122,-7.991759,274,MINOR,
32354,Escola Básica de São Mateus,38.6193582,-8.2150759,,,,NO_CS_COORDS,
33321,Escola Básica Nº 2 de Vendas Novas,38.6766121,-8.4604006,,,,NO_CS_COORDS,
34380,Jardim de Infância de Água de Lupe,38.5692281,-8.0244199,,,,NO_CS_COORDS,
35047,Jardim de Infância de Santa Maria,38.8496482,-7.5890522,,,,NO_CS_COORDS,
35048,Escola Básica de Evoramonte,38.8490366,-7.5893796,,,,NO_CS_COORDS,
35049,Escola Básica do Caldeiro,38.847252,-7.5917275,,,,NO_CS_COORDS,
35050,Escola Básica de Arcos,38.8333046,-7.5154942,,,,NO_CS_COORDS,
35053,Escola Básica de Monte Trigo,38.3976989,-7.7143558,,,,NO_CS_COORDS,
35054,Escola Básica de Santana,38.2773641,-7.654811,,,,NO_CS_COORDS,
35055,Escola Básica de Mora,38.9405116,-8.1659216,,,,NO_CS_COORDS,
35056,Escola Básica Manuel Ferreira Patrício,38.5738303,-7.9243579,,,,NO_CS_COORDS,
35057,"Escola Básica de Glória,",38.7992487,-7.5380753,,,,NO_CS_COORDS,
35058,Escola Básica de São Bento do Cortiço,38.9245134,-7.5689169,,,,NO_CS_COORDS,
35059,Escola Básica da Mata,38.838491,-7.5835009,,,,NO_CS_COORDS,
35061,Escola Básica de Veiros,38.9540329,-7.5070533,,,,NO_CS_COORDS,
35063,Escola Básica de Montoito,,,,,,NO_CS_COORDS,
35064,Escola Básica de Portel,38.3075367,-7.7064688,,,,NO_CS_COORDS,
35065,Escola Básica de Oriola,38.3192736,-7.8671504,,,,NO_CS_COORDS,
35066,Jardim de Infância de Vera Cruz,38.3107232,-7.705222,,,,NO_CS_COORDS,
35072,Escola Básica de Aldeia da Luz,38.3401685,-7.3649092,,,,NO_CS_COORDS,
35073,Jardim de Infância de Mourão,38.3803153,-7.3418612,,,,NO_CS_COORDS,
35074,Jardim de Infância de São Romão,38.776151,-7.3165409,,,,NO_CS_COORDS,
35075,Escola Básica de Vendinha,38.4558527,-7.6419836,,,,NO_CS_COORDS,
35078,Escola Básica de Granja,38.3050896,-7.2555419,,,,NO_CS_COORDS,
35079,Jardim de Infância de Vila Viçosa,38.775742,-7.415675,,,,NO_CS_COORDS,
35080,Jardim de Infância de Bencatel,38.7462049,-7.4563402,,,,NO_CS_COORDS,
35095,Jardim de Infância de Pardais,38.7274782,-7.4002872,,,,NO_CS_COORDS,
37121,Escola Básica de Perolivas,38.414392,-7.5670077,,,,NO_CS_COORDS,
37122,Escola Básica de Outeiro,38.4682741,-7.3824642,,,,NO_CS_COORDS,
37123,Escola Básica N.º 2 de Reguengos de Monsaraz,38.4543335,-7.3820566,,,,NO_CS_COORDS,
37124,"Escola Básica de São Pedro do Corval,",38.4474117,-7.4842052,,,,NO_CS_COORDS,
37125,Escola Básica de Campinho,38.3666946,-7.4698581,,,,NO_CS_COORDS,
37126,Jardim de Infância de São Marcos do Campo,38.2858281,-7.5571579,,,,NO_CS_COORDS,
37127,Jardim de Infância de Caridade,38.4479787,-7.5656179,,,,NO_CS_COORDS,
1914,Equipamento Social do Centro Popular de Lagoa,37.1372247,-8.4565101,37.152524,-8.572004,10377,MISMATCH,
1915,Amigos dos Pequeninos,37.1873263,-8.4457476,37.120885,-8.342828,11738,MISMATCH,
1918,Centro Infantil de Santo Amaro,39.39987,-8.224454,37.104705,-8.680753,258301,MISMATCH,
1919,Centro Infantil e Juventude de São João,37.1081824,-8.6772287,37.107485,-8.676265,115,MINOR,
1920,Centro Infantil da Luz,37.089544,-8.7320105,,,,NO_CS_COORDS,
1921,Centro Infantil do Chinicato,39.39987,-8.224454,37.131482,-8.668526,255194,MISMATCH,
1922,Centro Infantil de Bensafrim,37.1578079,-8.7341884,,,,NO_CS_COORDS,
1923,Casa do Povo de São Bartolomeu de Messines,37.2588387,-8.290012,37.258888888,-8.290305555,27,MATCH,
1928,Colégio Bambino,37.0969274,-8.6962876,37.097087,-8.694717,140,MINOR,
1936,Complexo Social Coca Maravilhas - Santa Casa da Misericórdia de Portimão,39.399872,-8.224454,37.150677,-8.547237,251681,MISMATCH,
1938,"Creche ""Os Pipocas"" - Complexo Social Coca Maravilhas - Santa Casa da Misercicordia de Portimão",37.1509474,-8.5450316,37.149907,-8.551152,555,MISMATCH,
1939,Os Amiguinhos,37.1414421,-8.5411344,37.141571,-8.541101,15,MATCH,
1955,"Creche ""Sagrada Família""",37.132309,-8.3468499,37.129641,-8.349104,358,MINOR,
1962,Centro Infantil de Odiáxere,37.1498415,-8.6527352,37.149937,-8.652282,42,MATCH,
1965,Jardim - Escola João de Deus - São Bartolomeu de Messines,37.2590413,-8.2884945,37.259689,-8.290488,191,MINOR,
1968,Lar da Criança de Portimão,37.1335269,-8.5418557,37.134193,-8.538003,349,MINOR,
1971,Centro Paroquial de Estombar - Creche e Pré-Escolar,37.144025,-8.508013,37.145734,-8.484548,2088,MISMATCH,
1973,A Flor,37.1327619,-8.5445956,37.133745,-8.540932,343,MINOR,
1978,Jardim Infantil do Centro Paroquial de Mexilhoeira Grande,37.1584821,-8.6133647,37.159108,-8.613973,88,MATCH,
1982,Equipamento Social da Santa Casa da Misericórdia de Boliqueime,37.1326849,-8.160453,37.133103,-8.159572,91,MATCH,
1984,Obra de Santa Zita - Faro,37.0191406,-7.9248283,37.019386,-7.924775,28,MATCH,
1987,"Centro de Educação e Desenvolvimento Infantil ""Porta Mágica""",37.041023,-7.8402444,37.041177,7.8407245,1390200,MISMATCH,
1989,Creche a Joaninha - Delegação da Fuzeta da Cruz Vermelha Portuguesa,37.0518571,-7.7503328,37.052294,-7.749728,72,MATCH,
1991,Centro de Animação Infantil do Centro Desenvolvimento Cultural e Social Martim Longo,37.4409089,-7.77054,,,,NO_CS_COORDS,
1994,A Minha Casinha,37.0289261,-7.8405646,37.028886,-7.840614,6,MATCH,
1998,Centro Infantil Maria Helena Rufino - SCM Olhão,37.0351186,-7.8473209,37.035113,-7.847797,42,MATCH,
4012,"Centro Infantil ""A Joaninha""",37.469228,-7.4737011,37.471563,-7.471439,328,MINOR,
4014,Centro Infantil da Cruz Vermelha Portuguesa - Delegação de Moncarapacho,37.0836275,-7.790207,37.083849,-7.789546,64,MATCH,
4019,"Centro Infantil ""António Calçada""",37.1511682,-7.8929764,37.150922,-7.893163,32,MATCH,
4034,Centro Infantil a Cegonha,37.1801552,-7.4575609,37.181598,-7.455039,275,MINOR,
4040,"Centro Infantil ""O Pinóquio""",37.1228477,-7.6504155,37.122602,-7.649239,108,MINOR,
4041,Jardim Infantil a Boneca,37.1356534,-7.6015032,37.135967,-7.601719,40,MATCH,
4055,Cooperativa de Consumo Popular de Faro,37.0275026,-7.93647,37.027902,-7.937363,91,MATCH,
4056,Instituto D. Francisco Gomes,37.0154413,-7.9214407,37.015422,-7.921465,3,MATCH,
4057,Centro de Bem Estar Infantil Nossa Senhora de Fátima-Faro,37.015696,-7.9261696,37.015422,-7.921465,419,MINOR,
4060,A Turma Traquinas,37.1171731,-8.2217038,37.118978,-8.226983,509,MISMATCH,
4061,Creche o Barquinho Dourado,37.0934658,-8.2514375,37.0936,-8.251636,23,MATCH,
4067,Centro Infantil Quinta dos Pardais,37.0987248,-8.2415693,37.095077,-8.242626,416,MINOR,
4068,Tempos de Infância,37.1247884,-8.3006619,37.127186,-8.303282,354,MINOR,
4072,"Creche da NT (Social) - Cooperativa de Solidariedade de Loulé, C.R.L.",37.1390392,-8.0161938,,,,NO_CS_COORDS,
4074,Babymoura,37.0790617,-8.1143485,37.079437,-8.114529,45,MATCH,
4079,"Centro Infantil ""Despertar""",37.0168455,-7.9265003,37.015422,-7.921465,474,MINOR,
4083,Centro Infantil da Santa Casa da Misericórdia de Faro,37.0220328,-7.9364557,37.022005,-7.936433,4,MATCH,
4090,Casa da Primeira Infância,37.1407228,-8.0180117,37.140263,-8.019375,131,MINOR,
4093,Casa de Santa Isabel,37.0131462,-7.9307631,37.013468,-7.931325,61,MATCH,
4096,Centro Infantil do Hospital Faro,37.0227233,-7.9299788,37.137728,-8.018286,14997,MISMATCH,
4101,Centro Comunitário de Estoi,37.0973705,-7.9076091,37.093916,-7.894643,1212,MISMATCH,
4102,Centro de Bem-Estar - Lar da Terceira Idade de Santa Bárbara de Nexe,37.1024031,-7.9653634,37.08402,-8.012636,4665,MISMATCH,
4107,Infantário Palhacinho,37.0847244,-8.0298123,37.06994,-8.105691,6929,MISMATCH,
4108,Centro de Animação e Apoio Comunitário da Freguesia de Alte,37.2359168,-8.1756585,,,,NO_CS_COORDS,
4138,Centro Comunitário da Tôr,37.1965962,-8.0363429,37.196593,-8.036349,1,MATCH,
4191,"Creche, Jardim Infância e ATL ""Gaivota""",37.1046459,-8.3586866,37.02935,-7.940742,38016,MISMATCH,
16071,Creche da Torre de Natal,37.0441851,-7.9044758,,,,NO_CS_COORDS,
16075,Centro Comunitário António Aleixo,37.0692802,-8.0915388,37.071068,-8.091876,201,MINOR,
16077,"Creche ""As Luzinhas""",37.032666,-7.8472556,37.033625,-7.847582,111,MINOR,
16085,"Centro Social ""Espaço Aberto"" De Pêra",37.1233486,-8.3379698,37.122114,-8.339013,166,MINOR,
16086,"Associação Jardim Escola - Infantário de Tavira "" O Pimpão""",37.1301112,-7.6459466,37.131075,-7.645601,111,MINOR,
17327,"Creche ""Os Vivaços""",37.0168207,-7.9179063,37.128806,-8.571106,59274,MISMATCH,
17328,Centro Infantil Estrela do Mar,37.0136462,-7.9299138,37.172414,-7.519961,40420,MISMATCH,
18126,O Jardim dos Palhacinhos,37.0964449,-8.3075173,37.080661,-8.310642,1777,MISMATCH,
18164,"Colégio Oficina Divertida, Lda",37.0218456,-7.9382649,37.030247,-7.939811,944,MISMATCH,
18225,Creche NT Social - Vale de Rãs,37.1298912,-8.0081132,37.138885,-8.015391,1190,MISMATCH,
18237,Centro de Bem Estar Infantil da Falfosa,37.0157931,-7.9261224,37.086866,-7.958586,8412,MISMATCH,
18269,"Creche ""São José""",37.1303727,-8.245555,37.128544,-8.245487,203,MINOR,
18270,Centro Comunitário de Paderne,37.1754651,-8.1940677,37.1762499,-8.202164,723,MISMATCH,
18281,Centro Comunitário de Salir,37.2360513,-8.0433247,41.701684,-8.811279,500906,MISMATCH,
18292,Centro Comunitário de Santa Luzia,37.103601,-7.6638435,37.103664,-7.663892,8,MATCH,
18294,"Centro Infantil ""A Semente""",37.1306839,-7.6453469,37.130863,-7.645749,41,MATCH,
18420,Centro Comunitário de Benafim,37.2344007,-8.1272019,37.234805,-8.129306,192,MINOR,
18557,Centro Infantil da Altura,37.1778362,-7.5042013,37.17791,-7.505271,95,MATCH,
20164,Casa da Criança do Rogil - Pólo de Aljezur,37.3671718,-8.8002403,37.314811,-8.796161,5833,MISMATCH,
20181,Creche os Amendoinhas,37.1021217,-8.2366288,37.101729,-8.237896,121,MINOR,
21281,O Paraíso Jardim Infantil,37.1347131,-8.0192769,37.138885,-8.015391,578,MISMATCH,
21283,Estrela Mágica,37.0899546,-8.0364513,37.08955,-8.036438,45,MATCH,
21468,Jardim da Celeste,39.399872,-8.224454,,,,NO_CS_COORDS,
21483,"Centro Infantil ""Os Vivaços""",37.037124,-7.838149,,,,NO_CS_COORDS,
22509,Grãozinho D'areia,37.0928513,-8.2251009,40.396438,-8.131155,367432,MISMATCH,
23366,A Casinha Brincalhona,37.1307951,-8.5465014,,,,NO_CS_COORDS,
23861,Creche e Jardim Infância Chebebé,37.1358818,-8.5173873,37.1366214,-8.5122919,459,MINOR,
24054,Centro Infantil Nossa Senhora das Dores,37.1540852,-7.786976,37.1538913,-7.7887402,158,MINOR,
24823,Creche e Jardim de Infância o Cantinho dos Avós,37.1873263,-8.4457476,37.188075,-8.44006,511,MISMATCH,
24921,Escolinha D'adr,37.1447549,-8.5088603,,,,NO_CS_COORDS,
24922,"Creche ""A Escolinha""",37.0975144,-8.4724997,37.097483,-8.47268,16,MATCH,
24923,Centro de Apoio Social de Porches,37.1271148,-8.3967015,,,,NO_CS_COORDS,
24955,"Creche Municipal ""O Ouricinho""",37.3220537,-8.5535874,37.321797,-8.554041,49,MATCH,
24986,Planeta da Fantasia,37.035429,-7.9613992,37.035829,-7.961634,49,MATCH,
25004,Colégio do Rio,37.1456198,-8.561185,37.147791,-8.561287,242,MINOR,
25167,Creche Arca de Noé,37.0431332,-7.844724,,,,NO_CS_COORDS,
25185,"Creche ""Era Uma Vez ...""",37.4257672,-8.7714583,37.424603,-8.77001,182,MINOR,
25186,Colégio Luz São Gonçalo,37.0883592,-8.7496716,,,,NO_CS_COORDS,
25311,Centro Infantil de Montenegro - Creche os Vivaços,37.0296334,-7.9570661,37.030528,-7.957136,100,MATCH,
25711,Creche o Relógio - Polo Gambelas,37.0401635,-7.95764,37.040091,-7.957644,8,MATCH,
25941,Creche Sítio do Bebé,37.1550317,-7.8825459,37.153928,-7.882928,127,MINOR,
25942,Superescola,37.0160466,-7.925096,37.01615,-7.924889,22,MATCH,
25943,A Estação dos Pequeninos,37.168745,-8.3464948,37.164367,-8.344958,505,MISMATCH,
26059,Colégio Origami,37.068766,-8.101224,37.068217,-8.0998111,139,MINOR,
26060,Academia dos Marinheiros,37.0934208,-8.2346914,37.092239,-8.234544,132,MINOR,
26061,Creche e Jardim de Infância da Penha,37.0249453,-7.9217567,37.024608,-7.923992,202,MINOR,
26253,"Ti-Té, Estabelecimentos de Ensino",37.1293769,-8.5773733,37.127194,-8.577175,243,MINOR,
26442,Creche Malta Pequena,37.0276213,-7.9287987,37.02705,-7.929253,75,MATCH,
26558,Creche de Santo António,37.1943153,-7.4278502,37.194139,-7.427864,20,MATCH,
26602,Creche Jardim do Sol,37.1504573,-8.5526754,37.137633,-8.5344,2158,MISMATCH,
26959,"A Colmeia das Abelhinhas, Unipessoal, Lda",37.1288328,-8.5398177,37.129111,-8.537047,248,MINOR,
27240,Creche Três Pastorinhos,37.0993283,-8.0557902,37.097847,-8.055239,172,MINOR,
27427,Centro Intergeracional da Pegada,37.1366594,-7.6459265,37.136294,-7.644458,136,MINOR,
27513,"Creche ""Jardim dos Pequeninos""",37.0330234,-7.8449905,,,,NO_CS_COORDS,
27514,Lar da Criança de Portimão - Pólo da Ouriva,37.1669811,-8.534167,37.167102,-8.534269,16,MATCH,
27762,Colégio João Paulo II,37.140922,-8.5546841,37.143597,-8.549772,527,MISMATCH,
27763,Bela Infância,37.0191725,-7.9362833,37.037683,-7.9585,2851,MISMATCH,
29025,Equip Soc. o Pontão Associação de Solidariedade Social da Conceição de Tavira,37.1466838,-7.6079372,37.123315,-7.649719,4524,MISMATCH,
29719,Colégio Bernardette Romeira - Sistemas de Ensino Unipessoal Lda,37.0332386,-7.8463267,37.033363,-7.84609,25,MATCH,
29808,"Jardim Infantil ""A Borboleta"" - Santa Casa da Misericórdia de Vila Real de Santo António",37.1929818,-7.4221453,37.19228,-7.421917,81,MATCH,
32798,Creche e Lar Idosos Budens,37.0842029,-8.8313118,,,,NO_CS_COORDS,
34175,Bué Bebé Berçario e Creche Lda,37.1052341,-8.6806407,37.104495,-8.681037,89,MATCH,
34560,Centro Infantil da Santa Casa da Misericórdia de Castro Marim,37.29438,-7.5030669,,,,NO_CS_COORDS,
35724,Papagaio de Papel,37.1035859,-8.3641851,,,,NO_CS_COORDS,
36506,Creche Cantinho do Bebé,37.0326805,-7.9245448,37.026494,-7.924859,688,MISMATCH,
36678,Infantário Lugar Encantado,37.02299,-7.9263665,,,,NO_CS_COORDS,
36679,Cpa- Quadradinhos,37.0872718,-8.0370868,,,,NO_CS_COORDS,
38116,Equipamento Social Olhos de Água,37.0930237,-8.1953508,,,,NO_CS_COORDS,
38797,Creche Azul-Bebe,37.1265261,-8.5354513,,,,NO_CS_COORDS,
39051,Creche os Piratinhas - Delegação CVP Vila Real de Santo António,37.175451,-7.5350649,,,,NO_CS_COORDS,
1990,Parque Infantil da Cavalinha,37.0325502,-7.8361565,37.032642,-7.836781,56,MATCH,
4021,Jardim de Infância da Associação Social da Freguesia de Odeleite,37.334824,-7.4905367,37.334966,-7.489243,115,MINOR,
4063,Centro de Apoio à Criança de Quarteira,37.0744725,-8.1044526,37.074493,-8.104397,5,MATCH,
6260,Parque Infantil de Pechão,37.0601289,-7.8711143,,,,NO_CS_COORDS,
17333,Centro Comunitário da Fuzeta da Delegagação da Cruz Vermelha Portuguesa,37.0527224,-7.7497383,41.263311,-8.574768,473562,MISMATCH,
18205,Centro Comunitário da Associação Nossa Senhora dos Navegantes,37.1024549,-7.9665616,36.985253,-7.840428,17180,MISMATCH,
29408,Centro Social de Nossa Senhora do Carmo de Faro,37.0197164,-7.934763,37.020181,-7.934927,54,MATCH,
29409,"Assoc. Jardim de Infância Segundo a Pedagogia de R.steiner -"" Infância Viva""",37.12607,-8.724331,,,,NO_CS_COORDS,
29464,Nobel International School Algarve,37.1346084,-8.4513272,37.128488,-8.423893,2525,MISMATCH,
29512,Jardim Infantil Nova Terra,37.1390392,-8.0161938,,,,NO_CS_COORDS,
29519,Colégio de N.ª Sr.ª do Alto,37.0190285,-7.9198483,37.020042,-7.917652,225,MINOR,
29534,"Externato ""Menino Jesus""",37.0194654,-7.9262044,37.02135,-7.923548,315,MINOR,
29594,Colégio Internacional de Vilamoura,37.1159346,-8.1448782,37.115559,-8.14485,42,MATCH,
29626,Jardim Infantil da Coop.trabalhadores da Câmara Municipal de Albufeira,37.0973474,-8.2443969,,,,NO_CS_COORDS,
29653,Externato Jardim Infantil da Torraltinha,37.0940371,-8.6747696,37.093074,-8.676724,204,MINOR,
29806,Jardim Escola João de Deus,37.0218798,-7.9243286,,,,NO_CS_COORDS,
29807,"Jardim Infantil ""O Girassol"" Stª Casa da Misericórdia de Tavira",37.1360692,-7.6023713,,,,NO_CS_COORDS,
29846,"Jardim de Infância de Vale Parra, Albufeira",37.0966134,-8.3083573,,,,NO_CS_COORDS,
29847,"Jardim de Infância de Guia, Albufeira",37.1250142,-8.2989203,,,,NO_CS_COORDS,
29972,Jardim de Infância de Vale Carro,37.1084758,-8.2036227,,,,NO_CS_COORDS,
29973,Jardim de Infância de Ferreiras,37.1292671,-8.2430892,37.129062,-8.243082,23,MATCH,
31019,Escola Básica Horta do Carmo,37.1308331,-7.642917,37.130553,-7.643765,81,MATCH,
31020,Escola Básica de Conceição de Tavira,37.1468094,-7.6048335,,,,NO_CS_COORDS,
31284,Jardim de Infância de Sagres,37.0082403,-8.9424998,37.008385,-8.942425,17,MATCH,
31285,Centro Educativo e Comunitário Multiserviços de Budens,37.0849355,-8.8320989,37.087041,-8.829795,311,MINOR,
31286,Jardim de Infância de Vila do Bispo,37.0081681,-8.9425475,,,,NO_CS_COORDS,
31301,Escola Básica Cónego Dr. Clementino de Brito Pinto,37.0830353,-8.0340551,37.0826666666,-8.0347527777,74,MATCH,
31302,Escola Básica de São João da Venda,37.0711934,-7.9746795,37.075638888,-7.97577777,504,MISMATCH,
31304,Jardim de Infância de Almancil,37.1002003,-8.0212636,37.0826666666,-8.03475277777,2287,MISMATCH,
31320,Escola Básica Santo Estêvão,37.12681,-7.7146933,,,,NO_CS_COORDS,
31321,Jardim de Infância de Luz de Tavira,37.0922185,-7.7042413,,,,NO_CS_COORDS,
31322,Jardim de Infância de Tavira,37.1238299,-7.6486122,,,,NO_CS_COORDS,
31349,Escola Básica de Benfarras,37.1183638,-8.1258257,,,,NO_CS_COORDS,
31350,Escola Básica de Vale Judeu,37.116645,-8.0931809,,,,NO_CS_COORDS,
31351,Jardim de Infância de Patã,37.1179472,-8.1888293,,,,NO_CS_COORDS,
31352,Escola Básica de Hortas de Santo António,37.1162411,-8.0930336,,,,NO_CS_COORDS,
31353,Escola Básica de Gilvrasino,37.1548828,-8.1032886,,,,NO_CS_COORDS,
31376,Escola Básica Nº 6 de Olhão,37.0345152,-7.828794,,,,NO_CS_COORDS,
31402,Escola Básica de Pêra,37.1226103,-8.3384813,37.12286,-8.338338,31,MATCH,
31403,Escola Básica N.º 1 de Algoz,37.1651516,-8.3036791,37.168138,-8.301181,399,MINOR,
31404,Escola Básica de Alcantarilha,37.1323822,-8.3460461,37.129724,-8.349293,413,MINOR,
31405,Jardim de Infância de Armação de Pêra,37.1894515,-8.4469619,37.103101,-8.362555,12172,MISMATCH,
31406,Escola Básica de Tunes,37.1670027,-8.2566648,,,,NO_CS_COORDS,
31545,Jardim de Infância de Estômbar,37.1467015,-8.4845116,,,,NO_CS_COORDS,
31546,Escola Básica de Mexilhoeira da Carregação,37.1457895,-8.5045678,,,,NO_CS_COORDS,
31550,Jardim de Infância de Pechão,37.0573437,-7.8723235,,,,NO_CS_COORDS,
31551,Escola Básica de Odeceixe,37.4236042,-8.7717349,,,,NO_CS_COORDS,
31552,Escola Básica de Rogil,37.3668967,-8.8001821,,,,NO_CS_COORDS,
31570,Escola Básica Professor Manuel Martins Alves,37.1326991,-8.0050585,,,,NO_CS_COORDS,
31597,EB1/JI de Vendas,37.162125,-8.534121,37.162337,-8.535492,124,MINOR,
31598,Jardim de Infância de Fojo,37.1394825,-8.5477225,,,,NO_CS_COORDS,
31599,Jardim de Infância de Chão das Donas,37.1582163,-8.5590774,,,,NO_CS_COORDS,
31600,Escola Básica de Pedra Mourinha,37.13789,-8.554653,,,,NO_CS_COORDS,
31601,Jardim de Infância de Pedra Mourinha,37.1432632,-8.5562597,,,,NO_CS_COORDS,
31625,Escola Básica de Santa Maria,37.0987753,-8.6765871,37.099134,-8.676711,41,MATCH,
31661,Jardim de Infância de Carvoeiro,37.0971411,-8.4709546,,,,NO_CS_COORDS,
31662,Escola Básica de Porches,37.1270296,-8.3979878,,,,NO_CS_COORDS,
31671,Jardim de Infância Quatro Estradas,37.1351882,-8.569011,,,,NO_CS_COORDS,
31672,Jardim de Infância de Montes de Alvor,37.145679,-8.5837238,,,,NO_CS_COORDS,
31673,Jardim de Infância de Mexilhoeira Grande,37.15689,-8.6140978,,,,NO_CS_COORDS,
31674,Jardim de Infância de Figueira,37.1621957,-8.6014048,,,,NO_CS_COORDS,
31675,Escola Básica de Alvor,37.1288485,-8.5922502,37.128805,-8.592727,43,MATCH,
31679,Escola Básica N.º 1 de São Brás de Alportel,37.1544774,-7.8830341,37.154667,-7.883043,21,MATCH,
31680,Jardim de Infância de Mealhas,37.1596474,-7.9433219,,,,NO_CS_COORDS,
31681,Jardim de Infância de Corotelo,37.1438719,-7.926472,,,,NO_CS_COORDS,
31727,Escola Básica de Abelheira,37.0655141,-8.0908542,,,,NO_CS_COORDS,
31750,Escola Básica/Jardim de Infância N.º 2 de Silves,37.1980628,-8.4285672,,,,NO_CS_COORDS,
31751,Jardim de Infância N.º 1 de Silves,37.1897078,-8.4458422,,,,NO_CS_COORDS,
31796,Jardim de Infância de Fuseta,37.0562069,-7.7481973,37.056278,-7.748272,10,MATCH,
31824,"Escola Básica de Conceição, Faro",40.2045454,-8.4822401,37.060007,-7.918414,353067,MISMATCH,
31923,Nobel International School Algarve - Lagos,37.105159,-8.7312745,,,,NO_CS_COORDS,
31956,Escola Básica Professora Piedade Matoso,37.3190793,-8.7957459,,,,NO_CS_COORDS,
31992,Jardim de Infância de Moncarapacho,37.0823382,-7.786467,,,,NO_CS_COORDS,
32111,Escola Básica da Lejana,37.0307239,-7.9379737,,,,NO_CS_COORDS,
32112,Escola EB1/JI Bordeira,37.1262989,-7.9236197,37.196414,-8.859672,83314,MISMATCH,
32113,Escola EB1/JI Santa Bárbara de Nexe,37.102819,-7.9634582,37.102812,-7.963466,1,MATCH,
32165,EB D.manuel I - Tavira,37.1204484,-7.6507052,37.11845,-7.651369,230,MINOR,
32295,EB1/JI da Coca Maravilhas,37.1484183,-8.5447423,37.150392,-8.545115,222,MINOR,
32413,Escola Básica Integrada Prof. Sebastião Pires Teixeira,37.2371631,-8.0438287,,,,NO_CS_COORDS,
32414,J.i. de Clareanes,37.1723054,-7.9954209,,,,NO_CS_COORDS,
32415,E.b.1/J.i. de Querença,37.2023879,-7.9831669,,,,NO_CS_COORDS,
32416,E.b.1/J.i. de Benafim,37.2326562,-8.1269346,,,,NO_CS_COORDS,
32426,E.b.1/J.i. da Tôr,37.2326562,-8.1269346,,,,NO_CS_COORDS,
32427,E.b.1/J.i. N.º 3,37.1338015,-8.0150517,,,,NO_CS_COORDS,
32428,E.b.1/J.i. N.º 4 (Integra Loulé N.º 2),37.2326562,-8.1269346,,,,NO_CS_COORDS,
32430,E.b.1/J.i. do Ameixial,,,,,,NO_CS_COORDS,
32439,Jardim de Infância de São Marcos da Serra,37.3620791,-8.3781956,37.36231,-8.37879,58,MATCH,
32442,Jardim de Infância de Mira Serra,37.1430924,-8.0275069,,,,NO_CS_COORDS,
32452,Jardim de Infância de Messines,37.257441,-8.2912736,,,,NO_CS_COORDS,
32463,E.b.1/JI de Vale Silves,37.1577029,-8.1384543,37.158631,-8.142166,345,MINOR,
32663,Jardim de Infância de Lagoa,37.1370849,-8.4535905,,,,NO_CS_COORDS,
33214,Jardim de Infância de Alfarrobeira,37.1446574,-7.9754142,,,,NO_CS_COORDS,
33227,Escola Básica de Paderne,37.1739377,-8.2041705,37.173881,-8.204624,41,MATCH,
33233,Jardim de Infância de Vale Serves,37.1251221,-8.2314111,37.125516,-8.23267,120,MINOR,
33234,Escola Básica de Olhos de Água,37.0922185,-8.189065,37.092207,-8.189088,2,MATCH,
33375,Escola Básica Integrada Professor Doutor Aníbal Cavaco Silva,37.1284959,-8.153155,,,,NO_CS_COORDS,
33393,Escola EB1 da Cavalinha,37.0341283,-7.8350564,37.033961,-7.835509,44,MATCH,
33756,Jardim de Infância N.º 3,37.0681916,-8.0943058,37.108055,-8.678921,52045,MISMATCH,
33775,Escola Básica da Fonte Santa,38.6670315,-9.203207,37.074995,-8.078735,202679,MISMATCH,
34375,Jardim de Infância de Escanchinas,37.0832762,-8.0405562,37.080139,-8.044309,482,MINOR,
34378,Jardim de Infância de Albufeira,37.087971,-8.2569745,,,,NO_CS_COORDS,
34395,Escola E. B. 1 da Estação,,,,,,NO_CS_COORDS,
34537,E.b/J.i de Alte,37.2355884,-8.1756354,,,,NO_CS_COORDS,
34557,Jardim de Infância Nº2 do Parchal,37.1358818,-8.5173873,,,,NO_CS_COORDS,
34558,Escola Básica de Ferragudo,37.1346084,-8.4513272,,,,NO_CS_COORDS,
34575,Escola Básica do Parchal - Lagoa,37.136596,-8.5142372,,,,NO_CS_COORDS,
34775,"Centro Infantil ""O Pinóquio"" Da Stª Casa da Misericórdia de Tavira",37.1226096,-7.6490963,,,,NO_CS_COORDS,
35081,"Escola Básica Manuel Cabanas,",37.175451,-7.5350649,,,,NO_CS_COORDS,
35082,Escola Básica de Marmelete,37.3112284,-8.6676062,,,,NO_CS_COORDS,
35083,Escola Básica de Altura,37.1756983,-7.5033617,,,,NO_CS_COORDS,
35085,Escola Básica N.º 1 de Olhão,37.0376474,-7.8342328,,,,NO_CS_COORDS,
35086,Escola Básica de Ameijeira,37.0944506,-8.680085,37.094433,-8.680536,40,MATCH,
35087,Escola Básica de Monte Gordo,37.1810845,-7.4527279,37.182647,-7.452572,174,MINOR,
35089,Escola Básica de Quelfes,37.0579649,-7.8206506,37.058006,-7.8205843,7,MATCH,
35096,Escola Básica de Montenegro,37.032038,-7.9634965,,,,NO_CS_COORDS,
35097,Escola Básica do Carmo,37.0197164,-7.934763,,,,NO_CS_COORDS,
35098,Escola Básica N.º 1 de Castro Marim,37.2189119,-7.4470605,,,,NO_CS_COORDS,
35099,Escola Básica D. Francisca de Aragão,37.0758489,-8.1037792,,,,NO_CS_COORDS,
35100,Escola Básica Major David Neto,37.1373054,-8.540517,37.137525,-8.543185,238,MINOR,
35103,Escola Básica Sophia de Mello Breyner Andresen,37.108225,-8.6764137,37.107897,-8.679608,286,MINOR,
35104,Escola Básica Vale de Pedras,37.102919,-8.2344482,37.105479,-8.243599,860,MISMATCH,
35105,Escola Básica de Correeira,37.0923435,-8.2290009,37.097057,-8.234115,693,MISMATCH,
35106,Escola Básica de Caliços,37.0949034,-8.2478268,37.096424,-8.248115,171,MINOR,
35107,Escola Básica Prof. Caldeira Alexandre,37.1907133,-7.4175341,37.182873,-7.453345,3290,MISMATCH,
35108,Escola Básica Santo António,37.1906543,-7.4186954,,,,NO_CS_COORDS,
35109,Escola Básica de Areal Gordo,37.03761,-7.89647,37.03741,-7.8966556,28,MATCH,
35110,Escola Básica Ria Formosa,37.016414,-7.934886,,,,NO_CS_COORDS,
35112,Escola Básica N.º 4 de Olhão,37.0332804,-7.8422348,,,,NO_CS_COORDS,
35113,Escola Básica José Carlos da Maia,37.035988,-7.8371392,37.037858,-7.838047,223,MINOR,
36295,Jardim de Infância de Poço Novo,37.1446574,-7.9754142,,,,NO_CS_COORDS,
37311,Jardim de Infância da EB1 N.º2,37.1516404,-7.8838116,,,,NO_CS_COORDS,
37312,Escola Básica/ Centro Escolar da Luz,37.0957776,-8.732218,,,,NO_CS_COORDS,
37355,Jardim de Infância de Burgau,37.072951,-8.7757684,,,,NO_CS_COORDS,
37589,Escola Básica do Bom João,37.0160854,-7.9204714,,,,NO_CS_COORDS,
37608,Escola Básica de Pontal,37.1278396,-8.538195,,,,NO_CS_COORDS,
37609,"Escola Básica de Estoi, Faro",37.0923404,-7.8947857,,,,NO_CS_COORDS,
38238,Escola Básica D. Dinis,37.0736346,-8.1103022,,,,NO_CS_COORDS,
38300,Barlavento International Primary School,37.1053514,-8.7315564,,,,NO_CS_COORDS,
38301,Dsa - Escola Alemã do Algarve,37.1487515,-8.4314747,,,,NO_CS_COORDS,
38716,Jardim de Infância de Ilha do Ancão,37.0046126,-7.989005,,,,NO_CS_COORDS,
38723,Escola Básica Nº 2 de Hortas de Santo António,37.1402226,-8.0297399,,,,NO_CS_COORDS,
39187,Escola E.b.1 N.º 1 de Monchique,37.320553,-8.5539142,,,,NO_CS_COORDS,
3832,Casa Dom João de Oliveira Matos,40.644041,-7.386823,41.813618,-8.86084,179183,MISMATCH,
3833,O Moinho - Creche da Associação de Melhoramentos de Celorico da Beira,40.6343,-7.3925192,40.63386,-7.39289,58,MATCH,
3845,Jardim de Infância da Casa do Povo de Vila Nova de Tazém,40.508042,-7.6996796,40.49905,-7.698396,1006,MISMATCH,
3854,"Equip. Soc. da Fundação ""A Nossa Casa""",40.4944485,-7.5933834,40.494589,-7.593426,16,MATCH,
3855,Equip. Soc. I da Associação de Beneficência Popular de Gouveia,40.4923318,-7.5936526,40.49176,-7.595413,162,MINOR,
3857,Equip. Soc. da Fundação Aurora Ressurreição Coelho Borges,40.4495964,-7.6635622,40.44975,-7.663676,20,MATCH,
3859,Creche da Misericórdia de Seia,40.4161419,-7.7416703,38.733361,-9.389794,234439,MISMATCH,
3861,Equip. Soc. do Centro Paroquial de Seia,40.4172676,-7.7029768,40.418142,-7.71212,780,MISMATCH,
3868,Centro de Assistência Cultura e Recreio de Paços da Serra,40.4565828,-7.6497,40.563726,-7.485238,18310,MISMATCH,
3879,Equip. Soc. do Centro de Assistência Paroquial de Loriga,40.3236464,-7.6910057,40.323221,-7.693189,191,MINOR,
3882,Jardim de Infância do Centro de Assistência Social Nossa Senhora de La Salette,40.4161419,-7.7416703,,,,NO_CS_COORDS,
3895,Centro Social Paroquial de Vila Franca das Naves,40.7252963,-7.2643718,40.729613,-7.271673,780,MISMATCH,
3896,Jardim de Infância do Instituto D. Maria do Carmo Lacerda Faria,40.9630593,-7.2603999,40.963052,-7.258986,119,MINOR,
3901,Equip. Soc. Centro Social Padre José Augusto da Fonseca,40.8210328,-7.5376323,40.819039,-7.539596,277,MINOR,
3907,"Creche, Jardim de Infância e ATL",40.8919333,-6.9612066,40.892614,-6.961257,76,MATCH,
3910,Equip. Soc. da Santa Casa da Misericórdia de Vila Nova de Foz Côa,41.0823573,-7.1432681,,,,NO_CS_COORDS,
3914,"Creche, Jardim e C.A.T.L. do Grupo Desportivo e Recreativo das Lameirinhas",40.5337089,-7.2796625,40.533512,-7.279736,23,MATCH,
3915,Obra de Santa Zita - Guarda,40.5385867,-7.2642412,40.537874,-7.264375,80,MATCH,
3916,Equip. Soc. da Fundação João Raimundo,40.5352992,-7.2706836,40.515031,-7.220476,4805,MISMATCH,
3917,Jardim de Infância do Lactário Doutor Proença,40.5353486,-7.2667651,40.534652,-7.265591,126,MINOR,
3918,"Casa de Trabalho Jesus, Maria e José",40.5157282,-7.0957981,40.516202,-7.088202,644,MISMATCH,
3927,Abrigo Infantil da Sagrada Família,40.5530449,-7.2366682,40.445929,-7.188995,12574,MISMATCH,
3929,Associação Cultural e Social da Freguesia de Panoias,40.4909462,-7.2243454,40.497721,-7.232587,1026,MISMATCH,
3932,Equip. Soc. da Misericórdia do Soito,40.356545,-6.9517953,41.431627,-8.308935,165233,MISMATCH,
3937,Jardim de Infância da Fundação D. Teodora F. da Graça Vilhena de Carvalho e Fonseca,40.6973946,-7.1538776,40.553145,-7.915254,66228,MISMATCH,
3940,Equip. Soc. da Misericórdia de Almeida,40.7255928,-6.900213,40.72629,-6.906948,573,MISMATCH,
3945,Centro de Assistência Social (Cerdeira),40.4745066,-6.9387125,41.872019,-8.413704,198460,MISMATCH,
3951,Equip. Soc. da Misericórdia do Sabugal,40.3504049,-7.0865434,40.351366,-7.085669,130,MINOR,
3958,Lar Jardim de Infância Santa Luzia,40.5394431,-7.2716389,40.539269,-7.272093,43,MATCH,
3959,Centro de Assistência Social do Instituto São Miguel,40.5387329,-7.2673407,40.678418,-6.983542,28552,MISMATCH,
3966,Equip. Soc. da Associação de Beneficência Cultura e Desporto dos Trinta,40.5034256,-7.3557071,40.504381,-7.355312,111,MINOR,
3977,Erpi Santo António,40.771783,-7.063617,40.773244,-7.065568,231,MINOR,
3980,Creche do Centro de Assistência Social Infantil de Vilar Formoso,40.5708226,-6.8994495,40.60453,-6.822459,7504,MISMATCH,
3994,Infantário Favo de Mel,40.403213,-7.5432539,40.376635,-7.471764,6737,MISMATCH,
5619,Santa Casa da Misericórdia de Trancoso - Creche e Jardim de Infância,40.7768931,-7.3501344,40.775235,-7.349554,191,MINOR,
12059,Unidade de Apoio à Infância da Fund. D. Laura Santos,40.4777158,-7.6335471,40.478907,-7.638517,441,MINOR,
17395,Refúgio Ana Luísa - Equip.social da Fundação José Carlos Godinho Ferreira de Almeida,40.5409642,-7.2673455,40.534349,-7.264994,762,MISMATCH,
19661,"Ass. Promoção Social, Cultural e Desportiva de Fornos de Algodres - Creche",40.6097034,-7.5071373,40.6276,-7.499489,2092,MISMATCH,
19704,Creche da Santa Casa da Misericórdia,40.41614,-7.74167,40.5371319,-7.2678502,42275,MISMATCH,
23627,Casa da Freguesia de Escalhão - Creche/ Jardim/ C.A.T.L.,40.9499289,-6.9272107,40.28739,-8.249741,133743,MISMATCH,
24450,Creche e Jardim de Infância o Castelo,40.5333686,-7.2555667,40.531065,-7.257453,302,MINOR,
25947,Valor Criança - Associação de Apoio à Criança,40.5391398,-7.272485,40.539303,-7.27185,57,MATCH,
26518,Lar de Idosos da Misericórdia,40.8167705,-7.5439159,40.817337,-7.543392,77,MATCH,
27515,Creche Lugar dos Pequeninos,40.605042,-7.2959592,40.6282,-7.123033,14821,MISMATCH,
34717,Associação de Beneficência Cultural e Recreativa da Freguesia de Lagarinhos,40.2791387,-7.5032707,,,,NO_CS_COORDS,
17834,Adm Estrela - Associação Social e Desenvolvimento (Guarda),40.5386346,-7.274224,40.53703,-7.274325,179,MINOR,
29962,Jardim de Infância de Vermiosa,40.8293186,-6.8778833,,,,NO_CS_COORDS,
30142,Jardim de Infância de Aldeia Velha,40.3422413,-6.8651227,40.342702,-6.8649,55,MATCH,
30144,Jardim de Infância de Aldeia de Santo António,40.3360994,-7.1328249,,,,NO_CS_COORDS,
30145,Jardim de Infância de Sabugal,40.3511556,-7.0811112,,,,NO_CS_COORDS,
30146,"Jardim de Infância de Souto, Sabugal",40.356545,-6.9517953,,,,NO_CS_COORDS,
30210,Jardim de Infância de Palhais,40.8154098,-7.4314471,,,,NO_CS_COORDS,
30211,Jardim de Infância de Trancoso,40.782576,-7.3502316,,,,NO_CS_COORDS,
30212,Jardim de Infância de Vila Franca das Naves,40.7252963,-7.2643718,,,,NO_CS_COORDS,
30214,Jardim de Infância de Cogula,40.813088,-7.2601181,,,,NO_CS_COORDS,
30250,Escola Básica Nº 1 de Pinhel,40.7725105,-7.0727637,,,,NO_CS_COORDS,
30260,Escola Básica de Vila Nova de Tazém,40.5032753,-7.7018606,,,,NO_CS_COORDS,
30261,Escola Básica de Moimenta da Serra,40.474079,-7.6276353,,,,NO_CS_COORDS,
30265,Jardim de Infância de Gouveia,,,,,,NO_CS_COORDS,
30266,Escola Básica de Melo,40.5195665,-7.5371606,,,,NO_CS_COORDS,
30529,Escola Básica de Gonçalo,40.4211755,-7.3436383,,,,NO_CS_COORDS,
30530,Jardim de Infância de Sé,40.5339792,-7.2670036,,,,NO_CS_COORDS,
30534,Jardim de Infância de Trinta,40.5352173,-7.2781153,,,,NO_CS_COORDS,
30604,Escola Básica de Fornos de Algodres,40.6544071,-7.5030669,40.6225,-7.53865,4648,MISMATCH,
30605,"Jardim de Infância de Muxagata, Fornos de Algodres",40.6526882,-7.4650555,40.65,-7.467,341,MINOR,
30608,Escola Básica de Figueiró da Granja,40.6296301,-7.4989434,40.628,-7.49923,183,MINOR,
30895,Jardim de Infância de Celorico da Beira,40.6428235,-7.3911009,40.640136,-7.390103,310,MINOR,
31310,Jardim de Infância de Aguiar da Beira,40.8191813,-7.5434452,40.819397,-7.543282,28,MATCH,
31311,Jardim de Infância de Penaverde,40.721711,-7.4954223,,,,NO_CS_COORDS,
31312,Jardim de Infância de Carapito,40.7636158,-7.464754,40.763596,-7.464913,14,MATCH,
31313,"Escola Básica de Dornelas, Aguiar da Beira",40.729787,-7.5552697,,,,NO_CS_COORDS,
31465,Jardim Infância de Mêda,40.9651734,-7.256684,41.260722,-8.315877,94624,MISMATCH,
31650,Escola Básica de Seia,40.4135438,-7.7156136,,,,NO_CS_COORDS,
31734,Jardim de Infância de Santiago,40.4243801,-7.7260954,40.423976,-7.726277,47,MATCH,
31825,Escola Básica de Porto da Carne,40.6050389,-7.2960318,40.605458,-7.29521,84,MATCH,
31826,Escola Básica de Sequeira,40.5523725,-7.2315774,40.552631,-7.229302,194,MINOR,
31827,Jardim de Infância de Póvoa do Mileu,40.5429361,-7.2557571,,,,NO_CS_COORDS,
31828,Jardim de Infância de Vila Fernando,40.4950417,-7.1551532,40.495208,-7.155163,19,MATCH,
31834,Jardim de Infância de Guarda-Gare,40.5562839,-7.2447206,,,,NO_CS_COORDS,
31837,Jardim de Infância de Bairro da Luz,40.8182307,-7.5437054,,,,NO_CS_COORDS,
31838,Jardim de Infância de Alfarazes,40.5322667,-7.256347,,,,NO_CS_COORDS,
31839,Jardim de Infância de Panóias de Cima,40.4909462,-7.2243454,,,,NO_CS_COORDS,
32163,Jardim de Infância de Almeida,40.7254048,-6.9055942,,,,NO_CS_COORDS,
32752,Escola Básica de São Romão,40.4562409,-7.7570906,40.406851,-7.716569,6475,MISMATCH,
32765,"Escola Básica Dr. Reis Leitão, Loriga",40.4161419,-7.7416703,,,,NO_CS_COORDS,
33875,Escola Básica de Paços da Serra,38.7860157,-9.1117411,,,,NO_CS_COORDS,
34476,Jardim de Infância de Vilar Formoso,40.6022868,-6.8333836,,,,NO_CS_COORDS,
35091,Escola Básica e Secundária Tenente Coronel Adão Carrapatoso,41.0812047,-7.1446352,41.081219,-7.144506,11,MATCH,
35092,Escola Básica de Manteigas,40.4021565,-7.5391625,40.401171,-7.54037,150,MINOR,
35114,Escola Básica N.º 1 de Figueira de Castelo Rodrigo,40.8919333,-6.9612066,40.89311,-6.958195,285,MINOR,
37610,Escola Básica Dr. Abranches Ferrão,40.4187709,-7.7027406,,,,NO_CS_COORDS,
37828,Escola Básica Tourias/Paranhos,40.4710115,-7.7636311,,,,NO_CS_COORDS,
39209,Jardim de Infância de Lageosa do Mondego,40.6265017,-7.3405245,,,,NO_CS_COORDS,
2074,Creche e Jardim de Infância do Arrabal,39.7327612,-8.7833374,39.732355,-8.78247,87,MATCH,
2075,Centro Social Paroquial de Santa Catarina da Serra,39.674957,-8.6875984,41.146488,-8.607021,163769,MISMATCH,
2078,Centro Social Cultural da Paróquia do Souto da Carpalhosa,39.8477032,-8.8224942,37.105669,-8.472478,306418,MISMATCH,
2080,Centro de Assistência Paroquial de Carvide,39.8561489,-8.8906711,39.877115,-8.915491,3150,MISMATCH,
2081,Centro Social Paroquial dos Pousos,39.7340569,-8.7744109,39.733702,-8.779193,411,MINOR,
2089,Centro de Bem-Estar Infantil de Monte Real,39.8509992,-8.8680055,39.850413,-8.867732,69,MATCH,
2090,Bambi - Creche e Jardim de Infância,39.7625404,-8.799302,39.762456,-8.79898,29,MATCH,
2096,Colégio Infantil Chi-Coração,39.7559504,-8.8049866,39.702758,-8.977172,15868,MISMATCH,
2097,Creche e Jardim de Infância da Sismaria - O Pinóquio,39.7549453,-8.8199846,39.754953,-8.82004,5,MATCH,
2104,Casbi - Centro de Convívio e Apoio Social Bidoeirense,39.836708,-8.746338,41.259342,-8.08845,167670,MISMATCH,
2110,Centro Social Paroquial Paulo VI,39.7458254,-8.8061408,39.745695,-8.806084,15,MATCH,
2120,Academia Cultural e Social de Maceira,39.690286,-8.8842002,40.282826,-8.651826,68797,MISMATCH,
2122,Creche Santa Cecília,39.8237796,-8.3792756,39.822212,-8.37697,263,MINOR,
2126,Centro Paroquial de Solidariedade Social de Castanheira de Pera,40.005737,-8.2090253,40.006107,-8.210451,128,MINOR,
2131,Centro de Bem Estar Social Chão de Couce - Jardim de Infância,39.8920162,-8.368404,39.89249,-8.368222,55,MATCH,
2132,Santa Casa da Misericórdia de Ansião,39.9548353,-8.4446546,39.907822,-8.438225,5256,MISMATCH,
2133,Centro Social Paroquial da Ilha - Obra Social da Sagrada Família,39.9132123,-8.766016,40.284248,-8.774323,41263,MISMATCH,
2150,Jardim de Infância da Santa Casa da Misericórdia de Pedrógão Grande,39.9183998,-8.1458168,39.918453,-8.145388,37,MATCH,
2156,"Jardim Escola Primeiro Degrau, Lda",39.9219277,-8.6211648,39.97564,-8.759404,13211,MISMATCH,
2157,A Falinha Infantário,39.9135268,-8.6177757,39.800143,-8.581838,12976,MISMATCH,
2159,Jardim de Infância da Santa Casa da Misericórdia de Porto de Mós,39.6060849,-8.8063896,39.592173,-8.738473,6021,MISMATCH,
2160,Centro de Bem Estar Infantil S. José - Juncal,39.6036566,-8.9022243,39.604932,-8.903641,187,MINOR,
2163,Apepi - Associação de Pais Educadores para Infância,39.9127873,-8.6306461,40.212976,-8.434943,37304,MISMATCH,
2166,Casa da Criança Maria Rita Patrocínio da Costa,39.89577,-8.8378804,39.8957361111,-8.8379055555,4,MATCH,
2167,Associação de Promoção Social -Jardim dos Pequeninos,39.8677298,-8.9348172,39.866537,-8.935356,140,MINOR,
2170,Associação de Bem-Estar dos Parceiros,39.7238876,-8.849564,39.723336,-8.855389,502,MISMATCH,
2184,Creche e Jardim de Infância - Santa Casa da Misericórdia de Figueiró dos Vinhos,39.9062022,-8.2752254,39.904635,-8.270795,416,MINOR,
2191,Acurede - Infantáriojavascript:dosubmit('save'),39.949135,-8.7829068,39.950077,-8.781631,151,MINOR,
2200,Abrigo Familiar Casa de São José,39.5398866,-8.7118598,39.538108,-8.709699,271,MINOR,
2591,Centro de Bem Estar Infantil,39.923512,-8.3614399,39.923518,-8.361414,2,MATCH,
3203,"Centro Infantil ""Arco Íris""",39.7433626,-8.9340222,39.742747,-8.933729,73,MATCH,
3206,Centro de Assistência Paroquial de Pataias,39.661049,-9.0115828,39.660249,-9.013117,159,MINOR,
3207,Confraria Nossa Senhora da Nazaré,39.6052049,-9.0767135,39.567129,-9.073679,4242,MISMATCH,
3215,Equip Soc do Centro Social Paroquial de Alfeizerão,39.5018846,-9.100072,39.499428,-9.102731,356,MINOR,
3217,Centro de Bem-Estar Social da Maiorga,39.5836293,-8.9820209,39.582358,-8.981568,147,MINOR,
3220,Centro Paroquial de Assistência de Nª Srª D'ajuda,39.5569562,-9.0033925,39.557081,-9.004716,114,MINOR,
3222,Casa do Povo de Óbidos,39.3534788,-9.1573535,39.353319,-9.156136,106,MINOR,
3227,Santa Casa da Misericórdia do Vimeiro,39.4726915,-9.0169414,40.673127,-7.740281,172094,MISMATCH,
3229,Centro Social Padre Fernando Diogo - Creche e Jardim de Infância,39.2636101,-9.1619064,39.264872,-9.160228,201,MINOR,
3230,Santa Casa da Misericórdia de Peniche,39.365023,-9.3825937,39.357794,-9.379299,852,MISMATCH,
3232,Centro Infantil - O Traquinas,39.3651379,-9.383259,39.365791,-9.383483,75,MATCH,
3234,Centro Infantil Moinho de Vento,39.6546783,-8.8249769,39.653811,-8.825409,103,MINOR,
3238,Santa Casa da Misericórdia de Óbidos,39.3904015,-9.1573616,38.719863,-9.129534,74599,MISMATCH,
3240,Centro Paroquial de Bem-Estar Social de Atouguia da Baleia,39.3354449,-9.3244519,,,,NO_CS_COORDS,
3248,Centro Social de Valado dos Frades,39.5833759,-9.0236656,39.584168,-9.022211,153,MINOR,
3253,Centro Social Paroquial de Caldas da Rainha,39.39839,-9.1325146,39.397977,-9.131761,79,MATCH,
3255,Fundação Manuel Francisco Clérigo,39.5158712,-9.1290657,39.516218,-9.1295,54,MATCH,
3257,Equip. Social do Centro Cénico e de Bem-Estar Social de Cela,39.541851,-9.032398,,,,NO_CS_COORDS,
3258,Centro Social Paroquial do Bárrio,39.5601502,-9.0198506,41.50735,-8.38356,223094,MISMATCH,
3262,Centro Social Paroquial da Benedita,39.4256096,-8.9819257,39.425652,-8.982062,13,MATCH,
3263,"Infancoop - Creche e Pre-Escolar ""Girassol""",39.4134252,-9.1476859,39.411626,-9.149976,281,MINOR,
3268,Centro Social Paroquial de Santa Catarina,39.4463041,-9.0166935,39.421824,-9.174136,13793,MISMATCH,
3271,Fundação Maria e Oliveira,39.5548998,-8.9749335,39.553065,-8.974438,208,MINOR,
3276,Centro Paroquial de Assistência do Reguengo do Fetal,39.6431747,-8.7726017,41.070656,-8.227521,165311,MISMATCH,
3277,Centro Social e Cultural para o Desenvolvimento do Olho Marinho,39.3279013,-9.2304286,39.327863,-9.230717,25,MATCH,
3282,"Nuclisol Jean Piaget - Associação P/ o Desenvolvimento da Criança, Integração e Solidariedade",39.429956,-9.1556945,39.39895,-9.133238,3951,MISMATCH,
3889,Centro Social Paroquial de Turquel,39.4668395,-8.977745,39.469823,-8.975584,380,MINOR,
4464,Associação Jardim Infantil de Ferrel,39.3635826,-9.3193462,39.431827,-9.096742,20578,MISMATCH,
12257,"O Brinquinho - Colégio, Lda.",39.3989111,-9.08557,39.951624,-8.095406,104681,MISMATCH,
12260,Centro Social e Cultural da Paróquia de São Mamede,39.6224449,-8.7181119,39.62638888,-8.7152777777,501,MISMATCH,
12262,"""O Dominó"" - Infantário e Jardim de Infância, Lda",39.735357,-8.7865048,39.72539,-8.846117,5217,MISMATCH,
12267,Centro Comunitário de Aljubarrota,39.5201222,-9.0204438,39.5353383,-8.9677692,4824,MISMATCH,
18325,Centro Social do Carriço,39.986233,-8.805149,39.986304,-8.804299,73,MATCH,
18326,Associação de Desenvolvimento Social da Loureira,39.6596472,-8.6882012,40.3271,-7.924862,98674,MISMATCH,
18329,Jardim de Infância Mouzinho de Albuquerque,39.6616598,-8.8257615,41.248343,-8.175644,184805,MISMATCH,
18330,Jardim de Infância de Serra D'el-Rei,39.3340027,-9.2683779,39.3336645,-9.2675553,80,MATCH,
18333,Associação Social e Cultural Paradense,39.4665295,-9.1414642,39.393453,-9.111688,8519,MISMATCH,
18334,Centro de Amizade e Animação Social de Santiago da Guarda,39.9471704,-8.4794419,41.079848,-8.534788,126035,MISMATCH,
18338,Casa - Centro de Apoio Social de Azoia,39.7115765,-8.8302407,39.273277,-8.70027,49996,MISMATCH,
18341,Centro Social de Vila Cã,39.855058,-8.5603394,41.29815,-8.040312,166365,MISMATCH,
18345,"Os Traquinas dos Milagres - Creche e Infantário, Unipessoal Lda.",39.7870095,-8.7881877,39.786783,-8.78792,34,MATCH,
18346,Os Kanitos,39.7307477,-8.9304347,39.683325,-8.912411,5494,MISMATCH,
18352,O Jardim da Isabel,39.6599961,-8.8241668,39.659876,-8.824444,27,MATCH,
18654,"Os Traquininhas - Creche, Jardim Infantil e ATL",39.7457426,-8.6990638,39.743413,-8.703166,436,MINOR,
19421,"Colégio Infantil ""O Saltitão""",39.7294302,-8.8445159,39.7294888,-8.841691,242,MINOR,
19448,"""Tentativa""- Centro Educativo de Leiria, Lda",39.7260999,-8.8086861,39.726002,-8.808931,24,MATCH,
19470,Vida Plena - Associação de Solidariedade Social de Leiria,39.7281734,-8.762642,39.742624,-8.77969,2170,MISMATCH,
20981,"Escola Pátio da Inês, Lda.",39.7628881,-8.9378215,39.760809,-8.937756,231,MINOR,
21001,"Toquinha dos Miminhos, Lda",39.8099105,-8.7315876,39.810125,-8.731842,32,MATCH,
21025,Lugar dos Príncipes - Creche e Jardim de Infância,39.7656173,-8.795627,39.766776,-8.795311,132,MINOR,
21026,"Infantim, Sociedade de Educação Infantil, Lda.",39.7546083,-8.9281435,39.75496,-8.928356,43,MATCH,
21027,Creche os Pequenos Moinhos,39.7296851,-8.8360391,39.7443404,-8.8072495,2952,MISMATCH,
21042,Equip Soc Centro Social da Freguesia de Famalicão,39.5354837,-9.0810878,,,,NO_CS_COORDS,
21102,"Os Meninos da Tátá - Acção Social para Infância e Juventude, Lda.",39.7872894,-8.8508226,39.787735,-8.851047,53,MATCH,
21122,Jardim-Escola João de Deus - Alcobaça,39.5513982,-8.975115,39.55212,-8.976182,122,MINOR,
21263,"Caixinha de Cores - Creche, Infantário e CATL",39.8034069,-8.7145402,39.8033888888,-8.7145277777,2,MATCH,
21365,Centro Social Paroquial de Regueira de Pontes,39.7974335,-8.8288336,41.719531,-8.617133,214470,MISMATCH,
21502,Casa da Criança de Pombal,39.9158576,-8.6327675,39.915487,-8.632415,51,MATCH,
21562,Centro Social Paroquial de Pelariga,39.9666307,-8.6201904,39.950609,-8.6080966,2058,MISMATCH,
22756,Sininho Azul - Creche e Jardim de Infância,39.7649095,-8.7998011,39.7630431,-8.8065297,611,MISMATCH,
23343,Fonte Santa / Centro Social da Serra do Bouro,,,39.4539424,-9.1812703,,CS_ONLY,
23388,Creche - Casa Sanches,39.7441043,-8.8046878,38.744038,-9.209553,116539,MISMATCH,
24017,Associação o Socorro Gaeirense - Creche das Gaeiras,39.3729238,-9.1302817,39.3730665,-9.1307711,45,MATCH,
24019,Centro Social de Carnide,39.8898581,-8.6669559,41.479535,-8.207749,180954,MISMATCH,
24455,"""Aprender & Companhia""",39.8958718,-8.6631785,40.017838,-8.789476,17315,MISMATCH,
24458,"""O Sobreirinho""",39.8923627,-8.6618471,39.899664,-8.612536,4284,MISMATCH,
24465,"O Jardim dos Fraldinhas, Lda",39.7668448,-8.8180527,39.766948,-8.817042,87,MATCH,
24469,"Creche ""O Crescer""",39.7387169,-8.8070127,39.738631,-8.806665,31,MATCH,
24762,Creche da Acredem,39.8791238,-8.3337236,,,,NO_CS_COORDS,
24763,Centro de Bem Estar Infantil de Alcobaça,39.5494466,-8.9760496,39.549142,-8.97632,41,MATCH,
25038,Colégio o Picapau Amarelo,39.412334,-9.1418848,39.411873,-9.141587,57,MATCH,
25472,Santa Maria,39.363975,-9.3803924,39.364332,-9.380687,47,MATCH,
25948,Supercoop-Cooperativa de Solidariedade Social,39.7403891,-8.8280064,,,,NO_CS_COORDS,
26438,Centro Social Júlio Antunes - Creche,39.846506,-8.6612005,,,,NO_CS_COORDS,
26641,Creche o Pedrinho,39.7913555,-8.5943083,39.909,-8.645364,13788,MISMATCH,
26711,Puro Mimo,39.7417024,-8.9153876,39.739803,-8.915547,212,MINOR,
26742,Reino dos Sonhos,39.7411088,-8.8050618,39.696144,-8.793708,5093,MISMATCH,
26758,Lar da Felicidade (Edifício Lua Nova),39.843782,-8.7044144,39.844528,-8.704733,87,MATCH,
26980,Creche dos Pequenitos,39.7519417,-8.8016929,39.751871,-8.801233,40,MATCH,
28376,Lindos Carinhos Unipessoal Lda,39.724753,-8.9254401,39.726837,-8.924912,236,MINOR,
28646,Colégio Infantil Cubo Mágico,39.759285,-8.7935149,39.759122,-8.793009,47,MATCH,
28700,Fundação Vida Nova Cr,39.5473881,-8.9556833,39.547231,-8.956695,88,MATCH,
31927,Colégio Conciliar de Maria Imaculada,39.39987,-8.224454,39.730523,-8.807716,62061,MISMATCH,
32825,Centro de Apoio Social da Freguesia de São Gregório,39.3526227,-9.0574607,39.345938,-9.051548,901,MISMATCH,
33055,Planeta dos Diabretes - Lda.,39.6496232,-8.6863571,,,,NO_CS_COORDS,
36569,Algodão Doce,39.6868095,-8.8979979,,,,NO_CS_COORDS,
36641,Associação de Apoio Infantil de Pedreiras,39.5875613,-8.8629645,,,,NO_CS_COORDS,
38303,Colégio Rainha Dona Leonor,39.4081532,-9.150525,,,,NO_CS_COORDS,
38884,Centro Social Cultural Recreativo Arelhense,39.3817221,-9.1900498,,,,NO_CS_COORDS,
39141,Santa Casa da Misericórdia de Porto de Mós - Creche o Rosmaninho,39.5976665,-8.8326886,,,,NO_CS_COORDS,
39271,Jardim Escola o Carrocel,39.9674729,-8.7933365,,,,NO_CS_COORDS,
3228,Centro Social Padre Fernando Diogo,39.2637811,-9.1616012,39.273519,-9.155657,1198,MISMATCH,
3265,Associação de Solidariedade e Educação de Salir de Matos,39.4315706,-9.0970188,39.431827,-9.096742,37,MATCH,
12255,Fundação Vida Nova,39.5520203,-8.9789608,39.551884,-8.979212,26,MATCH,
29400,Viacognos Ldª,39.7534127,-8.9281465,39.753583,-8.928285,22,MATCH,
29637,Jardim de Infância a Escolinha,39.7736195,-8.7201342,39.738385,-8.810394,8653,MISMATCH,
29716,Jardim de Infância Sítio dos Pequeninos,39.7879243,-8.8743279,,,,NO_CS_COORDS,
29809,Jardim de Infância Dr. Leonel Sotto Mayor (Stª Cª da Misericórdia),39.403576,-9.140053,39.403989,-9.140253,49,MATCH,
29834,Jardim de Infância da Bufarda,39.3007264,-9.3092053,,,,NO_CS_COORDS,
29835,Jardim de Infância de Geraldes,39.3130791,-9.3278019,,,,NO_CS_COORDS,
29842,"Jardim de Infância do Vimeiro, Alcobaça",39.4730736,-9.0171467,39.4730675,-9.017172306,2,MATCH,
29844,"Jardim de Infância do Gaio, Alcobaça",39.4882976,-9.0509282,39.48849693,-9.0507213,28,MATCH,
29845,Escola Básica N.º 1 de Benedita,39.4252797,-8.9742238,39.424612,8.970578,1538784,MISMATCH,
29906,E.b. 1 de Casal da Vala,39.3379914,-9.3520768,,,,NO_CS_COORDS,
30176,Escola Básica de Ilha,39.914706,-8.7676663,,,,NO_CS_COORDS,
30177,Escola Básica de Guia,39.9494305,-8.7851383,,,,NO_CS_COORDS,
30178,Jardim de Infância de Carriço,39.9798009,-8.8309832,,,,NO_CS_COORDS,
30181,Escola Básica de Vieirinhos,40.0039545,-8.8076885,,,,NO_CS_COORDS,
30240,Jardim de Infância de Capuchos,39.742958,-8.811964,39.743764,-8.815152,287,MINOR,
30241,Escola Básica de Barosa,39.7500612,-8.8404625,39.751802,-8.839943,199,MINOR,
30254,Escola Básica de Maçãs de Dona Maria,39.8789016,-8.3338236,39.87861111111111,-8.33361111111111,37,MATCH,
30330,Jardim de Infância de Pilado,39.8078386,-8.9142081,,,,NO_CS_COORDS,
30331,Jardim de Infância de Cumeira,39.7304194,-8.9375361,,,,NO_CS_COORDS,
30332,Jardim de Infância de Boavista,39.75831,-8.9238267,,,,NO_CS_COORDS,
30333,Jardim de Infância de Pedrulheira,39.7371292,-8.9143727,,,,NO_CS_COORDS,
30334,Jardim de Infância de Trutas,39.7610195,-8.9057587,,,,NO_CS_COORDS,
30466,EB Praia da Vieira,39.8760589,-8.966427,,,,NO_CS_COORDS,
30467,Jardim de Infância de Vieira de Leiria,39.8739606,-8.9341227,,,,NO_CS_COORDS,
30517,Jardim de Infância de Pousos,39.733524,-8.7586647,,,,NO_CS_COORDS,
30518,Jardim de Infância de Soutocico,39.7508763,-8.7943504,,,,NO_CS_COORDS,
30519,Jardim de Infância de Campo Amarelo,39.7511641,-8.7584405,,,,NO_CS_COORDS,
30557,Jardim de Infância de Ordem,39.7437933,-8.9400229,,,,NO_CS_COORDS,
30558,Jardim de Infância de Amieirinha,39.7299212,-8.9376803,,,,NO_CS_COORDS,
30609,Jardim de Infância de Cortes,39.7054059,-8.7778314,,,,NO_CS_COORDS,
30610,Jardim de Infância de Pernelhas,39.7185523,-8.851438,,,,NO_CS_COORDS,
30611,Jardim de Infância de Parceiros,39.7310862,-8.8429356,,,,NO_CS_COORDS,
30612,Jardim de Infância de Azoia,39.714635,-8.8332688,,,,NO_CS_COORDS,
30613,Jardim de Infância de Barreira,39.6949643,-8.794168,,,,NO_CS_COORDS,
30614,Jardim de Infância de Reixida,39.6805041,-8.7802226,,,,NO_CS_COORDS,
30615,Jardim de Infância de Telheiro,39.7156635,-8.8017717,,,,NO_CS_COORDS,
30625,Escola Básica de Abiul,39.8755432,-8.5377851,39.876867,-8.538502,159,MINOR,
30626,Escola Básica de Redinha,40.0042778,-8.5888612,40.004217,-8.588854,7,MATCH,
30629,Jardim de Infância de Assanha da Paz,39.9553243,-8.6821093,,,,NO_CS_COORDS,
30630,Escola Básica de Pelariga,39.9666232,-8.6205162,39.964168,-8.624572,440,MINOR,
30631,Escola Básica de Machada,39.9452983,-8.6185155,39.945368,-8.618491,8,MATCH,
30632,Escola Básica de Almagreira,39.9901032,-8.6648713,39.990204,-8.660475,375,MINOR,
30633,Escola Básica de Pombal,39.9180467,-8.6259497,,,,NO_CS_COORDS,
30634,Escola Básica de Vila Cã,39.8611043,-8.5631337,,,,NO_CS_COORDS,
30636,Jardim de Infância de Barrocal,39.92735,-8.5969921,,,,NO_CS_COORDS,
30637,Escola Básica de Moita do Boi,39.9739827,-8.7638643,39.974002,-8.76386,2,MATCH,
30749,"Jardim de Infância de Maceirinha, Leiria",39.6719285,-8.9020205,39.670541,-8.899403,272,MINOR,
30750,"Jardim de Infância de Porto do Carro, Leiria",39.6495233,-8.8947809,39.649563,-8.894812,5,MATCH,
30751,"Jardim de Infância de Pocariça, Leiria",39.6959142,-8.8907487,,,,NO_CS_COORDS,
30752,"Jardim de Infância de Cavalinhos, Leiria",39.7106385,-8.8756248,39.710846,-8.875658,23,MATCH,
30754,"Jardim de Infância de a-Dos-Pretos, Leiria",39.7034437,-8.9080854,39.702329,-8.908202,124,MINOR,
30755,"Jardim de Infância de a-Do-Barbas, Leiria",39.6809516,-8.9162671,39.701376,-8.89552,2883,MISMATCH,
30770,Escola Básica de Coimbrão,39.8828398,-8.8893299,,,,NO_CS_COORDS,
30771,Jardim de Infância de Vale da Pedra,39.8574963,-8.7855418,,,,NO_CS_COORDS,
30772,Jardim de Infância de Moita da Roda,39.8306774,-8.797898,,,,NO_CS_COORDS,
30773,Jardim de Infância de Bajouca,39.8970259,-8.784866,39.893582,-8.781505,478,MINOR,
30774,"Jardim de Infância de Carreira, Leiria",39.8679691,-8.8500595,39.867759,-8.849412,60,MATCH,
30775,Escola Básica de Souto da Carpalhosa,39.8480342,-8.8198036,39.846614,-8.822415,273,MINOR,
30776,Jardim de Infância de Riba D'aves,39.8150972,-8.8308286,,,,NO_CS_COORDS,
30777,Jardim de Infância de Ruivaqueira,39.8288975,-8.8443408,,,,NO_CS_COORDS,
30778,Jardim de Infância de Monte Real,39.8507603,-8.8597094,,,,NO_CS_COORDS,
30779,Jardim de Infância de Outeiro da Fonte,39.8411099,-8.8952687,,,,NO_CS_COORDS,
30792,"Escola Básica de Albergaria dos Doze, Pombal (Centro Escolar)",39.7976316,-8.5890833,,,,NO_CS_COORDS,
30793,"Escola Básica de São Simão de Litém, Pombal (Centro Escolar)",39.8340804,-8.6126963,,,,NO_CS_COORDS,
30794,Jardim de Infância de Alto dos Crespos,39.9119062,-8.6906264,,,,NO_CS_COORDS,
30795,"Escola Básica de Carnide, Pombal (Centro Escolar)",39.8879676,-8.729066,39.887625,-8.729781,72,MATCH,
30796,Jardim de Infância de Santiago de Litém,39.8449153,-8.6015533,,,,NO_CS_COORDS,
30797,Jardim de Infância de Flandes,39.870743,-8.5428685,39.903761,-8.63337,8550,MISMATCH,
30798,Jardim de Infância de Charneca,39.9083447,-8.642023,,,,NO_CS_COORDS,
30801,"Escola Básica de Meirinhas, Pombal (Centro Escolar)",39.8460966,-8.7033011,,,,NO_CS_COORDS,
30804,Centro Escolar de Avelar,39.9239357,-8.3677866,39.924395,-8.368913,109,MINOR,
30805,Centro Escolar de Santiago da Guarda,39.9485575,-8.4805362,39.94915,-8.479042,143,MINOR,
30806,Centro Escolar de Chão de Couce,39.8961709,-8.3676278,39.896199,-8.36768,5,MATCH,
30807,Centro Escolar de Lagarteira,39.9501556,-8.404455,39.955631,-8.407886,675,MISMATCH,
30808,Jardim de Infância de Alvorge,39.9773217,-8.4551353,39.979912,-8.456756,319,MINOR,
30809,Jardim de Infância de Ansião,39.9085171,-8.4361369,39.908671,-8.436188,18,MATCH,
30810,Jardim de Infância de Lagoa Parada,39.9364687,-8.5031079,39.935238,-8.504819,200,MINOR,
30902,Jardim de Infância de Bidoeira de Cima,39.8402988,-8.7539242,39.8448,-8.7527,511,MISMATCH,
30903,Jardim de Infância de Milagres,39.7982108,-8.7838343,39.7984,-8.7839,22,MATCH,
30905,Jardim de Infância de Boavista,39.7874767,-8.7434124,39.7809,-8.7455,753,MISMATCH,
30906,Jardim de Infância de Mata,39.8060993,-8.7665495,39.806,-8.7666,12,MATCH,
30907,Jardim de Infância de Colmeias,39.7988239,-8.7058882,39.7988,-8.7059,3,MATCH,
30908,Jardim de Infância de Bouça,39.8235184,-8.6966125,39.8265,-8.7009,494,MINOR,
30909,Jardim de Infância de Marrazes,39.763921,-8.8078406,,,,NO_CS_COORDS,
30910,Jardim de Infância de Marinheiros,39.7572542,-8.7915958,,,,NO_CS_COORDS,
30911,Escola Básica de Pinheiros,39.5363509,-8.3844543,,,,NO_CS_COORDS,
30912,Jardim de Infância de Gândara dos Olivais,39.7723636,-8.8253418,,,,NO_CS_COORDS,
30913,Jardim de Infância de Amor,39.7984843,-8.859373,,,,NO_CS_COORDS,
30914,Jardim de Infância de Regueira de Pontes,39.7973277,-8.8255865,,,,NO_CS_COORDS,
30915,Jardim de Infância Quinta do Amparo,39.7638247,-8.8108405,,,,NO_CS_COORDS,
30916,Jardim de Infância de Coucinheira,39.7978393,-8.8810151,,,,NO_CS_COORDS,
30917,"Jardim de Infância de Bairro das Almuinhas, Marrazes",39.7416191,-8.7778405,,,,NO_CS_COORDS,
30919,Jardim de Infância de Barreiros,39.7831814,-8.8548766,,,,NO_CS_COORDS,
30921,Escola Básica de Batalha,39.6610989,-8.8174989,39.621503,-8.713957,9899,MISMATCH,
30922,Escola Básica de São Mamede,39.6243329,-8.7179984,39.621503,-8.713957,468,MINOR,
30923,Escola Básica de Casais dos Ledos,39.6719149,-8.8620859,39.671528,-8.856901,446,MINOR,
30924,Escola Básica de Quinta do Sobrado,39.6461786,-8.8161934,39.647472,-8.827312,963,MISMATCH,
30925,Jardim de Infância de Golpilheira,39.684403,-8.8203323,39.68498,-8.821066,90,MATCH,
30926,Jardim de Infância de Torre,39.6577402,-8.7675422,39.657753,-8.767648,9,MATCH,
30968,Escola Básica de Alvorninha,39.3820123,-9.0349246,,,,NO_CS_COORDS,
30969,Jardim de Infância do Carvalhal Benfeito,39.4650327,-9.0657462,39.441495,-9.043828,3224,MISMATCH,
31165,Jardim de Infância do Vau,39.3670598,-9.2195125,39.367063,-9.21948,3,MATCH,
31166,Jardim de Infância de Óbidos,39.3534788,-9.1573535,,,,NO_CS_COORDS,
31167,Jardim de Infância de a-Dos-Negros,39.348642,-9.1089851,,,,NO_CS_COORDS,
31169,Jardim de Infância do Arelho,39.3849491,-9.190128,,,,NO_CS_COORDS,
31170,Jardim de Infância de Olho Marinho,39.3303028,-9.2346212,,,,NO_CS_COORDS,
31171,Jardim de Infância da Usseira,39.3300261,-9.1544583,39.329927,-9.155801,116,MINOR,
31172,Jardim de Infância de Amoreira,39.3445425,-9.2030654,,,,NO_CS_COORDS,
31173,Jardim de Infância de Gaeiras,39.3702213,-9.1279359,39.371615,-9.12933,196,MINOR,
31180,Escola Básica Nº 1 do Bombarral,39.2725743,-9.1629359,39.269807,-9.1629,308,MINOR,
31181,Jardim de Infância da Quinta de Santo António,38.9687011,-9.0211207,39.26539,-9.163651,35207,MISMATCH,
31182,Jardim de Infância do Pó,39.3083024,-9.216678,39.308277,-9.216786,10,MATCH,
31183,Jardim de Infância de Vale da Várzea,39.2627615,-9.1601666,39.263259,-9.161224,107,MINOR,
31191,Jardim de Infância do Campo,39.4346027,-9.1576016,,,,NO_CS_COORDS,
31192,Escola Básica de Salir de Matos,39.4322878,-9.0968819,,,,NO_CS_COORDS,
31193,Escola Básica de Reguengo da Parada,39.4585287,-9.1402133,39.459377,-9.140185,94,MATCH,
31194,Escola Básica de Nossa Senhora do Pópulo,39.4144181,-9.1356813,39.414824,-9.13556,46,MATCH,
31195,Jardim de Infância do Casal Celão,,,39.451832,-9.177658,,CS_ONLY,
31196,Jardim de Infância da Lagoa Parceira,39.3981498,-9.1282783,39.404769,-9.113906,1438,MISMATCH,
31197,Jardim de Infância do Coto,39.425712,-9.1171363,39.422549,-9.120471,454,MINOR,
31198,Jardim de Infância de Salir do Porto,39.4997934,-9.1516209,,,,NO_CS_COORDS,
31251,Jardim de Infância de Caldelas,39.7284199,-8.7067437,,,,NO_CS_COORDS,
31252,Jardim de Infância de Magueigia,39.6768928,-8.6624894,,,,NO_CS_COORDS,
31253,Jardim de Infância de Santa Eufémia,39.762685,-8.7476565,39.762683,-8.74744,19,MATCH,
31254,Jardim de Infância de Souto do Meio,39.7499697,-8.7256049,39.75179,-8.724752,215,MINOR,
31255,Jardim de Infância de Caranguejeira,39.7459002,-8.7006138,,,,NO_CS_COORDS,
31256,Jardim de Infância de Loureira,39.6602398,-8.6847175,39.722758,-8.780316,10735,MISMATCH,
31257,Jardim de Infância N.º 2 de Santa Catarina da Serra,39.6780378,-8.6892013,,,,NO_CS_COORDS,
31258,Jardim de Infância de Vale Sumo,39.7140345,-8.6972973,,,,NO_CS_COORDS,
31259,Jardim de Infância N.º 1 de Santa Catarina da Serra,39.6781586,-8.6876222,39.678093,-8.687446,17,MATCH,
31341,Escola Básica Pedrógão Grande,39.9198953,-8.1505013,39.91994,-8.150397,10,MATCH,
31354,Escola Básica de Pedreiras,39.5843812,-8.8648446,,,,NO_CS_COORDS,
31355,Jardim de Infância de Calvaria de Cima,39.6386359,-8.8662333,,,,NO_CS_COORDS,
31356,Jardim de Infância de Arrimal,39.492805,-8.8770377,,,,NO_CS_COORDS,
31358,Escola Básica de São Bento,39.5218495,-8.7457205,,,,NO_CS_COORDS,
31359,Jardim de Infância de Alqueidão da Serra,39.6141998,-8.7809361,,,,NO_CS_COORDS,
31360,Jardim de Infância de Juncal,39.6311161,-8.8322658,39.60365,-8.89855,6447,MISMATCH,
31361,Escola Básica de Serro Ventoso,39.5575381,-8.8323992,,,,NO_CS_COORDS,
31363,Escola Básica de Cumeira de Cima,39.5840748,-8.8990193,39.603861,-8.898336,2201,MISMATCH,
31364,Jardim de Infância de Alvados,39.5481858,-8.7709946,,,,NO_CS_COORDS,
31481,Jardim de Infância São Cristóvão,41.4142528,-7.8775893,39.390787,-9.131966,248802,MISMATCH,
31482,Jardim de Infância da Foz do Arelho,39.4321559,-9.2166404,39.432125,-9.21667,4,MATCH,
31483,Escola Básica N.º 1/JI de Santo Onofre,39.3625321,-9.0349977,39.397177,-9.14127,9913,MISMATCH,
31484,Jardim de Infância do Bairro das Morenas,39.3981231,-9.1465017,39.397845,-9.146887,45,MATCH,
31485,Jardim de Infância do Nadadouro,39.4224184,-9.1887042,39.422506,-9.188732,10,MATCH,
31755,EB1/JI de Ataíja de Cima,39.5537118,-8.9046658,39.557668,-8.901194,531,MISMATCH,
31756,EB1/JI de Martingança,39.6877551,-8.9649908,39.687885,-8.964869,18,MATCH,
31757,EB1/JI de Carris,39.4998112,-8.953333,39.498259,-8.952766,179,MINOR,
31758,EB1/JI de Aljubarrota,39.5142258,-8.9728911,39.564909,-8.932979,6594,MISMATCH,
31759,Jardim de Infância de Évora de Alcobaça,39.5140616,-8.9743811,39.514023,-8.974188,17,MATCH,
31760,Jardim de Infância da Póvoa,39.6040569,-8.9595062,39.603907,-8.95947,17,MATCH,
31761,Jardim de Infância da Burinhosa,39.7000926,-8.9843144,39.700642,-8.984215,62,MATCH,
31762,EB1/JI do Carvalhal de Aljubarrota,39.5507368,-8.9340433,39.550698,-8.934143,10,MATCH,
31903,Jardim Escola João de Deus - Leiria,39.7401975,-8.8033289,39.739874,-8.805643,201,MINOR,
31924,Colégio de Nossa Senhora de Fátima,39.7452955,-8.8107931,39.745431,-8.810107,61,MATCH,
31964,Escola Básica/JI do Bairro dos Arneiros,39.4104517,-9.1458181,39.410971,-9.146565,86,MATCH,
32022,EB João Beare,39.7494819,-8.9243619,,,,NO_CS_COORDS,
32063,Escola Básica de Alvaiázere,39.818089,-8.3805672,39.818333333333335,-8.379722222222222,77,MATCH,
32150,Jardim de Infância de a-Da-Gorda,39.3448553,-9.1690332,,,,NO_CS_COORDS,
32208,Escola Básica de Tornada,39.4457052,-9.1282777,39.44579,-9.128757,42,MATCH,
32228,Escola Básica do Avenal,39.3983778,-9.1278174,,,,NO_CS_COORDS,
32322,EB Casal de Malta,39.7390691,-8.9309163,,,,NO_CS_COORDS,
32338,EB Fonte Santa,39.7336366,-8.9565904,,,,NO_CS_COORDS,
32343,EB Prof. Francisco Veríssimo,39.7422062,-8.9389872,39.742832,-8.938777,72,MATCH,
32344,EB Moita,39.6992575,-8.9415013,,,,NO_CS_COORDS,
32345,EB Várzea,39.7515714,-8.9365894,,,,NO_CS_COORDS,
32383,Escola Básica da Ribafria,39.4140151,-8.9955161,39.41501442,-8.96848686,2325,MISMATCH,
32610,Escola Básica da Rebolaria,39.6461921,-8.8152191,39.667305,-8.817327,2355,MISMATCH,
32611,Escola Básica da Faniqueira,39.6747085,-8.831021,39.6747,-8.831248,19,MATCH,
32690,"Jardim de Infância de Monte Redondo, Leiria",39.8956474,-8.8378996,,,,NO_CS_COORDS,
33095,Jardim de Infância de Vidigal,39.721821,-8.7828698,39.777839,-8.792432,6282,MISMATCH,
33096,Jardim de Infância de Andrinos,39.7911823,-8.7860374,39.754777,-8.782776,4058,MISMATCH,
33097,Jardim de Infância Dr. Correia Mateus,32.65875,-16.89116,,,,NO_CS_COORDS,
33197,EB de Casais da Serra,39.2971078,-8.9952821,,,,NO_CS_COORDS,
33198,JI de Santa Catarina,39.4472526,-9.0143207,,,,NO_CS_COORDS,
33215,EB de a-Dos-Francos,39.3219507,-9.046472,,,,NO_CS_COORDS,
33217,EB de São Gregório,39.3551175,-9.0594398,,,,NO_CS_COORDS,
33280,Escola Básica de Mata Mourisca,39.9499444,-8.7571009,39.955189,-8.745894,1119,MISMATCH,
33291,Jardim de Infância de Vila Facaia,39.9385803,-8.2205784,39.937824,-8.224451,341,MINOR,
33440,EB1/ JI de Alcobaça,39.5483715,-8.9727005,39.549047,-8.973072,82,MATCH,
33441,EB1/ JI de Alpedriz,39.6304621,-8.9378538,39.629538,-8.946687,763,MISMATCH,
33442,EB1/ JI de Areeiro,39.501312,-8.9935628,39.501302,-8.993756,17,MATCH,
33443,EB1/ JI de Casal de Ramos,39.509155,-9.036918,39.502335,-9.034165,794,MISMATCH,
33445,EB1/ JI de Pataias,39.6832131,-9.0018424,39.674991,-8.996399,1026,MISMATCH,
33736,Escola Básica do Louriçal,40.0052078,-8.7394141,40.020049,-8.739232,1650,MISMATCH,
34415,Escola Básica da Fonte Nova (Centro Escolar),39.9208552,-8.6422059,,,,NO_CS_COORDS,
35093,Escola Básica do Norte,39.6136716,-9.0575803,39.613401,-9.057812,36,MATCH,
35116,Escola Básica de Famalicão,39.5354837,-9.0810878,39.535289,-9.085184,352,MINOR,
35117,Jardim de Infância do Bairro dos Pescadores,39.5978808,-9.0689239,39.598038,-9.068768,22,MATCH,
35118,Escola Básica de Cruz de Areia,39.7243749,-8.8095288,39.724374,-8.808834,59,MATCH,
35119,Escola Básica de Costas,39.6800434,-8.8664465,39.68024,-8.866537,23,MATCH,
35122,"Jardim de Infância de Aguda,",39.9024294,-8.3335462,39.90832,-8.332338,663,MISMATCH,
35123,Escola Básica de Porto de Mós,39.5978061,-8.8161724,39.600826,-8.815946,336,MINOR,
35124,Escola Básica N.º 2 de Mira de Aire,39.5399975,-8.7129775,39.539894,-8.712899,13,MATCH,
35125,Escola Básica de Casais Garridos,39.6273608,-8.8921452,39.631657,-8.891086,486,MINOR,
35126,Jardim de Infância da Prageira,39.358705,-9.3816787,,,,NO_CS_COORDS,
35127,Jardim de Infância do Alemão,39.3615015,-9.3188746,39.3647,-9.380506,5310,MISMATCH,
35128,Jardim de Infância do Filtro,39.3670727,-9.3760341,,,,NO_CS_COORDS,
35135,Escola Básica de Guimarota,39.7309073,-8.7994068,39.730656,-8.799693,37,MATCH,
35136,Escola Básica de Maceira,39.6859071,-8.898794,39.68568,-8.897277,132,MINOR,
35138,"Jardim de Infância de Vermoil,",39.8880128,-8.5940814,39.84805,-8.660186,7182,MISMATCH,
35141,Jardim de Infância de Arega,39.8519411,-8.3122938,39.904644,-8.27233,6780,MISMATCH,
35142,Escola Básica José Malhoa (JI + EB),39.9044713,-8.2723458,39.904519,-8.272335,5,MATCH,
35143,Escola Básica de Palmeiria,39.7610685,-8.7082262,39.755945,-8.713611,732,MISMATCH,
35144,Escola Básica N.º 1 de Mira de Aire,39.5456297,-8.7169532,,,,NO_CS_COORDS,
35145,Escola Básica de Fonte do Oleiro,39.6243574,-8.8142414,39.624894,-8.815362,113,MINOR,
35146,"Escola Básica de São Jorge,",39.6310577,-8.8505589,39.631016,-8.850514,6,MATCH,
35147,Jardim de Infância da Colónia Balnear,39.3592181,-9.3832385,38.742821,-9.153241,71360,MISMATCH,
36840,Escola Básica Encosta do Sol,39.4067714,-9.1303628,,,,NO_CS_COORDS,
36875,Escola Básica de Turquel,39.4617615,-8.9735566,,,,NO_CS_COORDS,
36941,Centro Escolar,39.334572,-9.3237945,,,,NO_CS_COORDS,
37611,Escola Básica de Valado dos Frades,39.5898294,-9.0175309,,,,NO_CS_COORDS,
37612,Escola Básica de Agodim,39.8086569,-8.7325014,,,,NO_CS_COORDS,
37613,"Jardim de Infância de Mendiga, Porto de Mós",39.4949899,-8.8511174,,,,NO_CS_COORDS,
37729,Escola Básica de Engenho,39.7630117,-8.9321856,,,,NO_CS_COORDS,
38240,Escola Básica da Serra de El-Rei,39.3297224,-9.2702428,,,,NO_CS_COORDS,
38242,Escola Básica de Cela,39.535378,-9.0435853,,,,NO_CS_COORDS,
38302,Colégio Luso Internacional do Centro - CLIC,39.7520978,-8.9272654,,,,NO_CS_COORDS,
38304,Instituto Educativo do Juncal,39.6053867,-8.896629,,,,NO_CS_COORDS,
38305,"Jardim de Infância ""O Manelinho""",39.7752319,-8.7863041,,,,NO_CS_COORDS,
38569,Escola Básica da Central,39.3597696,-9.3865074,,,,NO_CS_COORDS,
38721,Escola Básica Nova,39.3580683,-9.3820175,,,,NO_CS_COORDS,
201,Associação Luiz Pereira Motta,38.8322871,-9.1779889,38.832054,-9.177183,74,MATCH,
205,Rosa Azul da Fonte Santa - Creche e Jardim Infantil,38.8409681,-9.1942078,38.747772,-9.142776,11281,MISMATCH,
221,O Balão Circular,38.7905387,-9.1801296,38.790784,-9.177557,225,MINOR,
222,Associação Vida Abundante - Espaço Júnior,38.77679,-9.1047788,38.776048,-9.104572,84,MATCH,
224,Instituto Português de Pedagogia Infantil,38.7975611,-9.1642909,38.797406,-9.164648,35,MATCH,
225,Centro Social Paroquial de Moscavide,38.7794222,-9.1036393,38.779728,-9.103811,37,MATCH,
236,Centro Social de Sacavém,38.7940821,-9.1052212,38.793362,-9.10798,252,MINOR,
239,Associação Pomba da Paz - I.P.S.S.,38.8150517,-9.1201137,,,,NO_CS_COORDS,
268,Creche Instituto de Apoio Á Comunidade - Bloco G,38.8680896,-9.0598081,38.86801,-9.059328,42,MATCH,
269,Creche Instituto de Apoio Á Comunidade - Bloco e,38.8671932,-9.0600821,38.86969,-9.064151,449,MINOR,
283,Casba - Centro Apoio Social Bom Sucesso e Arcena,38.9054102,-9.0429038,38.906212,-9.041517,149,MINOR,
285,Associação de Promoção Social de Alhandra,38.9289596,-9.0140398,38.929679,-9.008753,464,MINOR,
289,Creche do Menino Jesus,39.1939771,-9.2368217,,,,NO_CS_COORDS,
292,"Creche, Jardim de Infância e A.T.L. - SCM Lourinhã",39.2447211,-9.3149898,,,,NO_CS_COORDS,
295,Jardim de Infância da Marteleira,39.2173513,-9.2806657,39.196586,-9.263805,2728,MISMATCH,
301,Creche do Arneiro - SCM Cascais,38.7055195,-9.3250611,38.705494,-9.325668,53,MATCH,
306,Centro Social Paroquial de São Vicente de Alcabideche - Extensão de Alvide,38.7132898,-9.4249169,38.712004,-9.424496,148,MINOR,
309,Creche Marcelina Teodoro dos Santos,38.7114625,-9.420217,38.71163,-9.420228,19,MATCH,
311,Centro de Apoio à Família Crescer para Integrar,38.7050526,-9.3539368,38.731272,-9.31695,4336,MISMATCH,
316,Associação dos Antigos Alunos Salesianos do Estoril,38.7242288,-9.4079593,38.718295,-9.4065,672,MISMATCH,
317,Creche e Jardim de Infância - O Botãozinho,38.6835236,-9.3444119,38.683094,-9.344558,49,MATCH,
319,Centro Comunitário da Paróquia de Carcavelos,38.693797,-9.3353296,38.693594,-9.335631,35,MATCH,
320,Centro Comunitário de Tires,38.6877225,-9.3544213,38.712796,-9.350677,2807,MISMATCH,
326,Ideia - Instituto para o Desenvolvimento Educativo Integrado na Acção,38.7123538,-9.3482351,38.709162,-9.348081,355,MINOR,
333,Centro Alfredo Pinheiro - SCM Cascais,38.7079637,-9.4454354,38.707822,-9.445303,19,MATCH,
334,Infantário o Pinhal - SCM Cascais,38.7070114,-9.3876541,38.707187,-9.387956,33,MATCH,
336,Centro Infantil do Linhó (Ex. C.i. Fisgas),38.7460304,-9.3901201,38.746104,-9.389632,43,MATCH,
337,Centro Social Paroquial de São Domingos de Rana,38.7034408,-9.3412805,38.703692,-9.341256,28,MATCH,
339,O Pioneiro,38.7089837,-9.2279687,38.710164,-9.22705,154,MINOR,
340,Centro de Assistência Infantil Nossa Senhora das Dores,38.7066136,-9.2753019,38.707249,-9.274737,86,MATCH,
342,Infantário da Associação Popular de Paço de Arcos,38.6968299,-9.289961,38.696629,-9.290643,63,MATCH,
343,O Tão Balalão,38.7164593,-9.2996007,38.716265,-9.300389,72,MATCH,
345,Centro de Infância de Tercena,38.7480569,-9.2834173,38.748383,-9.283095,46,MATCH,
349,Creche e Jardim de Infância Nossa Senhora Acolhimento,38.7080972,-9.2715648,38.709396,-9.271658,145,MINOR,
352,Creche e Jardim de Infância Santa Ana,38.7059476,-9.2283257,38.701981,-9.291998,5543,MISMATCH,
355,O Chorão,38.7725862,-9.2969603,38.711583,-9.314178,6946,MISMATCH,
361,O Traquinas,38.7216229,-9.2639407,38.721604,-9.264337,34,MATCH,
362,"Marcolandia, Creche e Jardim de Infãncia",38.7059671,-9.2263079,38.706053,-9.226489,18,MATCH,
365,Centro Social Paroquial de São Pedro e São João do Estoril,38.6996217,-9.3795137,38.699561,-9.379779,24,MATCH,
375,Centro Infantil da Sagrada Família,39.0891558,-9.2786468,39.052122,-9.201525,7828,MISMATCH,
378,O Petiz - Associação Cultural e Educativa de Apoio à Criança,39.2383369,-9.3117913,39.238114,-9.311902,27,MATCH,
382,"Serviço de Apoio Domiciliário,Centro Dia, Creche e Pre Escolar",39.0833291,-9.2610055,39.1312,-9.163655,9944,MISMATCH,
390,Creche do Povo - Jardim de Infância,39.0829459,-9.2641571,39.082541,-9.26366,62,MATCH,
606,Obra das Crianças da Freguesia da Lapa,38.7122218,-9.1568187,38.712133,-9.156694,15,MATCH,
607,Associação Pro-Infância Santo António de Lisboa,38.7240277,-9.1349719,38.723888,-9.135138,21,MATCH,
621,Centro de Promoção Social Rainha Dona Leonor,38.7212632,-9.1294748,38.721186,-9.127088,207,MINOR,
628,Fundação Júlia Moreira,38.7254866,-9.1202479,38.725664,-9.119976,31,MATCH,
638,Creche Missão Nossa Senhora,38.7321904,-9.1206653,38.709175,-9.1315,2726,MISMATCH,
642,APPACDM - Creche a Tartaruga e a Lebre,38.7565134,-9.1369573,38.756525,-9.137214,22,MATCH,
649,Associação Protectora da Primeira Infância,38.7122862,-9.1250822,38.711097,-9.125623,140,MINOR,
653,Jardim Escola João de Deus - Alvalade,38.7559798,-9.1365795,38.755886,-9.136227,32,MATCH,
664,Centro Sagrada Família,38.7062047,-9.2247159,40.429548,-8.140962,212952,MISMATCH,
668,Creche e Jardim de Infância Pingolé,38.7179661,-9.2916363,38.718083,-9.291625,13,MATCH,
669,A Praceta,38.6936845,-9.3204966,38.692039,-9.321741,212,MINOR,
673,Casa da Criança Rainha Santa Isabel,38.6946917,-9.2949506,38.695005,-9.294682,42,MATCH,
676,O Recantinho,38.7200079,-9.3021096,38.720215,-9.301644,46,MATCH,
678,Centro Social e Paroquial de Oeiras - Infantário o Pombal,38.6982142,-9.3107086,38.698266,-9.310843,13,MATCH,
682,Creche e Jardim de Infância 1º de Maio,38.6637778,-9.1571779,38.752892,-9.276182,14311,MISMATCH,
684,Jardim de Infância Nossa Senhora do Rosário de Fátima,38.6906446,-9.3275444,38.691027,-9.32786,51,MATCH,
688,Creche Jardim Infância as Pintinhas,39.2437652,-9.1020658,39.246815,-9.102012,339,MINOR,
694,Centro Infantil e Juvenil de Alenquer,39.0526013,-9.0105974,39.039998,-8.978082,3138,MISMATCH,
695,Creche Chemina - Santa Casa da Misericórdia de Alenquer,39.0506512,-9.0077504,38.638188,-9.171986,48019,MISMATCH,
700,Creche da Santa Casa da Misericórdia de Arruda dos Vinhos,38.9770205,-9.076118,38.986227,-9.073245,1053,MISMATCH,
701,Centro Infantil João de Deus Alvalade 1,38.7507123,-9.1430064,38.748924,-9.141814,224,MINOR,
703,Centro Infantil Olivais Sul,38.763558,-9.1141703,38.764065,-9.114317,58,MATCH,
707,Centro Infantil Visconde Valmor,38.7386332,-9.1432707,38.737521,-9.149518,556,MISMATCH,
714,Fundação Adolfo Vieira de Brito,38.7542828,-9.132531,38.754558,-9.132378,33,MATCH,
723,Icco Infantário Cooperativa de Campo de Ourique,38.7141633,-9.1613445,38.714738,-9.162564,124,MINOR,
728,Casinha de Nossa Senhora,38.6951925,-9.2123341,38.694732,-9.214142,165,MINOR,
743,Infantário de Nossa Senhora da Purificação,38.7466741,-9.1426608,38.746568,-9.142734,13,MATCH,
745,Associação do Pessoal da Fundação Gulbenkian,39.39987,-8.224454,38.739186,-9.156374,108947,MISMATCH,
747,Infantário Os Fraldas,38.7396099,-9.1302056,38.739535,-9.130288,11,MATCH,
754,Externato João XXIII,38.7584608,-9.0979935,38.771006,-9.112842,1898,MISMATCH,
756,Externato Santa Maria do Mar,38.7383866,-9.1395469,38.737283,-9.12919,907,MISMATCH,
761,JIFA - Jardim de Infância dos Anjos,38.7241789,-9.1371191,38.72428,-9.136871,24,MATCH,
764,Externato das Pedralvas,38.7557163,-9.2053239,38.755935,-9.205487,28,MATCH,
767,"Colégio ""O Nosso Jardim”",38.7098109,-9.1516061,38.709902,-9.151543,12,MATCH,
777,Associação Moradores do Casal Ventoso,38.7190554,-9.1713018,38.719111,-9.171167,13,MATCH,
779,Centro Social Comunitário Bairro da Flamenga,38.752515,-9.1231269,38.752456,-9.123097,7,MATCH,
783,Centro Social da Paroquia de São Sebastião da Pedreira,38.7324996,-9.1508503,38.73234,-9.150932,19,MATCH,
789,Centro Social do Sagrado Coração de Jesus - S. Domingos,38.7083197,-9.1614794,38.708149,-9.161637,23,MATCH,
792,Centro Social Paroquial de São Vicente de Paulo,38.7169709,-9.2114051,38.7303577,-9.1754539,3456,MISMATCH,
1412,Quina - Infantário e Jardim de Infância,38.807126,-9.2026928,38.806383,-9.200042,244,MINOR,
1413,Infantário do IES Cesário Verde International School,38.75207,-9.1036417,38.777728,-9.100544,2866,MISMATCH,
1415,Jardim Infantil Popular da Pontinha,38.7648868,-9.198079,38.764498,-9.197834,48,MATCH,
1417,Centro de Apoio Infantil Filadélfia,38.7827362,-9.1488473,38.783253,-9.148661,60,MATCH,
1422,Nuclisol - Unidade de Desenvolvimento Integrado de Maroitas/ São João Talha,38.8347047,-9.1044843,38.81852,-9.106639,1809,MISMATCH,
1425,Centro Comunitário Paroquial de Famões - Centro Infantil de Odivelas,38.7971216,-9.1792134,38.796619,-9.1789,62,MATCH,
1426,Associação Promoção Social de Castanheira do Ribatejo,38.9896793,-8.9711939,38.990321,-8.971395,73,MATCH,
1430,Creche Quinta dos Bacelos - Associação Bem Estar Infantil Vila Franca de Xira,38.9608737,-9.0170526,38.840759,-9.08111,14461,MISMATCH,
1432,Jardim Infantil Associação Popular Apoio à Criança,38.8641579,-9.0698964,38.643996,-9.186038,26472,MISMATCH,
1436,Associação Solidariedade Social Apoio Á Família,38.876502,-9.0551574,38.875826,-9.05463,88,MATCH,
1438,Casa do Povo de Vialonga,38.879982,-9.0668027,38.88149,-9.06731,173,MINOR,
1439,Actividades de Tempos Livres de Bolonha- Creche,38.8551344,-9.0727462,38.85502,-9.07228,42,MATCH,
1440,Actividades de Tempos Livres de Bolonha - Creche,38.8637421,-9.0756002,38.862366,-9.07521,157,MINOR,
1459,Centro Social e Cultural de Ribamar,39.2024757,-9.3307021,39.202374,-9.330653,12,MATCH,
1462,Associação Bem Estar Infantil de Vialonga - Sede,38.8747661,-9.0854359,38.875502,-9.084915,93,MATCH,
1464,Associação Bem Estar Infantil de Vialonga,38.8815036,-9.1706577,38.892489,-9.106833,5658,MISMATCH,
1465,Cebi - Fundação para o Desenvolvimento Comunitário de Alverca,38.893632,-9.0417095,38.534917,-8.865635,42713,MISMATCH,
1467,Cebi - Fundação para o Desenvolvimento Comunitário de Alverca / Clube de Jovens,38.8955545,-9.0368699,38.895521,-9.037124,22,MATCH,
1475,Casa do Povo da Freguesia da Freiria,39.0270203,-9.3187965,39.106089,-9.353246,9281,MISMATCH,
1510,Adeco - Jardim de Infância das Mercês,38.7149107,-9.1490673,38.715718,-9.148415,106,MINOR,
1513,Associação Ester Janz,38.7508039,-9.104223,38.750499,-9.104511,42,MATCH,
1518,Creche Marquês de Olhão,38.7305013,-9.1113188,38.7383,-9.139246,2573,MISMATCH,
1522,Assistência Infantil da Freguesia de Santa Isabel,38.7129228,-9.1649946,38.712893,-9.164867,12,MATCH,
1542,Jardim Escola João de Deus - Torres Vedras,39.0873705,-9.2545434,39.089435,-9.256038,263,MINOR,
1545,Externato Jardim da Arroja,38.7946732,-9.1941733,38.793965,-9.194187,79,MATCH,
1552,Centro Social Paroquial de Silveira,39.1118909,-9.3624262,39.112558,-9.361601,103,MINOR,
1559,Creche e Jardim de Infância o Jardim Encantado,38.810082,-9.0998651,38.810018,-9.101038,102,MINOR,
1652,Babete e Companhia,38.7359313,-9.1556082,38.732651,-9.152402,459,MINOR,
1654,Centro de Apoio Infantil Filadélfia,38.7910832,-9.1409186,38.801337,-9.113779,2614,MISMATCH,
1677,Fundação D. Pedro IV - Estabelecimento de Arroios,38.7334146,-9.1398205,38.7335,-9.139852,10,MATCH,
1678,Fundação D. Pedro IV - Casa de Infância de Calafates,38.7134643,-9.144547,38.713495,-9.144405,13,MATCH,
1680,Fundação D. Pedro IV - Casa de Infância dos Olivais,38.769061,-9.1066067,38.768389,-9.106248,81,MATCH,
1681,Fundação D. Pedro IV - Casa de Infância de Santa Quitéria,38.7172701,-9.1581197,38.717223,-9.157863,23,MATCH,
1682,Fundação D. Pedro IV - Casa de Infância de São Vicente,38.7161131,-9.1294884,38.715858,-9.129154,41,MATCH,
1683,Fundaçâo Maria do Carmo Roque Pereira,38.7206685,-9.1299488,37.577878,-7.964555,162884,MISMATCH,
1689,Fundação D. Pedro IV - Casa de Infância de Santana,38.7193441,-9.1400026,38.719492,-9.13989,19,MATCH,
1690,Associação Socorro e Amparo - Casa do Menino Jesus,38.7109616,-9.1436907,38.710925,-9.143756,7,MATCH,
1697,Creche e Jardim Infantil de Santo Amaro,38.7064655,-9.1762248,38.706581,-9.176195,13,MATCH,
1702,Colégio Luso-Suíço,38.7150144,-9.1550652,38.71495,-9.154797,24,MATCH,
1706,Colégio Moderno de João Soares e Filhos,38.7526036,-9.151851,38.75172,-9.151131,116,MINOR,
1716,Centro Social Paroquial de Nossa Senhora da Encarnação,38.7174077,-9.1469971,38.714981,-9.143542,403,MINOR,
1721,Centro Social José Luís Coelho,38.718739,-9.1729456,38.715457,-9.173771,372,MINOR,
1726,Associação de Penha de França,38.7259624,-9.1247961,38.725905,-9.12612,115,MINOR,
1737,Colégio de São Domingos,38.7415695,-9.1731639,38.741748,-9.172703,45,MATCH,
1742,Casa da Bela Flor,38.7170183,-9.1421675,38.94664,-9.041838,26971,MISMATCH,
1745,Obra de Santa Zita - Penha de França,38.7288031,-9.1314722,38.728779,-9.131116,31,MATCH,
1746,Centro Paroquial Bem Estar Social de Alfama - Creche,38.7124362,-9.1286289,38.711733,-9.128519,79,MATCH,
1748,Abrigo Infantil de Santa Maria de Belém,38.698303,-9.2043912,38.69811,-9.204484,23,MATCH,
1751,Centro Social Paroquial Nossa Senhora da Ajuda - Secção Infantil,38.7067015,-9.1992319,38.7066,-9.19907,18,MATCH,
1757,Centro Social Paroquial de São Mamede,38.719675,-9.150725,38.719724,-9.150894,16,MATCH,
1760,Jardim Infantil os Pirralhos do Marquês,38.7231724,-9.1532264,38.724667,-9.154853,218,MINOR,
1761,Obra Social Paulo VI,38.7607748,-9.1540829,38.760001,-9.154614,98,MATCH,
1791,Educação Popular,38.7305968,-9.1721481,39.198694,-9.308724,53373,MISMATCH,
2208,Associação Popular de Sobral de Monte Agraço,39.019698,-9.153699,39.019165,-9.15475,108,MINOR,
2211,Santa Casa da Misericórdia de Aldeia Galega da Merceana,39.0820379,-9.1124857,39.098481,-9.117927,1888,MISMATCH,
2213,Centro Social Paroquial de Azambuja,39.0678579,-8.8712003,38.807089,-9.098472,35031,MISMATCH,
2214,Centro Social Paroquial de Aveiras de Baixo,39.1102166,-8.8678216,39.110492,-8.868617,75,MATCH,
2216,Centro Social Paroquial de Aveiras de Cima - Jardim Infantil,39.1352167,-8.9013798,39.525181,-8.588329,51042,MISMATCH,
2227,Centro Cultural e Recreativo das Crianças do Cruzeiro e Rio Seco,38.7061062,-9.1885837,38.707556,-9.188693,161,MINOR,
2234,Cai - Centro de Acolhimento Infantil de Campolide,38.7353875,-9.165466,38.735285,-9.16548,11,MATCH,
2237,Cai - Centro de Acolhimento Infantil Vítor Manuel,38.7067744,-9.1778974,38.706535,-9.178256,41,MATCH,
2241,Cai - Centro de Acolhimento Infantil Doutor José Domingos Barreiro,38.7390396,-9.1038874,38.682941,-9.157816,7798,MISMATCH,
2246,Centro Social do Menino Deus,38.7136106,-9.1312251,38.713416,-9.130731,48,MATCH,
2252,Centro Social Paroquial de Carnide,38.7601493,-9.1913653,38.760527,-9.198054,581,MISMATCH,
2254,Centro Social Paroquial do Calhariz de Benfica,38.7490306,-9.1866041,38.748433,-9.186499,67,MATCH,
2259,Centro Social Paroquial do Campo Grande,38.7544129,-9.1501765,38.754131,-9.152819,231,MINOR,
2266,Nuclisol - Jean Piaget - U.D.I. de Chelas /Bairro do Condado,38.7436005,-9.1115815,38.745664,-9.111087,233,MINOR,
2287,Associação Infante de Sagres,38.7480661,-9.1659742,38.748044,-9.165924,5,MATCH,
4880,ABLA Parede (Ex-Centro Infantil da Parede),38.6882968,-9.3553636,38.689267,-9.355393,108,MINOR,
4894,Centro Comunitário Paroquial de Rio de Mouro,38.7839534,-9.3214456,38.783694,-9.320504,87,MATCH,
4895,Associação Promotora da Criança,38.7708804,-9.3230042,37.081628,-8.105799,216051,MISMATCH,
4896,Creche Popular de Rio de Mouro,38.7654171,-9.3231379,38.773584,-9.327332,978,MISMATCH,
4902,Centro Social Baptista,38.7688286,-9.3028417,38.769405,-9.304926,192,MINOR,
4909,Centro de Apoio à Criança,38.7860538,-9.304971,38.783501,-9.305389,286,MINOR,
4911,Jovicreche,38.7681127,-9.3023726,38.768041,-9.302758,34,MATCH,
4914,Associação para a Educação e Reabilitação de Crianças Inadaptadas de Mafra,38.9380245,-9.3358347,38.938671,-9.335093,96,MATCH,
4916,Centro de Bem Estar Infantil de Nossa Senhora das Dores,38.9370809,-9.3351227,38.939019,-9.335023,216,MINOR,
4923,Sítio do Pica Pau Amarelo,38.7516778,-9.2960807,38.751667,-9.299382,286,MINOR,
4924,Jardim de Infância Popular,38.7691075,-9.3000236,40.213758,-8.423635,177367,MISMATCH,
4925,Creche - Jardim de Infância Faz de Conta,38.7900827,-9.3227673,38.790239,-9.322579,24,MATCH,
4975,Associação de Santa Engrácia de Lisboa,38.7196944,-9.120821,38.719637,-9.120909,10,MATCH,
4999,Cai do Bairro da Boavista,38.7324629,-9.2058929,38.73383,-9.204757,181,MINOR,
5102,Cai de São José,38.7248455,-9.1432604,38.720285,-9.140632,556,MISMATCH,
5103,Cai Vale Fundão 1,38.7473635,-9.1077516,38.747347,-9.108078,28,MATCH,
5104,Cai Vale Fundão 2,38.7465905,-9.107029,38.746711,-9.106676,33,MATCH,
5108,Cai do Bairro da Cruz Vermelha,38.77697,-9.1549567,38.777162,-9.154867,23,MATCH,
5113,Centro de Promoção Social da Alta de Lisboa,38.7805742,-9.1496317,38.7808,-9.149923,36,MATCH,
5116,Cai do Bairro do Padre Cruz,38.7709348,-9.1890172,38.769334,-9.189572,184,MINOR,
5121,Centro Social Polivalente do Bairro Padre Cruz,38.7721938,-9.1895668,38.770215,-9.191423,273,MINOR,
5122,Centro de Bem Estar Infantil das Janelas Verdes,38.7047541,-9.1633551,38.704614,-9.163218,20,MATCH,
5130,Centro Social Polivalente do Bairro das Furnas,38.7403543,-9.1727437,38.741135,-9.17368,119,MINOR,
5159,Centro Social da Ericeira,38.9667841,-9.4180756,38.96681,9.418011,1625560,MISMATCH,
5168,Infantário o Azul,38.7909523,-9.3335563,38.790897,-9.333378,17,MATCH,
5174,Associação de Solidariedade e Promoção de a-Dos-Cunhados,39.1538918,-9.2964467,39.207785,-9.242545,7583,MISMATCH,
5179,Creche de S. José,38.7408385,-9.1807908,38.741134,-9.18067,34,MATCH,
5181,Unidades de Educação da CML,38.7386117,-9.1607075,38.738796,-9.159108,140,MINOR,
5183,Creche a Alcofinha - CML,38.7589362,-9.1919806,38.759092,-9.191822,22,MATCH,
5188,Centro Social Paroquial de São João de Brito,38.7556124,-9.1380109,38.754815,-9.138176,90,MATCH,
5191,Creche Beloquitas,38.7057309,-9.177405,38.705791,-9.177479,9,MATCH,
5197,Centro Social Paroquial da Pena,38.7174077,-9.1394263,39.029324,-9.055022,35445,MISMATCH,
5200,Creche das Maçãs,38.8280614,-9.4650923,38.848235,-9.436782,3323,MISMATCH,
5205,Centro Social Paroquial de Colares - Almoçageme,38.8122451,-9.4557477,38.344781,-7.378101,187930,MISMATCH,
5206,Centro Social Paroquial de Colares,38.7996141,-9.4463785,38.799669,-9.44651,13,MATCH,
5237,A Creche Sempre em Flor - S. Carlos,38.7854892,-9.3463288,38.784673,-9.347032,109,MINOR,
5238,A Creche Sempre em Flor (S.josé),38.7904271,-9.353901,38.786124,-9.347596,726,MISMATCH,
5240,"Colégio Herdeiros do Futuro, CRL",38.7868992,-9.3473392,38.786516,-9.347306,43,MATCH,
5241,Os Patarecos - Associação Particular de Solidariedade Social,38.8228781,-9.3679683,38.834702,-9.369375,1320,MISMATCH,
5243,Infantário Popular de Sintra,38.801148,-9.3762659,38.800068,-9.376224,120,MINOR,
5246,Equip Soc da Associação de Reformados da Freguesia de Terrugem,38.8440159,-9.3776439,38.850053,-9.379753,696,MISMATCH,
5247,Centro Social Paroquial São João das Lampas - Creche Pé-Ante-Pé,38.8758755,-9.3977058,38.873909,-9.398161,222,MINOR,
5255,Jardim de Infância de Nossa Senhora dos Anjos,38.8021577,-9.1297735,38.801739,-9.132704,258,MINOR,
5260,Centro Social Paroquial da Bobadela,38.8093915,-9.0994691,38.807165,-9.102051,334,MINOR,
5264,"Creche do Centro Popular Infantil ""Nascer do Sol""",38.8066904,-9.098741,38.807089,-9.098472,50,MATCH,
5265,Centro Comunitário e Social e Cultural de Stº Antº dos Cavaleiros - Amsac,38.8119991,-9.1639954,38.810618,-9.161168,289,MINOR,
5267,Centro Cultural e Social de Santo António dos Cavaleiros,38.8122268,-9.1594906,38.811982,-9.15926,34,MATCH,
5270,O Saltarico,38.8110828,-9.1671438,38.811193,-9.157083,872,MISMATCH,
5275,Equip Social da Instituição de Apoio Social da Freguesia de Bucelas,38.9013738,-9.116889,38.902598,-9.119156,239,MINOR,
5280,Sede - Centro Comunitário Paroquial da Ramada,38.7521102,-9.1420071,38.804896,-9.211872,8434,MISMATCH,
5287,Obra de Nossa Senhora da Purificação,38.7808074,-9.1142526,38.738173,-9.204821,9173,MISMATCH,
5289,Associação Cantinho da Pequenada,38.8254229,-9.1444592,38.825154,-9.144486,30,MATCH,
5291,Associação Doutor João dos Santos,38.8335877,-9.1913113,38.880825,-9.172815,5491,MISMATCH,
5296,Equip. Social da Santa Casa da Misericórdia da Azambuja,39.0738881,-8.8741951,39.073939,-8.874228,6,MATCH,
5412,Creche Jardim Infantil - O Caracol,38.8258135,-9.2992662,38.75435,-9.263109,8542,MISMATCH,
5414,"Complexo de Apoio à Infância ""Sol Dourado""",38.7552955,-9.252104,38.754712,-9.254545,221,MINOR,
5416,"Complexo de Apoio à Infância ""Céu Azul""",38.7643597,-9.2543658,38.764488,-9.254319,15,MATCH,
5418,Creche Popular da Idanha e Jardim de Infância,38.7681611,-9.2734913,38.768662,-9.275599,191,MINOR,
5420,Infantário a Mimi,38.8043073,-9.2518944,38.758521,-9.257157,5112,MISMATCH,
5424,Jardim de Infância António Pinheiro Pinto Basto,38.7570238,-9.2508452,,,,NO_CS_COORDS,
5426,Centro Social Quinta da Boa Vista,38.7981575,-9.3108589,38.797676,-9.311159,60,MATCH,
5428,Solami - Associação de Solidariedade e Amizade - Casal de Cambra,38.7985956,-9.2354751,38.79852,-9.236251,68,MATCH,
5431,Centro Social Paroquial de São Brás,38.7696555,-9.2295663,38.769256,-9.229716,46,MATCH,
5436,Centro Social Paroquial do Imaculado Coração de Maria,38.7332385,-9.2213138,38.733596,-9.220595,74,MATCH,
5438,Associação de Pais e Amigos das Crianças da Freguesia da Mina,38.7713551,-9.2502719,38.771514,-9.250478,25,MATCH,
5444,Centro Social 6 de Maio,38.7503311,-9.2133341,38.74889,-9.222279,792,MISMATCH,
5445,Associação de Solidariedade de Alfragide Assoalfra,38.7385174,-9.2112513,38.738621,-9.211433,20,MATCH,
5451,Centro Social Paroquial de Alfornelos,38.7634994,-9.2054253,38.763517,-9.205281,13,MATCH,
5455,Centro Social Paroquial da Brandoa,38.7669563,-9.2196879,38.746714,-9.215199,2284,MISMATCH,
5459,Infantário do Externato Cinderela Alpedrinha,38.7493981,-9.2295742,38.748644,-9.227429,204,MINOR,
5460,Creche Municipal de Á-Da-Beja,38.7901535,-9.2309225,38.789752,-9.22902,171,MINOR,
5463,"O Ursinho Infantário, Jardim Escola (Creche)",38.7573875,-9.2554205,38.75748,-9.255678,25,MATCH,
5468,Centro de S. Francisco de Assis,38.7434581,-9.2120232,38.743453,-9.212086,5,MATCH,
5469,Centro de Santa Clara de Assis,38.7368182,-9.2109965,38.737718,-9.210209,121,MINOR,
5472,Creche e Escola Luís Madureira,38.7323287,-9.2133238,38.732151,-9.213637,34,MATCH,
5479,A Colmeia - Infantário e Jardim de Infância,38.7506579,-9.2794047,38.750313,-9.279332,39,MATCH,
5488,Colégio o Teu Jardim,38.764833,-9.2624227,38.76437,-9.262463,52,MATCH,
5489,Colégio Colibri - Jardim de Infância,38.7569296,-9.2822398,38.757192,-9.282092,32,MATCH,
5864,Externato a Minha Escola,38.6967344,-9.2949086,38.695623,-9.295939,153,MINOR,
6069,Centro Infantil Palhaço,38.717552,-9.2442878,38.718476,-9.244366,103,MINOR,
6146,A Chupeta - Berçario e Creche,38.704374,-9.4188484,38.716113,-9.41198,1435,MISMATCH,
6174,Creche e Jardim de Infância da Santa Casa da Misericórdia de Torres Vedras,39.0909492,-9.2553475,39.091049,-9.254945,36,MATCH,
7036,Centro Social para Desenvolvimento do Sobralinho,38.9171245,-9.0259509,38.916798,-9.02566,44,MATCH,
11130,Instituto de Beneficência Maria da Conceição Ferrão Pimentel,39.1459585,-9.020454,,,,NO_CS_COORDS,
14032,Nuclisol - Unidade de Desenvolvimento Integrado das Galinheiras,38.7921484,-9.1502951,38.792215,-9.150313,8,MATCH,
14049,Externato Nª Srª da Apresentação,38.7724955,-9.2958948,38.772577,-9.296062,17,MATCH,
14060,Fraldinhas,38.7108955,-9.4329933,,,,NO_CS_COORDS,
17001,Nuclisol - Unidade de Desenvolvimento Integrado do Lumiar,38.7660599,-9.1565341,38.766126,-9.156742,19,MATCH,
17010,Creche Instituto de Apoio Comunitário - Bloco L,38.8718133,-9.0588616,38.8742426,-9.0566482,331,MINOR,
17012,Centro de Bem Estar Infantil Vila Franca de Xira,38.9563269,-8.9905188,38.956239,-8.990784,25,MATCH,
17021,Actividades Tempos Livres de Bolonha - Creche,38.8636517,-9.0759821,38.863811,-9.07667,62,MATCH,
17032,Centro de Infância da Quinta da Politeira,38.7298897,-9.2844292,38.730044,-9.284905,45,MATCH,
17075,"Ni-Nó-Ni, Centro Infantil - Centro Humanitário de Lisboa - CVP",38.8043148,-9.1657627,38.804715,-9.166115,54,MATCH,
17175,Centro Infantil João de Deus Alvalade II,38.7546267,-9.1451054,38.75458,-9.144857,22,MATCH,
17246,O Cantinho da Cegonha,38.7903044,-9.1087887,38.789885,-9.107621,111,MINOR,
17248,Infantário Pequenos Aprendizes,38.7816594,-9.3241582,38.78146,-9.324173,22,MATCH,
17276,"Fundação ""O Século""",38.6942904,-9.3688693,38.693532,-9.368053,110,MINOR,
17286,Centro de Recursos do Zambujal,38.7301915,-9.2120616,38.734038,-9.210313,454,MINOR,
17293,Lar de São José,39.0809926,-9.2596124,39.083879,-9.260774,336,MINOR,
17300,Associação Solidariedade Social e Apoio à Família,38.8721792,-9.059169,38.8742426,-9.0566482,317,MINOR,
17303,Centro Social Paroquial Nª Srª da Conceição da Igreja Nova,38.9173103,-9.3155939,38.921175,-9.292781,2020,MISMATCH,
17308,Jardim Escola João de Deus - Albarraque,38.7517863,-9.3495778,38.751212,-9.347596,183,MINOR,
17311,"Ajpas - Associação de Intervenção Comunitária, Desenvolvimento Social e de Saúde",38.7808892,-9.2240107,38.7526846,-9.2105633,3346,MISMATCH,
17314,Creche Rainha D. Leonor,38.7306678,-9.316694,38.73076,-9.316304,35,MATCH,
17564,Obra Social Madre Maria Clara,38.7172125,-9.254047,38.716735,-9.254242,56,MATCH,
17702,Grémio Instrução Liberal Campo Ourique,38.7179955,-9.1615421,38.718085,-9.158665,250,MINOR,
17703,Associação de Actividades do Bairro 2 de Maio,38.7098073,-9.2021215,38.70955,-9.199124,262,MINOR,
17704,Caselsol,38.7180414,-9.2108693,38.718433,-9.209263,146,MINOR,
17709,Ass. Vida Abundante - Espaço Crescer,38.7715992,-9.1037865,38.77066,-9.101906,194,MINOR,
17717,Nuclisol - Jean Piaget - U.D.I. do Bairro do Armador,38.7466257,-9.1205225,38.746517,-9.120564,13,MATCH,
17866,Creche e Jardim de Infância da Portela,38.7977279,-9.3764072,38.468672,-9.104531,43548,MISMATCH,
17868,Creche do Bugio,38.7021257,-9.2935752,38.701654,-9.293157,64,MATCH,
18219,Associação Tempo de Mudar para Desenvolvimentos do Bº dos Lóios,38.7598491,-9.1230846,38.758986,-9.122333,116,MINOR,
18226,Ced D. Maria Pia,38.7230837,-9.1151666,38.724103,-9.114003,152,MINOR,
18232,Ced D. Nuno Álvares Pereira,38.6988337,-9.1948374,38.699453,-9.195812,109,MINOR,
18247,Cebi - Fundação para o Desenvolvimento Comunitário de Alverca / Centro de Recursos da Ericeira,38.9752274,-9.3928739,38.974923,-9.393548,67,MATCH,
18250,Ced Jacob Rodrigues Pereira,38.6985039,-9.2095998,38.69817,-9.214628,438,MINOR,
18421,O Rei na Barriga - Frielas,38.7052424,-9.1629536,38.823598,-9.14301,13274,MISMATCH,
18423,Creche S. Vicente,39.1032609,-9.2663488,39.0877471,-9.2594479,1825,MISMATCH,
18430,Creche Encosta do Castelo,38.7137145,-9.1364799,38.713439,-9.136255,36,MATCH,
18541,Colégio Catarina de Bragança,38.8191139,-9.4100076,38.812203,-9.372861,3309,MISMATCH,
18542,Creche o Pinguças,38.717318,-9.2434127,38.717624,-9.243192,39,MATCH,
18552,Colégio do Largo,38.7381997,-9.1408059,38.738034,-9.140659,22,MATCH,
18553,Jardim das Descobertas,38.7697182,-9.1698439,38.769929,-9.169727,26,MATCH,
18562,Creche do Gato Amarelo,38.7578706,-9.0950681,38.75818,-9.095244,38,MATCH,
18563,Colégio dos Arcos,38.7584296,-9.1662512,38.75861,-9.166218,20,MATCH,
18565,"Só Bebés, Serviço de Apoio Social e Ensino, Lda.",38.7592813,-9.1701829,38.759374,-9.170313,15,MATCH,
18570,Centro de Apoio à Família Educar para Incluir,38.7046869,-9.3615225,38.704108,-9.363167,157,MINOR,
18612,"Gente Pequena ,Creches e Serviços Educativos, Lda",38.7654848,-9.1536796,38.765545,-9.154005,29,MATCH,
18614,Sozinho em Casa,38.7617791,-9.178646,38.761336,-9.178271,59,MATCH,
18616,Rei Bebe Infantário,38.7528952,-9.1495188,38.759088,-9.156087,894,MISMATCH,
18617,Externato Santa Teresinha de Lisieux,38.7387667,-9.1428416,38.738921,-9.142983,21,MATCH,
18622,Externato Nova Oeiras,38.6920737,-9.3194353,38.692039,-9.321741,200,MINOR,
18623,Externato a Palmeirinha,38.6900669,-9.3268735,38.690758,-9.325432,147,MINOR,
18625,Escola Ana Guedes,38.7119444,-9.2408369,38.71318,-9.235521,481,MINOR,
18626,Creche e Jardim de Infância o Gonzo - Azambuja,39.0826955,-8.8913202,39.0686227,-8.8691172,2474,MISMATCH,
18628,Externato os Coelhinhos,38.7602735,-9.2663978,38.7602437,-9.266318,8,MATCH,
18630,Toca e Fica,38.7784884,-9.2974144,38.778441,-9.29771,26,MATCH,
18633,Jardim Infantil o Finório,38.7681243,-9.229764,38.76699,-9.229507,128,MINOR,
18635,Colégio Quinta do Lago,38.7022595,-9.3376558,38.70114,-9.337644,124,MINOR,
18638,Escolinha da Tita,38.72356,-9.325992,38.712234,-9.339925,1746,MISMATCH,
18640,Academia Associação Juvenil Estudos e Comunicação,38.7292135,-9.3246102,38.69463,-9.338447,4029,MISMATCH,
18644,Externato Jardim dos Lombos,,,38.685106,-9.326417,,CS_ONLY,
18650,Escolinha da Ana,38.7129512,-9.4368218,38.713062,-9.436786,13,MATCH,
18651,St. John's School,38.7047483,-9.4158035,38.704911,-9.415815,18,MATCH,
18653,Boneca de Corda Jardim de Infância,38.7938338,-9.1902918,38.756211,-9.210652,4541,MISMATCH,
18656,Centro Comunitário Moinho das Rolas,38.7148214,-9.3118586,38.7149441,-9.3118645,14,MATCH,
20122,Colégio S. Francisco de Assis,38.7127404,-9.3117264,38.7172105,-9.2990925,1204,MISMATCH,
20221,Geração Chupeta,38.7103818,-9.2084224,38.710315,-9.211813,294,MINOR,
20261,"Academia dos Miúdos, Sociedade de Ensino e Apoio Social, Lda",38.7479763,-9.1855357,38.747753,-9.185362,29,MATCH,
20282,Colégio da Beloura,38.772236,-9.3771856,38.772398,-9.377152,18,MATCH,
20290,"A Patatina Creche, Lda",38.759855,-9.1382458,38.7601399,-9.1378962,44,MATCH,
20303,"A Escolinha dos Pequenitos, Ensino e Formação, Lda",38.940709,-9.3285471,38.940597,-9.32813,38,MATCH,
20321,Jardim das Brincadeiras,38.8120014,-9.3709528,38.896069,-9.375096,9355,MISMATCH,
20322,A Creche da Maria,38.7641438,-9.1886884,38.764687,-9.188801,61,MATCH,
20342,Estrela do Mar - Jardim Infantil,38.963117,-9.4144668,38.963275,-9.414544,19,MATCH,
20352,Creche na Rua das Hortências,38.9810434,-9.2758927,38.984105,-9.278648,415,MINOR,
20353,Jardim Infantil da Malveira,38.9335475,-9.2572032,38.932868,-9.257221,76,MATCH,
20364,Actividades de Tempos Livres de Bolonha -Creche,38.8638555,-9.0769176,38.862366,-9.07521,222,MINOR,
20365,Actividades de Tempos Livres de Bolonha -Creche,38.8557219,-9.0770696,38.855428,-9.078966,167,MINOR,
20382,"O Fofas - Berçário, Creche e Jardim de Infância",38.86362,-9.0647582,37.035462,-8.008204,223392,MISMATCH,
20383,Creche e Jardim de Infância de Outurela,38.7243927,-9.2229983,38.724169,-9.224008,91,MATCH,
20385,Creche e Jardim de Infância de S. Marçal,38.7244114,-9.2229934,38.739331,-9.130388,8202,MISMATCH,
20386,Assoc. para Inserção Sócio-Cultural Profissional da Família- Projecto Família Global,38.7226098,-9.2213762,41.443965,-8.293725,312717,MISMATCH,
20390,Equip. Social do Centro Social e Paroquial Nossa Senhora do Cabo,38.706123,-9.1765901,38.713825,-9.239588,5533,MISMATCH,
20391,Doce Alcofinha,38.7532138,-9.2855896,38.753942,-9.285457,82,MATCH,
20392,Associação de Solidareidade Social de Apoio a Família,38.8759281,-9.0547203,38.866848,-9.062465,1212,MISMATCH,
20403,Centro Infantil de São Gerardo,38.7450352,-9.2151721,38.744205,-9.211645,320,MINOR,
20404,Abecedário,38.7645729,-9.2135895,38.767946,-9.222977,896,MISMATCH,
20425,Creche Bébe de Sonho,38.7688035,-9.2339166,38.768582,-9.233617,36,MATCH,
20426,"Creche ""A Árvore""",38.6995056,-9.2103975,38.742736,-9.213862,4816,MISMATCH,
20429,Creche a Velha Formiguinha,38.7912226,-9.3728635,38.783662,-9.281275,7983,MISMATCH,
20430,"Creche ""Crescer Saudável""",38.7901217,-9.1081625,37.086992,-8.42839,198539,MISMATCH,
20445,Associação Comunitária Infantil e Juvenil da Ramada,38.8016231,-9.1817336,38.802872,-9.183605,214,MINOR,
20446,Colégio Brinca e Educa II,38.7073065,-9.3272648,38.719977,-9.34712,2225,MISMATCH,
20447,Infantário de Bicesse - SCM Cascais,38.7041109,-9.3601904,38.725323,-9.373733,2635,MISMATCH,
20504,Equip. Social da Associação de Protecção à Infância da Ajuda - Apia,38.7078981,-9.195854,38.707681,-9.196679,76,MATCH,
20541,Pião Mágico - Infantário,38.8048783,-9.2188313,39.7561712,-8.3611687,128989,MISMATCH,
20544,Mega Kids - Externato Pré-Primário,38.8703838,-9.0934541,38.869686,-9.093134,82,MATCH,
20603,Centro Comunitário Paroquial de Nossa Senhora das Dores,38.7011381,-9.2774074,38.700671,-9.276823,73,MATCH,
21142,Berçário da Santa Casa da Misericórdia Alenquer,39.0545147,-9.0109245,39.053547,-9.007746,295,MINOR,
21242,Centro Social Paroquial da Povoa de Sto Adrião,38.8020147,-9.164113,38.80113,-9.163132,130,MINOR,
21381,Associação Humanidades,38.7571057,-9.1457651,38.76,-9.145638888,322,MINOR,
21382,Rute - Associação Solidariedade Social - Creche,38.7538771,-9.2064393,38.753696,-9.207649,107,MINOR,
21481,Jardim de Infância e ATL o Novo Pinóquio,38.7007716,-9.2326802,38.701045,-9.230833,163,MINOR,
21565,Centro Comunitário e Paroquial de Famões - Polo São Miguel (Sede),38.7910352,-9.2072574,38.791518,-9.202772,392,MINOR,
21591,Sociedade Filarmónica de Apoio Social e Recreio Artístico da Amadora - Quinta de S.miguel,38.7566788,-9.2204815,38.757982,-9.226942,579,MISMATCH,
21621,Aba-Associação Beneficente de Ajuda,39.399872,-8.224454,38.811456,-9.163661,104155,MISMATCH,
21636,The Sailors - Peixinho Amarelo,38.7915229,-9.1919023,38.792073,-9.191935,61,MATCH,
21648,Creche Lumiar,38.7710572,-9.1608269,38.771143,-9.160328,44,MATCH,
21651,"Sementinha Mágica, Jardim Infantil e Creche",39.7641288,-8.7398474,38.767418,-9.31208,121284,MISMATCH,
21661,Recanto Infantil Mafalda,38.6889659,-9.3247001,38.689566,-9.324855,68,MATCH,
21662,Saídos da Casca (Telheiras),38.758639,-9.170979,38.758295,-9.170086,86,MATCH,
21663,O Mundo dos Sentidos,38.7972439,-9.3433914,38.797097,-9.343697,31,MATCH,
21672,Creche - Associação Cantinho das Crianças do Prior Velho,38.7896501,-9.1209095,38.828452,-9.167508,5909,MISMATCH,
21674,Centro Social Comunitário Bº Sto António I,38.7961114,-9.1226331,38.7961264,-9.1224984,12,MATCH,
21675,Centro Comunitário do Bairro de Sto António II,38.7830223,-9.1098056,38.8302277,-9.167097,7225,MISMATCH,
21680,O Vale Azul Creche Limitada,38.7649768,-9.3205379,38.764933,-9.321276,64,MATCH,
21716,Os Pequenos Mafrinhas - Creche,38.917156,-9.2289417,38.918774,-9.229828,196,MINOR,
21717,Centro Social Paroquial de S. Vicente de Alcabideche-Extensão B.º C. Gulbenkian,38.7456886,-9.3899124,38.745711,-9.389792,11,MATCH,
21718,Centro Social Paroquial de S. Vicente de Alcabideche-Sede- Escola,38.7303402,-9.4077294,38.745711,-9.389792,2311,MISMATCH,
21721,Associação de Beneficiência Luso-Alemã,38.6865462,-9.3441998,38.685751,-9.344093,89,MATCH,
21722,Creche a Quintinha da Fidalga,38.7727255,-9.3014352,38.773884,-9.298558,281,MINOR,
21728,A Ovelhinha,38.7982594,-9.1801498,38.7989,-9.179679,82,MATCH,
21733,Externato Rainha Dona Amélia (Jardim Infantil da Lapa),38.7155371,-9.1610123,38.715644,-9.160936,14,MATCH,
21781,Padrão - Estabelecimento de Ensino,38.8286719,-9.1686536,38.82816,-9.168833,59,MATCH,
22541,Chupetas e Biberons,38.759553,-9.1667082,38.759681,-9.166684,14,MATCH,
22542,Jardim de Infância Mãe Patinha,38.9286273,-9.2426266,38.939067,-9.332898,7894,MISMATCH,
22543,"Kriabebes - Berçario, Creche e Jardim de Infância",38.708681,-9.2320862,38.572566,-7.911886,115655,MISMATCH,
22545,Jardim de Infância Canteiro dos Sonhos,38.7484922,-9.2822716,38.747409,-9.278933,314,MINOR,
22546,"Jardim da Fantasia - Actividades de Creche, Jardim de Infância e Afins",38.7255821,-9.1456125,38.724358,-9.15445,779,MISMATCH,
22547,Colégio da Torre,38.6975735,-9.2984658,38.697262,-9.299494,96,MATCH,
22549,Colégio Casa das Abelhinhas,38.779293,-9.0959561,38.77347,-9.095346,650,MISMATCH,
22552,"Colégio, Jardim de Infância ""A Sandrinha, Lda""",38.7852458,-9.214853,38.785175,-9.215086,22,MATCH,
22554,Berçario e Creche Fraldinhas e Fraldocas,38.7817305,-9.3220227,38.781643,-9.3222,18,MATCH,
22557,Creche e Jardim de Infância Nª Srª das Graças,38.7080629,-9.2238866,38.826144,-9.299749,14685,MISMATCH,
22558,Espaço a Criança,38.8164236,-9.099755,38.818538,-9.133484,2932,MISMATCH,
22587,Santa Catarina Externatos,38.7039613,-9.2521009,38.704378,-9.251974,48,MATCH,
22588,Palácio da Mymi - Colégio de Cascais,38.7140275,-9.4355632,38.713887,-9.435348,24,MATCH,
22647,Só Miminhos,38.7540297,-9.1687086,38.753049,-9.168058,123,MINOR,
22730,Ninho da Cegonha,38.7244887,-9.2277521,38.7244185,-9.2277849,8,MATCH,
22759,O Bercinho de Santa Rita,38.7568406,-9.2091006,38.756744,-9.209183,13,MATCH,
22764,Tutor T,38.7560591,-9.0948058,38.7070538,-9.1354884,6492,MISMATCH,
22773,O Rei na Barriga - Infantado,38.8448564,-9.1621886,38.8302277,-9.167097,1681,MISMATCH,
22774,Quintarola II,38.8266856,-9.0973654,39.0471354,-9.3441546,32504,MISMATCH,
22795,Infantário Pipos & Bibas,38.787801,-9.1916554,38.7879308,-9.1893315,202,MINOR,
22800,Castelo Mágico - Creche e Jardim de Infância,38.8141995,-9.3889863,38.81414,-9.388906,10,MATCH,
22801,Creche e Jardim de Infância Cosme e Damião,38.7812095,-9.3170411,38.781175,-9.315468,136,MINOR,
22804,Infantário Bem-Me-Quer,38.7807476,-9.3229907,38.780852,-9.323296,29,MATCH,
22806,O Planeta Bebé,38.7562102,-9.2747699,38.7561388888,-9.274624,15,MATCH,
22807,Cooperativa Miminhos Alegres CRL,38.7955977,-9.3292448,38.7941144,-9.3451089,1385,MISMATCH,
24256,Cespa - Centro Social da Paróquia de Nossa Senhora da Conceição de Abóbada,38.737385,-9.31304,38.737551,-9.312908,22,MATCH,
24378,Creche de Santa Teresinha,38.81164,-9.1878915,38.810569,-9.190479,254,MINOR,
24401,Centro Social Paroquial Casa de São José,38.9931483,-8.9725538,,,,NO_CS_COORDS,
24406,Creche da Lourinhã,39.2398536,-9.3115393,,,,NO_CS_COORDS,
24407,Creche da Associação de Promoção Social,38.9895958,-8.9723036,38.98895,-8.972271,72,MATCH,
24424,Cebesa - Creche e CATL José Garcês,38.7778295,-9.2238262,38.778225,-9.225591,159,MINOR,
24478,Santa Casa da Misericórdia da Venda do Pinheiro,38.9643602,-9.3832339,,,,NO_CS_COORDS,
24523,Os Ilustres,38.7929669,-9.1901151,,,,NO_CS_COORDS,
24586,Jardim de Infância Chiquinha,38.7060653,-9.1866717,38.70574,-9.186425,42,MATCH,
24589,Creche N.ª Sr.ª D` Ajuda,,,39.144358,-9.227907,,CS_ONLY,
24592,Centro de Desenvolvimento Comunitário da Charneca,38.7932014,-9.1472453,38.793259,-9.147404,15,MATCH,
24603,Creche da Quinta da Ponte - Associação Bem Estar Infantil Vila Franca Xira,38.9320551,-9.0227135,38.928852,-9.015627,709,MISMATCH,
24604,Cat-0/12 - Cat-12/18 - Creche (Fidalgos) - Ass.bem Estar Infantil V.f.xira,38.9585183,-8.9954515,38.96102,-9.01706,1889,MISMATCH,
24640,Ser Criança -Creche,38.69761,-9.3715192,38.697703,-9.371749,22,MATCH,
24642,Creche Salpicos de Alegria,38.7644812,-9.1550409,38.765054,-9.154991,64,MATCH,
24653,Curiosa Idade - Centro Infantil,38.7101038,-9.2411661,38.710132,-9.241121,5,MATCH,
24654,Os Caramelos - Creche e Jardim de Infância,38.9300612,-9.2960206,38.929781,-9.295541,52,MATCH,
24655,Traquinauta,38.6918516,-9.3371044,38.691996,-9.339284,190,MINOR,
24656,"Colégio Quinta da Parreirinha, Rede Morangos Lda.",38.8013171,-9.1039655,38.801506,-9.105243,113,MINOR,
24657,"Colégio das Colinas - Unipessoal, Lda.",38.7877953,-9.1885013,38.786644,-9.191789,312,MINOR,
24666,Colégio o Rezingão - Ensino Infantil,38.7600203,-9.2673548,38.759994,-9.267199,14,MATCH,
24667,Externato Nobel - Creche,38.7375423,-9.1356319,38.736481,-9.136785,155,MINOR,
24668,Cartola de Sonhos,38.7925095,-9.2202389,38.792339,-9.219967,30,MATCH,
24669,Colégio da Fonte,38.7462991,-9.2794503,38.716659,-9.298807,3699,MISMATCH,
24671,Creche Mãe Maria,38.7300346,-9.1396195,38.730079,-9.139531,9,MATCH,
24696,Colégio os Bobocas,38.7482036,-9.2812537,38.760982,-9.274263,1545,MISMATCH,
24697,Verde Água - Creche e Jardim de Infância,38.9367061,-9.3095484,38.935887,-9.310765,139,MINOR,
24778,Centro Comunitário Senhora da Boa Nova,38.7103854,-9.3865842,38.709357,-9.386034,124,MINOR,
24888,Campus Social do Olival,39.2346937,-9.0669892,,,,NO_CS_COORDS,
24895,O Barco do Mimo,38.7589919,-9.2734233,38.759015,-9.273161,23,MATCH,
24909,"Colinho das Tias, Lda.",38.7726528,-9.2894561,39.510078,-9.013612,85379,MISMATCH,
24911,Creche Mamã Galinha,38.8540097,-9.0773052,,,,NO_CS_COORDS,
24912,Os Trombinhas,38.7958082,-9.1749304,38.796097,-9.175518,60,MATCH,
24914,O Sonho dos Pestinhas,38.7932788,-9.1692593,38.793684,-9.168193,103,MINOR,
24932,Externato o Cantinho de Carcavelos,38.6904947,-9.3387408,38.690274,-9.335276,302,MINOR,
24933,Os Traquinas,38.7066176,-9.423769,38.706743,-9.423892,18,MATCH,
24934,Externato a Nova Toca,38.6989212,-9.3539513,38.698955,-9.354261,27,MATCH,
24935,A Casa Amarela,38.7615156,-9.1857714,38.76133,-9.185581,26,MATCH,
24939,Colégio Pequenos Índios,38.7490045,-9.168168,,,,NO_CS_COORDS,
25016,Creche os Batatinhas,39.2505125,-9.2214886,,,,NO_CS_COORDS,
25017,Amor Perfeito de Agualva-Cacém - Arpiac,38.7746356,-9.3122649,38.775592,-9.310293,201,MINOR,
25028,Colégio Flor da Linha,38.6973182,-9.2944843,38.697783,-9.2944,52,MATCH,
25029,"Iss Oeiras -International Sharing School Oeiras, S.A.",38.7401798,-9.3071973,38.741832,-9.306777,187,MINOR,
25030,Os Cachoeirinhos,38.8302958,-9.0995249,38.830074,-9.099804,35,MATCH,
25031,Colégio Refúgio dos Anjos,38.7457463,-9.3075721,38.735371,-9.308583,1157,MISMATCH,
25033,Colégio o Tapadinhas II,38.8088466,-9.3239654,38.807509,-9.325721,213,MINOR,
25042,Colégio Saint Daniel Brottier,38.7525411,-9.1309788,38.752063,-9.130572,64,MATCH,
25056,O Mundo da Alegria,38.7943695,-9.1944809,38.794628,-9.194825,41,MATCH,
25058,Aldeia dos Sonhos,38.8081755,-9.171837,38.808273,-9.171355,43,MATCH,
25059,Vem Brincar! Actividades Educativas,38.8023885,-9.3432188,38.782779,-9.34497,2186,MISMATCH,
25094,Colégio de Santa Maria,38.8450719,-9.161415,,,,NO_CS_COORDS,
25161,"Pequenos e Divertidos, Lda",38.7883225,-9.1756075,38.787599,-9.176262,98,MATCH,
25168,Colégio Rik & Rok Amadora,38.7779638,-9.2203659,38.779584,-9.22065,182,MINOR,
25176,Creche os Gonçalinhos,38.7259055,-9.2429218,38.681459,-9.327075,8818,MISMATCH,
25179,Creche o Piu-Piu Alegre,38.7737872,-9.2897117,38.773698,-9.289708,10,MATCH,
25180,Creche Ecobabies,38.7708602,-9.2850026,38.772953,-9.285781,242,MINOR,
25188,Pequenos e Reguilas,38.8077793,-9.1899592,38.807332,-9.189834,51,MATCH,
25191,Creche & Aparece,38.7701844,-9.0963707,38.770568,-9.096643,49,MATCH,
25331,Creche da Associação Popular Apoio à Criança,38.8659139,-9.063467,38.864913,-9.062706,129,MINOR,
25332,Creche do Reguengo Grande,39.2132824,-9.3200395,39.2664,-9.327222,5939,MISMATCH,
25451,Creche Caritas,38.758968,-9.1916683,38.75897,-9.191662,1,MATCH,
25751,King's College School Cascais,38.7099439,-9.4387113,38.708861,-9.437253,175,MINOR,
25938,"Associação Solidariedade Subud - Creche da Estrada de Alfragide, 49",38.7378058,-9.2131613,38.734881,-9.221431,788,MISMATCH,
26088,Creche São Jorge,38.737135,-9.2138318,38.737067,-9.215111,111,MINOR,
26089,Creche Morangos (Famões),38.7966873,-9.2095954,38.796731,-9.209533,7,MATCH,
26091,Giz Mágico,38.7514007,-9.2789705,38.752133,-9.281231,212,MINOR,
26093,Creche Maria Catita,38.74965,-9.169542,38.749653,-9.169492,4,MATCH,
26095,Colégio D. João de Castro,38.6858269,-9.3147871,38.685847,-9.314764,3,MATCH,
26112,Academia do Mimo,38.80802,-9.1879594,38.808233,-9.187872,25,MATCH,
26225,Creche Santa Madalena Canossa,38.7431182,-9.2671527,38.743213,-9.267186,11,MATCH,
26230,Creche Bibes e Chuchas,38.79966,-9.1779794,38.799408,-9.178783,75,MATCH,
26259,O Reino do Alão,39.046842,-9.0153146,,,,NO_CS_COORDS,
26265,Creche Municipal de Mafra,38.9462535,-9.3609382,38.743213,-9.267186,23993,MISMATCH,
26266,Creche da Atalaia,38.7463949,-9.2275456,38.748156,-9.232539,475,MINOR,
26267,Creche a Romã,38.7626322,-9.2380745,38.743953,-9.210122,3192,MISMATCH,
26268,Creche e Jardim de Infância - Da Junta de Freguesia de Alfragide,38.7353604,-9.2172078,38.737314,-9.222494,507,MISMATCH,
26319,Creche o Principezinho,38.7164208,-9.1476857,38.716672,-9.148353,64,MATCH,
26340,Creche da Falagueira,38.7589769,-9.2278419,38.7587,-9.227042,76,MATCH,
26421,Creche da Venteira,38.7576152,-9.2431087,38.756322,-9.24565,263,MINOR,
26478,Escola do Arco,38.6995356,-9.2916488,38.7019,-9.290406,284,MINOR,
26480,Ideia - Instituto para o Desenvolvimento Educativo Integrado na Acção,38.7138429,-9.3303779,38.713936,-9.330839,41,MATCH,
26578,Creche Santa Teresinha do Menino Jesus,38.7664614,-9.2365642,38.766258,-9.236539,23,MATCH,
26761,Creche do Casal do Telheiro,38.9986196,-9.0814889,38.997139,-9.082008,171,MINOR,
26778,Jardim Infantil do Patronato Cristo-Rei,38.7101023,-9.1606907,38.710282,-9.160348,36,MATCH,
26781,Fidalguinho - Jardim de Infância e Creche,38.7741632,-9.2890989,38.77395,-9.2893,29,MATCH,
26858,Fraldinhas e Travessuras,38.7363077,-9.2120525,38.738072,-9.208883,338,MINOR,
26982,Colégio Crescer no Infantado,38.8384119,-9.1562027,38.837986,-9.156525,55,MATCH,
27040,Santa Teresinha Jardim de Infância,38.9224134,-9.2295566,38.922169,-9.229294,35,MATCH,
27041,Externato da Quintinha,38.8058872,-9.1760099,38.806911,-9.173638,235,MINOR,
27042,A Ritinha - Externato e Jardim de Infância,38.7356516,-9.1553283,38.732614,-9.152672,409,MINOR,
27043,Colégio B-A-Baby,38.7122086,-9.2264747,38.710922,-9.226767,145,MINOR,
27123,Jardim Escola Monte Flor,38.7340853,-9.2345028,38.728783,-9.232533,614,MISMATCH,
27300,"Creche ""O Vale Encantado""",38.8186297,-9.156635,38.818558,-9.156739,12,MATCH,
27383,Centro Dr. José de Azeredo Perdigão,38.7963339,-9.1761773,38.785886,-9.187186,1503,MISMATCH,
27401,Chuva de Papel - Creche e Jardim de Infância,38.7633767,-9.1634194,38.763756,-9.161681,157,MINOR,
27420,Creche o Nosso Sonho,38.7271681,-9.3421489,38.727358,-9.341222,83,MATCH,
27479,Colégio Aqui Há Bebé,38.8550537,-9.4084393,38.894108,-9.390353,4616,MISMATCH,
27486,Parkids,38.7036483,-9.2984812,38.7030555555,-9.29827777777,68,MATCH,
27487,Colégio Moinho de Sonho,38.77769,-9.2353459,38.776242,-9.234692,171,MINOR,
27493,Academia dos Príncipes,38.7632852,-9.175101,38.763361,-9.175278,18,MATCH,
27495,Colégio Rik & Rok Alfragide,38.7239999,-9.2150741,38.725456,-9.217528,267,MINOR,
27503,Externato S. Miguel Arcanjo,38.7779761,-9.1140084,38.777739,-9.114056,27,MATCH,
27508,Mundo da Criança - Creche,39.0665975,-9.2557631,39.06671,-9.25627,46,MATCH,
27518,Infantário Popular Ribeiro Santos,38.727602,-9.1346837,38.726203,-9.135033,158,MINOR,
27519,Creche João Katz,38.7774613,-9.161439,38.775908,-9.162611,200,MINOR,
27520,Creche da Pampilheira,38.7113329,-9.4350663,38.743191,-9.208829,19943,MISMATCH,
27667,Creche os Pipoquinhas,38.7627583,-9.1790744,38.76115,-9.177867,207,MINOR,
27680,Os Pequenos Marqueses,38.7037242,-9.309496,38.7033,-9.309242,52,MATCH,
27682,Colégio a Quinta de Sintra,38.7990695,-9.3147178,38.799628,-9.314472,66,MATCH,
27873,Creche e Jardim de Infância Sonhos e Fantasias,38.7604081,-9.2334909,38.775518,-9.262139,2999,MISMATCH,
28042,Afid Geração,38.7391472,-9.2105999,38.737989,-9.210339,131,MINOR,
28270,Creche da Ameixoeira,38.7886197,-9.1546066,,,,NO_CS_COORDS,
28291,Creche - Torreguia Cooperativa Solidariedade Social,38.7016815,-9.43961,38.7016859,-9.4396102,0,MATCH,
28295,Creche de S. Clara,38.7781078,-9.1453308,38.778567,-9.145293,51,MATCH,
28311,Creche Materama de Vila Chã,38.7683738,-9.2350137,38.769658,-9.235618,152,MINOR,
28323,Creche Cantinho das Alfazemas,38.7602204,-9.0951924,38.759872,-9.095214,39,MATCH,
28326,Creche Algodão Doce,38.763045,-9.1760289,38.763281,-9.176418,43,MATCH,
28668,Jardim Escola - João de Deus de Odivelas,38.7975937,-9.1813425,38.797741,-9.181751,39,MATCH,
28672,Centro Infantil Maria de Monserrate,38.7435908,-9.1313415,38.744617,-9.131187,115,MINOR,
28880,Creche Cinco Estrelas,38.7759951,-9.1022525,38.7759,-9.102395,16,MATCH,
29038,Creche Crescer a Cores,38.7699356,-9.1884524,38.77091,-9.188958,117,MINOR,
29040,Nuclisol Jean Piaget - Creche dos Loios,38.7583482,-9.1225488,38.758785,-9.122345,52,MATCH,
29065,Creche Santa Clara,38.7781078,-9.1453308,38.873277,-9.085266,11792,MISMATCH,
29110,Colégio Espelho D Água,38.7949755,-9.1757507,38.794869,-9.175861,15,MATCH,
29117,Tocábrincar,38.7639414,-9.300769,38.76383,-9.300599,19,MATCH,
29118,Creche Sementes do Mundo,38.7712707,-9.1703317,38.771262,-9.169987,30,MATCH,
29143,Nuclisol Jean Piaget/ Creche de Campo de Ourique,38.7165988,-9.1717943,38.716812,-9.171507,34,MATCH,
29148,Creche José Mateus,38.7781199,-9.1176408,38.778313,-9.116891,68,MATCH,
29153,Creche Rainha Dona Leonor,38.7527468,-9.1973817,38.752774,-9.197648,23,MATCH,
29184,"Amores Perfeitos - Berçário e Creche, Lda.",38.8378455,-9.1557469,38.839132,-9.157752,225,MINOR,
29253,Colégio Helen Keller,38.7141468,-9.210056,38.71255,-9.21117,202,MINOR,
29255,A Mãe Canguru - Creche e Jardim de Infância Lda,38.7919459,-9.1228087,38.791857,-9.121375,125,MINOR,
29302,Creche Casa do Bebé,38.7456643,-9.2049823,38.745628,-9.205611,55,MATCH,
29303,Colégio do Mimo,38.8052964,-9.196736,38.825604,-9.220885,3078,MISMATCH,
29427,Colégio Ninho Maternal,38.8016806,-9.3454787,38.801544,-9.345458,15,MATCH,
29477,"Externato ""Pica-Pau""",38.8042344,-9.1934529,38.804335,-9.193421,12,MATCH,
29490,"Externato ""Alfa-Beta""",38.7160388,-9.2623093,38.715995,-9.262245,7,MATCH,
29523,Colégio Mira Rio,38.7592348,-9.1643414,38.700843,-9.221871,8189,MISMATCH,
29566,Colégio Quadrante,38.7077861,-9.4344336,38.707827,-9.434401,5,MATCH,
29578,Jardim de Infância Escola do Povo das Mercês,38.7894171,-9.3324704,38.789621,-9.332922,45,MATCH,
29585,Associação de Pais e Técnicos do Infantário Pedrita,38.7496343,-9.1938339,38.749776,-9.19492,95,MATCH,
29588,Colégio Papião,38.6970976,-9.3758562,38.697285,-9.375878,21,MATCH,
29591,Associação dos Amigos da Damaia,38.7465796,-9.2188187,38.746486,-9.218655,18,MATCH,
29635,Escola Ave-Maria,38.7051196,-9.1805812,38.705235,-9.180525,14,MATCH,
29677,Grãos de Gente - Creche e Pré-Escolar,39.39987,-8.224454,38.699504,-9.315605,122241,MISMATCH,
29696,Colégio Caminho do Rio,38.7933065,-9.3459037,38.793242,-9.345856,8,MATCH,
29714,Escola Internacional de Torres Vedras,39.1302539,-9.2574526,,,,NO_CS_COORDS,
29728,Lua Crescente,38.7753207,-9.1075719,38.775317,-9.107546,2,MATCH,
29740,The Sailors - Academia dos Peixinhos,38.7916903,-9.1937632,,,,NO_CS_COORDS,
29756,"Escola ""Nova Apostólica""",38.7008244,-9.3350311,38.700846,-9.336971,168,MINOR,
29773,A Mamã Coelha,38.778972,-9.1045529,38.777538,-9.103656,177,MINOR,
29777,Colégio Brinca e Educa,38.7184759,-9.3346541,,,,NO_CS_COORDS,
29796,Jardim Infantil da Associação Pessoal do Instituto Superior Técnico,38.7373705,-9.1393889,38.73725,-9.138726,59,MATCH,
30817,Externato Infantil e Primário Passos Manuel,38.7278236,-9.1366869,38.728531,-9.136865,80,MATCH,
31852,Jardim de Infância Bela Vista,38.7792489,-9.2293903,38.782678,-9.234703,598,MISMATCH,
31963,Park International School Campus Restelo,38.708322,-9.21605,38.713924,-9.212985,677,MISMATCH,
32815,Colégio Bebecas,38.7485042,-9.1763909,,,,NO_CS_COORDS,
32829,Espaço Educativo Creche da Ajuda,38.7100771,-9.1973003,38.709998,-9.1984,96,MATCH,
32831,Centro Infantil João de Deus Alvalade/Campo Grande,38.7574384,-9.1566717,38.759102,-9.15673,185,MINOR,
32844,Golfinho Saltitão,38.7113251,-9.2308933,38.711503,-9.230909,20,MATCH,
32847,Planeta dos Traquinas,38.8606493,-9.0739519,38.860829,-9.074006,21,MATCH,
32851,O Bom Principezinho,38.7897635,-9.1947325,39.325732,-9.194687,59597,MISMATCH,
32952,O Pomar - Creche e Pré-Escolar,38.7150756,-9.4370756,38.715206,-9.437127,15,MATCH,
32953,Escolinha da Kika,38.7014844,-9.2321656,38.701659,-9.232215,20,MATCH,
32983,Creche Vovovelos,38.9016306,-9.0367605,38.908213,-9.053373,1613,MISMATCH,
33295,Colégio Piloto Diese,38.7607238,-9.1294381,38.76087,-9.129479,17,MATCH,
33359,Centro Social Paroquial São Vicente Alcabideche - Extensão Janes,38.7509051,-9.4370039,38.730558,-9.407722,3401,MISMATCH,
33482,Saídos da Casca 2 (Parque das Nações),38.7859928,-9.096116,38.787086,-9.096155,122,MINOR,
33496,Centro Infantil Dr. António da Costa Leal,38.7850948,-9.1421697,38.784863,-9.142607,46,MATCH,
33503,"Brincar, Rir e Crescer",38.7924303,-9.3174049,38.792033,-9.318676,119,MINOR,
33539,Kidspot,38.7776279,-9.1597285,,,,NO_CS_COORDS,
33544,Colégio de Lapiás,38.8593856,-9.3244649,,,,NO_CS_COORDS,
33635,Horizonte Sagrada Família,38.7010799,-9.354922,,,,NO_CS_COORDS,
33795,Centro Social Paroquialsão João das Lampas - Jardim de Infância,38.8756623,-9.3993666,,,,NO_CS_COORDS,
33817,Park International School Praça de Espanha,38.7385244,-9.1618008,38.739273,-9.161691,84,MATCH,
34088,Creche Pulguinhas Mestres,38.8710431,-9.0573764,38.869843,-9.057798,138,MINOR,
34116,Gugulândia,38.7208408,-9.2596003,38.720744,-9.260046,40,MATCH,
34122,Os Pitruquinhas - Lisboa,38.7968287,-9.1952108,38.796633,-9.194202,90,MATCH,
34239,Colégio Galáxia Branca,38.7602106,-9.2676899,,,,NO_CS_COORDS,
34240,Colégio Small Land,38.8587021,-9.1355314,38.858215,-9.136488,99,MATCH,
34277,Creche da Associação de Ponte Rol,39.0929697,-9.3227554,,,,NO_CS_COORDS,
36515,Creche São Miguel Arcanjo,38.763624,-9.1621474,38.763673,-9.162323,16,MATCH,
36565,Creche Geração de Piratas,38.7143678,-9.3326756,,,,NO_CS_COORDS,
36621,Colégio do Paço,38.763923,-9.182288,,,,NO_CS_COORDS,
36636,Colégio Avião de Papel - Carcavelos,38.7073065,-9.3272648,,,,NO_CS_COORDS,
36638,Colégio Dom Pedrito,38.8054118,-9.3390694,,,,NO_CS_COORDS,
36655,Jardim Escola João de Deus - Belas,38.8012587,-9.2601169,,,,NO_CS_COORDS,
36675,Cebi - Arranhó,38.950171,-9.1391257,,,,NO_CS_COORDS,
36676,Turminha dos Pimpolhos,38.8271949,-9.1042207,,,,NO_CS_COORDS,
36700,CRID - Complexo Social de Alvide,38.7105789,-9.4239832,,,,NO_CS_COORDS,
36837,Park International School Campus Alfragide,38.7343084,-9.2240354,,,,NO_CS_COORDS,
37831,Creche do Convento do Desagravo,38.7150374,-9.1254859,,,,NO_CS_COORDS,
37896,Infantário dos Cadafais - SCM Alenquer,39.0052495,-8.9994113,,,,NO_CS_COORDS,
37900,Nido Montessori Lisboa,38.7437581,-9.1585782,,,,NO_CS_COORDS,
37996,Creche o Jardim Encantado II,38.8100558,-9.099884,,,,NO_CS_COORDS,
37999,Colégio Mais Mimo,38.7992533,-9.2044029,,,,NO_CS_COORDS,
38048,O Nosso Jardim - Póvoa de S. Iria,38.8592759,-9.0800555,,,,NO_CS_COORDS,
38713,Unidade de Apoio à Infância dos Serviços de Ação Social da Universidade de Lisboa,39.39987,-8.224454,,,,NO_CS_COORDS,
38719,Creche Nossa Senhoras das Graças (Polo 2),38.7063055,-9.2292235,,,,NO_CS_COORDS,
38756,Creche Casal do Pinto,38.7363991,-9.1218048,,,,NO_CS_COORDS,
38781,Creche da Estrada da Luz,38.7517366,-9.1731818,,,,NO_CS_COORDS,
38875,Park International School Campus Cascais,38.7092687,-9.4388814,,,,NO_CS_COORDS,
38877,Os Amiguinhos,38.8365818,-9.0963337,,,,NO_CS_COORDS,
38888,Externato Fernando Pessoa,38.7600662,-9.266653,,,,NO_CS_COORDS,
38889,"Tesourinhos à Vista, Unipessoal Lda",38.7677702,-9.2009793,,,,NO_CS_COORDS,
38891,Colégio Saber Crescer,38.8283977,-9.169018,,,,NO_CS_COORDS,
38892,Ouriços do Saber,38.8026572,-9.1925133,,,,NO_CS_COORDS,
38895,Espaço Educativo Ilha dos Amores,38.7555146,-9.0967179,,,,NO_CS_COORDS,
39145,Colégio Avião de Papel - Torres Vedras,39.0956326,-9.2625214,,,,NO_CS_COORDS,
39147,Creche - Jardim de Infância Faz de Conta 2,38.7900108,-9.3227647,,,,NO_CS_COORDS,
39156,Academia Sonhar e Crescer,38.7603524,-9.1974779,,,,NO_CS_COORDS,
39157,A Semente,38.7352485,-9.3080768,,,,NO_CS_COORDS,
39158,Didático e Positivo,38.706169,-9.4534309,,,,NO_CS_COORDS,
39159,Colégio Santa Cruz,38.744289,-9.2032953,,,,NO_CS_COORDS,
39282,"Life In Party, Lda",38.8063227,-9.1369842,,,,NO_CS_COORDS,
39286,O Montessori,38.711243,-9.1670748,,,,NO_CS_COORDS,
39288,L' École Trilingue,38.6995593,-9.2126195,,,,NO_CS_COORDS,
39289,Creche Papagaio Amarelo,39.1111761,-8.9903678,,,,NO_CS_COORDS,
213,Associação de Solidariedade Social dos Moradores do Bairro das Patameiras,38.7833909,-9.1860398,38.783325,-9.186396,32,MATCH,
247,Crevide - Creche Popular de Moscavide Associação sem Fins Lucrativos,38.7766867,-9.101832,38.776501,-9.102199,38,MATCH,
253,Centro Social Paroquial Casa de São José,39.0079172,-8.9651819,39.008042,-8.965522,32,MATCH,
303,Externato/ Semi-Internato Nossa Senhora da Assunção,38.7004734,-9.4239421,38.700347,-7.51113,165990,MISMATCH,
639,Secretariado Diocesano de Lisboa da ONPC - Centro Majari - CATL e Pré-Escolar,38.7899254,-9.1573698,38.78812,-9.158614,228,MINOR,
645,Secretariado Diocesano de Lisboa da ONPC - Chaborrilho - Pré-Escolar,38.7439327,-9.1290273,38.743032,-9.127615,158,MINOR,
681,Centro Social e Paroquial de Oeiras - Infantário de Santo Amaro,38.6892217,-9.3103686,38.689131,-9.309767,53,MATCH,
712,Colégio o Pelicano,38.7378734,-9.1292429,38.860311,-9.333808,22352,MISMATCH,
1404,"CATL ""O Nosso Mundo"" Apelação",38.814034,-9.1314808,38.813052,-9.133824,231,MINOR,
1410,Jardim Infantil o Alicerce,38.7976165,-9.1916928,38.798879,-9.192777,169,MINOR,
1428,Cat Quinta dos Bacelos,38.9659347,-9.0178528,38.953584,-8.992466,2589,MISMATCH,
1544,Externato Jardim da Arroja,38.7947093,-9.1947854,38.794825,-9.195059,27,MATCH,
1564,Centro Social Recreativo e Cultural da Maceira,39.1836853,-9.3276129,39.183922,-9.327022,57,MATCH,
1605,Sociedade de Instrução de Beneficência a Voz do Operário,38.705475,-9.199023,38.705637,-9.199208,24,MATCH,
1606,Sociedade de Instrução de Beneficência a Voz do Operário,38.7155652,-9.129229,38.715687,-9.129071,19,MATCH,
1610,Externato Liceal da Casa de São Vicente de Paulo,38.7597898,-9.1516625,38.763229,-9.138901,1171,MISMATCH,
1647,Apros - Associação de Educação e Promoção Social,38.7479526,-9.1778816,38.707276,-9.158326,4831,MISMATCH,
1648,Casa Pastorinhos de Fátima,38.7061423,-9.1589057,38.705649,-9.160055,114,MINOR,
1722,CATL do Centro Social e Paroquial Penha de França,38.7271395,-9.1262016,38.72722,-9.12602,18,MATCH,
1788,Confraria São Vicente de Paulo,38.7114,-9.143826,38.711415,-9.143746,7,MATCH,
2245,Centro Social Mãe de Deus,38.7285657,-9.1311221,38.728604,-9.130962,15,MATCH,
2248,Centro Social Paroquial Nossa Senhora do Amparo de Benfica,38.7513905,-9.2025541,38.751507,-9.202317,24,MATCH,
2251,Centro Social da Musgueira,38.7771984,-9.1545883,38.776565,-9.155136,85,MATCH,
2253,Centro Social Paroquial da Charneca,38.7919526,-9.1502562,38.792215,-9.150313,30,MATCH,
2258,Na Avózinha,38.7243384,-9.1485249,38.720357,-9.1457,506,MISMATCH,
4893,Cooperativa de Ensino - Os Leõezinhos,38.801577,-9.3743078,37.034138,-7.836716,238353,MISMATCH,
4900,Centro Social Paroquial do Cacém,38.7707414,-9.313028,38.771283,-9.31232,86,MATCH,
4908,Centro Social Paroquial de Mira Sintra,38.7834853,-9.3059211,38.784248,-9.305438,95,MATCH,
5117,Parque Infantil de Santa Catarina,38.7111505,-9.1482025,38.711019,-9.147517,61,MATCH,
5208,Fundação Cardeal Cerejeira,38.7668109,-9.1174333,38.764234,-9.109619,736,MISMATCH,
5263,"Centro Popular Infantil ""Nascer do Sol""",38.8041382,-9.0994049,38.805356,-9.099725,138,MINOR,
5442,Associação Cultural Moinho da Juventude - Sede,38.7431439,-9.21397,38.742736,-9.213861,46,MATCH,
5485,Centro Social de Reabilitação do Zambujal,38.7301915,-9.2120616,38.734038,-9.210313,454,MINOR,
5494,Creche da Abóboda - SCMC Cascais,38.7121305,-9.3746003,38.727108,-9.334015,3895,MISMATCH,
5502,Creche e Jardim de Infância de Nossa Senhora da Rocha,38.7293898,-9.2467277,38.729012,-9.246846,43,MATCH,
5574,Creche do Externato Modelo,38.7501445,-9.2234774,38.758774,-9.237932,1579,MISMATCH,
5813,O Nosso Colégio,38.7003418,-9.2168011,38.700276,-9.217064,24,MATCH,
5830,Associação Solidariedade Subud - Centro Educacional e Comunitário Roda Viva,38.7386309,-9.2196609,38.737829,-9.217519,206,MINOR,
5834,Infantário do Povo,38.7541554,-9.2868663,38.754294,-9.28742,50,MATCH,
5835,Casal Popular da Damaia,38.7452159,-9.2246341,38.745491,-9.22425,45,MATCH,
5838,Centro Soc. Paroq. São Maximiliano Kolbe - Equipamento de Infância,38.7473148,-9.1128991,38.745689,-9.112673,182,MINOR,
5841,Instituto Condessa de Cuba,38.7114053,-9.3035749,38.711837,-9.298958,403,MINOR,
5845,Jardim de Infância Julieta Pimenta,38.7539218,-9.2301664,38.754055,-9.230393,25,MATCH,
6090,Casa do Menino Deus,38.7445503,-9.1324529,38.744353,-9.132175,33,MATCH,
14088,Associação Luiz Pereira Motta,38.8322871,-9.1779889,38.826496,-9.171958,829,MISMATCH,
17008,Complexo da Cartaxaria - Infância - Santa Casa da Misericórdia de Arruda dos Vinhos,38.9770205,-9.076118,39.800554,-8.57811,101080,MISMATCH,
18235,Ced Nossa Senhora da Conceição,38.7197678,-9.156513,38.719703,-9.156539,8,MATCH,
18608,O Mundo das Tropelias,38.7946492,-9.171264,38.7949,-9.17061,63,MATCH,
21715,Serviço de Apoio Domiciliário,38.7460406,-9.3911584,38.739659,-9.392159,715,MISMATCH,
24644,Escola Raiz,38.6994482,-9.2128099,38.696861,-9.214751,333,MINOR,
24699,Colégio Quinta do Mar,39.140827,-9.3544991,39.143402,-9.355011,290,MINOR,
25116,Art & Manha,38.9443106,-9.3320856,38.943223,-9.336232,378,MINOR,
27651,"Jardim Infantil o Moinho do Bolinha, Lda.",38.8005146,-9.1831501,38.800852,-9.183402,43,MATCH,
27836,Associação de S.bartolomeu dos Alemães em Lisboa / Escola Alemã do Estoril,38.7077056,-9.3931581,38.705543,-9.393295,241,MINOR,
28659,Creche na Quinta,38.7823038,-9.1579321,38.782133,-9.157832,21,MATCH,
28662,Colégio Bartolomeu Dias,38.8502659,-9.07974,38.850695,-9.079047,77,MATCH,
28665,Creche Bolinha de Neve,39.0831586,-9.2549701,39.083351,-9.255061,23,MATCH,
29393,Secretariado Diocesano de Lisboa da ONPC - Panioli - Pré-Escolar,39.39987,-8.224454,38.78202,-9.120576,103445,MISMATCH,
29394,"Cooperativa de Ensino ""Os Pioneiros""",38.7326826,-9.1522724,38.728921,-9.109045,3773,MISMATCH,
29395,"Jardim Infantil ""O Bambi""",38.7008892,-9.2404038,,,,NO_CS_COORDS,
29405,Centro Social do Sagrado Coração de Jesus - S. Félix,38.7080182,-9.160373,38.708316,-9.161562,108,MINOR,
29406,Associação Popular do Lumiar,38.7750987,-9.1623548,38.775168,-9.162544,18,MATCH,
29411,Infantário Drª Mª Luz Sobral-Stª Cª Misericórdia,38.8073477,-9.4483,38.806747,-9.447868,77,MATCH,
29444,Jardim de Infância Azul e Rosa,38.8162757,-9.1201503,38.816499,-9.120568,44,MATCH,
29445,Jardim de Infância D. João II,38.7187919,-9.1658676,,,,NO_CS_COORDS,
29455,Nova Escola João de Deus Ramos,38.7358762,-9.1480467,38.736114,-9.146854,107,MINOR,
29456,J. Inf. o Pirilampo do Cruzeiro,38.7892229,-9.3495293,38.789382,-9.349066,44,MATCH,
29457,Boa Ventura Montessori Nursery School,38.6950258,-9.3715794,38.695246,-9.371612,25,MATCH,
29461,"Externato ""O Nial""",38.8040647,-9.3410615,38.804272,-9.341125,24,MATCH,
29465,Associação Escola 31 de Janeiro,38.6946712,-9.3555591,38.694713,-9.355411,14,MATCH,
29468,Colégio de Alfragide,38.7367264,-9.2184103,38.737056,-9.217922,56,MATCH,
29476,"Externato Infantil e Primário ""O Beiral""",38.7423053,-9.1966852,38.742429,-9.196765,15,MATCH,
29479,Colégio de São João de Brito,39.39987,-8.224454,38.773912,-9.15784,106462,MISMATCH,
29483,Externato da Luz,38.762286,-9.182702,38.762428,-9.182681,16,MATCH,
29484,Colégio Caravela,38.7556536,-9.1780294,38.755756,-9.177896,16,MATCH,
29487,"Externato ""Pim-Pam-Pum""",38.7614859,-9.1334454,38.767276,-9.163666,2698,MISMATCH,
29488,Cebe - Cooperativa de Ensino de Benfica,38.745197,-9.1806244,38.74526,-9.18065,7,MATCH,
29489,Externato de Nossa Senhora da Penha de França,38.7300835,-9.1298491,38.730138,-9.129825,6,MATCH,
29494,"Externato ""Grão Vasco""",38.7499114,-9.2033856,38.750012,-9.203407,11,MATCH,
29495,Colégio Quinta dos Girassóis,38.7568706,-9.2833512,38.756988,-9.28333,13,MATCH,
29496,"Jardim Infantil ""O Girassol Dourado""",38.7571626,-9.2673431,,,,NO_CS_COORDS,
29515,"Externato ""São Cristóvão""",38.7506106,-9.2036192,38.750789,-9.203627,20,MATCH,
29520,Externato Nobel - Jardim de Infância,38.7375423,-9.1356319,,,,NO_CS_COORDS,
29524,Colégio Planalto,38.7675468,-9.1660229,38.768089,-9.16675,87,MATCH,
29527,"Externato ""Rainha D. Estefânia""",38.7525429,-9.2309968,38.752589,-9.23108,9,MATCH,
29529,"Externato ""As Descobertas""",38.7079659,-9.2072081,38.708118,-9.207353,21,MATCH,
29530,Academia de Música de Santa Cecília,38.7823408,-9.159222,38.782374,-9.159293,7,MATCH,
29535,Colégio do Sagrado Coração de Maria,38.7351732,-9.136552,38.735468,-9.136379,36,MATCH,
29537,Escola Alemã do Estoril,38.7077056,-9.3931581,38.711606,-9.392954,434,MINOR,
29538,Escola Alemã de Lisboa,38.7591768,-9.1637106,38.759076,-9.163413,28,MATCH,
29542,"Externato ""O Viveirinho""",38.6122329,-9.1308349,38.761041,-9.23577,18888,MISMATCH,
29543,Externato de Dona Luísa Sigea,38.7053425,-9.3942807,38.705303,-9.394385,10,MATCH,
29544,"Externato ""Marcelino Champagnat""",38.7780304,-9.1264839,38.778039,-9.126658,15,MATCH,
29545,Fundação Salesianos - Salesianos do Estoril,38.703642,-9.4005858,,,,NO_CS_COORDS,
29547,Externato de S. José,38.7106015,-9.2169008,38.71015,-9.216065,88,MATCH,
29548,Colégio de São José do Ramalhão,38.7836324,-9.3695964,38.786773,-9.373056,460,MINOR,
29551,Fundação Denise Lester - Queen Elizabeth´s School,38.7520659,-9.1348091,38.751775,-9.134858,33,MATCH,
29552,Escola Selecta Prof. Doutor Amadeu Andrés,38.7295097,-9.1339853,38.729474,-9.133662,28,MATCH,
29553,Externato Florinda Leal,38.7026319,-9.3890605,38.702885,-9.388551,52,MATCH,
29561,"Externato ""O Poeta""",38.7643609,-9.1567287,38.764366,-9.156907,15,MATCH,
29563,"Colégio ""Dona Filipa""",38.7480197,-9.2288385,38.75079,-9.228502,309,MINOR,
29567,Escola Sueca,38.6869584,-9.339908,38.687031,-9.33996,9,MATCH,
29568,"Externato ""Anita""",38.7392565,-9.1559938,38.739564,-9.155897,35,MATCH,
29574,"Colégio ""O Cocas""",38.8756403,-9.0555608,38.928772,-9.011563,7028,MISMATCH,
29579,"Externato ""Flor do Campo""",38.8086942,-9.1901094,38.808641,-9.189633,42,MATCH,
29580,Jardim Infantil do Laboratório Nacional de Engenharia Civil,38.7588246,-9.1411534,38.763928,-9.141561,569,MISMATCH,
29582,Jardim de Infância os Meus Amigos,38.7724654,-9.3104524,38.772667,-9.310224,30,MATCH,
29583,Associação Unidos de Cabo Verde,38.781375,-9.2233415,38.782494,-9.222667,137,MINOR,
29584,"Externato ""A Escolinha""",38.6973635,-9.2250076,38.697447,-9.225029,9,MATCH,
29586,"Escola ""Pedro Nunes""",38.7158649,-9.1633397,38.715897,-9.163093,22,MATCH,
29590,"Externato ""Príncipes de Aviz""",38.7033816,-9.386048,38.703433,-9.386052,6,MATCH,
29592,IPS-International Preparatory School,38.7350386,-9.3843688,38.735036,-9.384395,2,MATCH,
29593,"""O Bosque"" Jardim Escola",38.7666201,-9.1132754,38.76666666,-9.112861111,36,MATCH,
29598,"Associação Infantil Juvenil ""O Nosso Recreio""",38.7902013,-9.1904461,38.787368,-9.191448,327,MINOR,
29608,"Externato ""Os Fofinhos""",38.7529704,-9.1340105,38.753055,-9.134074,11,MATCH,
29613,"Externato ""Padre António Vieira""",38.7109021,-9.2424012,38.710943,-9.242585,17,MATCH,
29614,Jardim de Infância Associação de Educação Popular Zambujal,38.7025846,-9.3456817,38.702863,-9.344924,73,MATCH,
29618,"Jardim de Infância ""As 4 Estações""",38.7547835,-9.2780349,38.754883,-9.278293,25,MATCH,
29620,Colégio da Bafureira,38.6885687,-9.3540314,38.688888,-9.354166,37,MATCH,
29621,"Jardim de Infância ""O Caracol Pimpão""",38.7605307,-9.2411888,,,,NO_CS_COORDS,
29628,"Externato ""O Pirilampo""",38.7924153,-9.1759154,38.792976,-9.176356,73,MATCH,
29630,"Jardim de Infância ""A Nova Escola""",38.7749518,-9.2969294,,,,NO_CS_COORDS,
29631,"Externato ""Roque Gameiro""",38.7456483,-9.2169101,38.746109,-9.217582,78,MATCH,
29642,Colégio D. Maria II Jarddim de Infância Lda,38.7566013,-9.2868353,38.756854,-9.286819,28,MATCH,
29672,"Externato ""Miguel Ângelo""",38.6885597,-9.3360028,38.688543,-9.336049,4,MATCH,
29675,Centro Social Paroquial de Santa Marta do Casal de Cambra,38.8036105,-9.2280653,38.803253,-9.227993,40,MATCH,
29676,Real Colégio de Portugal,38.7676891,-9.1807573,38.773376,-9.171929,993,MISMATCH,
29691,Jardim Monte,38.9150983,-8.9466146,,,,NO_CS_COORDS,
29692,Jardim de Infância o Farol,38.7513636,-9.2815915,38.751903,-9.281778,62,MATCH,
29693,Colégio de Santa Maria,38.7078988,-9.1600083,38.709175,-9.159027,165,MINOR,
29694,Colégio de S. Tomás - Conchas,38.767465,-9.1506131,38.767377,-9.149767,74,MATCH,
29695,Colégio São Tomás - Sete-Rios,38.7400983,-9.1655229,38.742893,-9.166187,316,MINOR,
29698,"Jardim Infantil ""O Pintainho""",38.7950195,-9.1717942,,,,NO_CS_COORDS,
29700,"Jardim Infantil ""O Pinhão""",38.8038161,-9.3789587,,,,NO_CS_COORDS,
29703,Jardim Escola o Cebolinha,38.7286694,-9.2834307,,,,NO_CS_COORDS,
29704,"Externato ""Santa Francisca""",38.7326128,-9.1276235,38.732617,-9.127612,1,MATCH,
29725,Jardim de Infância Krexe e Muito Mais,38.7818436,-9.3227624,,,,NO_CS_COORDS,
29732,Jardim de Infância Escolinha 7,38.767489,-9.2279619,,,,NO_CS_COORDS,
29745,Jardim de Infância Fantasias e Letras,38.7171221,-9.3481971,38.717298,-9.348208,20,MATCH,
29748,Colégio Infanta D. Maria de Portugal - Prime School Of Portugal,38.8004171,-9.3750132,38.800753,-9.375263,43,MATCH,
29750,Colégio de Carnaxide,38.728242,-9.2387597,38.728518,-9.238636,33,MATCH,
29753,"Externato ""A Colina do Sol""",38.7668793,-9.2177147,38.767053,-9.21775,20,MATCH,
29755,Colégio Oriente,38.7858082,-9.0972013,38.785846,-9.097149,6,MATCH,
29757,"Colégio Astoria, SA",38.7524033,-9.130307,38.752395,-9.13042,10,MATCH,
29760,Colégio Pedro Arrupe,38.7924455,-9.096754,38.793485,-9.097197,122,MINOR,
29765,"Jardim Infantil ""Pestalozzi""",38.7532021,-9.1542205,38.75317,-9.154008,19,MATCH,
29783,"Externato ""O Caracol""",38.7690066,-9.2343854,38.768946,-9.234452,9,MATCH,
29785,Parque Encantado Lda.,38.6976547,-9.2189625,38.698607,-9.218247,123,MINOR,
29790,Externato Afonso de Albuquerque,38.7813996,-9.3156122,38.781406,-9.316303,60,MATCH,
29791,Colégio dos Plátanos,38.7892965,-9.3221971,38.789999,-9.321138,121,MINOR,
29794,"Externato ""Os Primeiros Passos""",39.094795,-9.2587458,39.09484,-9.258923,16,MATCH,
29795,Colégio Valsassina,38.7555321,-9.1258201,38.755617,-9.126357,48,MATCH,
29797,"Externato ""Aljubarrota""",38.7563397,-9.2381706,38.756092,-9.238423,35,MATCH,
29799,Instituto Espanhol de Lisboa,38.6999849,-9.2391221,38.699995,-9.239157,3,MATCH,
29801,Jardim Infantil Caíque,38.7201233,-9.2698999,38.723865,-9.262411,771,MISMATCH,
29813,Ass. Actividades Tempos Livres de Bolonha - Pré-Escolar,38.8603746,-9.0754861,38.834672,-9.105768,3879,MISMATCH,
29848,Escola Básica do Casal do Telheiro,38.9986196,-9.0814889,,,,NO_CS_COORDS,
29941,"Escola Básica de Ventosa, Torres Vedras",39.0612332,-9.3160691,,,,NO_CS_COORDS,
29942,Escola Básica do Barro,39.0730426,-9.254356,39.070714,-9.254564,260,MINOR,
29943,Jardim de Infância de Casalinhos de Alfaiata,39.1074832,-9.3399449,,,,NO_CS_COORDS,
29944,Jardim de Infância de Cambelas,39.0802747,-9.4126195,,,,NO_CS_COORDS,
29945,Escola Básica de Dois Portos,39.0415231,-9.1783045,39.041585,-9.178472,16,MATCH,
29946,Jardim de Infância da Serra da Vila,39.0659946,-9.271326,39.092069,-9.258487,3104,MISMATCH,
29947,Jardim de Infância da Boavista - Silveira,39.118824,-9.370827,,,,NO_CS_COORDS,
29948,Escola Básica do Varatojo,39.0862353,-9.2783991,39.08721,-9.278125,111,MINOR,
29950,Escola Básica da Carvoeira,39.0816647,-9.1605777,,,,NO_CS_COORDS,
29951,Escola Básica de Santa Cruz,39.1312237,-9.3775858,,,,NO_CS_COORDS,
29952,Escola Básica de Runa,39.0651775,-9.2081365,,,,NO_CS_COORDS,
29953,Jardim de Infância de São Domingos de Carmões,39.0580351,-9.1363421,,,,NO_CS_COORDS,
29964,"Escola Básica do Vilar, Cadaval",39.189154,-9.1115363,39.188875,-9.110568,89,MATCH,
29965,Escola Básica de Chão do Sapo,39.2235389,-9.0769167,39.225582,-9.080251,366,MINOR,
29966,Escola Básica do Painho,39.3019223,-9.0424891,39.303498,-9.050649,724,MISMATCH,
29967,Escola Básica de Alguber,39.280779,-9.0206536,39.28079,-9.0207,4,MATCH,
29968,Jardim de Infância da Vermelha,39.2691711,-9.1038807,39.26914,-9.1039,4,MATCH,
29969,Escola Básica da Murteira,39.2338795,-9.0686893,39.23368,-9.06708,140,MINOR,
29991,Centro Escolar EB1/JI da Quinta das Mós,38.796451,-9.1479772,38.796405,-9.147955,5,MATCH,
29995,Escola Básica Arco-Íris,38.7638921,-9.1204351,38.764018,-9.121202,68,MATCH,
29999,Escola Básica Brito Pais,38.7806481,-9.2271664,,,,NO_CS_COORDS,
30001,Escola Básica de Paredes,39.0436789,-8.9970204,,,,NO_CS_COORDS,
30035,Escola Básica da Portela,38.7811574,-9.1104055,38.781094,-9.111907,130,MINOR,
30036,"Escola Básica da Quinta da Alegria, Moscavide",38.7807939,-9.106328,38.780968,-9.109654,289,MINOR,
30037,Jardim de Infância do Lumiar,38.7686515,-9.1618511,38.768904,-9.161819,28,MATCH,
30038,Jardim de Infância da Ameixoeira,38.780483,-9.159617,,,,NO_CS_COORDS,
30039,Escola Básica de Alverca - Malva Rosa,38.889548,-9.0463597,38.889011,-9.047396,108,MINOR,
30040,Jardim de Infância do Calhandriz,38.923816,-9.0612909,,,,NO_CS_COORDS,
30041,Jardim de Infância N.º 1 de Alverca do Ribatejo,38.9010057,-9.0367178,38.897498,-9.036414,391,MINOR,
30042,Jardim de Infância N.º 3 de Alverca do Ribatejo,38.8937961,-9.0458797,,,,NO_CS_COORDS,
30043,Jardim de Infância N.º 2 de Alverca do Ribatejo,38.9008731,-9.0372636,,,,NO_CS_COORDS,
30044,Jardim de Infância Gil Eanes,38.7689188,-9.1983319,,,,NO_CS_COORDS,
30049,Jardim de Infância de Bicesse,38.7252522,-9.373741,,,,NO_CS_COORDS,
30062,Jardim de Infância da Torre,39.39987,-8.224454,38.69723,-9.433669,130414,MISMATCH,
30066,Jardim de Infância da Quinta da Piedade,38.8681624,-9.0640591,,,,NO_CS_COORDS,
30067,Escola Básica do Casal da Serra,38.8614919,-9.0780776,,,,NO_CS_COORDS,
30068,Escola Básica de Póvoa de Santa Iria Norte,38.867376,-9.0676022,,,,NO_CS_COORDS,
30069,Escola Básica Quinta de São José,38.8027197,-9.1601357,38.802788,-9.160727,52,MATCH,
30070,Escola Básica Barbosa Du Bocage,38.7992199,-9.162221,38.799474,-9.162794,57,MATCH,
30071,Escola Básica de Unhos,38.7944888,-9.1064002,38.819232,-9.123807,3138,MISMATCH,
30086,Jardim de Infância da Terrugem,38.8488698,-9.3778953,,,,NO_CS_COORDS,
30087,Jardim de Infância de Arneiro dos Marinheiros,38.8738949,-9.397994,,,,NO_CS_COORDS,
30090,Jardim de Infância de Aldeia Grande,39.1499134,-9.160247,,,,NO_CS_COORDS,
30092,Jardim de Infância de Matacães,39.0926979,-9.2115195,,,,NO_CS_COORDS,
30094,Jardim de Infância de Belém,38.6992088,-9.2042252,,,,NO_CS_COORDS,
30097,Escola Básica Professor Manuel Sérgio,38.7127271,-9.2016877,,,,NO_CS_COORDS,
30104,Jardim de Infância de a-Dos-Cunhados,39.1504603,-9.2983723,,,,NO_CS_COORDS,
30105,Escola Básica da Póvoa de Penafirme,39.1475067,-9.361107,,,,NO_CS_COORDS,
30106,Jardim de Infância do Paúl,39.1028722,-9.283698,,,,NO_CS_COORDS,
30107,Jardim de Infância da Ponte do Rol,39.0941342,-9.3275729,,,,NO_CS_COORDS,
30108,Jardim de Infância da Boavista - Olheiros,39.106137,-9.261681,,,,NO_CS_COORDS,
30109,Jardim de Infância da Ribeira de Pedrulhos,39.0827044,-9.2983301,,,,NO_CS_COORDS,
30110,Jardim de Infância do Sobreiro Curvo,39.1556216,-9.3065297,,,,NO_CS_COORDS,
30111,Jardim de Infância da Fonte Grada,39.1043394,-9.3011065,,,,NO_CS_COORDS,
30114,Jardim de Infância Almirante Nunes da Matta,38.6903967,-9.3575967,,,,NO_CS_COORDS,
30115,"Jardim de Infância de Cotovios, a-De-Freire",38.9547918,-9.0421095,,,,NO_CS_COORDS,
30116,Jardim de Infância de Alhandra,38.9288079,-9.007535,,,,NO_CS_COORDS,
30117,JI Manique do Intendente,39.2205379,-8.8854163,,,,NO_CS_COORDS,
30118,Centro Escolar Alcoentre,39.2055393,-8.9570988,39.205678,-8.957725,56,MATCH,
30121,Escola Básica António Torrado,38.7136876,-9.3486663,38.713801,-9.348644,13,MATCH,
30122,Escola Básica de Tires,38.7213958,-9.3507773,,,,NO_CS_COORDS,
30123,Escola Básica Padre Agostinho da Silva,38.713562,-9.3446413,38.713481,-9.345277,56,MATCH,
30124,Escola Básica do Alto da Peça,38.7358321,-9.4015316,38.736218,-9.403133,145,MINOR,
30125,Escola Básica Professora Maria Margarida Rodrigues,38.7343051,-9.4075369,,,,NO_CS_COORDS,
30126,Jardim de Infância Fátima Campino,39.39987,-8.224454,,,,NO_CS_COORDS,
30155,"Jardim de Infância da Horta Nova, Lisboa",38.7656642,-9.1819885,38.765889,-9.18191,26,MATCH,
30156,Jardim de Infância de Bucelas,38.9015561,-9.1170859,38.902231,-9.118192,122,MINOR,
30235,Jardim de Infância das Azenhas dos Tanoeiros,38.7179345,-9.1225228,,,,NO_CS_COORDS,
30236,Jardim de Infância do Barril,39.0481046,-9.3977617,,,,NO_CS_COORDS,
30237,Jardim de Infância da Encarnação,39.0363871,-9.3693538,39.037484,-9.369103,124,MINOR,
30238,Jardim de Infância de Ribamar,39.0044928,-9.4159181,,,,NO_CS_COORDS,
30239,Jardim de Infância de Santo Isidoro,38.9930914,-9.3951774,38.993217,-9.39525,15,MATCH,
30355,Escola Básica Rosa Lobato Faria,38.7230174,-9.1218309,38.722184,-9.121973,93,MATCH,
30430,Jardim de Infância de Vialonga,38.8712378,-9.091501,,,,NO_CS_COORDS,
30431,Escola Básica de Alpriate,38.8628735,-9.0920281,,,,NO_CS_COORDS,
30432,Escola Básica N.º 3 de Vialonga,38.8712378,-9.091501,,,,NO_CS_COORDS,
30649,Escola Básica Engenheiro Duarte Pacheco,38.7354033,-9.1209625,38.735312,-9.13011,793,MISMATCH,
30650,Escola Básica do Bairro do Armador,38.7442616,-9.1210226,,,,NO_CS_COORDS,
30818,"Externato ""Luso-Britânico""",38.753967,-9.1363386,38.753745,-9.137194,78,MATCH,
31022,Escola Básica Santo António,38.7548969,-9.146759,38.754115,-9.147205,95,MATCH,
31033,"Escola Básica Aprígio Gomes, Mina",38.7664614,-9.2365642,38.767249,-9.236652,88,MATCH,
31034,"Jardim de Infância do Cerrado da Bica, Mina",38.7601677,-9.2309169,38.760275,-9.230793,16,MATCH,
31051,Jardim de Infância da Serra da Silveira,38.7778574,-9.2546255,,,,NO_CS_COORDS,
31052,Escola Básica de São Miguel de Alcainça,38.9213239,-9.2922385,38.921414,-9.292248,10,MATCH,
31054,Jardim de Infância de Barreiralva,38.9735401,-9.3282153,38.973913,-9.328533,50,MATCH,
31055,Jardim de Infância do Quintal,38.939712,-9.3679677,38.939708,-9.366016,169,MINOR,
31056,Escola Básica Dr. Sanches de Brito,38.9542126,-9.3388862,38.954197,-9.338742,13,MATCH,
31057,"Escola Básica das Freguesias de Igreja Nova e Cheleiros, Igreja Nova",38.9125723,-9.3303199,,,,NO_CS_COORDS,
31058,Jardim de Infância de Mafra,38.941768,-9.3357004,38.941524,-9.335652,27,MATCH,
31065,"Jardim de Infância do Bairro Padre Cruz, Lisboa",38.7709348,-9.1890172,38.785916,-9.220684,3211,MISMATCH,
31086,"Jardim de Infância N.º 2 do Cacém, Agualva",38.7749155,-9.2846535,,,,NO_CS_COORDS,
31096,Escola Básica da Fonte Santa,38.8410313,-9.1911257,38.841391,-9.190497,68,MATCH,
31097,"Jardim de Infância de Salemas, Loures",38.8810412,-9.1921245,,,,NO_CS_COORDS,
31098,"Escola Básica de Lousa, Loures",38.8907586,-9.2085655,38.89198,-9.209364,152,MINOR,
31099,Escola Básica de Montemor,38.8202935,-9.1998887,,,,NO_CS_COORDS,
31100,Escola Básica de Casainhos,38.8820652,-9.1681992,,,,NO_CS_COORDS,
31101,Escola Básica Cabeço de Montachique,38.9229587,-9.2920239,,,,NO_CS_COORDS,
31108,Escola Básica do Parque Silva Porto,38.7488528,-9.203616,38.746917,-9.20461,232,MINOR,
31110,Escola Básica N.º 1 do Bom Retiro,38.9557277,-9.0003354,38.954654,-8.999959,124,MINOR,
31111,Escola Básica N.º4 de Vila Franca de Xira,38.9426198,-8.9981696,38.941612,-8.99928,148,MINOR,
31112,Escola Básica João Villaret,38.8434586,-9.1602558,38.80097,-9.187678,5288,MISMATCH,
31113,Escola Básica de Casal dos Apréstimos,38.8093149,-9.1849282,38.808223,-9.185926,149,MINOR,
31114,"Escola Básica Artur Alves Cardoso, Caneças",38.8157167,-9.2139244,38.815597,-9.214057,18,MATCH,
31115,Escola Básica do 1ºciclo C/ JI do Infantado,38.8394682,-9.1605966,38.839616,-9.160483,19,MATCH,
31116,Escola Básica do 1ºciclo C/ JI de Santo Antão do Tojal,38.8539893,-9.1442519,,,,NO_CS_COORDS,
31117,Jardim de Infância de Pintéus,38.8673281,-9.1487764,,,,NO_CS_COORDS,
31118,Escola Básica do 1ºciclo C/ JI de à-Das-Lebres,38.8527184,-9.1670661,38.852883,-9.16722,23,MATCH,
31119,Escola Básica do 1ºciclo C/ JI de São Julião do Tojal,38.8583644,-9.1332176,38.859333,-9.134172,136,MINOR,
31120,Jardim de Infância da Manjoeira,38.8622216,-9.1614566,,,,NO_CS_COORDS,
31121,Escola Básica do 1ºciclo C/ JI do Zambujal,38.8704492,-9.1226759,38.870489,-9.122731,7,MATCH,
31122,Jardim de Infância Dr. João dos Santos,38.7975925,-9.1922605,38.797528,-9.19152,65,MATCH,
31123,Escola Básica de Porto Pinheiro,38.7944993,-9.1932442,38.795034,-9.192761,73,MATCH,
31124,Escola Básica da Malveira,38.9362482,-9.258801,38.936175,-9.258176,55,MATCH,
31125,Jardim de Infância do Gradil,38.9774827,-9.2715944,,,,NO_CS_COORDS,
31126,Jardim de Infância N.º 1 de Benfica,38.7431105,-9.1739309,38.747531,-9.196701,2035,MISMATCH,
31127,Jardim de Infância da Várzea de Sintra,38.7900091,-9.322744,38.818197,-9.395373,7031,MISMATCH,
31128,Jardim de Infância N.º 1 de Casal de Cambra,38.8025658,-9.2333315,,,,NO_CS_COORDS,
31129,Escola Básica da Alta de Lisboa,38.7828426,-9.1489956,38.783693,-9.151734,256,MINOR,
31130,Escola Básica do Bairro Madre de Deus,38.7332876,-9.1135671,38.733466,-9.113513,20,MATCH,
31131,Escola Básica Padre Abel Varzim,38.7139516,-9.1454138,38.713982,-9.145422,3,MATCH,
31138,Escola Básica de Santo Condestável,38.7199934,-9.1676537,38.71722222222,-9.170277777,383,MINOR,
31140,Jardim de Infância Luísa Ducla Soares,38.7077428,-9.2259794,38.70606,-9.226657,196,MINOR,
31141,Escola Básica da Quinta das Dálias,38.7917036,-9.2027109,38.791948,-9.201093,143,MINOR,
31142,Escola Básica Manuel Beça Múrias,38.6820085,-9.3240723,38.682066,-9.321648,211,MINOR,
31143,Jardim de Infância da Bobadela,38.8069506,-9.0980945,38.806798,-9.099197,97,MATCH,
31144,Jardim de Infância de Palmeiros,38.8350819,-9.3096444,38.835433,-9.307738,170,MINOR,
31145,Jardim de Infância de Morelena,38.8465983,-9.3118282,38.847057,-9.31082,101,MINOR,
31146,Jardim de Infância de Montelavar,38.8576525,-9.3331817,38.857979,-9.333496,45,MATCH,
31151,EB1/JI Sá de Miranda,38.6941567,-9.3281734,38.694236,-9.328044,14,MATCH,
31152,JI/EB Antero Basalisa,38.7276834,-9.2476743,38.727493,-9.247625,22,MATCH,
31153,Jardim de Infância da Quinta de São José,38.7930614,-9.1104774,38.793,-9.111,46,MATCH,
31154,Escola Básica de Sacavém,38.7928622,-9.1046385,38.792,-9.104,111,MINOR,
31155,Jardim de Infância de Terraços da Ponte,38.7975756,-9.1139117,38.763,-9.113,3845,MISMATCH,
31156,Escola Básica Manuel Teixeira Gomes,38.7523605,-9.1121543,38.753535,-9.111304,150,MINOR,
31157,Escola Básica Alice Vieira,38.7606354,-9.1131728,38.742206,-9.210346,8672,MISMATCH,
31162,Escola Básica N.º 195 de Lisboa,38.7537432,-9.1170395,38.75452,-9.117465,94,MATCH,
31163,Escola Básica Luiza Neto Jorge,38.7526956,-9.1239982,38.752888,-9.123986,21,MATCH,
31164,Jardim de Infância N.º 2 da Brandoa,38.7094234,-9.2901785,38.768373,-9.219219,8991,MISMATCH,
31174,Escola Básica da Flamenga,38.8112743,-9.1576369,,,,NO_CS_COORDS,
31175,Jardim de Infância de Frielas,38.8257762,-9.1422501,,,,NO_CS_COORDS,
31176,Escola Básica Paulino Montez / JI N.º 6,38.7718496,-9.1199086,38.774262,-9.118138,309,MINOR,
31177,Jardim de Infância de São Brás,38.7687309,-9.226425,38.769035,-9.226316,35,MATCH,
31178,Escola Básica do 1º Ciclo Pintora Maluda,38.7908742,-9.1519959,38.790935,-9.151793,19,MATCH,
31179,Escola Básica do 1º Ciclo Padre José Manuel Rocha e Melo,38.7748926,-9.1502274,38.775013,-9.150286,14,MATCH,
31184,Escola Básica Mestre Querubim Lapa,38.7328663,-9.161546,38.732892,-9.162303,66,MATCH,
31185,"Escola Básica Fernando Formigal de Morais, Varge Mondar",38.7570998,-9.3390419,38.757234,-9.338351,62,MATCH,
31186,Jardim de Infância da Conquinha,39.0843399,-9.2591974,39.079888,-9.25798,506,MISMATCH,
31187,EB Carlos Bernardes,39.0347894,-9.2605482,39.04047,-9.266252,801,MISMATCH,
31189,Jardim de Infância do Sarge,39.10238,-9.2315403,39.102077,-9.231549,34,MATCH,
31190,Jardim de Infância da Damaia,38.7429914,-9.2185957,,,,NO_CS_COORDS,
31199,Escola Básica D. Dinis N.º 1,38.7924505,-9.180753,38.792799,-9.180599,41,MATCH,
31200,Jardim de Infância Álvaro de Campos,38.7942482,-9.1717347,38.794887,-9.172593,103,MINOR,
31201,Jardim de Infância Roque Gameiro,38.7944305,-9.1759915,,,,NO_CS_COORDS,
31202,Escola Básica António Nobre,38.7459069,-9.1775599,38.746094,-9.178061,48,MATCH,
31203,Escola Básica de Laranjeiras,38.7540902,-9.1728178,38.755286,-9.173553,147,MINOR,
31214,Escola Básica C/Jardim-De-Infância Amélia Vieira Luís,38.7229132,-9.2249459,38.722848,-9.224999,9,MATCH,
31215,Jardim de Infância Tomás Ribeiro,38.7192659,-9.233385,38.718681,-9.232168,124,MINOR,
31318,Escola Básica da Vala do Carregado,39.004868,-8.955014,,,,NO_CS_COORDS,
31319,Escola Básica da Quinta da Cevadeira,38.9952201,-8.976849,,,,NO_CS_COORDS,
31499,Escola Básica de Porto Salvo,38.7162315,-9.3086865,38.714459,-9.304756,394,MINOR,
31500,"Escola Básica Pedro Álvares Cabral, Porto Salvo",38.7304026,-9.3142317,38.730558,-9.31793,321,MINOR,
31501,Escola Básica N.º 1 do Carregado,39.0264509,-8.9755545,,,,NO_CS_COORDS,
31502,Jardim de Infância de Cadafais,39.0050747,-9.0034657,39.004671,-9.003649,48,MATCH,
31516,Escola Básica São Miguel do Milharado,38.9286987,-9.2005152,,,,NO_CS_COORDS,
31517,Jardim de Infância da Venda do Pinheiro,38.9223245,-9.2353295,38.922724,-9.234901,58,MATCH,
31518,Jardim de Infância Beatriz Costa,38.9211976,-9.2127289,38.921275,-9.212677,10,MATCH,
31519,Jardim de Infância do Milharado,38.9494564,-9.196423,,,,NO_CS_COORDS,
31520,Escola Básica de Santo Estevão das Galés,38.8967462,-9.2524232,,,,NO_CS_COORDS,
31521,Escola Básica Prof. João Dias Agudo,38.9279709,-9.2006396,,,,NO_CS_COORDS,
31553,"Escola Básica Rómulo de Carvalho, S. Domingos de Rana",38.7272413,-9.3402229,,,,NO_CS_COORDS,
31554,Escola Básica 1ºciclo com Jardim de Infância de Seixal,39.2413349,-9.3142633,,,,NO_CS_COORDS,
31555,Escola Básica C/ Jardim de Infância do Vimeiro,39.1821987,-9.3142779,,,,NO_CS_COORDS,
31557,Jardim de Infância António José de Almeida,38.738868,-9.1394332,38.738131,-9.140118,101,MINOR,
31577,Jardim de Infância de Merceana,39.0963037,-9.1119816,,,,NO_CS_COORDS,
31578,Jardim de Infância de Aldeia Gavinha,39.0834001,-9.0947886,39.083337,-9.094675,12,MATCH,
31579,Jardim de Infância de Vila Verde dos Francos,39.1538755,-9.1119582,,,,NO_CS_COORDS,
31580,"Jardim de Infância de Cortegana, Alenquer",39.1098221,-9.0975128,,,,NO_CS_COORDS,
31581,"Jardim de Infância da Labrugeira, Alenquer",39.1561751,-9.0642918,,,,NO_CS_COORDS,
31582,Jardim de Infância de Pereiro de Palhacana,39.0429673,-9.1098706,,,,NO_CS_COORDS,
31584,Jardim de Infância de Penafirme da Mata,39.0900809,-9.0627201,,,,NO_CS_COORDS,
31588,Escola Básica de Alvide,40.2544685,-8.475726,38.696691,-9.422072,191312,MISMATCH,
31589,Escola Básica Professor Manuel Gaião,38.7102472,-9.4199249,38.709146,-9.419124,141,MINOR,
31607,Jardim de Infância de Carcavelos,38.6895245,-9.3346172,38.689637,-9.334523,15,MATCH,
31608,Escola Básica de Sassoeiros,38.7003075,-9.3284623,38.69918,-9.352977,2131,MISMATCH,
31610,Jardim de Infância da Falagueira,38.7589769,-9.2278419,38.758966,-9.22785,1,MATCH,
31612,"Escola Básica de Atalaia, Lourinhã",39.232985,-9.3359301,39.231515,-9.337804,230,MINOR,
31630,Escola Básica do Castelo,38.7131919,-9.1328389,38.713419,-9.132891,26,MATCH,
31635,Centro Escolar da Sapataria,38.9687808,-9.1977431,,,,NO_CS_COORDS,
31636,Jardim de Infância de Pontes de Monfalim,39.0336494,-9.126781,,,,NO_CS_COORDS,
31640,Jardim de Infância Roberto Ivens,38.7001626,-9.2491814,38.700277777,-9.2495833333,37,MATCH,
31641,Jardim de Infância José Martins,38.7101539,-9.2413239,38.710277777,-9.2419444444,56,MATCH,
31652,Escola Básica do Parque das Nações,38.7552319,-9.0974092,38.754916,-9.096995,50,MATCH,
31724,Escola Básica Boavida Canada,39.068862,-8.8698248,39.068666,-8.876531,579,MISMATCH,
31752,Escola Básica da Malveira da Serra,38.7532824,-9.4467041,38.753007,-9.446888,35,MATCH,
31753,Jardim de Infância de Murches,38.7348099,-9.4396327,38.733557,-9.439623,139,MINOR,
31754,Escola Básica do Cobre,38.7143259,-9.4367303,38.714002,-9.437121,49,MATCH,
31900,Jardim de Infância de Telheiras,38.760271,-9.1702474,38.760186,-9.170301,11,MATCH,
31910,Escola Básica Luz Carnide,38.7595804,-9.1862328,38.758827,-9.187989,174,MINOR,
31914,Colégio do Amor de Deus,39.39987,-8.224454,38.713926,-9.418832,128268,MISMATCH,
31916,Externato do Parque,38.7253443,-9.157278,38.725402,-9.157276,6,MATCH,
31917,Externato Marista de Lisboa,38.7474118,-9.1810882,38.747448,-9.181034,6,MATCH,
31918,Colégio do Bom Sucesso,38.6952788,-9.2116396,38.695622,-9.211039,65,MATCH,
31920,Jardim de Infância Abecedário,38.7664997,-9.2151359,38.766973,-9.216175,104,MINOR,
31926,Saint Dominic's International School,38.7131893,-9.3300496,38.713256,-9.329062,86,MATCH,
31942,Colégio Marista de Carcavelos,38.6923294,-9.3450754,38.692322,-9.344388,60,MATCH,
31944,Escola Básica de S. Pedro da Cadeira,39.0678531,-9.3709857,39.071447,-9.372047,410,MINOR,
31957,JI de Miragaia,41.1425852,-8.6132776,,,,NO_CS_COORDS,
31958,EB 1 Moita dos Ferreiros,39.2488454,-9.2266946,,,,NO_CS_COORDS,
31959,EB 1 Reguengo Grande,39.2863503,-9.2192434,,,,NO_CS_COORDS,
31961,EB 1 S. Bartolomeu dos Galegos,39.2751607,-9.2804837,,,,NO_CS_COORDS,
31969,JI da Cova da Moura,38.7450352,-9.2151721,,,,NO_CS_COORDS,
31970,EB1/JI Águas Livres,38.7576811,-9.209403,38.704997,-9.181399,6342,MISMATCH,
31997,EB1/JI da Mina,38.7587039,-9.2300906,38.758546,-9.229684,39,MATCH,
32036,Escola Básica Viscondessa dos Olivais,38.7694581,-9.1071296,,,,NO_CS_COORDS,
32037,Escola Básica Santa Maria dos Olivais / JI N.º 8,38.776328,-9.1163904,38.774734,-9.114939,217,MINOR,
32106,EB1/JI de Fetais,38.8022005,-9.1448804,38.800428,-9.145416,202,MINOR,
32107,EB1/JI N.º 1 de Camarate,38.802361,-9.1345721,38.79655,-9.135475,651,MISMATCH,
32164,Jardim de Infância de Azenha,38.8014904,-9.1911564,38.801591,-9.191132,11,MATCH,
32183,Escola Básica Eça de Queirós,38.8131916,-9.2018877,38.81454,-9.201649,151,MINOR,
32212,Escola Básica Vasco da Gama,38.7784379,-9.0935713,38.77843,-9.09345,11,MATCH,
32234,Escola Básica Artur Patrocínio,39.0008633,-9.2839687,,,,NO_CS_COORDS,
32235,Escola Básica de São Miguel,38.9319997,-9.2054941,38.986799,-9.244274,6955,MISMATCH,
32255,Escola Básica da Quinta da Vala,38.8958346,-9.0363598,,,,NO_CS_COORDS,
32269,Escola Básica Cesário Verde,38.8100031,-9.219343,38.809511,-9.21823,111,MINOR,
32270,JI Francisco Vieira Caldas,38.813034,-9.2280388,,,,NO_CS_COORDS,
32275,Escola Básica do 1ºciclo C/ JI do Fanqueiro,38.8388208,-9.1696536,38.839032,-9.169572,25,MATCH,
32285,Escola Básica Professora Maria Costa,38.8075871,-9.203849,38.808979,-9.205042,186,MINOR,
32294,"JI/EB São Bento, Valejas",38.7364058,-9.2670897,,,,NO_CS_COORDS,
32305,Escola Básica de Fernanda de Castro,38.7090051,-9.1698333,38.709166,-9.171111,112,MINOR,
32315,Escola Básica Dr. João dos Santos,38.7450122,-9.1081552,,,,NO_CS_COORDS,
32330,Centro Cultural e Recreativo das Crianças do Cruzeiro e Rio Seco,38.7063253,-9.1890258,38.707316,-9.189767,128,MINOR,
32347,Escola Básica de Vila Nova da Rainha,39.0372569,-8.9334691,,,,NO_CS_COORDS,
32349,Bloco I - Pré Escolar,38.8741641,-9.0552729,,,,NO_CS_COORDS,
32350,Bloco C+f - Pré Escolar,38.8655831,-9.0606075,38.870003,-9.065679,659,MISMATCH,
32429,Escola Básica de Santana da Carnota,39.0369601,-9.0666117,,,,NO_CS_COORDS,
32441,Escola Básica do Prior Velho,38.7926193,-9.1213325,38.792,-9.123,160,MINOR,
32445,Cei - Centro de Educação Infantil,38.7103515,-9.3543241,,,,NO_CS_COORDS,
32453,Escola Básica Olival do Covo,38.7923232,-9.1047993,38.794,-9.108,334,MINOR,
32563,Escola Básica de Olival Basto,38.7899365,-9.1653878,38.790157,-9.165369,25,MATCH,
32604,Jardim de Infância Praia da Areia Branca,39.2656295,-9.3291371,39.265662,-9.329235,9,MATCH,
32605,Jardim de Infância de Ventosa,39.2001967,-9.307194,39.200233,-9.306978,19,MATCH,
32623,Jardim de Infância de Ribamar,39.2539103,-9.3318332,,,,NO_CS_COORDS,
32624,Jardim de Infância de Lourinhã,39.2423374,-9.3112094,39.246044,-9.310497,417,MINOR,
32720,Escola Básica de Sobral de Monte Agraço e Santo Quintino,39.0222661,-9.1560502,39.022706,-9.157168,108,MINOR,
32750,Pré-Escolar Casa Nossa Senhora de Fátima,38.7448266,-9.2657393,38.745146,-9.265274,54,MATCH,
32763,Escola Básica Manuel Coco,38.7969641,-9.1941146,38.797127,-9.192918,105,MINOR,
32771,JI Camarões,38.8240599,-9.2442462,,,,NO_CS_COORDS,
32772,EB1/JI Cortegaça,38.8323483,-9.3230227,40.947915,-8.629568,242564,MISMATCH,
32773,EB1/JI Dona Maria,38.8138016,-9.2542933,,,,NO_CS_COORDS,
32774,EB1/JI de Maceira,38.8674695,-9.3122101,,,,NO_CS_COORDS,
32775,EB1/JI de Negrais,38.8794459,-9.2787491,,,,NO_CS_COORDS,
32776,EB1/JI de Pero Pinheiro,38.8551367,-9.3213828,,,,NO_CS_COORDS,
32777,EB1/JI de Sabugo e Vale de Lobos,38.8209999,-9.2903453,,,,NO_CS_COORDS,
32783,EB1/JI de Almargem do Bispo,38.8429668,-9.2719853,,,,NO_CS_COORDS,
32784,EB1/JI Aruil,38.8177171,-9.258376,,,,NO_CS_COORDS,
32785,EB1/JI de Lameiras,38.8458239,-9.3423378,,,,NO_CS_COORDS,
32840,Amovalflor-Associação de Moradores do Vale do Forno,38.7838748,-9.1755867,,,,NO_CS_COORDS,
33122,Escola Básica do 1º Ciclo Maria da Luz de Deus Ramos,38.7926659,-9.1517788,,,,NO_CS_COORDS,
33138,Escola Básica do 1º Ciclo Dr. Nuno Cordeiro Ferreira,38.7757558,-9.1551124,,,,NO_CS_COORDS,
33251,EB Nº2 de Vialonga,38.8774455,-9.0849237,38.878439,-9.085983,144,MINOR,
33256,EB1 e JI Arneiro,38.7025109,-9.3263042,,,,NO_CS_COORDS,
33257,JI Conde Ferreira,38.6985721,-9.3304265,,,,NO_CS_COORDS,
33271,Escola Básica de Lóios,38.758056,-9.125928,38.758928,-9.124366,167,MINOR,
33276,EB de Alpriate Nº2,38.8582431,-9.1052686,38.85621,-9.107596,303,MINOR,
33282,Eb1.2.3. C/ JI Pedro de Santarém,38.94159,-7.019043,38.749543,-9.194338,189589,MISMATCH,
33283,EB1 C/ JI Arquitecto Gonçalo Ribeiro Telles,38.7330072,-9.2040613,,,,NO_CS_COORDS,
33292,Escola EB1/ JI Adriano Correia de Oliveira,38.7661205,-9.1231874,38.767296,-9.121567,192,MINOR,
33302,Escola Básica José Jorge Letria,38.6979513,-9.4245017,38.698882,-9.425354,127,MINOR,
33303,Escola EB1/ JI Infante D. Henrique,38.7118105,-9.2445981,38.772403,-9.102404,14053,MISMATCH,
33340,EB1/JI Outeiro da Cabeça,39.1901607,-9.1808605,,,,NO_CS_COORDS,
33341,EB1/JI Monte Redondo,39.1138842,-9.2047504,39.895768,-8.835346,92538,MISMATCH,
33342,EB1/JI Maxial,39.1344353,-9.1770388,,,,NO_CS_COORDS,
33417,EB/ JI Hortênsia Diogo Correia,38.6971146,-9.3733572,38.697179,-9.373421,9,MATCH,
33418,EB/JI A. H. Oliveira Marques,38.704737,-9.3789575,,,,NO_CS_COORDS,
33419,EB/JI Caparide,38.7135421,-9.3654265,38.713692,-9.364349,95,MATCH,
33420,EB/JI Manique,38.7565854,-9.3604147,,,,NO_CS_COORDS,
33425,JI Tojalinho,38.843107,-9.2046043,,,,NO_CS_COORDS,
33426,EB1/JI Bragadas,39.39987,-8.224454,,,,NO_CS_COORDS,
33439,Escola Básica do Casal de Cambra,38.8027573,-9.2369116,38.802064,-9.236957,77,MATCH,
33446,EB de Loures,38.826266,-9.1722713,,,,NO_CS_COORDS,
33448,EB Fanhões,38.8809896,-9.1549583,38.880996,-9.155025,6,MATCH,
33466,EB/JI Padre Francisco Soares,39.0843102,-9.2584446,39.084188,-9.258031,38,MATCH,
33477,EB/JI Conquinha,39.0856039,-9.2603685,39.085523,-9.25898,120,MINOR,
33615,Escola Básica Professor Oliveira Marques,38.7235851,-9.1175453,38.72187648,-9.11642343,213,MINOR,
33737,Escola Básica do Sobral da Abelheira,38.9952281,-9.3342494,38.996327,-9.3341,123,MINOR,
33836,Escola Básica António Rebelo de Andrade,38.6965065,-9.3236303,38.697877,-9.326219,271,MINOR,
34062,Escola Básica Gomes Freire de Andrade,38.6963738,-9.3098708,38.696676,-9.309693,37,MATCH,
34379,Os Pipoquinhas Jardim de Infância,38.7621935,-9.1799102,,,,NO_CS_COORDS,
34535,EB Professor José Salvado Sampaio,38.7501572,-9.2095416,,,,NO_CS_COORDS,
34559,Escola Básica Actor Vale,38.7352176,-9.1301725,,,,NO_CS_COORDS,
34595,Pré-Escolar II,38.9951437,-8.9717104,,,,NO_CS_COORDS,
34596,Jardim de Infância o Cantinho,38.7577603,-9.2245474,,,,NO_CS_COORDS,
34776,Jardim Infantil Branca de Neve das Irmãs da Misericórdia,38.6919081,-9.3624437,,,,NO_CS_COORDS,
35129,Escola Básica Orlando Gonçalves,38.761694,-9.2049876,38.761257,-9.205244,53,MATCH,
35130,"Escola Básica Alice Leite, Alfornelos",38.7631404,-9.2087383,38.763198,-9.208664,9,MATCH,
35131,Escola Básica Santos Mattos,38.7529438,-9.2135081,38.753404,-9.213906,62,MATCH,
35148,Jardim de Infância do Bom Sucesso,38.9056974,-9.0459102,38.904868,-9.045221,110,MINOR,
35149,"EB1/JI Alice Vieira,",,,38.742123,-9.210683,,CS_ONLY,
35152,Escola Básica Maria Irene Lopes de Azevedo,38.7572906,-9.2094185,38.757818,-9.209364,59,MATCH,
35153,Escola Básica de Arruda dos Vinhos,38.9812421,-9.0801107,,,,NO_CS_COORDS,
35154,Escola Básica de Santiago dos Velhos,38.9406207,-9.1035951,,,,NO_CS_COORDS,
35155,Escola Básica de Arranhó,38.9576434,-9.1327624,38.955445,-9.134103,271,MINOR,
35175,Escola Básica com Jardim de Infância da Quinta Grande,38.7378503,-9.2264729,38.739912,-9.221979,452,MINOR,
35176,Escola Básica com Jardim de Infância do Alto do Moinho,38.7335231,-9.2160293,38.731007,-9.215389,285,MINOR,
35177,Escola Básica do Casal do Cotão,38.7636575,-9.3007311,38.763187,-9.300989,57,MATCH,
35178,Escola Básica N.º 2 de São Marcos,38.7510793,-9.3054029,38.748212,-9.301766,448,MINOR,
35179,Escola Básica N.º 1 de São Marcos,38.7575406,-9.2739874,38.74759,-9.293321,2009,MISMATCH,
35180,Escola Básica de Moinhos da Funcheira,38.7765575,-9.2337867,38.776683,-9.233765,14,MATCH,
35181,Escola Básica José Garcês,38.7778295,-9.2238262,38.778554,-9.223737,81,MATCH,
35182,Escola Básica da Terra dos Arcos,38.7568608,-9.2274803,38.755055,-9.226931,206,MINOR,
35183,Escola Básica Fernando Teixeira Lopes,38.7117181,-9.4163373,38.712165,-9.416156,52,MATCH,
35184,Escola Básica Raul Lino,38.7121774,-9.4076045,38.712287,-9.407746,17,MATCH,
35185,Escola Básica Dr. Vasco Moniz,38.9558963,-8.99908,38.956495,-8.999288,69,MATCH,
35186,Escola Básica Branquinho da Fonseca,38.7144586,-9.4505993,38.702979,-9.444657,1377,MISMATCH,
35187,Escola Básica de Areia - Guincho,38.7207385,-9.4640993,,,,NO_CS_COORDS,
35188,Escola Básica de Santa Susana,38.9222274,-9.3876028,38.916568,-9.383009,744,MISMATCH,
35189,Escola Básica de São João das Lampas,38.8786696,-9.3775863,38.87233,-9.398133,1913,MISMATCH,
35190,"Escola Básica de Bolembre, Magoito,",38.8716996,-9.4266499,38.868888,-9.427774,327,MINOR,
35193,Escola Básica N.º 3 de Agualva,38.7717465,-9.2922073,,,,NO_CS_COORDS,
35194,Escola Básica da Quinta da Fidalga,38.7747604,-9.2992206,38.774528,-9.298457,71,MATCH,
35195,Escola Básica com Jardim de Infância de Alfragide,38.7332392,-9.2178564,38.73751,-9.217753,475,MINOR,
35196,Jardim de Infância de a-Da-Beja,38.7868174,-9.2377779,38.790378,-9.230996,709,MISMATCH,
35197,Escola Básica Vasco Martins,38.7508635,-9.2322766,38.751029,-9.232345,19,MATCH,
35198,Escola Básica Fernando José dos Santos,38.7186893,-9.4104403,38.718804,-9.410422,13,MATCH,
35199,Jardim de Infância N.º 2 de Vila Franca de Xira,38.9529884,-8.9915542,38.952972,-8.991829,24,MATCH,
35200,Jardim de Infância de Povos,38.9541159,-8.9917693,38.974918,-8.982753,2441,MISMATCH,
35201,Escola Básica N.º 1 de Galiza,38.8104674,-9.4427442,38.705649,-9.383615,12733,MISMATCH,
35202,Escola Básica de Assafora,38.9049203,-9.4136486,38.853399,-9.384058,6275,MISMATCH,
35203,Escola Básica de Vila Verde,38.8738115,-9.4255668,,,,NO_CS_COORDS,
35204,"Escola Básica de Campelos,",39.19543,-9.2440021,39.195226,-9.242965,92,MATCH,
35205,"Jardim de Infância da Cabeça Gorda,",39.1906671,-9.266593,39.194762,-9.262205,592,MISMATCH,
35206,Escola Básica N.º 2 de Agualva,38.7735046,-9.3038541,,,,NO_CS_COORDS,
35207,Jardim de Infância Nossa Senhora da Anunciação,38.7728202,-9.2962401,38.773095,-9.29625,31,MATCH,
35208,Jardim de Infância Cesaltina Fialho Gouveia,38.7303368,-9.4078748,38.730426,-9.407836,10,MATCH,
35209,"Escola Básica da Ericeira,",38.9668166,-9.405833,38.966451,-9.405812,41,MATCH,
35210,Jardim de Infância de Vale do Paraíso,39.1169769,-8.8866283,39.117318,-8.886234,51,MATCH,
35211,Escola Básica do Pendão,38.7608859,-9.254008,38.760903,-9.254029,3,MATCH,
35212,Escola Básica N.º 6 de Santa Iria de Azoia,38.8360965,-9.0980313,,,,NO_CS_COORDS,
35213,Escola Básica do Bairro da Covina,38.8358809,-9.0889277,38.834454,-9.094073,473,MINOR,
35214,Escola Básica de Bela Vista,38.8459888,-9.0849826,38.846443,-9.084507,65,MATCH,
35215,Escola Básica de Colaride,38.768365,-9.2938052,38.768386,-9.29228,132,MINOR,
35216,Escola Básica da Freguesia de Santo Isidoro,39.0083673,-9.3878028,,,,NO_CS_COORDS,
35217,"Escola Básica da Freguesia da Carvoeira,",38.9521339,-9.4030622,,,,NO_CS_COORDS,
35218,Escola Básica Mário Cunha Brito,38.7802384,-9.2619808,38.779526,-9.261741,82,MATCH,
35219,Escola Básica de Pego Longo,38.7713034,-9.2569983,38.771403,-9.257024,11,MATCH,
35220,Escola Básica N.º 2 de Queluz,38.7539131,-9.2539274,38.755499,-9.250704,330,MINOR,
35221,Escola Básica N.º 5 de Santa Iria de Azoia,38.8385843,-9.0995737,,,,NO_CS_COORDS,
35222,Escola Básica do Alto da Eira,38.8464311,-9.0862377,38.844586,-9.08976,368,MINOR,
35223,Escola Básica de Via Rara,38.8513326,-9.0816641,38.851437,-9.08113,48,MATCH,
35235,"Jardim de Infância de Apelação, Quinta da Fonte",38.7905324,-9.1151801,,,,NO_CS_COORDS,
35236,Escola Básica Nº 1 de Apelação,38.8162809,-9.1353131,38.814845,-9.13472,168,MINOR,
35237,Escola Básica e Secundária Mestre Domingos Saraiva,38.8012053,-9.3510874,38.801322,-9.351132,14,MATCH,
35239,Escola Básica N.º 2 de São João da Talha,38.821008,-9.0960308,38.82107,-9.096354,29,MATCH,
35240,"Escola Básica Manuel Heleno, Carenque",38.7713551,-9.2502719,38.77112,-9.249633,61,MATCH,
35241,Escola Básica da Venteira,38.7581013,-9.2450127,38.757954,-9.245014,16,MATCH,
35242,Escola Básica Raquel Gameiro,38.7560268,-9.2421244,38.756268,-9.241947,31,MATCH,
35243,Jardim de Infância de Ral,38.8258626,-9.3600375,38.827282,-9.359928,158,MINOR,
35244,Escola Básica Maria Luciana Seruca,38.7021258,-9.2920179,38.70226,-9.291865,20,MATCH,
35245,Escola Básica de São José,38.7194536,-9.1423574,38.719653,-9.142249,24,MATCH,
35246,Escola Básica N.º 1 de Mem Martins,38.7855163,-9.3480336,38.7862,-9.34815,77,MATCH,
35247,Escola Básica Sophia de Mello Breyner Andresen,38.7940869,-9.2134443,38.794353,-9.213732,39,MATCH,
35259,Escola Básica de Algueirão,38.8044733,-9.3395635,38.804814,-9.339097,55,MATCH,
35260,"Escola Básica N.º 4 de São João da Talha,",38.8265643,-9.1024183,38.82705,-9.101805,76,MATCH,
35261,Escola Básica de Vale Figueira,38.8208757,-9.1030431,38.821416,-9.10374,85,MATCH,
35262,Escola EB1/JI de S. João da Talha,38.821299,-9.1037404,38.82379,-9.09629,702,MISMATCH,
35263,Escola Básica D. Carlos I,38.8093408,-9.379009,38.809147,-9.378911,23,MATCH,
35265,Escola Básica do Lourel,38.8138158,-9.3672923,,,,NO_CS_COORDS,
35266,Escola Básica Pintor Almada Negreiros,38.777605,-9.1447326,38.777647,-9.144733,5,MATCH,
35267,Escola Básica do Condado,38.7450155,-9.1117125,38.7452,-9.111691,21,MATCH,
35268,Escola Básica Gaivotas,38.7105374,-9.1451638,38.710072,-9.145144,52,MATCH,
35269,Escola Básica Luísa Ducla Soares,38.722154,-9.1437192,38.722205,-9.143807,9,MATCH,
35270,Escola Básica de Ouressa,38.7974624,-9.3520593,38.797476,-9.352031,3,MATCH,
35271,Jardim de Infância N.º 3 de Mem Martins,38.7803966,-9.3496421,,,,NO_CS_COORDS,
35272,Escola Básica de Mem Martins,38.7902074,-9.3530457,,,,NO_CS_COORDS,
35273,Escola Básica do Alto de Algés,38.7090143,-9.2342049,38.708816,-9.23395,31,MATCH,
35274,Escola Básica de Casais de Trigache,38.7981302,-9.2066784,38.799349,-9.207936,174,MINOR,
35275,Escola Básica Veiga Ferreira,38.7962759,-9.2180663,38.79629,-9.218463,34,MATCH,
35277,"Escola Básica N.º 3 da Bobadela,",38.8072113,-9.1003592,38.806885,-9.100228,38,MATCH,
35278,Escola Básica da Tapada das Mercês,38.7952711,-9.3279733,38.79533,-9.3279085,9,MATCH,
35279,Escola Básica Teixeira de Pascoais,38.7472164,-9.1360887,38.74722,-9.136035,5,MATCH,
35280,Escola Básica da Brandoa,38.7678092,-9.222519,38.769027,-9.218808,349,MINOR,
35281,Escola Básica Sacadura Cabral,38.7644128,-9.2147233,38.764537,-9.214747,14,MATCH,
35282,Escola Básica Mestre Arnaldo Louro de Almeida,38.7450866,-9.1568657,38.745443,-9.156071,80,MATCH,
35283,Escola Básica de Francos,38.7605918,-9.327522,38.76069,-9.327497,11,MATCH,
35284,Escola Básica N.º 1 de Lisboa,38.7575406,-9.2739874,,,,NO_CS_COORDS,
35285,Escola Básica Homero Serpa,38.7093503,-9.1932004,38.709557,-9.192672,51,MATCH,
35286,Escola Básica Raúl Lino,38.7058633,-9.1843675,38.70668,-9.180045,386,MINOR,
35287,Escola Básica de Santo Amaro,38.7036975,-9.1852695,38.703771,-9.185286,8,MATCH,
35288,Escola Básica da Rinchoa,38.7875831,-9.3195583,38.786976,-9.31883,92,MATCH,
35289,Escola Básica N.º 1 de Fitares,38.7885839,-9.3195574,38.784683,-9.313338,692,MISMATCH,
35291,Escola Básica de Ota,39.113622,-8.9888205,39.112232,-8.991011,244,MINOR,
35292,Jardim de Infância de Abrigada,39.1449952,-9.0162282,39.145262,-9.016166,30,MATCH,
35293,Jardim de Infância de Meca,39.0829912,-9.0356696,,,,NO_CS_COORDS,
35294,Escola Básica Engenheiro Ressano Garcia,38.7140058,-9.1656819,38.713737,-9.165619,30,MATCH,
35295,Escola Básica de Cabra Figa,38.7496661,-9.3371396,38.748873,-9.33788,109,MINOR,
35296,Jardim de Infância Padre Agostinho da Mota,38.756274,-9.3459582,38.757748,-9.345742,165,MINOR,
35298,Escola Básica de Cabanas de Torres,39.155706,-9.0634062,39.156143,-9.064955,142,MINOR,
35300,Escola Básica de Colares,38.8031694,-9.4576073,38.798638,-9.448203,958,MISMATCH,
35301,Jardim de Infância de Azenhas do Mar,38.8410319,-9.4608914,38.83792,-9.463534,415,MINOR,
35302,Jardim de Infância N.º 1 do Cacém,38.7665653,-9.309272,,,,NO_CS_COORDS,
35303,Escola Básica N.º 2 de Mem Martins,41.5136809,-8.7720324,38.79177,-9.340657,306494,MISMATCH,
35304,Escola Básica N.º 1 de Rio de Mouro,38.7575406,-9.2739874,,,,NO_CS_COORDS,
35305,Escola Básica EB1/JI Maria Lamas,38.7881356,-9.1815441,38.7881,-9.181252,26,MATCH,
35315,Agrupamento de Escolas Dr Azevedo Neves/ Escola Básica Condes da Lousã,38.7471078,-9.2228278,38.747654,-9.223332,75,MATCH,
35316,Agrupamento de Escolas Dr Azevedo Neves/ Escola Básica José Ruy,38.7486684,-9.2273161,38.74915,-9.22821,94,MATCH,
35317,Escola Básica N.º 2 de Abóboda,38.7167425,-9.3278649,38.71691,-9.328004,22,MATCH,
35318,Escola Básica de Trajouce,38.7367971,-9.3413037,38.737024,-9.340989,37,MATCH,
35319,Escola Básica de Santa Clara,38.7150374,-9.1254859,,,,NO_CS_COORDS,
35320,Escola Básica de Vila de Rei,38.9041058,-9.1038564,39.67963,-8.146191,119281,MISMATCH,
35321,Escola Básica da Portela de Sintra,38.7991207,-9.375845,38.799381,-9.376012,32,MATCH,
35322,Escola Básica de Sintra,38.799676,-9.392877,38.79985,-9.392369,48,MATCH,
35323,Escola Básica de Mucifal,38.8098128,-9.4423762,38.809135,-9.442529,77,MATCH,
35324,Escola Básica de São Pedro,38.7917679,-9.3805625,38.791824,-9.380254,27,MATCH,
35325,Escola Básica N.º 1 do Linhó,38.7698262,-9.3816182,38.772458,-9.356639,2185,MISMATCH,
35326,Escola Básica Jorge Mineiro,38.7456192,-9.2699831,38.745765,-9.269935,17,MATCH,
35327,Escola Básica Narcisa Pereira,38.7243249,-9.2628234,38.724556,-9.263725,82,MATCH,
35328,Escola Básica Cesário Verde,38.7194934,-9.2553322,38.718576,-9.254864,110,MINOR,
35329,Escola Básica de Vale Mourão,38.7651906,-9.3215345,38.766176,-9.319697,193,MINOR,
35330,Escola Básica Ribeiro de Carvalho,38.7693654,-9.3116929,38.769407,-9.311693,5,MATCH,
35331,Escola Básica N.º 1 da Serra das Minas,38.7575406,-9.2739874,38.786873,-9.332564,6035,MISMATCH,
35332,Escola Básica do Casal da Barôta,38.7608291,-9.277281,38.761158,-9.276541,74,MATCH,
35333,Escola Básica de Xutaria,38.7641932,-9.2770857,38.764156,-9.276981,10,MATCH,
35334,Escola Básica N.º 2 de Massamá,38.7542913,-9.2865279,38.753555,-9.287143,98,MATCH,
35335,Escola Básica N.º 2 da Serras das Minas,38.7869085,-9.3294202,38.78449,-9.329134,270,MINOR,
35336,Escola Básica N.º 2 de Rio de Mouro,38.7835741,-9.3247321,38.783466,-9.325253,47,MATCH,
35337,Escola Básica N.º 2 da Rinchoa,38.7855692,-9.3215761,38.784927,-9.320851,95,MATCH,
36269,EB1 Agostinho da Silva,38.7480353,-9.1061857,38.74789,-9.1062,16,MATCH,
36375,Escola Básica à-Dos-Cãos,38.8446785,-9.2232551,38.845368,-9.223353,77,MATCH,
36416,Jardim de Infância Vale Aveiras,39.1387946,-8.9078403,39.138944,-8.907944,19,MATCH,
36417,Escola Básica de Albarraque,38.7496378,-9.3508163,38.751062,-9.351767,179,MINOR,
36421,Escola Básica de Pêro Negro,38.9898257,-9.2029855,,,,NO_CS_COORDS,
36437,Escola Básica de Serradas,38.7692056,-9.3362911,38.769756,-9.333366,261,MINOR,
36456,Escola Básica Arquiteto Vítor Palla,38.7265576,-9.1251383,,,,NO_CS_COORDS,
36457,Escola Sampaio Garrido,38.7261247,-9.1323467,38.726208,-9.132379,10,MATCH,
36546,Colégio Infantil de Educação Popular da Poça,38.7033372,-9.3983482,38.702539,-9.392587,508,MISMATCH,
36547,Centro Social Paroq. Nª. Senhora da Conceição (Outurela),38.7242741,-9.2238221,38.724484,-9.223652,28,MATCH,
36916,Escola Básica Maria Máxima Vaz,38.7952726,-9.1768356,,,,NO_CS_COORDS,
36946,Escola Básica dos Castanheiros (JI e 1.º Ciclo),38.8117468,-9.2287805,,,,NO_CS_COORDS,
36951,Colégio de Talentos,38.7330226,-9.1402716,,,,NO_CS_COORDS,
36962,JI Alexandre Rodrigues Ferreira,38.704213,-9.1974954,,,,NO_CS_COORDS,
37128,Kriakrianças,38.7182293,-9.2412623,,,,NO_CS_COORDS,
37238,Escola Básica N.º 3 de Belas,38.7806662,-9.2622754,,,,NO_CS_COORDS,
37278,Jardim de Infância da Murteira,38.8632129,-9.1933447,,,,NO_CS_COORDS,
37279,Jardim de Infância Nº2 de Loures,38.8243818,-9.1652081,,,,NO_CS_COORDS,
37590,Escola Básica de Massamá,38.7573568,-9.2741073,,,,NO_CS_COORDS,
37619,Jardim de Infância de Moledo,39.2824319,-9.2574908,,,,NO_CS_COORDS,
37620,Escola Básica Frei Luís de Sousa,38.7408326,-9.1717645,,,,NO_CS_COORDS,
37621,Escola Básica do Sobralinho,38.9182333,-9.0242978,,,,NO_CS_COORDS,
37623,Escola Básica Anselmo de Oliveira,38.6904235,-9.3027296,,,,NO_CS_COORDS,
37624,Escola Básica de Murtal,38.7035576,-9.367899,,,,NO_CS_COORDS,
37625,Escola Básica Santo António,38.6915872,-9.3469818,,,,NO_CS_COORDS,
37627,Escola Básica da Dagorda,39.2756782,-9.0865379,,,,NO_CS_COORDS,
37628,Escola Básica de Figueiros,39.2790539,-9.0341996,,,,NO_CS_COORDS,
37629,Escola Básica N.º 1 do Cadaval,39.243048,-9.1064194,,,,NO_CS_COORDS,
37630,Jardim de Infância do Peral,39.2618955,-9.0753271,,,,NO_CS_COORDS,
37632,Escola Básica Padre Andrade,38.7249115,-9.3329972,,,,NO_CS_COORDS,
37633,Escola Básica Fausto Cardoso de Figueiredo,38.7095496,-9.3960071,,,,NO_CS_COORDS,
37634,Escola Básica do Beato,38.7304809,-9.1079419,,,,NO_CS_COORDS,
37635,Escola Básica N.º 4 da Parede,38.700406,-9.3543886,,,,NO_CS_COORDS,
37636,"Escola Básica Ricardo Alberty, São Brás",38.7705235,-9.2274335,,,,NO_CS_COORDS,
37640,Escola Básica do Bairro de São Miguel,38.7470169,-9.1457244,,,,NO_CS_COORDS,
37641,"Escola Básica Prista Monteiro, Lisboa",38.7647977,-9.1800229,,,,NO_CS_COORDS,
37788,Escola Básica do Mosteiro,38.7919162,-9.1870222,,,,NO_CS_COORDS,
38243,"Escola Básica de Lopas, Agualva",38.7756241,-9.2962759,,,,NO_CS_COORDS,
38244,Escola Básica N.º 1 da Bobadela,38.8079925,-9.099967,,,,NO_CS_COORDS,
38245,Escola Básica Jorge Barradas,38.7555783,-9.2035949,,,,NO_CS_COORDS,
38246,Escola Básica de Lombos,38.6893282,-9.3290196,,,,NO_CS_COORDS,
38248,Escola Básica Manuel da Maia,38.717486,-9.1702044,,,,NO_CS_COORDS,
38249,Escola Básica N.º 72,38.7120752,-9.1587416,,,,NO_CS_COORDS,
38250,Escola Básica N.º 2 de Monte Abraão,38.7637512,-9.2632063,,,,NO_CS_COORDS,
38263,Colégio Cantinho das Alfazemas,38.7608442,-9.0951879,,,,NO_CS_COORDS,
38280,JI/ EB1 da Rebelva,38.6964733,-9.3397653,,,,NO_CS_COORDS,
38307,Jardim de Infância o Palhaço Azul,38.7378531,-9.1605805,,,,NO_CS_COORDS,
38308,A Escolinha da Aldeia,38.6883179,-9.3330302,,,,NO_CS_COORDS,
38309,Colégio Dim Dam Dum,38.7947451,-9.3369894,,,,NO_CS_COORDS,
38310,Colégio Mem Martins,38.7947065,-9.3419731,,,,NO_CS_COORDS,
38311,Colégio Place4all,38.7192701,-9.1593019,,,,NO_CS_COORDS,
38312,Duende Mágico,38.8001065,-9.1778927,,,,NO_CS_COORDS,
38313,Jardim de Infância a Estrelinha Amarela,38.836745,-9.092529,,,,NO_CS_COORDS,
38314,Jardim de Infância Estrelas de Luz,38.7673066,-9.2377001,,,,NO_CS_COORDS,
38315,Associação KMCS - Kairos Montessori,38.7150456,-9.4635593,,,,NO_CS_COORDS,
38316,Laranja Lima,38.957201,-9.3380502,,,,NO_CS_COORDS,
38317,Lisbon Montessori School,38.7168911,-9.4372089,,,,NO_CS_COORDS,
38319,Tesouros e Aventuras,38.7593602,-9.2566282,,,,NO_CS_COORDS,
38320,The British School Of Lisbon,38.7082887,-9.1464368,,,,NO_CS_COORDS,
38321,United Lisbon International School - Ulis,38.7567436,-9.1069123,,,,NO_CS_COORDS,
38571,Colégio o Pinheiro Sabichão,38.8535794,-9.3265172,,,,NO_CS_COORDS,
38725,Escola Básica Visconde de Leceia,38.7521926,-9.2768624,,,,NO_CS_COORDS,
38753,Escola Básica de Casal Novo,39.220077,-9.3151662,,,,NO_CS_COORDS,
39097,Jardim de Infância Casal dos Sonhos,38.7610944,-9.2252523,,,,NO_CS_COORDS,
39202,JI Alzira Beatriz Pacheco,38.8006991,-9.1616553,,,,NO_CS_COORDS,
1807,Centro Infantil Santa Casa da Misericórdia de Alter do Chão,39.1956776,-7.6586885,39.196032,-7.659445,76,MATCH,
1811,Creche Nossa Senhora Anjos,39.1352937,-7.5880657,39.508871,-9.129802,138971,MISMATCH,
1817,Centro Infantil Nossa Senhora Vila Velha,39.0516765,-7.6436258,39.050744,-7.650268,583,MISMATCH,
1820,Infantário da Santa Casa da Misericórdia de Avis,39.0527076,-7.885442,,,,NO_CS_COORDS,
1824,Creche Casa Branca,40.2016751,-8.3974235,39.322997,-7.996567,103538,MISMATCH,
1825,Creche Nossa Senhora Graça,38.9637743,-7.7627477,38.951998,-7.677929,7450,MISMATCH,
1826,Infantário D. Anita,39.1590316,-7.9980949,39.159019,-7.998324,20,MATCH,
1828,Equip Soc da Santa Casa da Misericórdia de Sousel,38.9495076,-7.6746523,40.747055,-8.56781,213924,MISMATCH,
1831,Jardim de Infância da Santa Casa da Misericórdia de Ponte de Sor,39.250028,-8.0134771,39.250168,-8.013501,16,MATCH,
1835,Jardim de Infância Nossa Senhora Conceição,39.0755289,-8.1690953,39.077122,-8.168904,178,MINOR,
1841,Centro Paroquial Assistência Castelo Vide,39.4525545,-7.4814163,39.509831,-7.522978,7300,MISMATCH,
1848,Jardim de Infância Centro Bem Estar Social Arronches,39.1218363,-7.2845731,40.77731,-7.348173,184160,MISMATCH,
1860,Centro Infantil Vila Boim,38.8610732,-7.2766307,41.748304,-8.393031,334703,MISMATCH,
1862,Jardim de Infância Semi-Internato Nossa Senhora Encarnação,38.8821537,-7.1617458,39.332092,-8.911503,159046,MISMATCH,
1863,Jardim de Infância Semi-Internato Nossa Senhora Encarnação - Anexo,38.887129,-7.1539605,38.886635,-7.153833,56,MATCH,
1865,Obra de Santa Zita - Portalegre,39.2963016,-7.4297102,39.302343,-7.429497,672,MISMATCH,
1867,"Centro Social Infantil "" O Girassol""",39.2943042,-7.4290234,39.29363,-7.428872,76,MATCH,
1868,Centro Social e Jardim Infantil de São Cristóvão,39.2913292,-7.4237091,39.291407,-7.423741,9,MATCH,
1889,Centro de Bem Estar Social da Freguesia de Urra,39.2366533,-7.3889002,39.23727,-7.389548,88,MATCH,
1890,Lar de Nossa Senhora da Redonda,39.416322,-7.6184257,39.416795,-7.618663,56,MATCH,
1894,Centro Infantil Nossa Senhora Graça,39.5183802,-7.6492518,39.518281,-7.649059,20,MATCH,
1896,Fundação Centro Social Nossa Senhora do Paço,38.9575883,-7.2953043,38.959404,-7.296421,224,MINOR,
1897,"Jardim de Infância ""O Despertar""",39.0194187,-7.064483,39.019286,-7.064194,29,MATCH,
1899,Centro Dia Betânia-Campo Maior,39.0172038,-7.0638879,39.014613,-7.068671,504,MISMATCH,
1900,Centro Infantil a Eira,39.2908236,-7.6439395,39.291283,-7.643831,52,MATCH,
1908,"""O Cantinho""",38.8267156,-7.339496,39.007093,-7.248212,21556,MISMATCH,
1986,Obra de Santa Zita - Elvas,38.8762264,-7.1714862,38.875549,-7.173284,173,MINOR,
4115,Centro Infantil de Santa Eulália,39.0081155,-7.253369,41.507704,-8.581749,299919,MISMATCH,
4119,Creche Sagrada Família,39.4639834,-7.9353397,39.4638,-7.93506,32,MATCH,
16038,Infantário os Traquinas,39.3209365,-7.4962968,39.321611,-7.495636,94,MATCH,
16043,Centro Social Diocesano de Santo António,39.3013633,-7.4273943,39.300388,-7.429243,193,MINOR,
18148,Creche da Santa Casa da Misericórdia de Monforte,39.0558505,-7.4351392,39.057775,-7.435396,215,MINOR,
25045,Sítio dos Pequenotes,38.8838125,-7.1738795,,,,NO_CS_COORDS,
28328,"Associação Cresce ao Sol - Creche, Pré-Escolar e CATL",39.2560531,-8.0068205,,,,NO_CS_COORDS,
28701,Centro Infantil de S. António das Areias - Creche os Piratas das Areias,39.3976472,-7.3732655,39.419386,-7.347009,3306,MISMATCH,
28800,Centro Infantil de S. Lourenço,39.2992198,-7.431267,39.298613,-7.431145,68,MATCH,
32904,Creche do Lar Nossa Senhora da Graça de Póvoa e Meadas,39.5155696,-7.5200553,,,,NO_CS_COORDS,
34121,Os Pupilos,38.87513,-7.1792212,38.87702,-7.16863,941,MISMATCH,
21442,Centro Educativo Alice Nabeiro,39.0128267,-7.0641141,39.01284,-7.062921,103,MINOR,
29481,Colégio Luso-Britânico,38.87351,-7.1651546,38.873655,-7.165206,17,MATCH,
29831,Jardim de Infância de Monforte,39.0713026,-7.3956176,,,,NO_CS_COORDS,
29832,Jardim de Infância de Assumar,39.1432317,-7.3922193,,,,NO_CS_COORDS,
29905,Jardim de Infância de Vaiamonte,39.0923843,-7.5120644,,,,NO_CS_COORDS,
30850,Escola Básica de Atalaião,39.291666,-7.422279,,,,NO_CS_COORDS,
31029,Escola Básica C/ J.i. de São Vicente,38.9539544,-7.212708,38.953318,-7.213249,85,MATCH,
31030,"Jardim de Infância de Terrugem, Elvas",38.8267156,-7.339496,,,,NO_CS_COORDS,
31237,Jardim de Infância de Alcáçova,38.8791037,-7.1595314,,,,NO_CS_COORDS,
31238,Escola Básica das Fontainhas,38.8951354,-7.1417884,,,,NO_CS_COORDS,
31515,Escola Básica de Comenda,39.4008723,-7.7810374,39.400668,-7.78106,23,MATCH,
31529,Jardim de Infância de Avis,39.0523313,-7.8913323,,,,NO_CS_COORDS,
31530,Jardim de Infância de Benavila,39.1064551,-7.8702596,39.107875,-7.869807,163,MINOR,
31547,Jardim de Infância de Santo Amaro,38.9687966,-7.581811,,,,NO_CS_COORDS,
31728,Jardim de Infância de Cunheira,39.3203512,-7.8091064,,,,NO_CS_COORDS,
31840,"Escola Básica de Foros de Arrão de Cima, Ponte de Sôr",39.1656595,-8.2675856,,,,NO_CS_COORDS,
31843,"Escola Básica N.º 2 de Montargil, Ponte de Sôr",39.0783363,-8.1761667,,,,NO_CS_COORDS,
31845,"Escola Básica de Longomel, Ponte de Sôr",39.3342959,-7.991174,,,,NO_CS_COORDS,
32288,Escola Básica da Urra,39.2255456,-7.3999845,,,,NO_CS_COORDS,
32303,Escola Básica e Secundária de Gavião,39.399872,-8.224454,,,,NO_CS_COORDS,
32478,Jardim de Infância de Casa Branca,38.947955,-7.8053729,38.950922,-7.805978,334,MINOR,
32507,"Escola Básica e Secundária Padre Joaquim Maria Fernandes, Sousel - Jardim de Infância de Sousel",38.9568472,-7.6710489,,,,NO_CS_COORDS,
32508,"Escola Básica de Cano, Sousel - Jardim de Infância de Cano",38.9637743,-7.7627477,,,,NO_CS_COORDS,
33415,EB1/JI da Boa-Fé,38.8850336,-7.1567849,,,,NO_CS_COORDS,
33416,EB1/JI de Raposeira,38.8840941,-7.1729137,38.885864,-7.179461,600,MISMATCH,
35306,Escola Básica Ana Maria Ferreira Gordo,39.2904323,-7.650403,,,,NO_CS_COORDS,
35307,Escola Básica Frei Manuel Cardoso,39.0478895,-7.6455107,,,,NO_CS_COORDS,
35308,Escola Básica de Cabeço de Vide,39.130276,-7.5882662,39.129449,-7.586269,195,MINOR,
35338,Escola Básica de Santo Aleixo,38.921744,-7.4192341,,,,NO_CS_COORDS,
35339,Escola Básica de Castelo de Vide,39.4074493,-7.4458463,39.413334,-7.4516363,822,MISMATCH,
35340,Jardim de Infância de Póvoa e Meadas,39.4145063,-7.4531429,,,,NO_CS_COORDS,
35341,"Escola Básica de Ammaia, Portagem",39.370157,-7.3858252,,,,NO_CS_COORDS,
35342,Escola Básica Dr. Manuel Magro Machado,39.4135224,-7.3509227,,,,NO_CS_COORDS,
35356,Jardim de Infância de Alpalhão,39.4089823,-7.6150611,,,,NO_CS_COORDS,
35357,Jardim de Infância de Tolosa,39.421276,-7.7172136,,,,NO_CS_COORDS,
35358,Escola Básica de Alcôrrego,39.016847,-7.9121442,39.019232,-7.911924,266,MINOR,
35359,Escola Básica de Santa Luzia,38.8691398,-7.1686974,38.87441,-7.167793,591,MISMATCH,
35360,Jardim de Infância de Revoltilho,38.8674194,-7.1717324,38.869217,-7.170582,223,MINOR,
35362,Escola Básica da Calçadinha,38.8811974,-7.2111715,38.88215,-7.211576,112,MINOR,
35363,Jardim de Infância de Malvar,38.8751302,-7.1792213,38.866466,-7.209053,2756,MISMATCH,
35364,Centro Escolar Comendador Rui Nabeiro,39.0189,-7.0682148,,,,NO_CS_COORDS,
35365,Escola Básica de Ponte de Sôr,39.2516114,-8.0119838,39.25191,-8.010857,103,MINOR,
37642,Escola Básica de Alter do Chão,39.1878657,-7.7416703,,,,NO_CS_COORDS,
37643,"Escola Básica de Ervedal, Avis",39.0437382,-7.8113584,,,,NO_CS_COORDS,
38251,Escola Básica e Secundária Prof. Mendes dos Remédios,39.5090986,-7.647596,,,,NO_CS_COORDS,
2601,Abrigo Côrte Real- Obra de Nossa Senhora das Candeias,41.1598566,-8.6115804,41.175974,-8.465898,12325,MISMATCH,
2604,Equip. Soc. Associação de Solidariedade Social - O Amanhã da Criança,41.1965423,-8.5742843,41.21476,-8.560154,2345,MISMATCH,
2610,Equip. Soc. Centro Social de Ermesinde,41.2221169,-8.5560766,41.216828,-8.55367,622,MISMATCH,
2617,De Mãos Dadas - Associação de Solidariedade Social,41.1918806,-8.5756916,41.191359,-8.575864,60,MATCH,
2635,Associação de Moradores de Massarelos,41.1475159,-8.6308839,41.147536,-8.630847,4,MATCH,
2638,Equip. Soc. Centro Social de Cête,41.1763681,-8.3499319,40.680456,-7.711071,76950,MISMATCH,
2644,Equip. Soc. Santa Casa da Misericórdia de Paredes,41.2040116,-8.3317172,41.206038,-8.334224,308,MINOR,
2646,Associação Cultural e Desportiva da Casa do Povo de Vila Boa do Bispo/IPSS,41.1275728,-8.2134556,41.12606,-8.216397,298,MINOR,
2654,Equip. Soc. Centro Social Paroquial da Vila de Alpendurada,41.0848381,-8.2469795,41.089629,-8.246824,533,MISMATCH,
2656,Centro Bem Estar Infantil Visconde Sousela e Isabel Maria,41.2366178,-8.2890742,41.264774,-8.230895,5784,MISMATCH,
2657,Centro Social e Paroquial de Lustosa,41.3378998,-8.3195855,41.225671,-8.322669,12482,MISMATCH,
2659,Jardim de Infância e Creche do Centro Social e Paroquial de Alfena,41.2357726,-8.5253318,42.02457,-8.554634,87744,MISMATCH,
2661,Centro Social Paroquial de Águas Santas,41.2084141,-8.5689044,41.209451,-8.578651,823,MISMATCH,
2663,Equip. Soc. o Lar do Comércio,41.2205699,-8.6142956,41.218633,-8.614046,216,MINOR,
2666,Centro de Animação à Infância de Vermoim,41.2373171,-8.6190347,41.236094,-8.620927,209,MINOR,
2667,Creche Jardim de Infância Catassol,41.2239419,-8.6133491,41.223116,-8.61306,95,MATCH,
2668,Creche Jardim de Infância São Pedro Fins,41.2462853,-8.5501791,41.231475,-8.520405,2985,MISMATCH,
2669,Centro Social José Moreira da Silva e Lucinda Alves Silva,41.2472131,-8.63557,41.25726,-8.58055,4733,MISMATCH,
2674,Jardim de Infância Comendador Abílio F. Oliveira,41.3412089,-8.4808107,41.341858,-8.482713,174,MINOR,
2677,Casa de Beneficência Dias Machado (Creche),41.356956,-8.3654202,41.357191,-8.365744,38,MATCH,
2678,Associação do Infantário de São Tomé de Negrelos,41.3449408,-8.4013865,41.345112,-8.401338,19,MATCH,
2684,Centro Infantil de Matosinhos,41.1862554,-8.6874061,41.186258,-8.689323,160,MINOR,
2685,Creche e Jardim de Infância da Biquinha,41.1749321,-8.672783,41.174916,-8.672823,4,MATCH,
2686,"Jardim de Infância, Creche e ATL o Paraíso",41.1853546,-8.6845014,41.180475,-8.682379,571,MISMATCH,
2692,Creche e Jardim de Infância Senhora da Hora,41.185917,-8.6471602,41.186388,-8.646936,56,MATCH,
2694,"Creche, Jardim de Infância e ATL ""Maria do Rosário""",41.1579023,-8.611267,41.220103,-8.667651,8372,MISMATCH,
2696,Jardim de Infância Solidariedade Social da Urbanização Nortecoope - Solinorte,41.1913054,-8.6163721,41.191191,-8.616234,17,MATCH,
2697,Jardimcoope-Solidariedade Social,41.2229068,-8.610352,41.221776,-8.608862,177,MINOR,
2701,Jardim de Infância Sta. Cecília,41.1842668,-8.689284,41.18408,-8.689563,31,MATCH,
2712,Centro Paroquial - Casa da Sagrada Família de Penafiel,41.2071826,-8.285072,41.207274,-8.285196,15,MATCH,
2725,Jardim de Infância Centro Social da Paroquia de Penamaior,41.2857944,-8.4081055,41.285282,-8.407275,90,MATCH,
2740,Creche Jardim de Infância de Pedrouços,41.1883655,-8.5907681,41.188352,-8.590749,2,MATCH,
2741,Infantário Águas Santas I,41.2107062,-8.5766945,41.209451,-8.578651,215,MINOR,
2742,Jardim de Infância de Gondim,41.2618856,-8.5994091,41.261917,-8.599642,20,MATCH,
2743,Infantário de Crestins,41.2319591,-8.6609816,41.232949,-8.656819,365,MINOR,
2745,Creche Jardim de Infância de Nogueira,41.2273554,-8.5839165,41.228095,-8.583927,82,MATCH,
2747,Associação para o Desenvolvimento de Lagares,41.1237383,-8.3712418,41.050336,-8.345916,8433,MISMATCH,
2749,Equip. Soc. Obra Social Cultural Sílvia Cardoso,41.2778018,-8.3756792,41.277984,-8.376793,95,MATCH,
2755,"Creche, Jardim de Infância e Lar Maria Viana - SCM de Felgueiras",41.3685417,-8.1999791,41.368542,-8.199973,1,MATCH,
2765,Jardim de Infância da Associação de Promoção Social do Calvário,41.1857052,-8.466111,41.185472,-8.466209,27,MATCH,
2767,Equip. Soc. Centro Social e Cultural de Valbom,41.1410933,-8.5630509,41.141148,-8.563087,7,MATCH,
2774,Jardim de Infância Instituto de São José,41.3559098,-8.7441333,41.355214,-8.743877,80,MATCH,
2775,Jardim de Infância Centro Social Bonitos de Amorim,41.4047803,-8.7473511,41.404606,-8.747164,25,MATCH,
2778,Jardim de Infância Centro Social Cultural e Recreativo Arvorense,41.3374587,-8.717621,41.33833,-8.717642,97,MATCH,
2780,Centro Social da Paróquia de Beiriz,41.3965415,-8.7233604,41.396131,-8.721076,196,MINOR,
2782,Creche e Jardim de Infância Novo Mundo do Centro Social Paroquial de Navais,41.4302955,-8.7625773,41.430717,-8.761639,91,MATCH,
2783,Equip. Soc. Centro Social Paroquial de Terroso,41.4157772,-8.7365158,41.415997,-8.736722,30,MATCH,
2784,"Centro Social Paroquial da Junqueira "" O Sonho""",41.3798812,-8.6851661,41.380112,-8.68466,49,MATCH,
2786,Infantário D. Victória Graça Andrade Ferreira,41.3528383,-8.7427416,41.352839,-8.742803,5,MATCH,
2787,Centro Social Paroquial de Santa Marinha,41.1362283,-8.6138903,41.135962,-8.613984,31,MATCH,
2790,Creche Lar da Criança,41.1033509,-8.6439777,41.102618,-8.644622,98,MATCH,
2791,Fundação Couto,41.1189182,-8.6059909,41.04988,-8.652105,8595,MISMATCH,
2793,"Creche e Jardim de Infância ""O Regaço""",41.1207809,-8.609721,41.120831,-8.610022,26,MATCH,
2796,Centro Social de Coimbrões,41.1224603,-8.6324728,41.122505,-8.63275,24,MATCH,
2797,Creche e Jardim Infantil do Torne,41.1363892,-8.6067121,41.067876,-8.645707,8289,MISMATCH,
2800,Jardim de Infância Associação Social Recreativa e Cultural Trrim Trrim,41.1063076,-8.5966726,41.052903,-8.620826,6274,MISMATCH,
3601,Fundação Padre Luís,41.1219683,-8.5852224,41.121962,-8.585628,34,MATCH,
3602,Associação das Creches de Santa Marinha de Gaia,41.1356274,-8.6112933,41.1341,-8.609776,212,MINOR,
3604,Equip. Soc. Associação de Protecção à Terceira Idade - Af Vila Cova,41.3621018,-8.7591351,41.362398,-8.759466,43,MATCH,
3605,Centro Social de Fajozes,41.3149028,-8.7065935,41.314913,-8.70633,22,MATCH,
3610,Centro Social Paroquial de Aguçadoura,41.4240143,-8.7755561,42.02457,-8.554634,69250,MISMATCH,
3612,Jardim Escola - Misericórdia de Azurara,41.3483437,-8.752119,41.34779166666,-8.7519277777,63,MATCH,
3617,Equip. Soc. Centro Social Paroquial da Touguinha,41.3729109,-8.7170557,41.372896,-8.717461,34,MATCH,
3622,Lar de Santa Isabel,41.1560841,-8.6242191,41.095098,-8.542296,9647,MISMATCH,
3624,Creche Jardim de Infância D. Emília de Jesus Costa,41.1278254,-8.61586,41.128064,-8.616001,29,MATCH,
3629,Creche do Centro Social e Paroquial da Igreja do Sr. de Vera Cruz do Candal,41.1342342,-8.6311621,41.168892,-8.565884,6688,MISMATCH,
3635,Centro Social e Paroquial de Baltar,41.1926166,-8.3896211,41.20519,-8.330643,5129,MISMATCH,
3640,Centro Social Paroquial de Carvalhosa,41.3011096,-8.3612262,41.300328,-8.360993,89,MATCH,
3644,Jardim de Infância Associação de Beneficência Casas de São Vicente de Paulo,41.3743695,-8.1931109,41.374743,-8.194078,91,MATCH,
3656,Equip. Soc. da Santa Casa da Misericórdia de Valongo,41.1959424,-8.5091266,41.195696,-8.509674,53,MATCH,
3670,Creche e Jardim de Infância da Associação Humanitária Bombeiros Voluntários da Trofa,41.3432388,-8.5632658,41.343293,-8.563025,21,MATCH,
3672,Jardim Infantil Paroquial Encanto,41.1912848,-8.6321935,41.190682,-8.63044,161,MINOR,
3675,Jardim de Infância do Centro Cultural de Solidariedade Social de Guifões,41.1973528,-8.669718,41.197567,-8.669773,24,MATCH,
3678,Infantário de Gondivai - Centro Social Leça do Balio,41.2105725,-8.6341821,41.210514,-8.634386,18,MATCH,
3682,"Infantário ""Divino Salvador"" - Centro Social Padre Ramos",41.2592381,-8.7178241,41.259033,-8.718397,53,MATCH,
3683,Creche Cooperativa de Habitação Económica Sete Bicas,41.1906048,-8.6631057,41.190986,-8.662457,69,MATCH,
3686,Assus - Associação de Solidariedade Social da Urbanização do Seixo,41.1831525,-8.6300308,38.733361,-9.389794,279992,MISMATCH,
3689,Jardim de Infância Centro Social Paroquial de Perafita,41.2260986,-8.6963925,41.26352,-8.69024,4193,MISMATCH,
3704,Casa Nossa Senhora da Conceição,41.1649113,-8.6226882,41.164872,-8.622876,16,MATCH,
3705,Equip. Soc. Centro Social Nossa Senhora Pedra Maria,41.3497846,-8.2187007,37.10066,-7.692975,474643,MISMATCH,
3708,Creche Nossa Senhora da Conceição,41.3794565,-8.7566665,41.377121,-8.762979,587,MISMATCH,
3709,A Beneficente - Jardim de Infância Monsenhor Pires Quesado,41.3864615,-8.7615123,41.387415,-8.761786,108,MINOR,
3710,Centro Social da Sé Catedral,41.1430647,-8.6092313,41.141626,-8.610582,196,MINOR,
3711,Equip. Soc. Centro Social do Barredo,41.1405275,-8.614824,41.140465,-8.614864,8,MATCH,
3712,Infantário Flor de Abril | Benéfica e Previdente,41.1475541,-8.600397,41.147576,-8.600521,11,MATCH,
3717,Centro Social Paroquial São Miguel de Nevogilde,41.1620592,-8.6806409,41.161738,-8.680656,36,MATCH,
3719,Associação Nun'alvares da Campanhã,41.1576692,-8.5749741,41.158411,-8.575173,84,MATCH,
3724,Instituto Profissional do Terço,41.1608688,-8.6051473,41.230384,-8.007722,50581,MISMATCH,
3728,Infantário Grande Jardim - Centro Solidareidade Social Santo António das Antas,41.1025124,-8.6085089,41.102457,-8.608,43,MATCH,
3735,Obra Diocesana-Centro Social do Bairro do Lagarteiro,41.1532853,-8.5670435,41.153791,-8.570206,271,MINOR,
3737,Centro Social São Roque da Lameira,41.1654012,-8.5756347,41.165758,-8.576295,68,MATCH,
3739,Centro Social Fonte de Moura,41.1698951,-8.6593649,41.170955,-8.661316,201,MINOR,
3741,Centro Social do Regado,41.1744167,-8.6188675,41.174125,-8.61844,48,MATCH,
3744,Centro Social da Pasteleira,41.1523654,-8.6619121,41.114006,-8.611509,6001,MISMATCH,
3746,Centro Social do Bairro Rainha Dona Leonor,41.1481396,-8.6611608,41.277984,-8.376793,27826,MISMATCH,
3749,Centro Social do Bairro do Cerco do Porto,41.1584904,-8.5703263,41.159682,-8.56868,191,MINOR,
3750,Obra Diocesiana de Promoção Social - Centro Social São João de Deus,41.1779591,-8.5724021,41.177773,-8.57485,206,MINOR,
3752,Centro Social do Bairro Carriçal,41.1793302,-8.6103697,41.179175,-8.611395,88,MATCH,
3756,Jardim de Infância Centro Bem-Estar Social de Nossa Senhora do Socorro,41.1726068,-8.6659262,41.172732,-8.666005,15,MATCH,
3767,Centro Infantil a Minha Janela,41.1499837,-8.6194309,41.219002,-8.549979,9627,MISMATCH,
3774,Colégio Nossa Senhora da Esperança,41.1453974,-8.6024113,41.14554,-8.603161,65,MATCH,
3785,Centro Infantil de São Mamede,41.196742,-8.6115699,41.191087,-8.61165,629,MISMATCH,
3788,Equip. Soc. Centro Social da Foz do Douro,41.1480087,-8.6729144,41.148065,-8.673018,11,MATCH,
3792,Centro Social Paroquial do Carvalhido,41.1670715,-8.6254407,41.166629,-8.625114,56,MATCH,
4612,A Toquinha 2,41.3787196,-8.7621703,41.154968,-8.611984,27867,MISMATCH,
4613,"Associação das Creches de São Vicente de Paulo - Creche, Pré-Escolar, CATL",41.153629,-8.6060011,41.153542,-8.608388,200,MINOR,
4614,O Popas Creche e Jardim de Infância,41.1664849,-8.596617,41.166331,-8.596587,17,MATCH,
4616,Centro Infantil da Zona de Justino Teixeira,41.1525642,-8.5907642,41.152656,-8.591094,29,MATCH,
4618,Jardim de Infância os Rabinos,41.1583146,-8.6395096,41.158481,-8.639677,23,MATCH,
4622,"Equip. Soc. Perpétuo, Educação e Cultura",41.1623201,-8.6025806,41.16305,-8.602606,81,MATCH,
4625,Creche e Jardim de Infância do Centro Social Paroquial de Nossa Senhora da Vitória,41.1434966,-8.6162007,41.143615,-8.615803,36,MATCH,
4644,Instituto Municipal Condessa de Lumbrales,41.1712017,-8.5840854,41.171252,-8.584177,9,MATCH,
4655,Centro Social da Paroquia de Nossa Senhora da Ajuda,41.1522827,-8.659654,41.152727,-8.663594,334,MINOR,
4659,O Pequerrucho Creche Jardim de Infância,41.1490859,-8.5950635,41.14895,-8.595009,16,MATCH,
4664,"Chupetão Educação Infantil,",41.1760522,-8.6611585,41.175974,-8.661389,21,MATCH,
4668,Jardim de Infância da Associação de Beneficência Florinhas do Lar,41.1549356,-8.6036984,41.15459,-8.603041,67,MATCH,
4671,Equipamento Social do Viso,41.1766934,-8.6438018,41.178436,-8.644489,202,MINOR,
4680,Centro Social da Paroquia de Gulpilhares,41.0768656,-8.6289433,41.092568,-8.632333,1769,MISMATCH,
4681,Jardim de Infância Jean Piaget,41.0617923,-8.6319382,41.077467,-8.63543,1767,MISMATCH,
4683,Jardim de Infância Centro Social de Sandim,41.0255119,-8.5050739,41.02587,-8.505744,69,MATCH,
4684,Jardim de Infância Centro Social de Candal Marco,41.1352556,-8.6311451,41.134347,-8.626381,412,MINOR,
4686,Centro Paroquial de S. João Baptista de Canelas,41.0787625,-8.5961158,40.663463,-7.914291,73615,MISMATCH,
4687,Associação Pró-Infância de Pedroso - Jumbo Jardim Infantil de Pedroso,41.0664765,-8.5714598,41.066056,-8.571933,61,MATCH,
4698,Centro Juvenil Campanhã - Creche / Pré-Escolar,41.1501437,-8.5829424,41.150671,-8.581452,138,MINOR,
4712,Equip. Social Centro Social do Soutelo,41.1948108,-8.5870787,41.168879,-8.550714,4192,MISMATCH,
4715,Colégio Maria Droste,41.2092509,-8.5542556,41.214703,-8.553002,615,MISMATCH,
5888,Creche o Patati,41.1622974,-8.6346692,41.162158,-8.634442,25,MATCH,
5906,Creche Adarsol,41.1696769,-8.6051273,41.169867,-8.604958,25,MATCH,
5908,Creche Jardim de Infância as Formiguinhas,41.3705822,-8.200341,41.371316,-8.199903,89,MATCH,
5910,"Saber Crescer-Centro de Actividades de Tempos Livres, Lda.",41.136984,-8.5305951,41.136874,-8.530736,17,MATCH,
5911,Creche Arco Íris,41.1872001,-8.6525238,41.19498,-8.656187,918,MISMATCH,
5913,A Teia,41.1879474,-8.5003066,41.188067,-8.500925,53,MATCH,
5914,Colégio Casa Mãe,41.1864498,-8.3709586,41.199383,-8.442908,6190,MISMATCH,
5915,Jardim de Infância Aniquibébé,41.1192031,-8.6108673,41.119282,-8.610676,18,MATCH,
5920,Comboio Trolaró,41.186449,-8.5512517,41.18653,-8.551364,13,MATCH,
5925,"O Coquinhas, Creche, Jardim de Infância e ATL, Lda.",41.1994355,-8.6338612,41.199709,-8.633487,44,MATCH,
13185,"Colégio Espinheira Rio, Lda",41.1790337,-8.6263785,41.179015,-8.62611,23,MATCH,
13191,A Fisga - Infantário e Jardim de Infância,41.1780818,-8.5497689,41.176574,-8.54802,223,MINOR,
13195,Creche Associação Baptista Ágape,41.1821586,-8.6741905,41.225337,-8.587921,8668,MISMATCH,
13205,Centro de Acolhimento de Crianças em Risco da Santa Casa da Misericórdia Vila do Conde,41.35468,-8.7461771,37.137227,-8.020342,473101,MISMATCH,
13214,Centro Infantil de Santo Tirso,41.3405618,-8.4783913,41.340201,-8.478591,43,MATCH,
13218,Equip. Social Centro Social Paroquial de Caxinas,41.3978692,-8.6657585,41.365742,-8.754933,8253,MISMATCH,
13219,Equip. Soc. do C. S. Paroquial Mindelo,41.3130411,-8.7186757,41.312793,-8.718764,29,MATCH,
15180,Novo Colégio de Valongo,41.1905356,-8.4998257,41.191615,-8.500865,148,MINOR,
15181,Jardim de Infância a Criança,41.1915337,-8.4942106,41.199221,-8.494505,855,MISMATCH,
15196,Centro Social em Macieira da Santa Casa da Misericórdia de Vila do Conde,41.3402888,-8.6785775,41.340336,-8.677421,97,MATCH,
15198,Equip. Soc. do Centro Social e Paroquial de Aver-O-Mar,41.4033238,-8.7694757,41.403134,-8.769734,30,MATCH,
16098,"Creche, Jardim de Infância ""O Capuchinho""",41.1695365,-8.2959711,41.208818,-8.283559,4490,MISMATCH,
16101,Complexo Social Lousada,41.2877537,-8.2438831,41.262485,-8.281786,4234,MISMATCH,
16115,Jardim das Cores,41.3604561,-8.7426329,41.362881,-8.742194,272,MINOR,
17121,Centro Social de Silveirinhos,41.1656749,-8.51517,41.16414,-8.512643,272,MINOR,
17125,Associação para o Desenvolvimento Integral de Lordelo,41.2345806,-8.4094696,41.234609,-8.409113,30,MATCH,
17128,Associação para o Desenvolvimento Social da Freguesia de Margaride,41.3614447,-8.19329,41.364216,-8.196141,389,MINOR,
17137,Associação Social e de Desenvolvimento de Guifões,41.1956243,-8.6674102,41.19267,-8.66723,329,MINOR,
17164,Centro Comunitário de S. Cosme da Santa Casa da Misericórdia de Vera Cruz de Gondomar,41.1434478,-8.5193582,41.159406,-8.51842,1776,MISMATCH,
17170,Solinorte-Jardim de Infância Acácio Gomes,41.1723645,-8.6334674,41.171521,-8.63535,183,MINOR,
17220,Equipamento Social do Centro Social e Paroquial de Santão,41.3132936,-8.1682871,,,,NO_CS_COORDS,
17221,Associação de Solidariedade Social de Nespereira,41.2563845,-8.2990782,41.23565,-8.317575,2776,MISMATCH,
17580,Colégio da Quinta Inglesa,41.128582,-8.537171,41.057564,-8.38733,14834,MISMATCH,
17692,Centro Social Monsenhor Pires Quesado,41.3823151,-8.7569914,,,,NO_CS_COORDS,
17720,Centro Infantil de Valbom,41.1420352,-8.558461,41.141331,-8.555498,260,MINOR,
17752,Centro Infantil de Crestuma,41.0636519,-8.5011564,41.061001,-8.465929,2968,MISMATCH,
17857,Creche Gota de Mel,41.2254455,-8.6059982,41.225478,-8.606173,15,MATCH,
17878,Colégio Carrocel Mágico,41.185613,-8.5581707,41.18577,-8.558121,18,MATCH,
17879,"O Barquinho - Jardim de Infância,Unipessoal ,Lda",41.1980298,-8.6992163,41.197154,-8.698914,101,MINOR,
17886,Creche o Pequenote,41.0363545,-8.6351474,41.036039,-8.635317,38,MATCH,
17891,Centro Social e Paroquial de Figueiró,41.3071662,-8.340326,41.305609,-8.340293,173,MINOR,
17892,CATL e Creche do Centro Social de S. Pedro de Rates,41.4245375,-8.6721762,41.424295,-8.672268,28,MATCH,
17893,Centro Social Paroquial de Santo Estêvão de Oldrões,41.1502639,-8.3040297,41.2069962,-8.2856512,6493,MISMATCH,
17895,Casa do Povo da Madalena,41.1131298,-8.6342898,41.113306,-8.635073,68,MATCH,
17902,Creche Jardim de Infância Padre Godofredo D. da Silva,41.1954749,-8.5732824,41.195423,-8.573457,16,MATCH,
17905,Centro Social e Paroquial Padre António Mendonça,41.3280247,-8.1899607,41.364266,-8.218229,4670,MISMATCH,
17906,Fundação Joaquim Oliveira Lopes,41.1085414,-8.554393,41.104059,-8.551709,547,MISMATCH,
17910,Equip. Social da Associação de Solidariedade Humanitária de Monte Córdova,41.3177852,-8.4358878,41.33134,-8.461506,2617,MISMATCH,
17921,Florinhas do Lar Casa Santa Isabel,41.1406409,-8.6505015,41.136682,-8.651079,443,MINOR,
17922,"Colégio Infantil Circo Mágico, Lda.",41.0401916,-8.5796628,41.039744,-8.579521,51,MATCH,
17923,"Passinhos de Rei C Creche, Jardim de Infância, Lda.",41.1212339,-8.6009825,41.120919,-8.602089,99,MATCH,
17928,A Girafa - Jardim de Infância Lda.,41.1879965,-8.5782382,41.188166,-8.5782139,19,MATCH,
17932,O Jardim da Anita - Jardim de Infância da Lixa,41.3252767,-8.1461407,41.325124,-8.147089,81,MATCH,
17934,Infantário o Gatinho,41.2382449,-8.6169718,41.2383,-8.617,7,MATCH,
17935,Externato Senhora do Carmo,41.2876907,-8.2129989,41.275947,-8.182359,2874,MISMATCH,
17938,A Torre dos Pequeninos - Creche e Jardim de Infância,41.3554997,-8.481444,41.356121,-8.483228,164,MINOR,
17942,Os Fecucos - Infantários,41.1262058,-8.606621,41.126265,-8.608343,144,MINOR,
17947,"Os Ratinhos - Colégio Infantil, Lda",41.2470343,-8.6152275,41.246666666,-8.614722222,59,MATCH,
17948,Colégio Novo da Maia,41.2280385,-8.5774777,41.227272,-8.578193,104,MINOR,
17949,Infantário Rá-Mi-Olé,41.1713899,-8.5461853,41.171292,-8.546027,17,MATCH,
17958,Centro Infanto-Juvenil António Freire Gomes,41.2948789,-8.3378099,41.290699,-8.478712,11781,MISMATCH,
17967,Equipamento Social do Centro Social e Paroquial S. Pedro de Pedroso,41.0632308,-8.5580649,41.550203,-8.412541,55496,MISMATCH,
17981,Jardim Escola a Conchinha,41.1824321,-8.6915424,41.1811,-8.690623,167,MINOR,
17982,Jardim de Infância a Palmeirinha,41.1901178,-8.6998785,41.190011,-8.699977,14,MATCH,
17983,Jardim Infantil o Filhote,41.0977667,-8.5890301,41.09847,-8.590271,130,MINOR,
17986,O Pom-Pom Jardins de Infância,41.1657046,-8.6107549,41.16557,-8.610933,21,MATCH,
17987,Externato Limiar - Creche e Jardim de Infância,41.2479833,-8.6177225,41.242999,-8.620776,610,MISMATCH,
17996,Atchim Infantário,41.1237729,-8.6263954,41.121958,-8.62703,209,MINOR,
17997,Academia de Ensino Particular,41.2115221,-8.5561948,41.213797,-8.555152,268,MINOR,
18003,O Barãozinho,41.1574596,-8.6194663,41.158388,-8.619839,108,MINOR,
18004,Bê-Á-Bá,41.1614434,-8.6018506,41.161534,-8.601714,15,MATCH,
18007,Alcofinha,41.16348,-8.6843475,41.163265,-8.684526,28,MATCH,
18008,Colégio o Pimpolho Lda,41.2360039,-8.6110625,41.235856,-8.611031,17,MATCH,
18011,O Sorriso,41.2108196,-8.5660932,41.195929,-8.576701,1879,MISMATCH,
18022,Infantário do Manso - Centro Social de Leça do Balio,41.2263582,-8.6387778,41.226415,-8.638842,8,MATCH,
18023,Infantário de Recarei - Centro Social de Leça do Balio,41.2023156,-8.6316827,41.202372,-8.632128,38,MATCH,
18034,"Equipamento Social do Centro de Aprendizagem, Desenvolvimento e Educação Anikó, Lda.",41.2565161,-8.6664841,41.256288,-8.666371,27,MATCH,
18035,Equipamento Social da Associação para o Desenvolvimento Integral de Barrosas,41.3270159,-8.2623387,42.111285,-8.761049,96531,MISMATCH,
18036,Equip. Social da Sta. Casa Mis. da Maia - Santa Maria de Avioso,41.2666707,-8.6047158,,,,NO_CS_COORDS,
18037,Creche Infantário Águas Santas II,41.2058148,-8.5649339,41.204845,-8.562185,254,MINOR,
18038,Creche Infantário de Milheirós,41.2168461,-8.5925919,41.263072,-8.552083,6156,MISMATCH,
18064,Centro Social Paroquial de São João da Foz do Sousa,41.093579,-8.5088159,41.092578,-8.508461,115,MINOR,
18147,Equipamento Social do Centro Social e Paroquial de Stº André de Sobrado,41.2102939,-8.4614275,41.210088,-8.461613,28,MATCH,
18315,Anjos do Saber - Ensino Pré-Escolar e Básico,41.1808513,-8.689855,41.180743,-8.689703,18,MATCH,
18428,Jardim de Infância Henrique Bravo,41.194729,-8.6056745,41.195126,-8.605252,57,MATCH,
18491,"O ""Bem-Estar"", Associação de Solidariedade Social de Gondar",41.2555381,-8.0269376,39.496782,-9.155837,217688,MISMATCH,
18505,Educação Infantil Pinheiro Manso,41.1659412,-8.6530437,41.165961,-8.652996,5,MATCH,
18507,Alegria de Aprender,41.171759,-8.5530312,41.171829,-8.553545,44,MATCH,
18508,Escola Infantil a Flor,41.168487,-8.6256668,41.168474,-8.625467,17,MATCH,
18509,Chapéu de Palha - Jardim de Infância,41.1621854,-8.6617796,41.162035,-8.662796,87,MATCH,
18523,Equip Social do Centro Social e Paroquial de Recarei,41.1558387,-8.4076588,41.149331,-8.445866,3280,MISMATCH,
19242,"Infantário Creche ""O Miúdo 2""",41.2787605,-8.0844464,41.276471,-8.084619,255,MINOR,
19247,"Associação a Escolinha - Infantário e Jardim de Infância, IPSS",41.1571842,-8.6713391,41.11524,-8.609247,6985,MISMATCH,
19248,Associação de Pais e Amigos do Infantário e Jardim de Infância Dr. Leonardo Coimbra Filho,41.158878,-8.6546077,41.158829,-8.654305,26,MATCH,
19284,Amas - Associação Mamedense de Apoio Social,41.2265495,-8.5348239,41.192175,-8.609486,7322,MISMATCH,
19287,O Piratinha,41.1887319,-8.6049125,41.188954,-8.604919,25,MATCH,
19291,Centro Infantil Nova Aurora,41.1767613,-8.6245469,41.176313,-8.624005,67,MATCH,
19301,Centro de Acção Social de Acolhimento à Terceira Idade de Roriz,41.3409295,-8.4897579,41.358128,-8.391503,8422,MISMATCH,
19304,Associação de Solidariedade Social e Cultura para o Desenvolvimento de Rans,41.1684684,-8.299262,41.169095,-8.297678,150,MINOR,
19342,Creche de Santo António,41.3794435,-8.7568337,41.379341,-8.756657,19,MATCH,
19363,Academia Ramos Pinto,41.1841432,-8.5797124,41.184227,-8.579778,11,MATCH,
19382,Ass Social Recreativa e Cultural Bem-Fazer Vaiavante - Centro de Apoio à Comunidade Major Valentim Loureiro,41.1634775,-8.5110673,41.164155,-8.512989,178,MINOR,
19444,O Duende,41.1811343,-8.635545,41.177322,-8.659118,2018,MISMATCH,
21829,Centro Social e Paroquial de Labruge,41.2773699,-8.7041033,41.277842,-8.703834,57,MATCH,
21833,Infantário Monfortinhos de Real,41.2336147,-8.605625,41.357498,-8.504422,16163,MISMATCH,
21838,A Casa da Avó - Jardim de Infância,41.1085062,-8.5982292,41.364812,-8.600137,28500,MISMATCH,
21990,Jardim Escola João de Deus - Vila Nova de Gaia,41.1201623,-8.6140408,41.120149,-8.61392,10,MATCH,
21991,Creche Olival Social,41.0470592,-8.5381623,41.05921,-8.524824,1754,MISMATCH,
22010,"Creche ""O Traquinas I""",41.1596758,-8.0367354,41.162164,-8.036548,277,MINOR,
22097,"""Âncora"" - Associação para o Desenvolvimento da Rebordosa",41.2235324,-8.4081834,41.227034,-8.408925,394,MINOR,
22101,Centro de Dia Salvador Caetano e Ana Caetano,41.1049682,-8.5721583,41.334773,-8.647218,26313,MISMATCH,
22559,Centro Comunitário Cruz da Serra,41.2597701,-8.44313,41.259511,-8.442604,53,MATCH,
22561,Centro Social e Paroquial de S. Martinho de Bougado,41.4449639,-8.5321398,,,,NO_CS_COORDS,
22565,"Colégio Tickles,Lda",41.1645594,-8.6500623,41.342608,-8.733767,20998,MISMATCH,
22567,Creche de Sobrosa,41.2482584,-8.350584,41.248624,-8.348384,188,MINOR,
22569,Balão Encantado – Creche,41.1372874,-8.6439698,41.138177,-8.644135,100,MATCH,
22574,Grande Colégio de Paredes,41.1985397,-8.3443983,41.19875,-8.342989,120,MINOR,
22649,Centro Social de Fânzeres,41.1636175,-8.5417618,41.163407,-8.541992,30,MATCH,
22810,Jardim-De-Infância Joanico,41.1134171,-8.6086,41.113961,-8.608779,62,MATCH,
22813,Crianças e Companhia,41.1549167,-8.6754004,41.1548072,-8.6754941,14,MATCH,
22814,O Girassol dos Pequeninos,41.1048452,-8.5519057,39.7850019,-8.8438725,148825,MISMATCH,
22815,"O Malmequer - Infantário e Centro de Estudos, Lda",41.1881117,-8.1465839,41.187068,-8.147996,166,MINOR,
22816,Sete Ventos - ATL - Centro Pedagógico e Cultural,41.1617567,-8.6047709,,,,NO_CS_COORDS,
22820,Colégio Casa do Cuco,41.1790346,-8.631535,,,,NO_CS_COORDS,
22825,Colégio CCG,41.2094989,-8.6091098,41.209535,-8.608605,42,MATCH,
22864,Infantário S. Vicente,41.2408037,-8.5287534,41.241773,-8.529295,117,MINOR,
23065,Creche e Jardim de Infância da Santa Casa da Misericórdia da Trofa,41.159541,-8.5982344,40.254958,-8.432658,101549,MISMATCH,
23314,Centro Social Paroquial do Amial,41.1773492,-8.6123591,41.178076,-8.611891,90,MATCH,
23537,Equip. Social Centro Social Paroquial de Caxinas,41.3653592,-8.7558589,41.3537975,-8.7428718,1682,MISMATCH,
24207,Centro de Apoio à Família,41.1097341,-8.5335285,41.109987,-8.533816,37,MATCH,
24687,Associação Surpresa do Bebé,41.1673242,-8.6242847,41.167502,-8.62341,76,MATCH,
24688,Centro Social e Paroquial de Sanfins de Ferreira,41.3208901,-8.3731624,,,,NO_CS_COORDS,
24711,Creche Imaculado Coração de Maria,41.1786069,-8.3314029,41.178122,-8.333336,171,MINOR,
24713,O Chorão,41.1735275,-8.5452581,41.173491,-8.54532,7,MATCH,
24715,João e Maria - Creche e Jardim de Infância,41.153294,-8.67678,41.153284,-8.676664,10,MATCH,
24736,Creche e Jardim de Infância S. Vicente,41.223792,-8.2407374,41.224036,-8.241745,89,MATCH,
24749,Quinta da Granja,41.3442479,-8.739078,41.344013,-8.738738,39,MATCH,
24750,"Infantário Creche ""O Miúdo 1""",41.2774843,-8.0845806,41.278018,-8.084485,60,MATCH,
24781,Creche Sonho Mágico,41.1529927,-8.5230639,41.15324,-8.52379,67,MATCH,
24937,Miminho - Cruz Vermelha Portuguesa - Delegação da Póvoa de Varzim,41.3838889,-8.7488357,41.383396,-8.749385,71,MATCH,
24941,O Nosso Futuro Centro de Estudos,41.1656969,-8.6627009,41.170323,-8.658405,628,MISMATCH,
24948,Creche- Fundação do Colégio de São Gonçalo de Amarante,41.267967,-8.0720996,41.107706,-8.661117,52411,MISMATCH,
25047,Artistas & Cientistas,41.1907306,-8.5046913,41.190867,-8.504305,36,MATCH,
25048,Encosta dos Sonhos,41.2775811,-8.3680734,41.277784,-8.369954,159,MINOR,
25050,Carinhos Escritos,41.1747176,-8.5465727,41.174662,-8.546397,16,MATCH,
25051,Grande Colégio da Póvoa de Varzim,41.3893786,-8.7642813,,,,NO_CS_COORDS,
25079,Colégio do Forte,41.3641905,-8.7289329,41.342463,-8.749308,2955,MISMATCH,
25160,Externato Santa Joana,41.2212256,-8.5543156,41.221315,-8.554298,10,MATCH,
25184,"O Caminhar, Creche e Jardim de Infância",41.1970635,-8.5133403,41.196883,-8.513299,20,MATCH,
25192,"Sonho Audaz - Creche, Jardim de Infância e Sala de Estudo",41.2395261,-8.6454591,41.239394,-8.645275,21,MATCH,
25194,Colégio Nossa Senhora de Lourdes,41.1551569,-8.6424721,41.155015,-8.642103,35,MATCH,
25432,Creche de Santo António dos Capuchos,41.2091847,-8.2844389,41.208818,-8.283559,84,MATCH,
25855,Creche e Jardim de Infância da Liga dos Combatentes,41.1633779,-8.6262458,41.163439,-8.626114,13,MATCH,
25872,"Creche ""O Traquinas II""",41.1240966,-8.0559053,41.123689,-8.053717,189,MINOR,
25896,Centro Social Paroquial de Santa Marinha do Zêzere Serviço de Apoio Domiciliário,41.139628,-7.9531215,41.141983,-7.9512,307,MINOR,
25897,Creche do Centro Social Paroquial de Oliveira do Douro,41.1825463,-8.6153836,41.125736,-8.578694,7024,MISMATCH,
26142,Jardim Escola a Cegonha,41.1951996,-8.5127052,41.177225,-8.461758,4709,MISMATCH,
26143,Colégio Paulo VI,41.1469336,-8.5332647,41.144967,-8.53205,241,MINOR,
26163,Educação Infantil a Criança no Século XXI,41.1620238,-8.6245388,41.160539,-8.624708,166,MINOR,
26164,Colégio Oceanus,41.0853657,-8.6032906,41.104344,-8.620814,2571,MISMATCH,
26231,Educar e Prevenir - Jardim de Infância Lda,41.3821725,-8.7595455,41.381192,-8.760231,123,MINOR,
26263,Colégio Efanor,41.1852477,-8.6525467,41.186122,-8.650619,188,MINOR,
26271,Creche da Expansão,41.2071713,-8.3384043,41.207908,-8.33795,90,MATCH,
26640,Centro Social e Cultural de Custóias,41.1576659,-8.5848129,41.199539,-8.6419,6671,MISMATCH,
26702,Creche Rosas Amorim Vieira,41.400808,-8.2173527,41.404664,-8.211056,678,MISMATCH,
26713,Associação Coração Solidário de S. Miguel de Silvares,41.2715986,-8.2823634,,,,NO_CS_COORDS,
26714,Centro Social e Paroquial de S. Romão de Carvalhosa,41.2374117,-8.1630849,41.237558,-8.163892,69,MATCH,
26762,Associação para o Desenvolvimento Integral da Sobreira,41.1477179,-8.3910899,41.144811,-8.389992,336,MINOR,
27025,Q.i. Colégio,41.3857024,-8.7700237,,,,NO_CS_COORDS,
27027,Raios de Luz - Creche e Jardim de Infância,41.131022,-8.6402655,41.132156,-8.640744,132,MINOR,
27047,Creche e Infantário Cubo Mágico,41.3322594,-8.5711447,41.332706,-8.570658,64,MATCH,
27050,Berçário/Creche Pronto a Crescer,41.051319,-8.6310671,41.051017,-8.634961,328,MINOR,
27053,"Floresta Magica, Creche, Pré-Escolar e ATL, Lda.",41.0647637,-8.6262303,41.064719,-8.625717,43,MATCH,
27125,Creche Abc,41.1844575,-8.6473294,41.184681,-8.647286,25,MATCH,
27323,Creche Municipal da Afurada,41.1427978,-8.6423156,41.143358,-8.642514,64,MATCH,
27361,Creche Espaço para a Vida,41.1067585,-8.2658359,41.295986,-8.234167,21207,MISMATCH,
27452,CSR - Centro Social de Recesinhos,41.228037,-8.209354,,,,NO_CS_COORDS,
27453,Equipamento Social da Associação para o Desenvolvimento de Galegos,41.164477,-8.3063514,41.162428,-8.301703,451,MINOR,
27454,Creche e Aparece Unipessoal,41.1910988,-8.7018067,41.191167,-8.702306,42,MATCH,
27455,Creche e Jardim-De-Infância Zebra,41.0839488,-8.5992908,41.0939,-8.598067,1111,MISMATCH,
27466,Jardim da Régia,41.1352556,-8.6311451,41.1342,-8.629872,159,MINOR,
27470,Associação Social e Recreativa Guerra Junqueiro,41.244232,-8.7001301,41.250922,-8.696072,818,MISMATCH,
27643,Sol dos Pequeninos - Creche e Jardim de Infância,41.069535,-8.652652,41.076567,-8.655153,810,MISMATCH,
27662,Os Maravilhas,41.0752032,-8.6000409,41.07515,-8.599903,13,MATCH,
27663,Creche e Jardim de Infância Mosaico,41.2002745,-8.6996785,41.199603,-8.69955,75,MATCH,
27872,"O Risquinhas Creche Jardim Infância, Unipessoal, Lda.",41.1018228,-8.6275892,41.101721,-8.627359,22,MATCH,
28329,Centro Social Paroquial Divino Salvador de Moure,41.3106012,-8.2398536,41.64183,-8.482997,42034,MISMATCH,
28355,Casa das Histórias,38.6950163,-9.4242764,41.132749,-8.585579,280338,MISMATCH,
28356,Associação Emília Conceição Babo,41.2472244,-8.1862893,41.24743,-8.186165,25,MATCH,
28420,Colégio do Amial,41.1801915,-8.6131826,41.180262,-8.613311,13,MATCH,
28638,Externato Patronato Imaculada Conceição - Creche Riquelminhos,41.2149774,-8.6107101,41.21503,-8.61079,9,MATCH,
28644,The Sailors,41.1770477,-8.6879743,41.177045,-8.688073,8,MATCH,
28650,Colégio Casa Verde,41.0939902,-8.6378047,,,,NO_CS_COORDS,
28651,Escola Santa Maria,41.1583237,-8.6363064,,,,NO_CS_COORDS,
29365,Ternura Inesgotável,41.2069584,-8.5972211,41.206945,-8.596814,34,MATCH,
29467,"Externato ""António Nobre""",41.1854527,-8.6883974,41.185467,-8.688389,2,MATCH,
29577,Colégio Madre Isabel Larranaga,41.1524455,-8.5325786,41.152411,-8.532722,13,MATCH,
29587,Associação Infantário e Jardim de Infância Carolina Michaelis,41.1591678,-8.6208292,41.159486,-8.622005,105,MINOR,
29652,Jardim de Infância Pinga Amor,41.1615539,-8.5281052,41.16168,-8.528045,15,MATCH,
29705,Colégio Marca D'água,41.2698979,-8.387544,41.269914,-8.387606,5,MATCH,
29709,Jardim de Infância Oga Mitá,41.1726714,-8.660039,41.172764,-8.660256,21,MATCH,
29747,Colégio Fonte dos Dois Amigos,41.1868485,-8.6865227,41.186876,-8.686105,35,MATCH,
29764,"Jardim de Infância ""Adeus à Chupeta""",41.1103382,-8.6174769,41.110511,-8.617347,22,MATCH,
29769,A Arca dos Tarecos,41.4002824,-8.7409546,41.400397,-8.741139,20,MATCH,
29784,Colégio o Castelo da Maia,41.2512492,-8.6057419,41.251247,-8.605753,1,MATCH,
29803,Colégio Eurythmia Lda,41.1550044,-8.6734247,41.155145,-8.673454,16,MATCH,
31884,Colégio de Nossa Senhora da Bonança,41.1276443,-8.610585,,,,NO_CS_COORDS,
31905,Jardim Escola João de Deus - Santo Tirso,41.3447876,-8.4833861,41.344957,-8.483317,20,MATCH,
32203,Creche Primavera | Benéfica e Previdente,41.1569953,-8.6109276,,,,NO_CS_COORDS,
32643,Associação Mais - Creche Santiago de Custóias,41.1993513,-8.6385784,41.199597,-8.638662,28,MATCH,
32830,Senhor do Bonfim,41.1481233,-8.5888289,,,,NO_CS_COORDS,
32882,Asman,41.210995,-8.6100562,,,,NO_CS_COORDS,
32893,Asstir,41.3496809,-8.4317492,41.3489535,-8.4335566,171,MINOR,
32923,Pézinhos de Lã,41.1600127,-8.623607,41.160183,-8.623653,19,MATCH,
32985,Kids - I,41.2108457,-8.6067277,41.215842,-8.614208,837,MISMATCH,
32986,"Génios em Marcha, Lda",41.0964725,-8.6338422,41.096674,-8.633797,23,MATCH,
33310,Creche do Centro Paroquial e Social de S.martinho de Campo,41.1846723,-8.4633898,,,,NO_CS_COORDS,
33499,Complexo Intergeracional Quinta dos Avós,41.1265996,-8.5792722,,,,NO_CS_COORDS,
34136,O Moinho,41.2842181,-8.5570233,41.284867,-8.556184,101,MINOR,
34223,Crescer a Brincar,41.209689,-8.5716403,,,,NO_CS_COORDS,
34248,Centro Infantil o Tocas,42.0695536,-8.3786997,,,,NO_CS_COORDS,
34300,Creche Feliz,41.1671041,-8.5975457,,,,NO_CS_COORDS,
34916,Colégio Horizonte,41.1401054,-8.638762,,,,NO_CS_COORDS,
36876,Colégio Mundo do Colibri,41.1762788,-8.5437359,,,,NO_CS_COORDS,
37156,Colégio da Areosa,41.1830713,-8.5788477,,,,NO_CS_COORDS,
37554,"Savantes S-Kool, Sistema Educacional Dinâmico, Lda",41.2593508,-8.3597979,,,,NO_CS_COORDS,
37749,Letras e Números,41.098226,-8.6188086,,,,NO_CS_COORDS,
37849,Colégio Primeiros Passos (Leça),41.1910954,-8.6934496,,,,NO_CS_COORDS,
37917,Pequeno Forte,41.3430327,-8.749187,,,,NO_CS_COORDS,
37983,Creche Infantário o Teu Filho,41.1766779,-8.5569989,,,,NO_CS_COORDS,
37987,Colégio das Antas,41.1604402,-8.5935578,,,,NO_CS_COORDS,
37988,Morango Mágico,41.2423361,-8.7217115,,,,NO_CS_COORDS,
38004,Academia das Chupetas,41.183667,-8.6873107,,,,NO_CS_COORDS,
38751,Creche de Barreiras,41.2395455,-8.3625892,,,,NO_CS_COORDS,
38783,Crescer a Brincar II,41.1651105,-8.5435388,,,,NO_CS_COORDS,
38852,Santa Casa da Misericórdia da Maia Creche de Folgosa,41.2328191,-8.6256937,,,,NO_CS_COORDS,
38856,Morangos Gaia Serzedo,41.0459812,-8.6202069,,,,NO_CS_COORDS,
38858,Creche Cubo Mágico Pólo 2,41.3406472,-8.5551877,,,,NO_CS_COORDS,
38862,Palmo e Meio,41.1550162,-8.6168125,,,,NO_CS_COORDS,
38863,Infantário Creche o Miúdo Creche 4,41.2787605,-8.0844464,,,,NO_CS_COORDS,
38871,Ritmos para Desafinar,41.1513333,-8.6033915,,,,NO_CS_COORDS,
39055,Colégio Júlio Dinis,41.1668168,-8.5945102,,,,NO_CS_COORDS,
39056,República da Pequenada Centro Clínico e Educacional Lda,41.2159067,-8.6144361,,,,NO_CS_COORDS,
39173,Care For Kids Serviços Infantis,41.2832224,-8.5681995,,,,NO_CS_COORDS,
39261,Cresc(H)e com Amor,41.2030937,-8.3163525,,,,NO_CS_COORDS,
39262,Números e Alíneas Lda,41.2001362,-8.2704981,,,,NO_CS_COORDS,
39265,Acip - O Recreio,41.2493596,-8.2915098,,,,NO_CS_COORDS,
39268,Berço Encantado - Creche e Berçário,41.2917059,-8.3299994,,,,NO_CS_COORDS,
2640,OBER-Obra Bem Estar Rural de Baião,41.1628367,-8.0309736,,,,NO_CS_COORDS,
2643,Associação de Desenvolvimento do Grilo,41.1370973,-8.0759361,41.136844,-8.074794,100,MATCH,
2794,Equip. Soc. Jardim Infantil de Nossa Senhora do Pilar,41.1347255,-8.6074305,41.050018,-8.652155,10137,MISMATCH,
3618,Instituto Maria da Paz Varzim,41.379542,-8.7535592,41.379297,-8.760094,546,MISMATCH,
3636,Casa do Povo de Peroselo,41.1483787,-8.2634453,41.190506,-8.298059,5508,MISMATCH,
3645,Equip. Soc. Santa Casa da Misericórdia de Nossa Senhora do Rosário de Unhão,41.314388,-8.2357073,42.010234,-8.60842,83339,MISMATCH,
3649,Sede da Associação de Desenvolvimento Comunitário - Delegação de Amarante,41.2708823,-8.0786655,,,,NO_CS_COORDS,
3723,Centro Social da Paróquia Senhora da Conceição,41.1612902,-8.6054845,41.160982,-8.604927,58,MATCH,
3799,Equipamento Social do Centro S. P. da Nª Sr.ª da Boavista - Dependência de Francos,41.1680005,-8.6363568,41.168499,-8.635634,82,MATCH,
4669,Lar Nossa Senhora do Livramento,41.1501726,-8.6002174,41.150274,-8.600278,12,MATCH,
4689,Patronato Nossa Senhora da Nazaré,41.1619595,-8.6200273,41.209783,-8.473704,13350,MISMATCH,
4703,ATL da Associação Social Cultural de Louredo,41.2390929,-8.338417,41.233105,-8.382699,3762,MISMATCH,
4704,Centro Social de São Félix da Marinha,41.0268429,-8.6307348,41.026959,-8.630338,36,MATCH,
11108,Fundação Salesianos - Salesianos do Porto,41.141233,-8.5953921,41.149968,-8.6102426,1578,MISMATCH,
11169,Centro de Bem-Estar Infantil e Juvenil do Coração de Jesus,41.1671006,-8.6222014,41.16749,-8.622305,44,MATCH,
17685,Centro de Actividades de Tempos Livres da Azenha,41.2084379,-8.6080047,41.208583,-8.607944,17,MATCH,
17829,Centro Social e Paroquial de Perosinho,41.0652785,-8.5863738,41.0600436,-8.5950602,932,MISMATCH,
18114,Lar Crianças e Jovens Instituto Madre Matilde,41.3821049,-8.7588325,41.382226,-8.758932,16,MATCH,
19401,Villa Urbana de Valbom - Associação do Porto de Paralisia Cerebral,41.1600967,-8.6645643,41.142067,-8.557498,9186,MISMATCH,
22107,Fundação Joaquim Oliveira Lopes - Pólo 2,41.1136168,-8.5522491,41.109203,-8.551884,492,MINOR,
27241,Centro de Actividades de Tempos Livres de Gueifães,41.208346,-8.608054,41.218281,-8.6053,1128,MISMATCH,
29109,Osmope - Organização Social de Movimentos das Pontes Educativas,41.163759,-8.6014791,41.163785,-8.601458,3,MATCH,
29116,Colégio de Lourdes,41.3250487,-8.475426,41.325692,-8.475577,73,MATCH,
29257,O Meu Mundo,41.3005397,-8.1511244,41.436479,-8.23969,16826,MISMATCH,
29413,Jardim Infantil de Stª Marinha (OBER),41.1418594,-7.9512962,,,,NO_CS_COORDS,
29414,Estabelecimento de Educação Pré-Escolar do Centro Social de Santa Cruz do Douro,41.1170756,-8.0080314,41.117173,-8.008031,11,MATCH,
29416,Centro Infantil da Lixa,41.3198964,-8.1457162,,,,NO_CS_COORDS,
29417,Jardim Infantil do Bairro do Aleixo,41.1516301,-8.6537971,41.1516666666,-8.65361111,16,MATCH,
29431,Jasmim Ensino Pré Escolar e Básico Ldª,41.0982031,-8.6220122,41.09972222222,-8.6402777777,1540,MISMATCH,
29449,Centro Infantil de Borba de Godim,41.3239692,-8.1442077,,,,NO_CS_COORDS,
29462,"Externato ""Bom Jesus"" De Matosinhos",41.1867032,-8.687805,41.186816,-8.687625,20,MATCH,
29470,"Externato ""Nossa Senhora de Fátima""",41.0537609,-8.6307362,41.054199,-8.630975,53,MATCH,
29478,Externato Infantil o Petiz,41.1493198,-8.6226253,41.149414,-8.622711,13,MATCH,
29482,"Colégio ""Santa Teresa de Jesus""",41.3396623,-8.47743,41.339825,-8.477891,43,MATCH,
29486,"Colégio ""Ribadouro""",41.1581089,-8.6042808,41.158194,-8.604481,19,MATCH,
29493,"Grande Colégio ""Universal""",41.1559102,-8.6152085,41.155755,-8.615161,18,MATCH,
29504,Colégio Camões,41.1828974,-8.5591513,41.182972,-8.559194,9,MATCH,
29518,Colégio da Trofa,41.3347733,-8.5559229,41.334438888,-8.5549222222,91,MATCH,
29521,Colégio de Ermesinde,41.2152257,-8.5506157,41.206263,-8.542114,1224,MISMATCH,
29536,Colégio Nossa Senhora do Rosário,41.1632459,-8.6572903,41.161432,-8.650489,604,MISMATCH,
29540,Externato das Escravas do Sagrado Coração de Jesus,41.1603503,-8.5964013,41.16077,-8.595837,66,MATCH,
29557,Colégio de Gaia,41.1259019,-8.6086157,41.126205,-8.608929,43,MATCH,
29559,Oporto British School - Instituto Cultural Britânico do Porto,41.1525888,-8.6741534,41.152796,-8.674045,25,MATCH,
29560,Colégio Alemão do Porto,41.1544284,-8.6375453,41.154606,-8.637556,20,MATCH,
29564,Associação Marius Latour LFIP,41.1573273,-8.659799,41.157376,-8.65981,5,MATCH,
29595,Jardim de Infância do Centro Social das Guardeiras,41.2530233,-8.6548018,41.253212,-8.654801,21,MATCH,
29601,Jardim Infantil do Centro Paroquial de Ariz,41.1139927,-8.2199573,41.115343,-8.217712,241,MINOR,
29602,Externato Silva Teixeira,41.1505413,-8.5928466,,,,NO_CS_COORDS,
29604,"Externato ""Sol Nascente""",41.1654531,-8.6265746,41.165674,-8.626777,30,MATCH,
29629,Colégio Primeiros Passos,41.1580554,-8.6364614,41.158043,-8.636409,5,MATCH,
29651,CLIP - Colégio Luso-Internacional do Porto,41.1733084,-8.6710369,41.173487,-8.671206,24,MATCH,
29670,"Tangerina - Educação e Ensino,Lda",41.1617349,-8.6535808,41.161947,-8.65354,24,MATCH,
29681,Jardim Infantil o Principezinho Encantado,41.1674246,-8.6102053,41.167572,-8.610214,16,MATCH,
29708,Jardim de Infância o Pimpas,41.1093304,-8.5938359,41.109693,-8.594251,53,MATCH,
29713,Jardim de Infância Quintinha,41.0256736,-8.6290231,,,,NO_CS_COORDS,
29726,Jardim de Infância Edukar,41.1926578,-8.6138133,,,,NO_CS_COORDS,
29766,Jardim Infância Cantinho da Alegria,41.1647372,-8.5990218,41.164144,-8.59921,68,MATCH,
29782,Colégio São José de Bairros,41.2380034,-8.3061303,41.239536,-8.309465,327,MINOR,
29786,Colégio Adventista de Oliveira do Douro,41.1206778,-8.5803077,41.120714,-8.580054,22,MATCH,
29815,Pré-Escolar do Gove,41.1239653,-8.0449265,,,,NO_CS_COORDS,
29816,Jardim Escola João de Deus,41.1831989,-8.6812021,41.182788,-8.682366,108,MINOR,
29817,Jardim Escola João de Deus,41.2015267,-8.2887055,41.200489,-8.289051,119,MINOR,
29820,Escola Básica de Sá,41.0576809,-8.6358422,41.057686,-8.635842,1,MATCH,
29828,Centro Escolar de Casais EB1/JI,,,,,,NO_CS_COORDS,
29829,"Centro Escolar de Nespereira, EB1/J.i",41.4087944,-8.3238199,,,,NO_CS_COORDS,
29830,Centro Escolar de Figueiras -EB1/JI,41.277812,-8.3221456,,,,NO_CS_COORDS,
29833,Escola Básica de Pias,41.2703343,-8.2645224,,,,NO_CS_COORDS,
30072,"Escola Básica do Douro, Rio Mau, Penafiel",41.0528816,-8.3589418,,,,NO_CS_COORDS,
30074,Escola Básica da Portela,41.1086822,-8.2963326,,,,NO_CS_COORDS,
30075,"Escola Básica de Calçada, Monte",41.1477943,-8.2942999,,,,NO_CS_COORDS,
30076,Escola Básica de Valpedre,41.1363224,-8.308751,41.136963,-8.305309,297,MINOR,
30077,Escola Básica de Tojais,41.117288,-8.2957198,,,,NO_CS_COORDS,
30078,"Escola Básica de Canelas, Penafiel",41.0760274,-8.3186224,,,,NO_CS_COORDS,
30080,Escola Básica da Quinta de São Gens,41.1866405,-8.6445615,41.186651,-8.644581,2,MATCH,
30081,Escola Básica de Quatro Caminhos,41.1884372,-8.651956,41.188591,-8.652106,21,MATCH,
30150,Jardim de Infância de Nossa Senhora da Saúde,41.4339564,-8.7221551,41.434061,-8.722155,12,MATCH,
30151,Jardim de Infância Lugar de Laúndos,41.4355358,-8.7238596,41.438904,-8.721935,407,MINOR,
30152,"Jardim de Infância de Cruz, Balazar",41.4047209,-8.6225528,41.405211,-8.623829,120,MINOR,
30163,Escola Básica de Costa,41.3470456,-8.3636131,41.35666,-8.377954,1605,MISMATCH,
30164,Escola Básica de Quelha,41.360139,-8.3556452,41.360247,-8.355625,12,MATCH,
30165,Escola Básica de Olival,41.3473186,-8.3482625,41.347484,-8.348324,19,MATCH,
30166,Escola Básica de Ribeira,41.340336,-8.3752626,,,,NO_CS_COORDS,
30167,Escola Básica da Lage,41.3641265,-8.3388431,41.368632,-8.341808,559,MISMATCH,
30193,Escola Básica da Praia,41.1915045,-8.7041825,41.191176,-8.702504,145,MINOR,
30194,Escola Básica Eng. Fernando Pinto de Oliveira,41.1950197,-8.699752,41.191766,-8.702705,438,MINOR,
30200,"Escola Básica N.º 1 de Campelo, Sobrado, Valongo",41.2082302,-8.4610267,41.208997,-8.461892,112,MINOR,
30201,"Escola Básica de Paço, Sobrado, Valongo",41.1985301,-8.4706566,41.198879,-8.470126,59,MATCH,
30252,Jardim de Infância de Santa Bárbara,41.1767487,-8.6308546,41.163809,-8.524035,9056,MISMATCH,
30253,Escola Básica de Bela Vista,41.2243654,-8.5510569,41.163672,-8.51902,7262,MISMATCH,
30274,Escola Básica Bento de Freitas,41.351753,-8.7511994,41.351994,-8.751471,35,MATCH,
30275,Escola Básica das Violetas,41.3702783,-8.7549852,,,,NO_CS_COORDS,
30276,"Jardim de Infância da Rua dos Girassóis, Caxinas",41.3694677,-8.7565832,,,,NO_CS_COORDS,
30294,"Escola Básica N.º 1 de Cerro, Guidões, Trofa",41.32089,-8.621929,41.320837,-8.622242,27,MATCH,
30295,"Escola Básica de Portela, São Romão do Coronado",41.2810844,-8.5546792,41.281261,-8.554928,29,MATCH,
30296,"Escola Básica de Fonteleite, São Romão do Coronado",41.2771143,-8.5449206,41.277198,-8.544991,11,MATCH,
30297,"Jardim de Infância de Giesta, Cidoi, Trofa",41.3099653,-8.6144296,41.311652,-8.618765,408,MINOR,
30298,"Escola Básica N.º 2 de Cerro, Guidões, Trofa",41.328685,-8.6233094,41.3288,-8.623216,15,MATCH,
30299,Escola Básica de Vila,41.2666642,-8.5754572,,,,NO_CS_COORDS,
30300,Escola Básica de Estação,41.2983261,-8.5992514,41.298383,-8.599262,6,MATCH,
30301,Escola Básica de Feira Nova,41.2666642,-8.5754572,,,,NO_CS_COORDS,
30302,Escola Básica de Quereledo,41.2977351,-8.5349111,,,,NO_CS_COORDS,
30335,Escola Básica da Agra,41.1762254,-8.6092906,41.18015,-8.613862,580,MISMATCH,
30358,Jardim de Infância de Canidelo,41.1301461,-8.657346,,,,NO_CS_COORDS,
30359,Escola Básica de São Paio,41.138664,-8.6486303,,,,NO_CS_COORDS,
30368,Escola Básica N.º 1 de Gondomar,41.1301501,-8.5379707,,,,NO_CS_COORDS,
30419,Escola Básica da Venda Nova,41.1745456,-8.5438325,,,,NO_CS_COORDS,
30420,Escola Básica da Boavista - Lourinhã,41.1826646,-8.5597409,,,,NO_CS_COORDS,
30421,Jardim de Infância de Venda Nova,41.1718369,-8.5480194,,,,NO_CS_COORDS,
30445,"Escola Básica de Carvalhal e Mó, S. Pedro da Cova",41.1436111,-8.5000578,,,,NO_CS_COORDS,
30446,Escola Básica N.º 1 de Gueifães,41.2258701,-8.6080724,41.226012,-8.608329,27,MATCH,
30490,Eb1ji1maia (Cem),39.399872,-8.224454,,,,NO_CS_COORDS,
30512,Escola Básica de Matas,41.1190427,-8.6304971,41.118291,-8.629444,122,MINOR,
30513,Escola Básica de Devesas,41.1259174,-8.6216904,,,,NO_CS_COORDS,
30514,Escola Básica de Quinta dos Castelos,41.1267133,-8.628427,41.12671,-8.628343,7,MATCH,
30515,Escola Básica de Cabo-Mor,41.1196397,-8.6139974,41.119668,-8.613544,38,MATCH,
30516,Escola Básica de Bandeira,41.1248908,-8.6147779,41.124887,-8.614883,9,MATCH,
30521,Escola Básica S. Caetano 2,41.1712252,-8.5616673,,,,NO_CS_COORDS,
30594,Escola Básica de Labruge,41.2799485,-8.7250308,,,,NO_CS_COORDS,
30595,Escola Básica de Mindelo,41.3101395,-8.7212908,,,,NO_CS_COORDS,
30597,Escola Básica de Facho,41.297553,-8.7341163,,,,NO_CS_COORDS,
30598,Escola Básica de Mosteiró,41.2805709,-8.6646757,41.280717,-8.664689,16,MATCH,
30599,Escola Básica de Carrapata,41.2881756,-8.6790779,41.287916,-8.680449,118,MINOR,
30600,Escola Básica de Igreja,41.2983469,-8.6916983,,,,NO_CS_COORDS,
30601,Escola Básica de Aveleda,41.268754,-8.6914479,41.26876,-8.691457,1,MATCH,
30602,Escola Básica de Igreja,41.2955993,-8.7245063,,,,NO_CS_COORDS,
30603,Escola Básica de Real,41.2661643,-8.6740853,,,,NO_CS_COORDS,
30621,Escola Básica de Abragão,41.157629,-8.2285001,,,,NO_CS_COORDS,
30622,Escola Básica de Cabeça Santa,41.134841,-8.2903026,,,,NO_CS_COORDS,
30644,JI de Ribes,41.0770656,-8.6040639,,,,NO_CS_COORDS,
30645,EB1/JI da Serpente,41.0954808,-8.5950058,41.100042,-8.600419,680,MISMATCH,
30646,JI de Loureiro 1,41.0595843,-8.5868801,,,,NO_CS_COORDS,
30647,EB1/JI do Alquebre,41.0613205,-8.6099716,41.061165,-8.610001,17,MATCH,
30648,Jardim de Infância de Valadares,41.0992691,-8.6206817,,,,NO_CS_COORDS,
30682,Escola Básica Mirante dos Sonhos,41.2157917,-8.5404211,41.215924,-8.540634,23,MATCH,
30683,Escola Básica de Carvalhal,41.2116155,-8.552101,41.211792,-8.551527,52,MATCH,
30684,Escola Básica de Saibreiras,41.2084103,-8.5587426,41.20822,-8.562529,317,MINOR,
30694,Escola Básica de Fonte Arcada,41.144082,-8.3634468,,,,NO_CS_COORDS,
30695,Escola Básica de Lagares,41.1298972,-8.3627624,,,,NO_CS_COORDS,
30696,Jardim de Infância de Figueira,41.1146067,-8.3403063,,,,NO_CS_COORDS,
30698,Jardim de Infância de Capela,41.1063856,-8.3537034,,,,NO_CS_COORDS,
30699,Jardim de Infância de Vale Formoso,41.1661933,-8.3501288,,,,NO_CS_COORDS,
30721,"Escola Básica de São Lourenço, Balteiro",41.0965313,-8.5746914,41.097355,-8.574937,94,MATCH,
30722,Escola Básica N.º 1 de Vila de Este,41.0985294,-8.5902301,41.099278,-8.591856,160,MINOR,
30723,Escola Básica de Estação,41.1851091,-8.4805919,41.185246,-8.480592,15,MATCH,
30724,Escola Básica de Valado,41.1950503,-8.4906936,41.196288,-8.491067,141,MINOR,
30725,Escola Básica de Calvário,41.1920127,-8.498903,41.193857,-8.498921,205,MINOR,
30726,Jardim de Infância de Susão,41.2040429,-8.5014737,,,,NO_CS_COORDS,
30727,Escola Básica Nova de Valongo,41.2016878,-8.5098249,41.201879,-8.509916,23,MATCH,
30736,Escola Básica de Parada,41.2004921,-8.5934081,41.200682,-8.593672,31,MATCH,
30737,Escola Básica de Enxurreiras,41.1842037,-8.5917425,41.182669,-8.589481,255,MINOR,
30811,Jardim de Infância de Aguda,41.0476988,-8.6512911,41.04744,-8.651164,31,MATCH,
30812,Escola Básica de Matosinhos,41.0281783,-8.611307,41.028618,-8.611381,49,MATCH,
30813,Escola Básica de Aguda,41.049201,-8.6544098,41.054165,-8.653845,554,MISMATCH,
30814,Escola Básica de Corvo,41.0492669,-8.6333122,41.04922,-8.630777,213,MINOR,
30815,Escola Básica de Chãos Velhos,41.053603,-8.6371189,41.053889,-8.640067,249,MINOR,
30830,"Escola Básica de Vilela, Paredes",41.2452188,-8.3827106,41.244985,-8.384539,155,MINOR,
30831,Escola Básica N.º 1 de Rebordosa,41.2247941,-8.4103468,,,,NO_CS_COORDS,
30832,Escola Básica de Serrinha,41.2089891,-8.4261639,41.208783,-8.425456,63,MATCH,
30833,Jardim de Infância São Marcos,41.2216102,-8.4134468,41.221407,-8.413635,28,MATCH,
30836,Escola Básica de Carvalhosa,41.2941024,-8.3707478,,,,NO_CS_COORDS,
30846,Escola Básica de Azurara,41.3459284,-8.7351077,41.345939,-8.734951,13,MATCH,
30847,Escola Básica N.º 1 de Vila do Conde,41.3537468,-8.7450083,,,,NO_CS_COORDS,
30848,"Jardim de Infância de Real, Vila do Conde",41.3601899,-8.7016204,,,,NO_CS_COORDS,
30851,Escola Básica de Rans,41.167418,-8.2969212,,,,NO_CS_COORDS,
30852,"Escola Básica de Torre, Urrô",41.1363224,-8.308751,,,,NO_CS_COORDS,
30854,"Jardim de Infância Padre António Rodrigues Pimentel, Guilhufe",41.1934278,-8.3096133,,,,NO_CS_COORDS,
30855,"Jardim de Infância de Igreja, Marecos",41.1938225,-8.2760021,41.1855,-8.291714,1608,MISMATCH,
30856,"Jardim de Infância de Agulha, Galegos",41.1659122,-8.3502074,,,,NO_CS_COORDS,
30857,"Escola Básica de Boavista, Santiago de Subarrifana",41.4395154,-8.4949722,,,,NO_CS_COORDS,
30864,Escola Básica de Mouriz,41.2095079,-8.3521528,41.209395,-8.352037,16,MATCH,
30865,Jardim de Infância de Boavista,41.2476451,-8.3214738,,,,NO_CS_COORDS,
30866,Jardim de Infância de Mó,41.2171006,-8.3270556,41.217279,-8.327077,20,MATCH,
30867,"Jardim de Infância de Estrebuela, Castelões de Cepeda",41.2103207,-8.3250899,,,,NO_CS_COORDS,
30868,Escola Básica Nº 2 de Paredes,41.2046203,-8.3339522,,,,NO_CS_COORDS,
30869,EB de Bitarães,41.2286964,-8.317912,41.228794,-8.319895,166,MINOR,
30870,Jardim de Infância de Paredes,41.2071713,-8.3384043,41.207427,-8.337937,48,MATCH,
30871,"Jardim de Infância de Carreiras Verdes, Louredo, Paredes",41.2318133,-8.349856,41.233832,-8.348292,260,MINOR,
30879,"Jardim de Infância Quinta do Casal, Ariz, Marco de Canaveses,",41.1844625,-8.1461383,,,,NO_CS_COORDS,
30880,Escola Básica de Paredes,41.1756014,-8.1620467,,,,NO_CS_COORDS,
30881,Escola Básica de Manhuncelos,41.1595724,-8.1778887,,,,NO_CS_COORDS,
30882,Escola Básica de Tarrio,41.3188792,-8.4812514,41.318869,-8.480947,25,MATCH,
30883,Jardim de Infância de Vinha,41.3590266,-8.3037061,41.348785,-8.446643,11985,MISMATCH,
30884,"Jardim de Infância de Igreja, Areias",41.3633343,-8.474137,41.363312,-8.474667,44,MATCH,
30885,Escola Básica de Quinchães,41.3125724,-8.4430809,41.315421,-8.440801,370,MINOR,
30886,Escola Básica de São Bento da Batalha,41.3521466,-8.4874974,41.143988,-8.604406,25125,MISMATCH,
30887,Escola Básica de Santa Luzia,41.3181517,-8.4274635,41.315953,-8.425988,274,MINOR,
30888,Escola Básica de Foral,41.343675,-8.4930169,41.37749,-8.38827,9516,MISMATCH,
30889,Jardim de Infância de Ribeiro,41.352065,-8.42682,41.352033,-8.427086,22,MATCH,
30890,"Escola Básica de Ermida, Santa Cristina do Couto",,,41.32255,-8.486967,,CS_ONLY,
30891,Jardim de Infância de Trás-Da-Serra,41.1167584,-8.5089293,,,,NO_CS_COORDS,
30892,Jardim de Infância de Ribeira,41.0922509,-8.4920238,,,,NO_CS_COORDS,
30893,Jardim de Infância de Atães,41.1072686,-8.5292123,41.10736,-8.529594,34,MATCH,
30894,Jardim de Infância de Jancido,41.0876149,-8.4868922,41.086677,-8.485544,154,MINOR,
30950,EB1/JI do Paranho,41.3343032,-8.5559296,41.334333,-8.555597,28,MATCH,
30951,EB1/JI de Paradela,41.3346265,-8.5469123,,,,NO_CS_COORDS,
30952,EB1/JI da Esprela,41.3437873,-8.5434681,,,,NO_CS_COORDS,
30954,"Escola Básica de Duas Igrejas, Paredes",41.2247075,-8.3772184,41.220992,-8.37227,585,MISMATCH,
30955,Escola Básica de Sobrosa,41.2366787,-8.3570803,,,,NO_CS_COORDS,
30956,Escola Básica N.º 1 de Frazão,41.2655325,-8.414758,,,,NO_CS_COORDS,
30957,Escola Básica de Arreigada,41.2510434,-8.3940482,,,,NO_CS_COORDS,
30958,Escola Básica de Seroa,41.2678301,-8.4293852,,,,NO_CS_COORDS,
30961,Escola Básica Sudeste de Baião,41.139628,-7.9531215,,,,NO_CS_COORDS,
30963,Escola Básica de Livração,41.2198069,-8.1424119,,,,NO_CS_COORDS,
30964,Escola Básica de Regoufe,41.2381598,-8.1637241,,,,NO_CS_COORDS,
30965,Escola Básica de Outeiro,41.2227009,-8.1653061,,,,NO_CS_COORDS,
30966,Escola Básica de Igreja,41.2490252,-8.1491916,,,,NO_CS_COORDS,
30967,"Escola Básica de Ladário, Fontelas",41.2107971,-8.1681047,,,,NO_CS_COORDS,
30983,"Escola Básica das Ribeiras, Matosinhos",41.227215,-8.6851841,,,,NO_CS_COORDS,
30984,"Escola Básica N.º 2 de Perafita, Matosinhos",41.224199,-8.7071286,41.225166,-8.689653,1465,MISMATCH,
31002,Escola Básica de Pombeiro de Ribavizela,41.362178,-8.2003042,41.358821,-8.199954,374,MINOR,
31003,Escola Básica de Jugueiros,41.3958501,-8.2009975,,,,NO_CS_COORDS,
31004,Escola Básica de Estradinha - Sendim,41.3780315,-8.2103619,,,,NO_CS_COORDS,
31014,Escola Básica de Loureiro,41.0218731,-8.5706026,41.021984,-8.570705,15,MATCH,
31015,Escola Básica Santo António,41.0281542,-8.5873151,41.028183,-8.587304,3,MATCH,
31016,Escola Básica de Vendas,41.0317872,-8.5586166,41.031746,-8.558263,30,MATCH,
31017,Escola Básica de Asprela,41.0514347,-8.5814654,41.051019,-8.58284,124,MINOR,
31021,Escola Básica de S. Tomé de Negrelos,41.3528502,-8.4072177,41.349266,-8.404551,456,MINOR,
31025,Jardim de Infância de Prenhô,41.167217,-8.027046,41.1913888888,-8.0388888888,2865,MISMATCH,
31044,Escola Básica N.º 1 de Sobreira,41.1534967,-8.4184224,,,,NO_CS_COORDS,
31045,Escola Básica de Recarei,41.1508409,-8.4217698,41.149784,-8.422928,152,MINOR,
31059,EB/JI Lagarteiro,41.1553254,-8.571525,41.155402,-8.571208,28,MATCH,
31066,Escola Básica N.º 2 do Viso,41.1809013,-8.6437535,,,,NO_CS_COORDS,
31067,Escola Básica dos Correios,41.1730307,-8.6585834,41.173138,-8.658441,17,MATCH,
31075,Escola Básica de Baguim do Monte,41.1857137,-8.5400668,41.19098,-8.540268,586,MISMATCH,
31076,Jardim de Infância de Baixinho,41.1837808,-8.5362644,41.183994,-8.536238,24,MATCH,
31077,Jardim de Infância de Baguim do Monte,41.191858,-8.5418899,41.192282,-8.541732,49,MATCH,
31078,Jardim de Infância de Castro,41.1830696,-8.5826477,,,,NO_CS_COORDS,
31079,Jardim de Infância de entre-Cancelas,41.1874761,-8.5295244,41.187712,-8.529523,26,MATCH,
31083,Escola Básica N.º 1 de Airães,41.3156499,-8.1971288,,,,NO_CS_COORDS,
31084,Escola Básica de Cimo de Vila,41.3366839,-8.1933632,,,,NO_CS_COORDS,
31085,Escola Básica de Vinha - Pedreira,41.3266774,-8.2149182,41.327037,-8.216194,114,MINOR,
31147,Escola Básica de Folgosa,41.2678694,-8.5483194,,,,NO_CS_COORDS,
31148,"Escola Básica de Arcos, São Pedro Fins",41.2560911,-8.5460753,41.252422,-8.547023,416,MINOR,
31150,Escola Básica Santa Cristina,41.242542,-8.5428931,,,,NO_CS_COORDS,
31218,Escola Básica do Torno,41.2894823,-8.2079469,41.290514,-8.208225,117,MINOR,
31219,Escola Básica de Vilar do Torno e Alemtém,41.2797844,-8.2078052,,,,NO_CS_COORDS,
31231,Escola Básica de Lustosa,41.3373121,-8.3091913,,,,NO_CS_COORDS,
31233,"Jardim de Infância de Uchas, Lousada",41.277989,-8.2515345,,,,NO_CS_COORDS,
31234,Jardim de Infância de Lagoa,41.2871109,-8.2626795,,,,NO_CS_COORDS,
31235,Escola Básica de Mós,41.2943242,-8.2800573,41.293602,-8.281724,161,MINOR,
31265,Escola Básica/JI de Gouveia,41.2037234,-8.1030803,,,,NO_CS_COORDS,
31267,"Jardim de Infância de Cerdeiras, Tabuado",41.1873443,-8.1221946,41.187393,-8.099494,1900,MISMATCH,
31269,"Jardim de Infância de Murteirados,",41.1844625,-8.1461383,41.189785,-8.146452,592,MISMATCH,
31270,Jardim de Infância de Vila Verde,41.17961,-8.1594956,41.172794,-8.15952,758,MISMATCH,
31271,Escola Básica de Freita,41.1872072,-8.132868,41.187084,-8.13309,23,MATCH,
31272,Jardim de Infância de Ramalhais,41.172367,-8.1313833,41.175407,-8.130204,352,MINOR,
31273,Jardim de Infância da Aliviada,41.2062966,-8.101092,41.202076,-8.135736,2936,MISMATCH,
31274,EB1/JI de Carreira - Avessadas,41.1852392,-8.155338,41.163635,-8.181805,3268,MISMATCH,
31275,EB1/JI da Barroca,41.169361,-8.1272552,41.17938,-8.137261,1394,MISMATCH,
31276,Jardim de Infância da Quinta do Casal,41.1872165,-8.1414675,41.18429,-8.146057,503,MISMATCH,
31277,EB1/JI de Eiró,41.1570078,-8.1015084,41.15999,-8.101089,333,MINOR,
31283,Jardim de Infância de Vila Cova,41.0718899,-8.4547476,,,,NO_CS_COORDS,
31305,Escola Básica de Macieira da Lixa,41.3512628,-8.1585235,,,,NO_CS_COORDS,
31306,Jardim de Infância da Lixa,41.3241585,-8.1448663,,,,NO_CS_COORDS,
31342,Escola Básica de Várzea,41.3474065,-8.1922074,41.348582,-8.191526,143,MINOR,
31343,Jardim de Infância de Felgueiras,41.3698196,-8.2022682,41.361596,-8.205125,945,MISMATCH,
31344,Escola Básica de Margaride,41.3592732,-8.1985788,41.359024,-8.198392,32,MATCH,
31345,Escola Básica de Estrada,41.3472809,-8.2132514,41.347304,-8.213732,40,MATCH,
31347,Jardim de Infância de Cruzes,41.3269601,-8.2631544,,,,NO_CS_COORDS,
31348,"Escola Básica de Outeiro, Longra",41.3330633,-8.2224662,,,,NO_CS_COORDS,
31377,"Escola Básica de Gandra, Paredes",41.2012371,-8.4387357,41.202491,-8.442132,317,MINOR,
31378,Escola Básica de Cete,41.1722652,-8.3611791,41.174835,-8.363531,347,MINOR,
31379,Jardim de Infância de Lagar,41.102299,-8.4326059,,,,NO_CS_COORDS,
31380,Escola Básica Ilídio Sardoeira,41.2701238,-8.0600347,41.270277,-8.060299,28,MATCH,
31381,Jardim de Infância de Lomba,41.2498838,-8.076868,41.249431,-8.077728,88,MATCH,
31382,Jardim de Infância de Boavista,41.2624395,-8.0825726,41.263633,-8.080798,199,MINOR,
31386,"Jardim de Infância de Igreja, Gondar, Amarante",41.2529578,-8.031947,41.253222,-8.028768,267,MINOR,
31407,Escola Básica Agustina Bessa Luís,41.3579155,-8.6627575,41.357829,-8.663708,80,MATCH,
31408,Escola Básica de Medados,41.375294,-8.718409,41.37675,-8.717374,183,MINOR,
31409,"Escola Básica de Bouçó, Rio Mau, Vila do Conde",41.410195,-8.6944409,41.406917,-8.692195,410,MINOR,
31410,Escola Básica de Monte,41.3777725,-8.703065,,,,NO_CS_COORDS,
31411,Escola Básica N.º 1 de Junqueira,41.3780217,-8.6824911,41.362652,-8.757951,6525,MISMATCH,
31412,"Escola Básica de Casais, Arcos, Vila do Conde",41.3969317,-8.6629879,41.397142,-8.663012,23,MATCH,
31466,Escola Básica de Figueiró,41.3095735,-8.3411444,,,,NO_CS_COORDS,
31467,Escola Básica de Freamunde,41.3602394,-8.5589202,41.260722,-8.315877,23120,MISMATCH,
31468,Escola Básica de Raimonda,41.3166194,-8.3309637,,,,NO_CS_COORDS,
31498,Escola Básica do Bom Pastor,41.1665917,-8.6134649,41.168475,-8.614814,238,MINOR,
31623,"Jardim de Infância de Ataíde, Amarante",41.2490258,-8.1967952,41.248997,-8.197308,43,MATCH,
31624,"Escola Básica de Igreja, Vila Caiz",41.2384084,-8.1409868,,,,NO_CS_COORDS,
31631,Escola Básica da Bandeirinha,41.1450407,-8.6214535,41.14511,-8.621515,9,MATCH,
31632,Escola Básica de Gandra,41.2164906,-8.5624026,41.216688,-8.562078,35,MATCH,
31634,"Escola Básica de Corim, Águas Santas",41.2047256,-8.5740507,41.199351,-8.577042,648,MISMATCH,
31653,Escola Básica de Valbom,41.1359948,-8.5626995,41.136038,-8.562766,7,MATCH,
31654,Jardim de Infância de Arroteia,41.1391627,-8.5688915,,,,NO_CS_COORDS,
31655,"Jardim de Infância da Quinta do Sol, Valbom",41.1830696,-8.5826477,41.128728,-8.560332,6325,MISMATCH,
31683,Escola Básica de Barreiro,41.2339896,-8.5310369,41.234137,-8.530956,18,MATCH,
31684,Escola Básica de Codiceira,41.2434471,-8.5103597,41.24292,-8.508813,142,MINOR,
31809,Escola Básica da Alegria,41.1440554,-8.60007,,,,NO_CS_COORDS,
31811,Escola Básica de Noeda,41.1468092,-8.5827667,,,,NO_CS_COORDS,
31812,Escola Básica das Flores,41.1558518,-8.589889,,,,NO_CS_COORDS,
31867,Externato Santa Margarida,41.148015,-8.5423457,41.151279,-8.536188,631,MISMATCH,
31870,Colégio Luso Francês,41.176801,-8.6139849,41.176759,-8.614035,6,MATCH,
31872,Colégio Nossa Senhora da Paz,41.1599244,-8.6035313,41.159945,-8.603529,2,MATCH,
31879,"Jardim de Infância de Vilar , Vilar de Andorinho",41.1048531,-8.5732621,,,,NO_CS_COORDS,
31881,Externato Senhora do Alívio,41.3141121,-8.1562678,41.314103,-8.156247,2,MATCH,
31882,Externato Jardim Flori,41.1576007,-8.6796458,41.157634,-8.679854,18,MATCH,
31883,Jardim de Infância Jardim da Joana,41.1942648,-8.5033674,41.194291,-8.503244,11,MATCH,
31885,Colégio do Sardão,41.1182933,-8.5867099,41.118488,-8.586773,22,MATCH,
31904,Jardim Escola João de Deus,41.1639041,-8.6189532,41.163783,-8.61847,43,MATCH,
31950,EB1/JI de Brandariz,41.0600675,-8.5980432,41.056504,-8.594002,521,MISMATCH,
31951,EB1/JI de Megide,41.0867863,-8.6036679,41.086955,-8.604721,90,MATCH,
31952,EB Nº 1 de Igreja - Sande,41.1052466,-8.1791863,,,,NO_CS_COORDS,
31953,Escola Básica do 1.º Ciclo N.º 1 S. Sebastião,41.1044642,-8.1601767,41.103968,-8.16041,59,MATCH,
31975,EB1/JI do Curro,41.0716175,-8.5968627,41.071702,-8.596864,9,MATCH,
31976,EB1/JI do Monte,41.0764784,-8.6205088,,,,NO_CS_COORDS,
32030,Escola Básica de Sendim,41.1912812,-8.6686975,,,,NO_CS_COORDS,
32042,EB1/Jipicota,41.1889915,-8.1472839,41.178455,-8.157639,1457,MISMATCH,
32046,Escola Básica Quinta do Vieira,41.2050565,-8.6458855,41.205075,-8.645913,3,MATCH,
32047,Escola Básica Profª. Elvira Valente,41.1984713,-8.6543596,,,,NO_CS_COORDS,
32057,EB1/JI da Searinha,,,,,,NO_CS_COORDS,
32058,EB1/JI de Rua Direita,41.2008563,-8.1624664,41.200165,-8.161892,91,MATCH,
32105,Escola Básica da Areia,41.3333969,-8.7258672,,,,NO_CS_COORDS,
32125,"EB 1 com JI da Serrinha, Alpendorada",41.0959596,-8.2421602,41.096348,-8.242183,43,MATCH,
32126,Centro Escolar de Vila Boa do Bispo,41.1285273,-8.2126239,41.128916,-8.211898,75,MATCH,
32127,"EB 1 com JI da Quinta do Bairro, Várzea do Douro",41.07461,-8.2682453,41.074656,-8.267987,22,MATCH,
32213,"Jardim de Infância da Estrada, Telões, Amarante",41.2898216,-8.095436,,,,NO_CS_COORDS,
32214,Jardim de Infância de Subacelo,41.2961332,-8.1157727,,,,NO_CS_COORDS,
32231,Escola Básica de Freixo de Cima,41.3136276,-8.1358775,,,,NO_CS_COORDS,
32232,"Escola Básica de Igreja, Roço",41.2964493,-8.1768148,,,,NO_CS_COORDS,
32233,"Escola Básica de Acácio Lino, Travanca, Amarante",41.2846022,-8.1917319,,,,NO_CS_COORDS,
32243,Escola Básica de Torreira,41.2703102,-8.1146405,,,,NO_CS_COORDS,
32244,Escola Básica de Santa Comba,41.24805,-8.1769653,,,,NO_CS_COORDS,
32268,Jardim de Infância de Monte,41.1874524,-8.3558117,,,,NO_CS_COORDS,
32284,Jardim de Infância de Talhô,41.2324853,-8.3288407,,,,NO_CS_COORDS,
32289,Escola Básica de Covelo Moure,41.3520161,-8.1597449,41.355248,-8.174167,1256,MISMATCH,
32296,EB de Cabeda,41.2237902,-8.5281612,,,,NO_CS_COORDS,
32297,EB do Lombelho,41.2322506,-8.5225867,41.232312,-8.521888,59,MATCH,
32317,EB/JI Falcão,41.158927,-8.5753013,41.159113,-8.57541,23,MATCH,
32318,EB/JI Cerco,41.1614195,-8.5669267,41.161473,-8.566901,6,MATCH,
32319,EB/JI S. Roque,41.1655311,-8.5735965,41.166522,-8.572726,132,MINOR,
32320,EB/JI Sra. Campanhã,41.1637595,-8.5735378,41.165754,-8.574628,240,MINOR,
32333,Escola Básica de Montezelo - Fânzeres - Gondomar,41.1686286,-8.5295286,41.169152,-8.529199,64,MATCH,
32334,Escola Básica de Santa Eulália - Fânzeres - Gondomar,41.1588522,-8.5317942,41.158273,-8.531291,77,MATCH,
32336,EB/JI Corujeira,41.1561509,-8.5795347,41.156318,-8.579539,19,MATCH,
32351,Jardim de Infância Pinheiro D Além,41.1392944,-8.5586755,41.139148,-8.55658,176,MINOR,
32405,Escola Básica Integrada da Barranha,41.1896255,-8.6641839,41.190129,-8.662975,116,MINOR,
32409,Escola EB1/JI Vilar,41.0973034,-8.6305676,,,,NO_CS_COORDS,
32410,Escola EB1/JI Sardão,41.0973034,-8.6305676,,,,NO_CS_COORDS,
32411,Escola EB1/JI do Freixieiro,41.1170007,-8.572726,,,,NO_CS_COORDS,
32423,Escola EB1/JI Fernando Guedes,41.1006045,-8.5538365,41.100219,-8.553358,59,MATCH,
32448,Jardim de Infância de Laje,41.1678387,-8.3692785,,,,NO_CS_COORDS,
32449,Jardim de Infância de Astromil,41.1984484,-8.4250544,,,,NO_CS_COORDS,
32456,Centro Escolar de Campo - EB1/JI,41.2603654,-8.3166901,,,,NO_CS_COORDS,
32464,Centro Escolar de Lodares - EB1/JI,41.2375144,-8.2949224,,,,NO_CS_COORDS,
32466,Escola Básica com Jardim Infância Lagoas Nevogilde,41.2574998,-8.308007,,,,NO_CS_COORDS,
32467,Escola Básica de Boavista,41.3418731,-8.2292107,,,,NO_CS_COORDS,
32468,JI Granja - Covas T,41.2895545,-8.3162322,,,,NO_CS_COORDS,
32470,Escola Básica de Paços,41.3477296,-8.264218,,,,NO_CS_COORDS,
32471,Escola Básica de Salgueiros,41.3459021,-8.2496832,,,,NO_CS_COORDS,
32543,Escola Básica de Irmãos Passos,41.1953879,-8.6607263,,,,NO_CS_COORDS,
32583,Escola Básica de Moutidos,41.2120449,-8.5713942,,,,NO_CS_COORDS,
32584,Escola Básica da Pícua,41.2026608,-8.5681659,41.205233,-8.567645,289,MINOR,
32603,Escola Básica de Estrada do Meio (Centro Escolar de Macieira),41.290678,-8.2144213,,,,NO_CS_COORDS,
32606,Escola Básica de Telheiro (Centro Escolar de S. Miguel),41.3103356,-8.2459935,41.310504,-8.245941,19,MATCH,
32625,EB de Carmo (Centro Escolar de Barrosas St.º Estêvão),41.2843389,-8.2743587,,,,NO_CS_COORDS,
32626,Escola Básica de Sousela (Centro Escolar de Sousela),41.3038353,-8.31999,,,,NO_CS_COORDS,
32691,Escola Básica de Torrados,41.3590961,-8.2384471,,,,NO_CS_COORDS,
32694,EB Pinheiro,41.3659784,-8.1522373,,,,NO_CS_COORDS,
32707,Escola Básica de Santa Luzia - Lagares,41.3394101,-8.1986023,,,,NO_CS_COORDS,
32708,Escola Básica de Ribeirinho - Penacova,41.3752266,-8.2434637,40.272276,-8.28569,122694,MISMATCH,
32709,Escola Básica de Regilde,41.3718987,-8.2946205,,,,NO_CS_COORDS,
32710,"Escola Básica do Cruzeiro, Vizela (S. Jorge)",41.3811285,-8.2488479,,,,NO_CS_COORDS,
32711,Escola Básica do Fontão,41.3691023,-8.1741684,,,,NO_CS_COORDS,
32715,Jardim de Infância de S. Domingos – Seroa,41.2681673,-8.4387413,,,,NO_CS_COORDS,
32716,"Escola Básica Nº 2 de Lordelo, Paredes",41.2313075,-8.4213906,41.230365,-8.422717,153,MINOR,
32717,EB de Caramos,41.3498495,-8.1619895,,,,NO_CS_COORDS,
33135,Escola Básica Nº 2 de Gueifães,41.2216669,-8.6027736,41.21844,-8.606568,479,MINOR,
33161,Jardim de Infância do Outeiro (Escola Básica de Outeiro),41.1122942,-8.5227967,41.114508,-8.522654,246,MINOR,
33162,"Jardim de Infância de Barroncal, Baião",41.1484272,-7.9830432,,,,NO_CS_COORDS,
33180,Jardim de Infância de Gens (Escola Básica de Gens),41.0922509,-8.4920238,,,,NO_CS_COORDS,
33181,Escola Básica de Carvalhais,41.1734889,-7.9304938,41.169816,-7.93188,425,MINOR,
33199,Escola Básica de Baltar,41.1837886,-8.3961055,41.181914,-8.395786,210,MINOR,
33200,Escola Básica de S. Tomé,41.1776659,-8.6109735,,,,NO_CS_COORDS,
33201,Escola Básica dos Miosótis,41.176299,-8.6206644,,,,NO_CS_COORDS,
33213,Escola Básica de Espinho,41.0201983,-8.633493,41.020466,-8.633882,44,MATCH,
33220,Escola Básica da Costa,41.2157852,-8.5464871,,,,NO_CS_COORDS,
33221,Escola Básica Montes da Costa,41.2106575,-8.53705,41.211047,-8.533879,269,MINOR,
33230,Escola Básica de Moinhos,41.0382375,-8.6241866,41.038338,-8.624257,13,MATCH,
33277,Escola Básica de Monte das Cruzes,41.2181965,-8.5890072,41.218143,-8.58848,44,MATCH,
33278,Escola Básica de Monte Calvário,41.2359324,-8.5859473,,,,NO_CS_COORDS,
33279,Escola Básica de Frejufe,41.2581396,-8.5879351,,,,NO_CS_COORDS,
33311,Escola Básica de Caxinas,41.361939,-8.754364,,,,NO_CS_COORDS,
33313,EB1/JI de Finzes,41.3397767,-8.565406,,,,NO_CS_COORDS,
33314,EB1/JI de Cedões,41.319699,-8.5685807,,,,NO_CS_COORDS,
33322,Escola Básica de Benguiados,41.3595993,-8.7469564,,,,NO_CS_COORDS,
33328,EB1/JI de Bairros,41.3398097,-8.5962436,41.341119,-8.59684,154,MINOR,
33329,EB1/JI da Lagoa,41.335049,-8.5759822,41.335194,-8.575993,16,MATCH,
33366,Escola Básica de Fijós,41.2129528,-8.4641917,41.212367,-8.464751,80,MATCH,
33367,Escola Básica da Balsa,41.2266301,-8.4482397,41.2261583,-8.4478971,60,MATCH,
33384,Escola Básica de Irivo,41.1771811,-8.3290069,41.188855,-8.326729,1312,MISMATCH,
33385,Escola Básica de S. Lourenço,41.1677544,-8.331901,,,,NO_CS_COORDS,
33390,EB1/Jardim de Infância Quinta das Chás,39.399872,-8.224454,41.139858,-8.636464,196609,MISMATCH,
33391,Escola Básica de Pinheiro,41.1203697,-8.2982984,41.12243,-8.296768,263,MINOR,
33400,EB1 / Jardim de Infância da Praia,41.1367788,-8.6124103,,,,NO_CS_COORDS,
33951,EB de Chouselas,41.1299058,-8.6475178,41.129346,-8.648237,87,MATCH,
33952,Escola Básica Amorosa,41.2016624,-8.6964727,41.204611,-8.697313,335,MINOR,
33953,Escola Básica Nogueira Pinto,41.1918219,-8.7026953,41.191847,-8.702081,51,MATCH,
33980,EB de Afurada de Baixo,41.1432678,-8.6464316,41.143316,-8.646992,47,MATCH,
33981,EB de Afurada de Cima,41.1427346,-8.6426106,,,,NO_CS_COORDS,
33982,EB de Lavadores,41.1304323,-8.6607175,41.130076,-8.661801,99,MATCH,
33983,EB de Meiral,41.1254949,-8.6432135,,,,NO_CS_COORDS,
33984,EB de Viso,41.1217149,-8.6490079,41.122399,-8.649782,100,MATCH,
33989,"Escola Básica Viscondessa, Santa Cruz do Bispo, Matosinhos",41.2216176,-8.6768664,41.218829,-8.675106,343,MINOR,
33992,Escola Básica (C/ JI) de Cadavão,41.0840477,-8.6202818,,,,NO_CS_COORDS,
33993,Escola Básica (C/ JI) de Campolinho 1,41.0926126,-8.6321415,41.092228,-8.631902,47,MATCH,
33994,Escola Básica (C/ JI) de Campolinho 2,41.0968445,-8.6296283,41.097223,-8.630129,59,MATCH,
33995,Escola Básica (C/ JI) de Capela,41.0761073,-8.6336686,41.084192,-8.635765,916,MISMATCH,
33996,Escola Básica (C/ JI) de Junqueira,41.068907,-8.6558418,41.162431,-8.616887,10899,MISMATCH,
33997,Escola Básica (C/ JI) de Vila Chã,41.0939021,-8.6420686,41.094343,-8.641153,91,MATCH,
33999,Escola Básica de Cabo-Maureles,41.1035683,-8.0603471,41.17736,-8.192526,13778,MISMATCH,
34015,Escola Básica (C/ JI) de Francelos,41.0834389,-8.6443263,41.082499,-8.64407,107,MINOR,
34016,Escola Básica (C/ JI) de Lagos,41.1111568,-8.6231434,41.111251,-8.623098,11,MATCH,
34035,Escola Básica de Vila Nova,41.1936666,-8.1870702,,,,NO_CS_COORDS,
34036,Escola Básica de Igreja,41.2089681,-8.1996698,,,,NO_CS_COORDS,
34037,Escola Básica de Peso Santo Isidoro,41.2128227,-8.1391251,41.213746,-8.137075,200,MINOR,
34040,EB 1 com JI de Favões,41.0723905,-8.268672,41.115136,-8.231011,5705,MISMATCH,
34056,Escola Básica de Boelhe,41.1379687,-8.2462554,,,,NO_CS_COORDS,
34057,Escola Básica de Rio de Moínhos,41.1073823,-8.265365,,,,NO_CS_COORDS,
34058,Jardim de Infância de Vila Cova,41.1738547,-8.2356692,,,,NO_CS_COORDS,
34075,Escola Básica de Peroselo,41.1489887,-8.2626659,41.150248,-8.26333,151,MINOR,
34076,Escola Básica de Luzim,41.1449898,-8.2553964,41.530789,-8.4266,45217,MISMATCH,
34416,Jardim de Infância de Arnelas,41.075356,-8.5254015,,,,NO_CS_COORDS,
34417,Jardim de Infância de Painçais,41.061203,-8.480686,,,,NO_CS_COORDS,
34418,Jardim de Infância de Hortas,,,,,,NO_CS_COORDS,
34419,Jardim de Infância de Sá,41.0183377,-8.5045679,,,,NO_CS_COORDS,
34420,Jardim de Infância de Urbano Santos Moura,41.0632063,-8.5035068,,,,NO_CS_COORDS,
34421,Jardim de Infância de Igreja,41.0073324,-8.518185,,,,NO_CS_COORDS,
34422,Jardim de Infância de Seixo-Alvo,41.059348,-8.5168729,,,,NO_CS_COORDS,
34435,Jardim de Infância de Gestosa,41.043078,-8.5050021,,,,NO_CS_COORDS,
34436,Jardim de Infância de Igreja e Lavadores,41.0450838,-8.5422357,,,,NO_CS_COORDS,
34437,Jardim de Infância de Portelinha,41.066791,-8.473742,,,,NO_CS_COORDS,
34515,Jardim de Infância de Pulgada,41.1246407,-8.4448874,,,,NO_CS_COORDS,
34516,JI de Mariz,41.1072571,-8.578676,,,,NO_CS_COORDS,
34579,Escola Básica de Portela,41.2333755,-8.0904686,41.312837,-8.035196,9970,MISMATCH,
34580,Escola Básica do Marão,41.2601043,-7.9949011,41.269064,-8.003631,1235,MISMATCH,
34597,Escola Básica de Salvador do Monte,41.2380795,-8.0918456,41.238995,-8.090928,127,MINOR,
34598,"Escola Básica de Barracão, S. Gonçalo",41.2742103,-8.0954852,41.274445,-8.094491,87,MATCH,
34599,Escola Básica N.º 2 de Amarante,41.2691449,-8.0800522,41.271201,-8.081735,268,MINOR,
34615,Escola Básica de Cristelos,41.273338,-8.2901613,,,,NO_CS_COORDS,
34616,Escola Básica de Silvares,41.2791778,-8.2741936,,,,NO_CS_COORDS,
34617,Escola Básica de Boim,37.0868,-8.733951,,,,NO_CS_COORDS,
34635,Escola Básica de Ordem,41.2846426,-8.3027947,,,,NO_CS_COORDS,
35366,Escola Básica do Covelo,41.1655227,-8.6092998,41.165558,-8.609059,21,MATCH,
35367,Escola Básica Costa Cabral,41.1661935,-8.5996161,41.166348,-8.599271,34,MATCH,
35368,Escola Básica de São José,41.2891288,-8.4560414,41.292672,-8.448989,709,MISMATCH,
35369,Escola Básica de São José,41.1931293,-8.3891217,41.27646,-8.461314,11059,MISMATCH,
35370,Escola Básica de Granja,41.4363065,-8.6851033,,,,NO_CS_COORDS,
35371,Jardim de Infância Dr. Luís Amaro de Oliveira,41.3866114,-8.758492,,,,NO_CS_COORDS,
35372,Escola Básica de São Martinho,41.3592971,-8.3687586,41.358773,-8.369479,84,MATCH,
35373,Jardim de Infância de Fontela,41.1309323,-8.5240431,,,,NO_CS_COORDS,
35374,Jardim de Infância o Mineiro,41.1640356,-8.5118635,41.163666,-8.51112,75,MATCH,
35375,Escola Básica de Campinhos,41.2591018,-8.4731748,41.259132,-8.473526,30,MATCH,
35376,Escola Básica de Arcozelo,41.2614135,-8.4917068,41.261475,-8.491627,10,MATCH,
35377,Escola Básica de Parada,,,41.300526,-8.468912,,CS_ONLY,
35378,Escola Básica de Igreja,41.3094793,-8.4851647,41.300456,-8.479846,1097,MISMATCH,
35379,Escola Básica de Fontainhas,41.4165867,-8.6520599,41.416659,-8.65191,15,MATCH,
35381,Jardim de Infância de Sejães,41.4154778,-8.7267429,,,,NO_CS_COORDS,
35382,Escola Básica de Igreja,41.3972808,-8.7219583,41.396306,-8.724845,264,MINOR,
35383,Jardim de Infância dos Carregais,41.1425003,-8.5298217,41.146788,-8.554976,2160,MISMATCH,
35384,Escola Básica do Taralhão,41.15062,-8.5351746,41.151127,-8.535761,75,MATCH,
35385,Jardim de Infância de Vinhal,41.1458027,-8.5261832,41.146265,-8.52628,52,MATCH,
35386,Escola Básica de Aguiar,41.1214854,-8.5275635,41.121154,-8.524821,233,MINOR,
35387,Escola Básica do Castelo da Maia,41.259363,-8.6144562,,,,NO_CS_COORDS,
35395,EB1 Vila Verde,41.1604105,-8.5106986,,,,NO_CS_COORDS,
35396,EB1 Belo Horizonte,41.1509191,-8.5135653,41.151623,-8.51318,85,MATCH,
35416,Eb1ji D. Manuel II,41.235656,-8.6168659,41.235856,-8.617056,27,MATCH,
35417,Eb1ji Maia,41.2270893,-8.6184668,37.832556,-25.391507,1484575,MISMATCH,
35419,Escola Básica de Milhundos,41.2070694,-8.2722762,,,,NO_CS_COORDS,
35420,Escola Básica de São Martinho de Recezinhos,41.2245197,-8.2157281,,,,NO_CS_COORDS,
35421,Escola Básica de Santa Marta,41.216748,-8.2626986,,,,NO_CS_COORDS,
35422,Escola Básica Estádio do Mar,41.1841852,-8.6708242,,,,NO_CS_COORDS,
35423,"Escola Básica de Maninho, Madalena",41.109668,-8.6304139,41.183476,-8.679525,9180,MISMATCH,
35424,Escola Básica de Padrão,41.3345347,-8.6454703,41.334658,-8.645493,14,MATCH,
35425,Escola Básica de Vairão,41.359046,-8.7030294,41.331074,-8.671655,4066,MISMATCH,
35426,Escola Básica de Quinta,41.3237438,-8.6954264,41.406712,-8.625892,10899,MISMATCH,
35428,Escola Básica de Macieira,41.3404519,-8.6765953,41.341062,-8.676409,70,MATCH,
35429,Jardim de Infância de Laborim,41.1014719,-8.5972627,41.101548,-8.59726,8,MATCH,
35430,Jardim de Infância do Cedro,41.1111878,-8.6101973,41.10914,-8.610641,231,MINOR,
35435,Eb1ji de Currais,41.2805814,-8.6646628,,,,NO_CS_COORDS,
35436,Eb1ji Cidade Jardim,41.2805814,-8.6646628,41.229781,-8.61494,7013,MISMATCH,
35439,Escola Básica de Matosinhos,41.1851449,-8.6780631,40.952784,-8.632395,26119,MISMATCH,
35441,Escola Básica Florbela Espanca,41.1860392,-8.6868178,41.185724,-8.686187,63,MATCH,
35442,Escola Básica de S. Mamede de Recesinhos,41.2391613,-8.2044249,,,,NO_CS_COORDS,
35443,Escola Básica de Marmoiral,41.1040081,-8.6470646,41.103431,-8.645001,184,MINOR,
35444,Jardim de Infância de Quinta do Vale,41.1101343,-8.6364216,,,,NO_CS_COORDS,
35445,Escola Básica de Gião de Cima,41.3079461,-8.6791062,41.307606,-8.67935,43,MATCH,
35446,Jardim de Infância de São Lázaro,41.2969092,-8.6399038,41.296406,-8.639395,70,MATCH,
35447,Escola Básica de Susão,41.202597,-8.5058296,41.203088,-8.505645,57,MATCH,
35448,Escola Básica de Ilha,41.1875719,-8.4937236,41.187457,-8.493188,47,MATCH,
35449,Jardim de Infância de Santegãos,41.1905102,-8.5665998,41.20486,-8.568956,1608,MISMATCH,
35450,Escola Básica de Boucinha,41.189651,-8.570728,41.189236,-8.576789,509,MISMATCH,
35451,Escola Básica N.º 2 de Pedrouços,41.1819491,-8.5872119,41.183117,-8.590193,281,MINOR,
35452,Escola Básica de Giesta,41.1884707,-8.5831257,41.188799,-8.582944,40,MATCH,
35453,Escola Básica de Paço,41.2001476,-8.5840872,41.201474,-8.584934,164,MINOR,
35454,Escola Básica de Azenha,41.1789446,-8.4795183,41.209628,-8.607759,11260,MISMATCH,
35455,Escola Básica de Balselhas,41.1888054,-8.4712012,41.188447,-8.470982,44,MATCH,
35456,Escola Básica de Outeiro,41.1730152,-8.4653594,41.122381,-8.583102,11353,MISMATCH,
35457,Escola Básica de Retorta,41.1749866,-8.4609562,41.175584,-8.462651,157,MINOR,
35458,Escola Básica de Moirais,41.1804356,-8.4608141,41.18061,-8.461647,72,MATCH,
35465,Escola Básica da Vilarinha,41.1645421,-8.6601577,41.164403,-8.660045,18,MATCH,
35466,Escola Básica da Fonte da Moura,41.1705457,-8.662076,41.170647,-8.662183,14,MATCH,
35468,Escola Básica da Pasteleira,41.1553567,-8.6606873,41.15496,-8.660335,53,MATCH,
35469,Escola Básica das Condominhas,41.150574,-8.6524901,,,,NO_CS_COORDS,
35471,Escola Básica da Praia de Angeiras,41.2649473,-8.7245339,41.265045,-8.724602,12,MATCH,
35472,Escola Básica das Campinas,41.1708274,-8.6530188,41.170773,-8.653191,16,MATCH,
35473,Escola Básica de Crestins,41.2344661,-8.6586629,41.234546,-8.658733,11,MATCH,
35474,Escola Básica de Pedras Rubras,41.2445312,-8.6643201,41.244267,-8.664034,38,MATCH,
35475,Escola Básica de Cabanelas,41.2485839,-8.7005845,41.248626,-8.700581,5,MATCH,
35476,Escola Básica de Agudela,41.2437638,-8.7220022,41.243444,-8.722214,40,MATCH,
35477,Escola Básica de Caíde de Rei,41.2615271,-8.2227308,,,,NO_CS_COORDS,
35479,Escola Básica N.º 1 de Cruzeiro,41.2957251,-8.2337738,41.295979,-8.233877,30,MATCH,
35480,Escola Básica de Meinedo,41.2442781,-8.2597603,41.244638,-8.25996,43,MATCH,
35481,Escola Básica da Guarda,41.2448981,-8.6441769,,,,NO_CS_COORDS,
35482,Escola Básica de Branzelo,41.0814952,-8.4205228,41.081394,-8.420704,19,MATCH,
35484,Escola Básica da Torrinha,41.1541205,-8.6238672,41.155318,-8.62336,140,MINOR,
35485,Escola Básica de Carlos Alberto,41.1489484,-8.6161149,41.224016,-8.629466,8422,MISMATCH,
35486,Escola Básica do Monte Aventino,41.1625127,-8.5873935,41.162671,-8.587335,18,MATCH,
35487,Escola Básica de Igreja Velha,41.1948625,-8.6002817,41.195725,-8.602663,221,MINOR,
35488,Escola Básica Padre Manuel Castro,41.1955721,-8.6083348,41.195509,-8.608627,25,MATCH,
35489,Escola Básica de Ermida,41.1930435,-8.613286,41.1938,-8.615009,167,MINOR,
35490,Jardim de Infância de Ponte,41.1938225,-8.2760021,,,,NO_CS_COORDS,
35491,Centro Escolar de Duas Igrejas,41.1858506,-8.2623067,,,,NO_CS_COORDS,
35492,Escola Básica de Sampaio,41.2320173,-8.5597154,41.232274,-8.559592,30,MATCH,
35493,Escola Básica de Gandra,41.2147786,-8.5559791,41.079708,-8.268965,28339,MISMATCH,
35494,Escola Básica de São Miguel de Nevogilde,41.1641966,-8.6769545,41.159784,-8.679442,533,MISMATCH,
35495,Escola Básica Lidador,41.2534935,-8.6623456,41.253497,-8.661507,70,MATCH,
35496,Escola Básica de Prozela,41.2426711,-8.6717814,41.242825,-8.671888,19,MATCH,
35497,Escola Básica de Cimo de Vila,40.9510742,-8.4837915,41.06784,-8.396174,14921,MISMATCH,
35498,Escola Básica de Zebreiros,41.0922509,-8.4920238,41.08461,-8.51157,1845,MISMATCH,
35500,Escola Básica de São João de Deus,41.177338,-8.5716839,,,,NO_CS_COORDS,
35501,Escola Básica do Bom Sucesso,41.1535225,-8.6296821,41.15374,-8.629503,28,MATCH,
35502,"Escola Básica de Amieira, Senhora da Hora",41.1813801,-8.6274785,41.182521,-8.627112,131,MINOR,
35503,Escola Básica de Gondivai,41.2130361,-8.6364073,41.207833,-8.632784,653,MISMATCH,
35505,Escola Básica N.º 1 de Eiriz,41.3062601,-8.3859111,41.308487,-8.366357,1652,MISMATCH,
35506,Escola Básica de Bela,41.2243654,-8.5510569,41.224468,-8.551049,11,MATCH,
35507,Escola Básica Paulo da Gama,41.150082,-8.6610818,41.150155,-8.661093,8,MATCH,
35508,Escola Básica da Constituição,41.1635767,-8.6167204,41.163693,-8.616523,21,MATCH,
35509,Escola Básica Padre Américo,41.16663,-8.639189,,,,NO_CS_COORDS,
35510,Jardim de Infância das Fontaínhas,41.3612729,-8.4118403,41.3615,-8.408764,258,MINOR,
35511,Escola Básica de Bom Nome,41.3663045,-8.4089499,41.365868,-8.40848,62,MATCH,
35515,Escola Básica da Fontinha,41.155048,-8.606256,41.155087,-8.606262,4,MATCH,
35516,Escola Básica Fernão de Magalhães,41.1533897,-8.5994117,41.154051,-8.598545,103,MINOR,
35517,Escola Básica de Castelos,41.1692831,-8.6293382,41.170884,-8.62881,183,MINOR,
35518,Escola Básica de Caramila,41.1686126,-8.6229037,41.168697,-8.622867,10,MATCH,
35519,Escola Básica da Lomba,41.1480088,-8.5896904,41.148528,-8.589722,58,MATCH,
36275,"Escola Básica de Areal, Couto-São Miguel",41.3315782,-8.463093,41.331338,-8.462774,38,MATCH,
36276,Escola Básica de Igreja,41.3612323,-8.4670928,41.361697,-8.467119,52,MATCH,
36277,"Escola Básica de Merouços, Santa Cristina do Couto",41.3228231,-8.4715404,41.322794,-8.471721,15,MATCH,
36278,Escola Básica de Quintão,41.3627216,-8.4958454,41.477418,-8.51574,12861,MISMATCH,
36279,Escola Básica de Sequeirô,41.3666165,-8.4572103,41.366214,-8.457546,53,MATCH,
36335,Jardim de Infância de Brito,41.0292385,-8.6361566,41.02894,-8.635729,49,MATCH,
36434,Escola Básica Nº1 de Eiriz - Baião,41.1236827,-8.0533378,41.12392,-8.05133,170,MINOR,
36935,Jardim de Infância do Outeiro,41.0465332,-8.6119861,41.049207,8.617843,1442516,MISMATCH,
36952,Escola Básica Júlio Saúl Dias,41.3518489,-8.746932,,,,NO_CS_COORDS,
36964,"Escola Básica de Murraceses, Grijó Vila Nova de Gaia",41.0304956,-8.5649638,,,,NO_CS_COORDS,
37131,Escola Básica de Navais,41.4269205,-8.7651084,,,,NO_CS_COORDS,
37132,Escola Básica de Teso,41.4539428,-8.7418558,,,,NO_CS_COORDS,
37133,Escola Básica de Agro Velho,41.3966636,-8.7693216,,,,NO_CS_COORDS,
37134,Escola Básica dos Carvalhos,41.0679392,-8.5761373,,,,NO_CS_COORDS,
37135,Escola Básica de Alheiras,41.0862224,-8.5381416,,,,NO_CS_COORDS,
37136,Escola Básica de Leirós,41.04421,-8.5523293,,,,NO_CS_COORDS,
37215,EB1/JI Lagarteira,41.0812411,-8.5998519,,,,NO_CS_COORDS,
37315,Escola Básica de Aldeia,41.4382591,-8.7788935,,,,NO_CS_COORDS,
37336,Escola Básica do Passal,41.1523781,-8.5023815,,,,NO_CS_COORDS,
37591,Escola Básica de São João da Foz,41.1517948,-8.6696119,,,,NO_CS_COORDS,
37646,"Escola Básica de Igreja, Malta, Vila do Conde",41.3006598,-8.6626408,,,,NO_CS_COORDS,
37648,Escola Básica de Figueiredo,41.0815154,-8.5645117,,,,NO_CS_COORDS,
37649,Escola Básica de Mexedinho,41.0697488,-8.5538915,,,,NO_CS_COORDS,
37650,Escola Básica de Senhora do Monte,41.0873424,-8.583853,,,,NO_CS_COORDS,
37651,Escola Básica Augusto Lessa,41.1701387,-8.5999582,,,,NO_CS_COORDS,
37653,Escola Básica de Boavista,41.1869048,-8.5074892,,,,NO_CS_COORDS,
37767,Escola Básica N.º 1 de Santo Tirso,41.3445517,-8.4750791,,,,NO_CS_COORDS,
37973,Creche e Jardim de Infância o Gonzo - Alfena,41.2428489,-8.5088293,,,,NO_CS_COORDS,
38252,Escola Básica de Santão,41.3542552,-8.1716293,,,,NO_CS_COORDS,
38253,Escola Básica de Alto de Soutelo,41.1640331,-8.5460136,,,,NO_CS_COORDS,
38254,Escola Básica N.º 2 de São Caetano,41.1702015,-8.560992,,,,NO_CS_COORDS,
38255,Escola Básica de Bustelo,41.2289799,-8.2703393,,,,NO_CS_COORDS,
38298,Projeto Scholé,41.1832765,-8.687689,,,,NO_CS_COORDS,
38322,"Escolinha da Campainha, Cooperativa de Solidariedade Social, CRL",41.1792871,-8.5513877,,,,NO_CS_COORDS,
38323,O Mundo Pula,41.2357141,-8.622268,,,,NO_CS_COORDS,
38750,Escola Básica do Curvadelo,41.0406752,-8.6023617,,,,NO_CS_COORDS,
39189,"Jardim de Infância de Areja, Lomba - Gondomar",41.0516424,-8.4038067,,,,NO_CS_COORDS,
39231,Escola Básica de S. Nicolau,41.1429583,-8.6213931,,,,NO_CS_COORDS,
414,Centro Social Paroquial de Freixianda,39.7623854,-8.458848,39.72928,-8.494204,4763,MISMATCH,
416,Equip. Soc. Centro Social Paroquial São João Baptista,39.7637859,-8.6379043,40.413154,-8.217619,80573,MISMATCH,
417,Centro de Apoio Social do Olival,,,39.711086,-8.601398,,CS_ONLY,
428,Área Infantil Centro Assistência Social Tomar,39.6009828,-8.4119752,40.753304,-8.06762,131429,MISMATCH,
439,Jardim de Infância Centro Social e Paroquial do Entroncamento,39.459306,-8.4689582,39.459621,-8.466763,192,MINOR,
446,Centro de Bem Estar Social Glória do Ribatejo,39.0423005,-8.6458044,39.042279,-8.645434,32,MATCH,
448,Jardim Infância do Centro Social Paroquial de Vale das Mós,39.343167,-8.0653635,39.342311,-8.06424,136,MINOR,
465,Infantário Margarida Pinto Bastos Almeida,39.4831066,-8.5384039,39.483331,-8.538576,29,MATCH,
468,Jardim de Infância Centro Social de Alferrarede,39.4732801,-8.1918842,38.66388,-9.049347,116532,MISMATCH,
470,Lar de Idosos Santa Casa da Misericórdia da Barquinha,39.4620625,-8.4397845,39.462169,-8.439818,12,MATCH,
471,"Jardim de Infância ""O Coelhinho""",39.359707,-8.4744211,39.359053,-8.473499,108,MINOR,
493,Creche e Jardim de Infância Centro Bem Estar Social da Zona Alta,39.4749138,-8.5438741,39.475131,-8.54382,25,MATCH,
496,Creche Centro Social Paroquial Nossa Senhora de Oliveira do Tramagal,39.4522452,-8.2437516,40.049837,-7.365603,100256,MISMATCH,
499,Centro Social Paroquial de Golegã,39.4061403,-8.4878436,39.4059,-8.4881,35,MATCH,
501,Jardim Infantil de Riachos,39.4441921,-8.5118255,39.444576,-8.512205,54,MATCH,
505,Santa Casa da Misericórdia de Mação,39.5567518,-7.9999983,41.238472,-8.414142,190258,MISMATCH,
508,Creche e Jardim de Infância Santa Casa da Misericórdia de Abrantes,39.4611018,-8.1973791,,,,NO_CS_COORDS,
511,"Sede, Creche, Pré - Escolar, Serviço de Apoio Domiciliário",39.4666986,-8.208042,39.466711,-8.208196,13,MATCH,
515,Unidade do Padre Manuel Francisco Borges Centro Social Interparoquial de Santarém,39.2320912,-8.682316,39.305922,-8.721463,8874,MISMATCH,
517,Unidade de São Domingos Centro Social Interparoquial de Santarém,39.2327107,-8.682734,40.523397,-7.580361,171595,MISMATCH,
527,Creche e Jardim de Infância - Centro Educativo e de Solidariedade Social Ezn da Fonte Boa,39.2030451,-8.7412096,39.202212,-8.741237,93,MATCH,
528,Creche - Berço do Alviela | Santa Casa da Misericórdia de Pernes,39.3834161,-8.6603176,39.385432,-8.659091,248,MINOR,
530,Infantário Associação de Apoio às Famílias de Fazendas de Almeirim,39.1784281,-8.5808654,39.177692,-8.581814,116,MINOR,
538,Creche Centro Social Paroquial da Ereira,39.1796387,-8.8681471,39.18004,-8.86829,46,MATCH,
550,Centro Paroquial de Bem Estar Social de Almeirim,39.2116561,-8.6127279,39.213213,-8.627162,1256,MISMATCH,
559,Centro Paroquial de Bem Estar Social de Salvaterra de Magos,39.0228149,-8.7892287,38.953153,-9.406165,53881,MISMATCH,
564,Centro Materno Infantil e Cultural do Couço,38.9844448,-8.2866638,38.984452,-8.286622,4,MATCH,
565,Creche Centro de Bem Estar Social de Minde para Crianças,39.5169853,-8.687279,,,,NO_CS_COORDS,
568,Creche e Jardim de Infância Centro de Bem Estar Social de Alcanena,39.4610812,-8.6661964,39.463589,-8.665644,283,MINOR,
572,Jardim de Infância Lar São José,38.960753,-8.5243648,38.9623,-8.521829,279,MINOR,
579,Creche e Jardim Infantil de Benavente,38.9765196,-8.8044638,,,,NO_CS_COORDS,
588,Centro Infantil Fundação José Relvas,39.2559192,-8.5827357,39.256163,-8.583161,46,MATCH,
592,Creche Andó-Litá,39.3612662,-8.7647108,39.36134,-8.763994,62,MATCH,
2401,Creche Pim Pam Pum,39.3210437,-8.6903354,39.36134,-8.763994,7759,MISMATCH,
2404,Santa Casa da Misericórdia de Santarém,39.2335163,-8.6869372,39.234021,-8.686154,88,MATCH,
2406,Jardim de Infância o Ninho,39.3339146,-8.9334161,39.468535,-8.469703,42562,MISMATCH,
2408,Santa Casa da Misericórdia de Ferreira do Zêzere,39.6891615,-8.2915699,38.507166,-9.156815,151158,MISMATCH,
2417,Centro Social da Divina Providência,39.6398824,-8.6880875,39.636965,-8.686661,347,MINOR,
2421,Equip. Soc. Centro Social Espírito Santo,39.6183703,-8.5508923,39.618355,-8.550914,3,MATCH,
2425,Jardim de Infância Centro Social Paroquial da Atouguia,39.646539,-8.627363,39.646418,-8.626527,73,MATCH,
2526,Centro Infantil Santa Maria de Leuca,39.6363407,-8.6689189,39.633976,-8.666194,352,MINOR,
2527,Equip. Social Centro Centro Social da Ribeira de Fárrio,39.7781572,-8.5023883,39.76244,-8.490532,2020,MISMATCH,
2571,Centro de Bem Estar de Bairro,39.5734031,-8.5913134,39.605482,-8.66059,6926,MISMATCH,
6053,Infantário Encoprof,39.4652795,-8.4695876,39.465391,-8.469324,26,MATCH,
10872,Abrigo do Menino Jesus,39.4774338,-8.5490664,39.477525,-8.548023,90,MATCH,
15067,ACVP - Associação Comunitária de Vale da Pedra - Creche,39.1071711,-8.8020736,39.104999,-8.80119,253,MINOR,
15072,ATL e Creche da Associação Comunitária Assistência Social- Vila Chã de Ourique,39.1730134,-8.7606944,39.16572,-8.769442,1107,MISMATCH,
15082,Creche Associação de Solidariedade Social- Benfica do Ribatejo,39.1387661,-8.680967,,,,NO_CS_COORDS,
15083,Mãe Galinha - Centro de Bem Estar Social,41.5136809,-8.7720324,39.045263,-8.709056,274528,MISMATCH,
15177,Creche e Jardim de Infância do Centro Bem Estar Social Padre Tobias,38.9366604,-8.8690724,38.934447,-8.874698,545,MISMATCH,
17315,Centro Bem Estar Social de Foros de Salvaterra e Magos- Creche e Jardim de Infância,38.9960779,-8.6803981,39.027191,-8.792494,10284,MISMATCH,
17558,Jardim Escola João de Deus - Tramagal,39.4558552,-8.2498665,39.452717,-8.248472,369,MINOR,
17561,Creche Meio Palmo II,39.6224738,-8.6590193,39.622322,-8.6592561,26,MATCH,
18571,Jardim de Infância do Cartaxo-Creche I,39.1573302,-8.7944249,38.732257,-9.164879,57101,MISMATCH,
18572,Edifício de Apoio Social Centro Social da Serra do Alecrim IPSS,39.4523457,-8.8317445,39.455994,-8.842881,1039,MISMATCH,
19546,Jardim de Infância do Cartaxo -Creche II,39.1573302,-8.7944249,38.732257,-9.164879,57101,MISMATCH,
19663,Jardim de Infância de S. Pedro,39.4789298,-8.5420757,39.478875,-8.54211,7,MATCH,
19806,Jardim-Escola João de Deus de Santarém,39.2598267,-8.6981306,39.2598,-8.69817,5,MATCH,
19841,Creche e Jardim de Infância do Centro de Bem Estar Social de Muge,39.1002695,-8.7081313,39.099928,-8.709033,87,MATCH,
19845,Creche e Jardim de Infância do Centro Social do Pego,39.4573219,-8.1524885,39.456836,-8.152194,60,MATCH,
21666,Apdaf - Associação para a Promoção e Dinamização do Apoio à Família,39.6557983,-8.5732268,39.7538512,-8.4619532,14474,MISMATCH,
21841,Centro Social Paroquial de Atalaia,39.4773049,-8.4571747,39.478862,-8.454832,265,MINOR,
21941,"Abcrescimento, Lda",39.4727747,-8.4436411,39.473203,-8.444242,70,MATCH,
22689,Creche da Sociedade Filarmónica Gualdim Pais,39.616256,-8.3969109,39.603677,-8.4128291,1953,MISMATCH,
24442,Creche Meio Palmo I,39.6297573,-8.6613658,39.607679,-8.58202,7226,MISMATCH,
24868,"Centro Desportivo Social e Cultural do Cercal, Vales e Ninho",39.7093239,-8.6577115,39.71019,-8.657691,96,MATCH,
25619,Cresce no Paço,39.1472994,-8.8378452,,,,NO_CS_COORDS,
25912,Creche da Chainça - SCM de Rio Maior,39.3312378,-8.9225693,,,,NO_CS_COORDS,
25913,Centro de Bem Estar Social de Santo Estevão,38.859608,-8.7444426,38.859769,-8.744847,39,MATCH,
25930,Centro Social Paroquial N. Sra. Purificação - Assentis,39.5871337,-8.5113986,39.438092,-8.550206,16904,MISMATCH,
25951,Colégio Lusitanos,39.2760404,-8.694027,39.277939,-8.696642,309,MINOR,
26233,Creche e JI Azervadinha,38.9639342,-8.4791975,38.965006,-8.476392,270,MINOR,
26273,Creche e JI Quinta do Lago,38.9617066,-8.5250004,38.960953,-8.525742,106,MINOR,
26339,Creche do Paço,39.2105732,-8.6288644,39.138886,-8.678267,9037,MISMATCH,
26741,Creche Mãe Celeste,39.4483983,-8.7580942,39.447614,-8.759931,180,MINOR,
26760,Jardim Infantil de Ourém - Creche,39.6550656,-8.5761907,39.655172,-8.576056,17,MATCH,
27450,Creche de Malaqueijo,39.2948375,-8.8266682,39.576772,-8.590544,37336,MISMATCH,
27910,O Meu Pequeno Mundo - Creche e Jardim Infância,39.2447295,-8.694509,39.235961,-8.698818,1043,MISMATCH,
27927,"Academia de Sonhos - Creche, Jardim de Infância e Centro de Estudos, Unipessoal Lda",39.5993734,-8.4009908,39.598799,-8.400965,64,MATCH,
29045,Colégio da Jardinita,39.4159479,-8.8127726,,,,NO_CS_COORDS,
29432,Colégio Valle dos Príncipes,39.2324697,-8.6831219,39.233018,-8.683586,73,MATCH,
29619,Escola Infantil Jacinta Marto,39.6285721,-8.6726028,38.754883,-9.278293,110284,MISMATCH,
29685,Infantário a Quinta dos Encantos,39.6121542,-8.3917118,39.612153,-8.391679,3,MATCH,
29736,Colégio Alto do Pina,39.3389328,-8.9385357,39.33996,-8.938028,122,MINOR,
29751,Creche Águas Férreas,39.3248014,-8.9422787,39.3254,-8.9422,67,MATCH,
31906,Jardim Escola João de Deus - Entroncamento,39.4640992,-8.4663492,39.464174,-8.465889,40,MATCH,
31908,Jardim Escola João de Deus- Torres Novas,39.4826258,-8.5369988,39.482697,-8.537005,8,MATCH,
32013,Creche do Centro Social do Divinho Espírito Santo,39.4721645,-8.5034561,,,,NO_CS_COORDS,
32455,Creche e Jardim Infantil de Benavente,38.9762777,-8.8045985,38.976489,-8.804603,23,MATCH,
32480,Creche os Pequenos Poetas,39.4808201,-8.3367341,39.484641,-8.334052,483,MINOR,
32880,Creche do Porto Alto,38.9206889,-8.8767069,,,,NO_CS_COORDS,
34722,Colégio D. Pedro,39.2679376,-8.6966244,,,,NO_CS_COORDS,
36395,Colégio Conde de Sobral,39.210437,-8.628306,39.210364,-8.628377,10,MATCH,
37986,Fraldas de Fora Creche,39.2474873,-8.6876962,,,,NO_CS_COORDS,
39018,Creche Municipal de Sardoal,39.5344405,-8.1611622,,,,NO_CS_COORDS,
39163,Creche Miúdos,38.927152,-8.8649431,,,,NO_CS_COORDS,
39223,Creche Municipal Largo do Conde - Brincar,39.208148,-8.6315068,,,,NO_CS_COORDS,
17913,Casa da Criança - Centro de Assistência Social de Fátima,39.6556425,-8.5883199,39.590335,-8.650097,8985,MISMATCH,
29459,Jardim de Infância o Palhacinho,39.4856056,-8.5431835,,,,NO_CS_COORDS,
29549,Externato de S. Domingos do Santíssimo Rosário,39.6377203,-8.6687743,39.629649,-8.668269,899,MISMATCH,
29715,Academia Júnior,39.4896227,-8.5474464,39.489756,-8.547538,17,MATCH,
29879,EB Maria de Lourdes Pintasilgo,38.732217,-9.1435927,,,,NO_CS_COORDS,
29880,Jardim de Infância de Mouriscas,39.5062591,-8.0833664,,,,NO_CS_COORDS,
29882,Escola Básica de Alvega,39.4652356,-8.0447622,39.465482,-8.041761,259,MINOR,
29886,Escola Básica do Pego,39.4583495,-8.1520345,39.458122,-8.152411,41,MATCH,
29887,Escola Básica Rossio ao Sul do Tejo,39.4470245,-8.1877361,,,,NO_CS_COORDS,
29895,Centro Escolar Visconde de São Gião,39.4832672,-8.5407647,39.484817,-8.543208,271,MINOR,
29896,Jardim de Infância de Tufeiras,39.4854664,-8.5417267,,,,NO_CS_COORDS,
29897,"Jardim de Infância da Glória do Ribatejo, Salvaterra de Magos",39.0423088,-8.6454182,38.894358,-9.035428,37517,MISMATCH,
29898,Jardim de Infância de Marinhais,39.0420696,-8.7088085,,,,NO_CS_COORDS,
29899,"Jardim de Infância de Granho, Salvaterra de Magos",39.0903217,-8.6571301,,,,NO_CS_COORDS,
29915,Centro Escolar de Assentis e Chancelaria,39.5588626,-8.5167313,,,,NO_CS_COORDS,
29916,"Centro Escolar Serra de Aire, Pedrógão, Torres Novas",39.5214904,-8.5926908,,,,NO_CS_COORDS,
29917,Centro Escolar de Olaia e Paço,39.5228393,-8.4718649,,,,NO_CS_COORDS,
29933,Escola Básica N.º 2 de Porto Alto,38.9173992,-8.8858983,,,,NO_CS_COORDS,
29934,"Jardim de Infância da Lezíria, Samora Correia",38.9146933,-8.8573989,,,,NO_CS_COORDS,
29935,Jardim de Infância de Porto Alto,,,,,,NO_CS_COORDS,
29936,Escola Básica de Samora Correia,38.9350525,-8.8666507,38.934996,-8.870275,314,MINOR,
29937,Jardim de Infância Prof. António José Ganhão,38.9337191,-8.869439,,,,NO_CS_COORDS,
29959,Jardim de Infância da Golegã,39.4061525,-8.4842249,39.406563,-8.48449,51,MATCH,
29960,Escola Básica e Jardim de Infância Augusto do Souto Barreiros,39.3513603,-8.5387212,,,,NO_CS_COORDS,
29975,Escola Básica de Pereiro,39.232756,-8.6807841,39.232906,-8.680803,17,MATCH,
29979,Jardim de Infância de Cem Soldos,39.5886958,-8.4526634,,,,NO_CS_COORDS,
29980,Jardim de Infância do Marmeleiro,39.5577746,-8.4386939,,,,NO_CS_COORDS,
29982,Jardim de Infância da Pedreira,39.639268,-8.408925,,,,NO_CS_COORDS,
29983,Jardim de Infância Vale do Calvo,39.619884,-8.477291,,,,NO_CS_COORDS,
29984,Escola Básica Raul Lopes,39.6046584,-8.4039934,39.604102,-8.402174,168,MINOR,
29985,Jardim de Infância de Carregueiros,39.6201326,-8.4430356,,,,NO_CS_COORDS,
30147,Escola Básica de Alpiarça,39.2622885,-8.5788819,,,,NO_CS_COORDS,
30149,Escola Básica de Frade de Baixo,39.2191079,-8.6011049,,,,NO_CS_COORDS,
30651,Jardim de Infância de Vila Moreira,39.4700203,-8.6767921,,,,NO_CS_COORDS,
30652,Jardim de Infância de Bugalhos,39.4453318,-8.6464293,,,,NO_CS_COORDS,
30653,Jardim de Infância da Serra de Santo António,39.5139328,-8.7282185,,,,NO_CS_COORDS,
30654,Jardim de Infância de Covão do Coelho,39.5327301,-8.6712984,,,,NO_CS_COORDS,
30655,Jardim de Infância de Gouxaria,39.4746657,-8.6465246,,,,NO_CS_COORDS,
30656,Jardim de Infância de Moitas Venda,,,,,,NO_CS_COORDS,
30658,Jardim de Infância de Alcanena,39.4613512,-8.6661897,,,,NO_CS_COORDS,
30659,Escola Básica Prof. Abílio Madeira,39.5169752,-8.6861974,,,,NO_CS_COORDS,
30660,Jardim de Infância de Malhou,39.4277536,-8.6864175,,,,NO_CS_COORDS,
30661,Jardim de Infância de Monsanto,39.4606659,-8.7148763,,,,NO_CS_COORDS,
30738,Jardim de Infância de Cardigos,39.6950686,-8.0200466,,,,NO_CS_COORDS,
30764,Jardim de Infância do Chouto,39.2716478,-8.3532956,,,,NO_CS_COORDS,
30765,Jardim de Infância do Pinheiro Grande,39.3929684,-8.4370709,,,,NO_CS_COORDS,
30766,Jardim de Infância da Carregueira,39.4173321,-8.4142724,,,,NO_CS_COORDS,
30767,Jardim de Infância da Parreira,39.2151391,-8.3957026,39.215098,-8.396839,98,MATCH,
30768,Escola Básica da Chamusca,39.3593196,-8.4770442,,,,NO_CS_COORDS,
30939,Escola Básica N.º 1 de Alcanede,39.4191054,-8.8215428,39.41951,-8.822032,62,MATCH,
30940,Jardim de Infância de Abrã,39.4178578,-8.7733503,,,,NO_CS_COORDS,
30941,Escola Básica de Tremês,39.3609519,-8.7655855,,,,NO_CS_COORDS,
30942,Escola Básica de Amiais de Cima,39.4477964,-8.7615829,,,,NO_CS_COORDS,
30943,Jardim de Infância de Verdelho,39.3174386,-8.6802827,,,,NO_CS_COORDS,
30944,Jardim de Infância de Achete,39.3308983,-8.6901419,,,,NO_CS_COORDS,
30945,Escola Básica de Casével,39.4060981,-8.6012328,,,,NO_CS_COORDS,
30946,Jardim de Infância do Sobral,39.3592482,-8.6345237,,,,NO_CS_COORDS,
30947,Jardim de Infância de Gançaria,39.405178,-8.8801651,,,,NO_CS_COORDS,
30948,Escola Básica de Arneiro das Milhariças,39.4024306,-8.7086944,,,,NO_CS_COORDS,
30972,Jardim de Infância da Moita do Norte,39.4699312,-8.4444985,,,,NO_CS_COORDS,
30973,Jardim de Infância de Tancos,39.4585093,-8.3991423,39.460851,-8.400162,275,MINOR,
30974,Jardim de Infância de Atalaia,39.478486,-8.4490544,39.479029,-8.449511,72,MATCH,
30975,Jardim de Infância de Vila Nova da Barquinha,39.4619071,-8.4425342,39.458452,-8.429772,1161,MISMATCH,
31005,Escola Básica António Gedeão,39.4548366,-8.472309,39.455616,-8.470366,188,MINOR,
31132,Escola Básica dos Charcos,39.2039393,-8.6328355,,,,NO_CS_COORDS,
31134,Jardim de Infância de Benfica do Ribatejo,39.1408789,-8.6903171,39.179092,-8.592364,9454,MISMATCH,
31158,Jardim de Infância de Vila Chã de Ourique,39.1730134,-8.7606944,,,,NO_CS_COORDS,
31210,Escola Básica D. Sancho I,39.154566,-8.8404545,39.14759,-8.837529,816,MISMATCH,
31211,Jardim de Infância de Vale da Pinta,39.1688773,-8.8270432,39.169013,-8.827175,19,MATCH,
31212,Jardim de Infância de Casais do Vale da Pedra,39.1046964,-8.7997038,39.105113,-8.799905,49,MATCH,
31213,Jardim de Infância da Lapa,39.1546404,-8.795473,39.161462,-8.877445,7108,MISMATCH,
31239,Escola Básica de Santa Margarida da Coutada,39.445973,-8.3096798,,,,NO_CS_COORDS,
31425,Escola Básica de Alcobertas,39.4229102,-8.906051,39.420194,-8.906711,307,MINOR,
31427,Escola Básica Latino Coelho,39.3401731,-8.9430145,39.33977,-8.942796,49,MATCH,
31428,Escola Básica de Santo António,39.3776754,-8.8565214,,,,NO_CS_COORDS,
31453,Escola Básica Salgueiro Maia,39.2505137,-8.6865784,39.250473,-8.68695,32,MATCH,
31454,Jardim de Infância da Moçarria,39.283939,-8.7763715,39.291761,-8.776513,870,MISMATCH,
31455,Escola Básica de Vale de Figueira,39.31439,-8.6221081,39.314531,-8.622139,16,MATCH,
31456,Escola Básica de Abitureiras,39.3136679,-8.7880419,39.314491,-8.783936,365,MINOR,
31458,Jardim de Infância de Alcanhões,39.2986738,-8.6574992,39.298732,-8.657494,6,MATCH,
31459,Jardim de Infância da Várzea,39.270873,-8.698941,39.291386,-8.739076,4140,MISMATCH,
31494,Centro Escolar Poeta Ruy Belo,39.2812606,-8.8496738,39.282059,-8.852275,241,MINOR,
31496,Centro Escolar Mina do Espadanal de Rio Maior,39.341717,-8.9306459,39.34233,-8.931328,90,MATCH,
31548,Escola Básica da Caridade,39.6559029,-8.5891371,,,,NO_CS_COORDS,
31549,Escola Básica Ourém Nascente,39.6625512,-8.5081041,,,,NO_CS_COORDS,
31559,Escola Básica Beato Nuno,39.6334996,-8.6661337,39.633507,-8.666276,12,MATCH,
31560,Escola Básica da Cova da Iria,39.637374,-8.6814773,,,,NO_CS_COORDS,
31561,Jardim de Infância de Boleiros-Maxieira,39.5739697,-8.6383965,,,,NO_CS_COORDS,
31562,Jardim de Infância do Bairro,39.5740634,-8.5921768,,,,NO_CS_COORDS,
31590,Jardim de Infância de São Miguel do Rio Torto,39.4279398,-8.207298,,,,NO_CS_COORDS,
31626,Escola Básica de Fazendas de Almeirim N.º 1,39.1769593,-8.5911618,39.177646,-8.591541,83,MATCH,
31627,Escola Básica de Riachos,39.4380698,-8.5137123,,,,NO_CS_COORDS,
31628,Escola Básica da Meia Via,39.8245087,-7.5087344,39.473277,-8.501601,93548,MISMATCH,
31657,Jardim de Infância de Erra,39.0023761,-8.4425901,,,,NO_CS_COORDS,
31658,Núcleo Escolar de Santana do Mato,38.8724078,-8.4200419,,,,NO_CS_COORDS,
31659,Núcleo Escolar de Branca,38.8384779,-8.5769551,,,,NO_CS_COORDS,
31660,Jardim de Infância do Biscainho,38.9113031,-8.6469052,,,,NO_CS_COORDS,
31764,Escola Básica de Casais,39.6331957,-8.3742056,,,,NO_CS_COORDS,
31766,Jardim de Infância da Linhaceira,39.5159409,-8.3772801,,,,NO_CS_COORDS,
31768,Jardim de Infância do Fetal de Cima,39.6744989,-8.4135058,,,,NO_CS_COORDS,
31769,Jardim de Infância da Junceira,39.6057269,-8.3329229,,,,NO_CS_COORDS,
31770,Jardim de Infância da Curvaceira,39.532947,-8.4404148,,,,NO_CS_COORDS,
31771,Jardim de Infância de Olalhas,39.6329642,-8.2930771,,,,NO_CS_COORDS,
31772,Escola Básica de Vale Donas,39.5992937,-8.3751924,,,,NO_CS_COORDS,
31773,Jardim de Infância de Carvalhos de Figueiredo,39.5776516,-8.3938388,,,,NO_CS_COORDS,
31775,Escola Básica de São Pedro,39.5641508,-8.3632753,39.575897,-8.364726,1312,MISMATCH,
31907,Jardim Escola João de Deus N.º 2 - Tomar,39.6082001,-8.4174062,39.609607,-8.422065,429,MINOR,
31982,Escola EB 1 de Sta. Maria,39.4388153,-8.5154386,39.474701,-8.544784,4719,MISMATCH,
31994,Escola Básica Chainça,39.4795034,-8.2004173,39.479909,-8.200585,47,MATCH,
31995,Escola Básica de Rio de Moinhos,39.4772495,-8.2449663,39.47753,-8.245127,34,MATCH,
31996,Escola Básica do Tramagal,39.4528836,-8.2484012,39.451782,-8.249612,161,MINOR,
32009,Escola Básica António Torrado,39.4670145,-8.2071156,39.467321,-8.208009,84,MATCH,
32134,Jardim de Infância da EB Zona Verde,39.4605168,-8.4710259,39.458273,-8.471321,251,MINOR,
32148,Jardim de Infância da EB Bonito,,,39.475562,-8.472563,,CS_ONLY,
32274,Jardim de Infância de Raposa,39.2116931,-8.620106,,,,NO_CS_COORDS,
32292,Jardim de Infância de Paço dos Negros,39.2116931,-8.620106,,,,NO_CS_COORDS,
32308,Jardim de Infância de Cercal,,,,,,NO_CS_COORDS,
32309,Centro Escolar de Freixianda,39.7635647,-8.4661792,,,,NO_CS_COORDS,
32323,Jardim de Infância de Matas,40.0422908,-8.6138105,,,,NO_CS_COORDS,
32326,EB1/JI de Gondemaria,39.6905263,-8.6170123,,,,NO_CS_COORDS,
33270,JI Portela das Padeiras,39.2679376,-8.6966244,,,,NO_CS_COORDS,
33293,"Escola Básica e JI de Asseiceira, Rio Maior",39.2946023,-8.9342858,39.29462,-8.934629,30,MATCH,
33306,Escola Básica das Misericórdias,39.6290314,-8.572784,39.631069,-8.566195,608,MISMATCH,
33307,Escola Básica de Atouguia,39.6470145,-8.6300141,39.726901,-8.618963,8933,MISMATCH,
33309,Jardim de Infância de Areias,39.7345491,-8.3493904,,,,NO_CS_COORDS,
33315,Centro Escolar Santa Teresa,39.655554,-8.5735529,,,,NO_CS_COORDS,
33316,Jardim de Infância de Ferreira do Zêzere,39.6962664,-8.2876663,,,,NO_CS_COORDS,
33987,Jardim de Infância de Vale de Cavalos,39.2907675,-8.5169086,,,,NO_CS_COORDS,
33988,Jardim de Infância de Ulme,39.3153401,-8.4297309,,,,NO_CS_COORDS,
34039,Escola Básica de Mação,39.5550606,-7.9944092,39.555155,-7.994478,12,MATCH,
34697,Escola Básica de Foros de Salvaterra e da Várzea Fresca,38.9948635,-8.7273683,,,,NO_CS_COORDS,
34698,Escola Básica de Salvaterra de Magos,39.0241841,-8.7936647,,,,NO_CS_COORDS,
35512,Escola Básica do Sardoal,39.5415814,-8.1587573,,,,NO_CS_COORDS,
35521,Jardim de Infância de Presa,39.5528296,-8.1018479,,,,NO_CS_COORDS,
35523,Escola Básica de Bemposta,39.3558363,-8.1440438,37.13719,-8.56828,249467,MISMATCH,
35526,Escola Básica de Espite,39.7642666,-8.6380092,,,,NO_CS_COORDS,
35527,Escola Básica da Mata,39.7255522,-8.568168,39.725434,-8.568492,31,MATCH,
35529,Escola Básica de Amieira,39.7515305,-8.5854846,39.751654,-8.585508,14,MATCH,
35530,Jardim de Infância N.º 3 de Almeirim,39.210906,-8.6207786,,,,NO_CS_COORDS,
35531,Escola Básica da Lamarosa,39.0661981,-8.4661824,39.066179,-8.466298,10,MATCH,
35532,Escola Básica do Couço,38.9818156,-8.2884968,38.982854,-8.288395,116,MINOR,
35533,Escola Básica de Fajarda,38.9607055,-8.5959082,38.967544,-8.596398,762,MISMATCH,
35534,Jardim de Infância N.º 2 de Benavente,38.9775713,-8.8158816,38.97752,-8.804995,941,MISMATCH,
35537,Escola Básica de Casal dos Bernardos,39.7764034,-8.5362798,39.756917,-8.527583,2291,MISMATCH,
35538,Escola Básica de Rio de Couros,39.72826,-8.4967241,39.72829,-8.49678,6,MATCH,
35539,Escola Básica N.º 1 de Coruche,39.066362,-8.4656965,38.959373,-8.529728,13120,MISMATCH,
35540,Escola Básica de Benavente,38.9804792,-8.8067148,38.977505,-8.80283,471,MINOR,
35555,Escola Básica N.º 1 de Benavente,38.9801361,-8.8075987,38.980194,-8.807642,7,MATCH,
36961,Escola Básica do Sacapeito,39.2250178,-8.6886809,,,,NO_CS_COORDS,
37359,Escola Básica José Tagarro com JI,39.1612816,-8.7842336,,,,NO_CS_COORDS,
37655,Jardim de Infância N.º 1 de Almeirim,39.2116931,-8.620106,,,,NO_CS_COORDS,
37656,Escola Básica do Olival,39.7166388,-8.6053661,,,,NO_CS_COORDS,
38257,Escola Básica de Caxarias,39.7226809,-8.545473,,,,NO_CS_COORDS,
38258,Escola Básica Maria Lucília Moita,39.4790831,-8.193359,,,,NO_CS_COORDS,
39197,Jardim de Infância do Castelo,39.4615541,-8.6661951,,,,NO_CS_COORDS,
1579,Centro Social Paroquial S. Pedro da Comporta,38.3821027,-8.7859179,38.379431,-8.784586,319,MINOR,
1586,Centro Cultural dos Bairros de São João e Olival Queimado,38.3927033,-8.51798,38.392749,-8.517757,20,MATCH,
1590,O Côco Infantário,38.5258074,-8.8770611,38.525115,-8.876911,78,MATCH,
1595,"Colégio Espaço Júnior, Lda",38.6308189,-9.1375881,38.631246,-9.137549,48,MATCH,
1599,Centro Infantil da Trafaria,38.6691875,-9.239288,38.671002,-9.236755,298,MINOR,
1600,Centro Infantil Padre Baltazar,38.6449064,-9.2366654,38.577352,-9.197721,8239,MISMATCH,
2294,O Comboio,38.6566859,-9.0752505,38.656802,-9.075452,22,MATCH,
2305,Centro Comunitário de Coina,38.5948645,-9.0447781,38.595018,-9.044815,17,MATCH,
2320,Centro Social em Lagameças,38.610973,-8.7780962,38.613622,-8.780565,364,MINOR,
2321,Creche e Jardim de Infância o Ninho,38.0537853,-8.782917,-16.335983,-48.960551,7358128,MISMATCH,
2323,Centro Bem Estar Infantil Santa Teresinha,,,38.020399,-8.700601,,CS_ONLY,
2334,Centro Comunitário da Quinta do Conde - Centro Infantil,38.5617583,-9.0464769,38.557379,-9.041197,669,MISMATCH,
2338,"Jardim de Infância ""Os Pirilampos""",38.5273403,-8.8828701,38.520269,-8.902324,1866,MISMATCH,
2341,Jardim de Infância União Social Sol Crescente da Marateca,38.5859422,-8.6908969,38.585989,-8.691273,33,MATCH,
2343,"Centro Infantil de Alcácer do Sal ""Universo da Brincadeira""",38.369395,-8.5016839,38.376537,-8.513303,1287,MISMATCH,
2347,Centro Social Paroquial do Torrão,38.2944925,-8.2235391,40.536355,-7.265451,262514,MISMATCH,
2348,Creche Jardim de Infância e CATL o Charlot,41.5082238,-8.4868489,38.65267,-8.988933,320382,MISMATCH,
2358,Espaço Educativo da Baixa da Banheira - A Voz do Operário,38.6559647,-9.048104,38.655123,-9.047778,98,MATCH,
2361,Centro de Convívio dos Reformados e Idosos da Vila da Baixa da Banheira,38.6565244,-9.0486035,38.655123,-9.047778,172,MINOR,
2369,Creche YMCA,38.5326311,-8.8874825,38.531897,-8.888222,104,MINOR,
2377,Creche e Pré Escolar - Cascuz - Centro de Apoio Sócio-Cultural Unidade Zambujalense,38.4558813,-9.1249915,38.45349,-9.120192,495,MINOR,
2380,Jardim de Infância Centro Social Paroquial de Pinhal Novo,38.6303842,-8.916659,38.673386,-8.859286,6905,MISMATCH,
2388,Sede - Fundação Coi - Pinhal Novo,38.6355832,-8.9100985,38.632962,-8.910227,292,MINOR,
2390,A Árvore,38.5677094,-8.9022395,38.56773,-8.902394,14,MATCH,
2392,A Cegonha,38.6324893,-8.7420383,38.584065,-8.691282,6960,MISMATCH,
2396,Centro Infantil Sebastião da Gama da Casa do Povo de Azeitão,38.7923123,-9.1089248,38.525693,-8.996017,31226,MISMATCH,
2399,Centro Paroquial de Bem Estar Social do Castelo de Sesimbra,38.4573981,-9.1062393,41.476588,-8.353189,341793,MISMATCH,
2580,Espaço Educativo do Laranjeiro - A Voz do Operário,38.6540867,-9.1512696,38.653957,-9.148179,269,MINOR,
2597,Colégio - O Cantinho dos Amigos,38.632329,-9.097905,38.6322,-9.098543,57,MATCH,
3412,Centro Social Paroquial Cristo Rei,38.6664393,-9.1843537,38.860441,-9.413869,29349,MISMATCH,
3419,Jardim de Infância Fundação João Gonçalves Júnior,38.7558276,-8.9608475,38.756113,-8.960892,32,MATCH,
3420,Casa do Povo de Canha,38.7683783,-8.6263517,38.766636,-8.626421,194,MINOR,
3422,Centro Comunitário de Promoção Social do Laranjeiro e Feijó,38.6555049,-9.1606732,38.65501,-9.160372,61,MATCH,
3424,Censa - Centro Social São Brás do Samouco,38.7209214,-9.0032245,38.705634,-8.974598,3010,MISMATCH,
3428,Infantário Bairro do Mouco,38.7049687,-8.9679851,38.704946,-8.968096,10,MATCH,
3435,"Mini Creche ""O Futuro""",38.6681095,-9.159024,38.668159,-9.159141,12,MATCH,
3440,Creche Jardim de Infância do Pragal,38.6758252,-9.1690238,38.675809,-9.169024,2,MATCH,
3441,Creche Jardim de Infância Liberdade,38.6728732,-9.1677573,38.67454,-9.167044,195,MINOR,
3442,Creche Jardim de Infância Pão de Açúcar,,,38.66884,-9.166126,,CS_ONLY,
3443,Creche Jardim de Infância Castelo,38.68421,-9.1537646,38.683342,-9.152595,140,MINOR,
3444,Creche Jardim de Infância 25 de Abril,38.6824786,-9.1532038,38.682384,-9.15287,31,MATCH,
3450,"Jardim de Infância ""O Girassol""",38.7083761,-8.9736596,38.708734,-8.973794,41,MATCH,
3457,Associação Caminho do Bem Fazer,38.7128935,-8.959411,38.713505,-8.959499,68,MATCH,
3459,Equipamento do Bairro,38.670553,-9.1615376,,,,NO_CS_COORDS,
3460,Centro de Infância Rainha St. Isabel,38.7000849,-8.9556753,38.699316,-8.953941,173,MINOR,
3461,Centro de Infância de S.jorge,38.6139794,-9.1108003,38.682439,-8.963712,14870,MISMATCH,
3463,Centro Acção Social Cultural das Faias,38.693542,-8.7471763,38.692425,-8.751756,416,MINOR,
3549,Espaço Educativo do Lavradio - A Voz do Operário,38.6647817,-9.051578,38.665406,-9.050928,89,MATCH,
3554,"Casinha das Surpresas - Creche e Jardim de Infância, Lda",38.617931,-9.1148452,38.618097,-9.114055,71,MATCH,
3560,Centro Social Paroquial da Sagrada Família de Miratejo e Laranjeiro,38.6534499,-9.1445919,38.637347,-9.161182,2298,MISMATCH,
4815,"Externato os Grilinhos, Lda",38.6114794,-9.1881952,38.612285,-9.186734,155,MINOR,
4816,Pátio da Brincadeira - Actividades Educativas,38.6786908,-9.1534159,38.678425,-9.153717,39,MATCH,
4817,"O Pequeno Polegar - Berçário e Creche, Lda",38.6227786,-9.094176,38.624624,-9.094184,205,MINOR,
4820,Centro Social Paroquial de Vale Figueira,38.639369,-9.1772666,38.638827,-9.177184,61,MATCH,
4823,Externato Rosarinho,38.5999941,-9.0918971,38.642914,-9.155059,7272,MISMATCH,
4826,Externato o Marujinho,38.6114839,-9.0911948,38.611402,-9.091101,12,MATCH,
4827,Colégio Atlântico,38.5999682,-9.096324,38.596408,-9.097517,409,MINOR,
4828,Equip Soc do Centro Social e Paroquial Nossa Senhora da Conceição da Costa da Caparica,38.6423903,-9.2298544,38.642411,-9.229867,3,MATCH,
4833,Infantário Sol da Primavera,38.6212763,-9.1098174,38.62057,-9.110219,86,MATCH,
4841,Unidade Integrada de Atendimento à Infância,38.4708458,-9.0952497,38.471,-9.095255,17,MATCH,
4847,"O Papagaio Creche e Jardim de Infância, Lda",38.6505759,-9.0449759,38.650592,-9.044868,10,MATCH,
4855,Jardim de Infância do Centro Social da Quinta do Anjo,38.5671796,-8.9394129,38.567504,-8.936349,269,MINOR,
4859,Jardim de Infância o Comboio,37.9370955,-8.3915444,,,,NO_CS_COORDS,
5004,Centro Infantil do Lousal,38.031412,-8.4266386,38.031643,-8.429118,219,MINOR,
5528,Sede YMCA Setúbal,38.5217571,-8.8727662,38.519935,-8.863797,806,MISMATCH,
5532,Associação Setubalense de Apoio Social,38.5278947,-8.8888592,38.52775,-8.888813,17,MATCH,
5538,Jardim de Infância o Girassol,38.5291191,-8.8868733,38.529182,-8.88677,11,MATCH,
5543,"Creche ""O Sonho""",38.5224605,-8.8611858,38.522441,-8.861248,6,MATCH,
5551,"Creche ""Joaninha""",38.5267009,-8.8709349,38.525982,-8.870607,85,MATCH,
5974,Infantário os Pinheirinhos,38.5338026,-8.8801605,38.533941,-8.880208,16,MATCH,
5985,"Berçário, Jardim de Infância e ATL da Associação Serv. Soc. dos Trab. Autarq. Seixal",38.612302,-9.0935719,38.628322,-9.086597,1882,MISMATCH,
6188,Centro Social e Paroquial Santo André,38.6470231,-9.0617349,38.645112,-9.060779,228,MINOR,
15091,Infantário o Mestre Cuco,38.671497,-9.168134,38.678226,-9.167453,751,MISMATCH,
15092,Centro Paroquial de Bem Estar Social de Fernão Ferro- Creche,38.5634575,-9.0794114,38.765839,-9.221566,25666,MISMATCH,
15116,Centro Infantil António Marques,38.7098163,-8.9906684,38.71074,-8.990873,104,MINOR,
15123,Jardim de Infância o Papagaio,38.7108105,-8.9908011,39.202212,-8.324907,79378,MISMATCH,
15126,Creche Centro Infantil Quinta Nova,38.5221666,-8.8703842,38.522224,-8.870399,7,MATCH,
15130,Centro Comunitário Du Bocage,38.5373942,-8.8901393,38.53318,-9.030918,12254,MISMATCH,
15171,Centro Comunitário da Criar-T,38.6157687,-9.1133476,38.61722,-9.096631,1461,MISMATCH,
17117,Centro Comunitário da Cova da Piedade/Laranjeiro,38.6618074,-9.1567899,38.662008,-9.157052,32,MATCH,
17119,Centro Comunitário Renascer,38.6609922,-9.1642378,38.661175,-9.164076,25,MATCH,
17132,Nós - Associação de Pais e Técnicos para a Integração do Deficiente,38.6662031,-9.069722,38.666346,-9.069763,16,MATCH,
17204,Externato Santa Joana - Creche,38.4448535,-9.1003816,38.4448818,-9.10041239,4,MATCH,
17206,Creche de Santa Maria,38.5317755,-8.8885231,38.531806,-8.888959,38,MATCH,
17228,Centro Social Nª Srª da Paz,38.5219529,-8.8687297,38.522615,-8.868341,81,MATCH,
17262,Creche do Centro Social Paroquial de Almada,38.6807563,-9.1585686,38.681227,-9.158483,53,MATCH,
17268,Creche e Jardim de Infância de Grândola,38.177129,-8.5632768,38.17714,-8.563313,3,MATCH,
17270,O Escorrega,38.5310007,-8.990063,38.560014,-9.052127,6288,MISMATCH,
17274,Nuclisol - Jean Piaget - Unidade de Santo André,38.0624743,-8.7820528,,,,NO_CS_COORDS,
17353,Creche Parque do Falcão,38.6256407,-9.0962923,38.624624,-9.094184,215,MINOR,
17356,Centro de Educação Pré-Escolar (Cepe) - Sasnova,39.399872,-8.224454,,,,NO_CS_COORDS,
17357,Canto Alegre Infantário,38.5964409,-9.0184341,38.597167,-9.018288,82,MATCH,
17376,O Golfinho - Creche e Jardim Infância,38.058422,-8.7832371,,,,NO_CS_COORDS,
17854,"Jardim de Infância ""Os Dois Patinhos""",38.6552579,-9.1634205,,,,NO_CS_COORDS,
18133,Jardim do Pinhal,38.6287183,-9.1543428,38.6429495,-9.1553489,1585,MISMATCH,
18181,Creche do Carvalhal os Ursitos,38.3087088,-8.7448124,38.309148,-8.745971,112,MINOR,
18210,"Creche, Jardim de Infância e ATL ""O Cogumelo""",38.525985,-8.8603033,38.526007,-8.860352,5,MATCH,
20022,Centro Social Paroquial de Vila Nova da Caparica,38.6437915,-9.2068042,38.643699,-9.208578,154,MINOR,
21643,Creche Jardim de Infância e CATL o Varino,38.6467114,-8.9899676,38.645988,-8.989474,91,MATCH,
22442,Brincolândia,38.6269273,-9.154375,38.627537,-9.154128,71,MATCH,
22443,Dó-Ré-Mi II,38.6442165,-9.1594267,38.758515,-9.137479,12851,MISMATCH,
22444,"Imaginário, Colégio Infantil,Lda.",38.5898843,-9.1578994,38.589525,-9.157324,64,MATCH,
22445,Colégio Quinta do Pinheiro,38.6210466,-9.0931262,38.621508,-9.093426,58,MATCH,
22447,Externato a Casinha Mágica,38.5678213,-9.0914386,38.572579,-9.090262,539,MISMATCH,
22453,Colégio Educa a Brincar,38.4747498,-9.0901787,38.477211,-9.092099,321,MINOR,
22454,Infantário Meninos Rabinos,38.6335966,-9.2011578,38.6336,-9.20111,4,MATCH,
22455,Creche o Cantinho da Mimi,38.5248033,-8.8786439,38.524948,-8.878905,28,MATCH,
22463,Colégio o Gaitinhas,38.6378129,-9.1637516,38.638048,-9.163371,42,MATCH,
22465,Creche Brincadeiras ao Cubo,38.62939,-9.0452497,38.629085,-9.044832,50,MATCH,
22466,Jardim Infantil Xicoração,38.656558,-9.0509216,38.655302,-9.050067,158,MINOR,
22471,"Era Uma Vez...1,2,3",38.6443071,-9.1652988,38.645171,-9.167724,231,MINOR,
22472,O Cantinho da Brincadeira,38.653339,-9.148676,38.652925,-9.149197,65,MATCH,
22836,Planeta Brilhante,38.7454471,-8.9585345,38.74768,-8.964095,542,MISMATCH,
22838,Nota Exemplar Infantes,38.6245126,-9.1608423,38.6245497,-9.1608353,4,MATCH,
23211,Cantinho Alegre da Infância - Cai,38.6494482,-9.0522561,38.648591,-9.054299,201,MINOR,
23284,"SDUB - Externato ""O Início""",38.6645201,-9.076507,37.145916,-8.482771,176712,MISMATCH,
23932,Creche do Bairro Liceu,38.5675225,-8.9465493,38.535416,-8.89076,6023,MISMATCH,
24231,Creche de Nossa Senhora da Atalaia,38.7074938,-8.9221233,38.709946,-8.92597,431,MINOR,
24283,Infantário Zoing,38.5242879,-8.8756607,38.530288,-8.892733,1628,MISMATCH,
24353,O Refúgio dos Fidalguinhos - Barreiro,38.6556022,-9.0507763,38.655349,-9.052188,126,MINOR,
24354,"Bebés Fidalgos, Lda.",38.6556387,-9.0486469,38.65556,-9.048736,12,MATCH,
24355,Aldeia da Pequenada,38.7085901,-8.9713654,38.709995,-8.971669,158,MINOR,
24358,Escolinha Tokabrinkar,38.5761287,-9.0487366,38.576413,-9.048604,34,MATCH,
24431,Jardim de Infância Quinta Alegre,38.5844736,-9.1596945,38.567328,-9.0664,8331,MISMATCH,
24439,Colégio Villalegre,38.564452,-9.0683575,38.566757,-9.064498,422,MINOR,
24443,Parque dos Sorrisos - Foros de Amora,38.6213046,-9.1295555,38.620761,-9.128826,88,MATCH,
24445,Creche e Jardim de Infância D. Maria,38.6418942,-9.0974654,38.64229,-9.097826,54,MATCH,
24535,Os Amigos do Cantinho,38.6544931,-9.0384181,38.654401,-9.03845,11,MATCH,
24536,Jardim dos Príncipes,38.668828,-9.0493986,38.668748,-9.049023,34,MATCH,
24612,Creche o Mundo das Cores,38.7311775,-8.9705846,,,,NO_CS_COORDS,
24613,Colégio da Alameda,38.7107878,-8.9185386,38.710366,-8.918495,47,MATCH,
24618,Os Beicinhas,38.6465399,-8.9857251,38.653038,-8.984955,726,MISMATCH,
24621,Cantinho das Descobertas,38.7112115,-8.9679656,38.712553,-8.967062,169,MINOR,
24659,Jardim de Infância o Nosso Jardim,38.5684363,-9.0928633,38.567697,-9.093311,91,MATCH,
24673,Creche-Vila Bela-Pinhal Novo,38.625537,-8.9101974,38.625761,-8.910393,30,MATCH,
24810,Creche e Jardim de Infância do Montinho,,,,,,NO_CS_COORDS,
25118,Viva Kids,38.5436345,-8.8478654,38.542782,-8.84744,102,MINOR,
25120,Creche Mãos Dadas,38.6297352,-9.1547686,38.631409,-9.155354,193,MINOR,
25121,Externato Rainha Santa,38.6456608,-9.1861669,38.64584,-9.186631,45,MATCH,
25140,Colégio Atalaia Jardim,38.7061579,-8.9244736,38.70594,-8.924398,25,MATCH,
25141,Colégio das Faias,38.5459117,-9.0240489,38.545896,-9.024082,3,MATCH,
25142,Companhia do Bébé,38.6618913,-9.0555067,38.661767,-9.055715,23,MATCH,
25144,Colégio Estrela do Mar,37.9542933,-8.8558445,37.953846,-8.853681,196,MINOR,
25195,Colégio do Centeio,38.5443633,-8.893488,38.543665,-8.893708,80,MATCH,
25352,Creche e Jardim de Infância da Ramalha,38.6724669,-9.170054,38.6694,-9.168974,354,MINOR,
25391,Equipamento Creche e Pré-Escolar do Catica,38.5931022,-9.0403771,38.593117,-9.040322,5,MATCH,
25611,Centro de Acção Social de Palhais II,38.6262021,-9.0487806,38.625797,-9.048781,45,MATCH,
25615,Escolinha de Nossa Senhora da Atalaia,38.7075395,-8.922252,38.707378,-8.922989,66,MATCH,
25791,Creche Rainha D. Leonor,38.6280811,-9.0501643,38.628183,-9.0523,186,MINOR,
26034,Creche de Santa Teresinha,38.642451,-9.150502,38.642482,-9.152777,198,MINOR,
26151,Jardim de Infância a Escolinha da Quinta,38.5401232,-8.8077824,38.533333333,-8.8,1014,MISMATCH,
26175,Infantário Vale dos Pintassilgos,38.5247188,-8.8539694,38.524472,-8.854478,52,MATCH,
26219,Externato Pequeno Aprendiz-Actividades Educativas,38.6154535,-9.0909354,38.615364,-9.091064,15,MATCH,
26238,Colégio Um Dó Li Tá,38.6329171,-9.1933524,38.632806,-9.193389,13,MATCH,
26422,Aurpis - Lar de Idosos e Creche do Seixal,38.6437346,-9.0949979,38.643894,-9.104425,819,MISMATCH,
26601,Centro Sociocultural de Santo António,38.6509106,-9.1537854,38.651389,-9.154022,57,MATCH,
26708,Creche e Pré-Escolar da Liga dos Amigos da Quinta do Conde,38.551492,-9.0540871,38.550972,-9.053908,60,MATCH,
26738,Ninho do Sol Bercário e Creche,38.6315955,-8.9183302,38.631383,-8.918717,41,MATCH,
26881,"Creche ""O Regaço""",38.6547562,-8.9914535,38.638142,-8.953239,3798,MISMATCH,
26939,Colégio Fragata,38.6564087,-8.9945663,38.656611,-8.994975,42,MATCH,
26941,O Recanto dos Nenucos,38.5611175,-9.0445439,38.561558,-9.042597,176,MINOR,
27029,Creche Frei Luís de Sousa,38.6802824,-9.1556821,38.680331,-9.155686,5,MATCH,
27030,Crescer no Campo,38.6237542,-8.851839,38.626136,-9.155686,26397,MISMATCH,
27056,Colégio Woogui Boogui,38.607032,-9.1284244,38.6072,-9.128747,34,MATCH,
27057,Escolinha do Campo,38.5291522,-8.9924988,38.535786,-8.987644,850,MISMATCH,
27091,Infantário os Pitinhos II - Creche e JI,38.5381802,-8.8561117,38.538408,-8.856114,25,MATCH,
27126,Minimilkies,38.7103405,-8.9726706,38.706775,-8.973867,410,MINOR,
27280,Centro Integrado Arco-Íris,38.6697293,-9.1838509,38.669167,-9.182808,110,MINOR,
27281,Complexo a Casinha,38.640837,-9.177409,38.640356,-9.178122,82,MATCH,
27446,Sorriso Maroto,38.5331434,-8.9040993,38.532767,-8.904231,43,MATCH,
27447,Edifício Voar Mais Alto,38.5386493,-8.8604595,38.578825,-8.905436,5937,MISMATCH,
27448,"Berçário e Creche ""A Colina""",38.524615,-8.9038078,38.524325,-8.903522,41,MATCH,
27461,Creche Golfinho Azul,38.5309756,-8.8991226,38.530044,-8.898686,110,MINOR,
27687,Infantário os Catitas,38.5657453,-9.0438258,38.565697,-9.044531,62,MATCH,
27688,Colégio Corte Real - Edifício Tejo,38.6510297,-8.9720356,38.655216,-8.970758,479,MINOR,
27689,Colégio Oficina dos Sonhos,38.6016337,-9.0155794,,,,NO_CS_COORDS,
28337,Assistência Social Adventista,38.543719,-8.8530331,,,,NO_CS_COORDS,
28364,Creche e Jardim de Infância o Cubo Mágico,38.626619,-9.2001427,,,,NO_CS_COORDS,
28619,Doce Chupeta,38.6367961,-9.0392476,38.658435,-9.041899,2417,MISMATCH,
28621,Colégio Quinta do Concelho,38.7228542,-8.9163376,38.721165,-8.91499,221,MINOR,
29020,Colégio Penas Real Alcochete,38.7319063,-8.9583858,38.722103,-8.98117,2257,MISMATCH,
29154,Associação Tom da Terra - Eco Escola,38.4664854,-9.0888355,38.466483,-9.088836,0,MATCH,
29161,Colégio Arco-Íris e os Seus Tesourinhos,38.7151834,-8.9575241,38.715015,-8.957193,34,MATCH,
29460,Academia de Música e Belas-Artes Luísa Todi,38.5257086,-8.8956838,38.5258,-8.895513,18,MATCH,
29634,"Colégio ""Arte Mágica""",38.5847403,-9.1529312,38.584912,-9.153027,21,MATCH,
29639,Jardim Escola Vale Rosal,38.6323711,-9.1988011,38.632338,-9.198411,34,MATCH,
29640,Externato o Barquinho,38.6783901,-9.1532439,38.677675,-9.15341,81,MATCH,
29678,Colégio São Cristóvão,38.5398503,-8.842216,38.551376,-8.841035,1286,MISMATCH,
29679,St. Peters International School,38.579683,-8.8872117,38.580111,-8.887242,48,MATCH,
29682,Jardim Infantil o Ninho da Ip,39.39987,-8.224454,,,,NO_CS_COORDS,
29686,Jardim de Infância Bem-Me-Quer,38.6251715,-9.2039916,38.625265,-9.203834,17,MATCH,
29710,Colégio Dá Cá Miminhos,38.6085318,-9.1804563,38.608385,-9.180243,25,MATCH,
29780,Colégio São Filipe,38.5442504,-8.8791062,38.543779,-8.881006,173,MINOR,
29800,Externato Jardim em Flor,38.6168675,-9.0955069,38.616714,-9.096003,46,MATCH,
29805,Colégio Piano Mágico,38.5601879,-9.0522826,38.560298,-9.052251,13,MATCH,
31863,Centro Assistência Paroquial de Amora - Creche o Caracol,38.6201162,-9.11575,38.621101,-9.115098,123,MINOR,
31888,Colégio do Vale,38.6011632,-9.1809658,38.600833333333,-9.3325,13168,MISMATCH,
32859,"Escola Bebé a Bordo - Berçário, Creche e Pré-Escolar",38.5712577,-9.0812667,,,,NO_CS_COORDS,
32860,Creche Social Baleia Amarela,38.6318901,-9.1303433,,,,NO_CS_COORDS,
32862,Alipikenos - Pegões,38.684594,-8.6111949,,,,NO_CS_COORDS,
32864,"Centro Infantil "" A Conchinha """,37.9541603,-8.8630734,,,,NO_CS_COORDS,
32872,Frases de Encantar,38.6370773,-9.0373648,38.63704,-9.037563,18,MATCH,
32884,"Creche "" Era Uma Vez """,38.1812042,-8.5629271,,,,NO_CS_COORDS,
32885,Recreio das Gargalhadas,38.6578045,-9.0777684,38.65796,-9.077642,20,MATCH,
33467,Estação da Fantasia,38.6109844,-9.100671,,,,NO_CS_COORDS,
33469,Colégio Cantinho dos Traquinas,38.6315675,-9.1620794,38.631593,-9.162034,5,MATCH,
34041,Creche D'os Pastorinhos,38.6288609,-9.1530042,38.62617,-9.154972,345,MINOR,
34163,Outra Geração,38.6063437,-9.1836267,38.60992,-9.179615,529,MISMATCH,
34165,Colégio Maria Barbosa,38.7018329,-8.9587574,38.701889,-8.95892,15,MATCH,
34295,Colégio Aires Real,38.5717802,-8.8763973,,,,NO_CS_COORDS,
35761,Escolinha de Sonhos,38.611343,-9.1008482,38.611485,-9.100879,16,MATCH,
36532,Parque dos Sorrisos - Pragal,38.6653554,-9.1797773,38.665762,-9.17947,52,MATCH,
36534,Infantário Cantinho dos Sonhos,38.636684,-8.8745377,38.63704,-8.875004,57,MATCH,
36635,Colégio Pimpolhos & Pirulitos,38.6394424,-9.1852269,,,,NO_CS_COORDS,
36657,Colégio Quinta do Visconde,38.6205859,-9.0268307,,,,NO_CS_COORDS,
36715,Infantário os Pitinhos II - Berçário e Creche,38.5396425,-8.8542609,,,,NO_CS_COORDS,
37395,Cidade da Brincadeira,38.6133609,-9.11078,,,,NO_CS_COORDS,
37920,Colégio Minerva - Aventura do Saber,38.6577795,-9.066205,,,,NO_CS_COORDS,
37921,Ventos Traquinas,38.6656033,-9.0464675,,,,NO_CS_COORDS,
37922,Rumo Kids,38.648845,-9.0633289,,,,NO_CS_COORDS,
37985,Externato Tim Tim - Creche,38.6450623,-9.1660122,,,,NO_CS_COORDS,
38755,Colégio Corte Real - Creche Sado,38.6520819,-8.9725912,,,,NO_CS_COORDS,
38837,Colégio da Villa,38.7473185,-8.9613685,,,,NO_CS_COORDS,
38838,C&v Educação,38.7212678,-8.9989209,,,,NO_CS_COORDS,
38847,Externato Rainha Santa - Secção,38.6297058,-9.1831947,,,,NO_CS_COORDS,
39240,Colégio das Faias - Casas de Azeitão,38.5373913,-9.001643,,,,NO_CS_COORDS,
39250,Almada International School,38.655399,-9.1899943,,,,NO_CS_COORDS,
1589,"Andorinha Nova - Infantário, Lda",38.525287,-8.8770122,38.5251,-8.877134,23,MATCH,
2297,Centro de Acção Social de Palhais,38.6262393,-9.0488105,38.655979,-9.065874,3624,MISMATCH,
2313,Externato o Guia da Criança,38.6329224,-9.1703091,38.632358,-9.169549,91,MATCH,
3410,Centro Social Paroquial de Cristo Rei,38.6664393,-9.1843537,38.630853,-9.201513,4228,MISMATCH,
3470,"Externato Infantil o Trevo, Lda",38.6470015,-9.1502601,38.647172,-9.150249,19,MATCH,
3567,Centro Social Nossa Senhora da Paz,38.6547847,-9.0070466,38.635766,-9.0183,2330,MISMATCH,
3582,Jardim de Infância Aquário,38.5213135,-8.8963702,38.521229,-8.896368,9,MATCH,
3583,Jardim de Infância Nuvem,38.5265656,-8.9013774,38.526636,-8.90165,25,MATCH,
3586,Centro Infantil Setúbal - O Ninho,38.5234299,-8.8801641,38.523613,-8.880074,22,MATCH,
3589,Centro para a Infância - Toca do Trincas,38.0029935,-8.4131934,37.998628,-8.382702,2715,MISMATCH,
3593,Infantário Pintainho,37.9533782,-8.8626993,37.956855,-8.881203,1668,MISMATCH,
3598,Jardim Infantil Coala,38.64754,-9.1831203,38.647708,-9.183082,19,MATCH,
3600,"Centro Assistência Paroquial de Amora "" Patronato """,38.6285766,-9.1158645,38.626262,-9.114905,271,MINOR,
4802,Jardim de Infância - O Pica-Pau,38.6358395,-9.093612,38.636565,-9.091721,183,MINOR,
4805,Creche Popular do Monte da Caparica,38.6652041,-9.1983905,38.664399,-9.198274,90,MATCH,
4813,Sorriso Mágico,38.6808703,-9.1522858,38.679757,-9.152764,131,MINOR,
5537,ATL Casal das Figueiras,38.5280539,-8.9088626,38.528017,-8.908783,8,MATCH,
5971,Jardim de Infância Nova Árvore,38.6315969,-8.9185624,38.631385,-8.918538,24,MATCH,
22441,"Tertúlias e Sorrisos, Lda",38.6102354,-9.1258965,38.61047,-9.125246,62,MATCH,
22832,Externato Espaço Verde,38.7081757,-8.9861081,38.713731,-8.9610043,2264,MISMATCH,
26212,Atrium 7,38.6573313,-9.1602866,38.655014,-9.160072,258,MINOR,
29434,Colégio o Carinho,38.6517317,-9.0593996,38.651488,-9.059281,29,MATCH,
29446,"Externato ""O Pátio das Andorinhas""",38.6041019,-9.1840103,38.60408,-9.184113,9,MATCH,
29471,"Escola Primária ""Santa Ana""",38.5297188,-8.8864883,38.529814,-8.886334,17,MATCH,
29503,Colégio Campo de Flores,39.39987,-8.224454,38.647111,-9.201548,118871,MISMATCH,
29526,Externato Sol Nascente,38.6255125,-9.1209274,38.616094,-9.123837,1077,MISMATCH,
29532,"Associação para o Jardim de Infância""O Baloiço""",38.5272385,-8.8727043,38.52747,-8.873004,37,MATCH,
29533,"Externato ""Aladino""",38.6260807,-9.1215879,38.625771,-9.121489,35,MATCH,
29554,"Externato ""As Joaninhas""",38.6310903,-9.1158411,38.631345,-9.116135,38,MATCH,
29623,Colégio Guadalupe,38.5887948,-9.1539069,38.586451,-9.159621,561,MISMATCH,
29636,Externato o Pinguim,38.6540496,-9.1612927,38.654025,-9.16151,19,MATCH,
29707,Jardim de Infância o Piparote,38.5628456,-9.0919114,38.562892,-9.091786,12,MATCH,
29739,Geração Aventura,38.5627596,-8.8792222,,,,NO_CS_COORDS,
29763,Jardim de Infânca a Cidade da Brincadeira,38.6860962,-9.1501951,38.686338,-9.150107,28,MATCH,
29775,Colégio do Tejo,38.6847955,-8.9466282,,,,NO_CS_COORDS,
29787,International School Of Palmela,38.5704425,-9.0004986,38.570549,-9.000544,12,MATCH,
29792,"Jardim Infantil ""Bichinho de Conta""",38.5271499,-8.9244935,38.59323,-9.047537,12979,MISMATCH,
29802,Jardim de Infância o Sabichão,,,,,,NO_CS_COORDS,
30047,Escola Básica de Vila Nova da Caparica,38.7104758,-9.2407831,,,,NO_CS_COORDS,
30048,"Escola Básica José Cardoso Pires, Costa da Caparica",38.6565286,-9.2383996,,,,NO_CS_COORDS,
30050,Escola Básica N.º 3 da Quinta do Conde,38.5718509,-9.037658,38.573627,-9.049355,1036,MISMATCH,
30064,Escola Básica da Quinta Cabouca,38.6309883,-9.1601379,38.633341,-9.16029,262,MINOR,
30065,Escola Básica da Quinta do Campo,38.6414507,-9.1539178,,,,NO_CS_COORDS,
30119,Escola Básica da Quinta dos Franceses,38.6359707,-9.1001049,38.639548,-9.100714,401,MINOR,
30120,Escola Básica da Quinta da Courela,38.6168804,-9.0828549,38.61656,-9.083157,44,MATCH,
30136,Escola Básica da Quinta Medideira,38.6331653,-9.1184575,,,,NO_CS_COORDS,
30137,Jardim de Infância da Quinta da Princesa,38.6339575,-9.1307893,,,,NO_CS_COORDS,
30138,Escola Básica de Palhais,38.624838,-9.0483973,38.624776,-9.048752,32,MATCH,
30182,Escola Básica de Sampaio,38.4664687,-9.0952451,38.474573,-9.091106,971,MISMATCH,
30303,Jardim de Infância de Abela,38.0003349,-8.5593877,,,,NO_CS_COORDS,
30304,JI de São Bartolomeu da Serra,38.0179536,-8.6140481,,,,NO_CS_COORDS,
30305,JI do Roncão,,,,,,NO_CS_COORDS,
30356,Escola Básica N.º 2 de Santo André,38.0638532,-8.7820048,38.06671,-9.121973,29764,MISMATCH,
30357,Escola Básica de Deixa-O-Resto,38.070019,-8.7479947,,,,NO_CS_COORDS,
30449,Escola Básica da Cova da Piedade,38.6735072,-9.1562301,,,,NO_CS_COORDS,
30450,Jardim de Infância de Almada,38.6832481,-9.1545823,38.683968,-9.154537,80,MATCH,
30451,Escola Básica Cataventos da Paz,38.6791383,-9.151517,38.679635,-9.15107,67,MATCH,
30482,Escola EB1/JI dos Fidalguinhos,38.6497795,-9.0482011,38.662566,-9.051003,1442,MISMATCH,
31109,Escola Básica de Miratejo,38.6516437,-9.1417861,38.65173,-9.141817,10,MATCH,
31204,Escola Básica de Porto Côvo,37.8510602,-8.7885503,,,,NO_CS_COORDS,
31205,Escola Básica N.º 3 de Sines,37.9531419,-8.8516834,37.953071,-8.851889,20,MATCH,
31206,Escola Básica N.º 2 de Sines,37.9574104,-8.8562642,,,,NO_CS_COORDS,
31216,Jardim de Infância de Vale da Vila,38.6227723,-8.8697935,38.622672,-8.870492,62,MATCH,
31217,Escola Básica Alberto Valente,38.6212664,-8.9207438,38.621021,-8.920665,28,MATCH,
31326,"Escola Básica de São Domingos da Serra, Santiago do Cacém",37.9280351,-8.538392,,,,NO_CS_COORDS,
31503,Jardim de Infância de Cercal do Alentejo,37.7969022,-8.6757125,,,,NO_CS_COORDS,
31564,Escola Básica de Ameiras de Cima,38.2207019,-8.5564126,,,,NO_CS_COORDS,
31565,Jardim de Infância N.º 2 de Grândola,38.1786053,-8.5575474,38.172761,-8.555915,665,MISMATCH,
31566,Escola Básica de Água Derramada,,,,,,NO_CS_COORDS,
31567,Escola Básica de Aldeia Nova de São Lourenço,38.1362967,-8.4894237,,,,NO_CS_COORDS,
31568,Jardim de Infância N.º 1 de Grândola,38.1776443,-8.5622457,38.172846,-8.567212,688,MISMATCH,
31569,"Escola Básica de Carvalhal, Grândola",38.3100963,-8.7457229,38.310263,-8.744593,100,MINOR,
31571,EB Cidade Sol,38.6313115,-9.0344354,,,,NO_CS_COORDS,
31572,Escola Básica de Vila Chã,38.6362255,-9.0414936,,,,NO_CS_COORDS,
31573,Jardim de Infância de Fonte do Feto,38.6175178,-9.0180227,,,,NO_CS_COORDS,
31574,Escola Básica Presidente Maria Emília,38.6296393,-9.2058381,38.627557,-9.205403,235,MINOR,
31575,Escola Básica do Pragal,38.6725887,-9.170891,,,,NO_CS_COORDS,
31576,Escola Básica Feliciano Oleiro,38.6815588,-9.1608466,38.681465,-9.160937,13,MATCH,
31645,Escola Básica de Areias,38.7140837,-8.9453487,38.704534,-9.377607,37521,MISMATCH,
31646,EB Novos Trilhos,38.7074448,-8.9216238,38.70734,-8.921502,16,MATCH,
31682,"Escola Básica de Chegadinho, Feijó",38.6603603,-9.1624475,38.66073,-9.162902,57,MATCH,
31725,Jardim de Infância de Sarilhos Pequenos,38.680885,-8.9822224,38.681002,-8.982239,13,MATCH,
31726,Jardim de Infância do Carvalhinho,38.6485682,-8.9781477,38.648622,-8.978215,8,MATCH,
31854,Jardim Infantil do Pombal (AIPICA),38.676318,-9.1603553,,,,NO_CS_COORDS,
31855,Centro Social Paroquial de São Lourenço de Alhos Vedros,38.64861,-9.0222588,,,,NO_CS_COORDS,
31857,"Jardim de Infância ""O Comboio""",38.5258143,-8.9042479,38.527075,-8.904122,141,MINOR,
31862,"""O Ninho""- Centro Paroquial de Acção Social da Moita",38.6547562,-8.9914535,38.654649,-8.991552,15,MATCH,
31876,Irmanadora CRL - Jardim de Infância,38.649209,-9.2311538,38.649323,-9.231224,14,MATCH,
31889,Colégio Beija Flor,38.6400214,-9.1002105,,,,NO_CS_COORDS,
31890,Externato Helguinha,38.612717,-9.1258366,38.612702,-9.125842,2,MATCH,
31947,Jardim de Infância da Escola Básica António Santos Jorge,38.6332429,-8.9154394,38.63368,-8.915826,59,MATCH,
31948,Jardim de Infância da Escola Básica Zeca Afonso,38.6339813,-8.9094939,38.634095,-8.909501,13,MATCH,
31949,Jardim de Infância da Escola Básica Salgueiro Maia,38.6221072,-8.9122423,38.622101,-8.912273,3,MATCH,
31977,Escola Básica Nº1 de Sines,37.9595716,-8.8717841,,,,NO_CS_COORDS,
32129,Jardim de Infância do Fogueteiro,38.6146271,-9.1108573,,,,NO_CS_COORDS,
32339,Escola Básica do Alto do Moinho,38.6340748,-9.1623444,38.633592,-9.161142,117,MINOR,
32340,Jardim de Infância de São Nicolau,38.6438887,-9.1588615,38.643799,-9.158606,24,MATCH,
32341,Escola Básica da Quinta de Santa Marta de Corroios,38.626841,-9.145643,,,,NO_CS_COORDS,
32451,Escola Básica Maria Rosa Colaço,38.6485508,-9.1595137,38.649011,-9.159995,66,MATCH,
32469,Escola Básica Ary dos Santos,38.7127574,-8.9776607,38.712533,-8.977659,25,MATCH,
32484,Escola Básica da Liberdade,38.7134642,-8.9717191,38.721417,-8.970736,888,MISMATCH,
32685,EB de Sesimbra,38.4455978,-9.1005719,38.446462,-9.100132,103,MINOR,
32687,EB de Aiana de Cima,38.4744088,-9.1410603,38.47504,-9.15275,1020,MISMATCH,
32688,EB de Azoia,,,38.42954,-9.18847,,CS_ONLY,
32698,Colégio a Palmeira Unipessoal Lda,38.6220925,-8.91022,38.631937,-8.903056,1259,MISMATCH,
32701,Escola Básica N.º 2 da Moita,38.6538552,-8.984424,38.649545,-8.989028,624,MISMATCH,
33249,Jardim de Infância de Sarilhos Grandes,38.685549,-8.9621324,38.684021,-8.961839,172,MINOR,
33250,Escola Básica Rosa dos Ventos,38.7051674,-8.9543485,38.706685,-8.954991,178,MINOR,
33252,Escola Básica dos Arcos,38.5296144,-8.8938669,38.52963,-8.893482,34,MATCH,
33253,Escola Básica de São Gabriel,38.5412982,-8.8841976,38.541164,-8.883718,44,MATCH,
33274,Escola Básica de Alto Estanqueiro,38.6802139,-8.9320926,38.679862,-8.932418,48,MATCH,
33281,Jardim de Infância de Amoreiras,38.5398705,-8.894101,38.539845,-8.894058,5,MATCH,
33284,Jardim de Infãncia de Melides,38.1776443,-8.5622457,,,,NO_CS_COORDS,
33285,Jardim de Infância de Aldeia do Futuro,38.196315,-8.5625935,,,,NO_CS_COORDS,
33289,EB1/JI Aldeia de Paio Pires,38.6276493,-9.0861608,,,,NO_CS_COORDS,
33298,EB1/JI Bairro Novo,38.6392294,-9.0992414,38.639415,-9.099317,22,MATCH,
33978,Escola N.º1 do Laranjeiro,38.6521092,-9.1494207,38.651496,-9.149275,69,MATCH,
33979,Escola N.º1 do Alfeite,38.6610874,-9.1547808,,,,NO_CS_COORDS,
34065,Escola Básica D. António da Costa,39.399872,-8.224454,38.677036,-9.158902,113901,MISMATCH,
34396,Escola Básica de Vale de Água,38.0163398,-8.6949602,,,,NO_CS_COORDS,
35541,Escola Prof. Manuela Fonseca _ Jardim de Infância N.º 1 de Verderena,38.6556653,-9.0710641,,,,NO_CS_COORDS,
35542,Escola Básica N.º 1 da Trafaria,38.7575406,-9.2739874,38.66984,-9.238241,10233,MISMATCH,
35543,Escola Básica da Quinta do Conde,38.5604408,-9.0446705,38.56055,-9.045602,82,MATCH,
35545,Escola Básica N.º 5 de Setúbal,38.5269607,-8.8666421,,,,NO_CS_COORDS,
35546,Escola Básica N.º 2 da Costa da Caparica,38.6409389,-9.2336648,38.56055,-9.045602,18628,MISMATCH,
35547,Escola Básica do Bairro Alentejano,38.6012044,-9.0069825,38.601476,-9.006939,30,MATCH,
35548,Escola Básica de Cabanas,38.5571981,-8.9655484,38.557182,-8.96554,2,MATCH,
35549,Escola Básica N.º 1 de Vale da Amoreira,38.646956,-9.0393784,38.647961,-9.040162,131,MINOR,
35550,Escola Básica da Quinta da Princesa,38.6347502,-9.1319953,38.634851,-9.132017,11,MATCH,
35551,Escola Básica Infante D. Augusto,38.6277362,-9.1229951,38.627645,-9.124084,95,MATCH,
35552,Escola Básica de Relvas Verdes,37.9959828,-8.7384003,37.9986,-8.73667,328,MINOR,
35553,Escola Básica de Pinhal de Frades,38.5927683,-9.0951756,38.592924,-9.09462,51,MATCH,
35554,Escola Básica da Quinta dos Morgados,38.5658437,-9.0900712,38.565944,-9.090103,11,MATCH,
35556,Jardim de Infância N.º 2 de Verderena,38.6540557,-9.0720213,38.654934,-9.073031,131,MINOR,
35557,Escola Básica N.º 3 da Trafaria,38.669779,-9.2334552,38.67021,-9.234139,76,MATCH,
35569,Escola Básica Frei André da Veiga,38.0209943,-8.6944442,38.021433,-8.694392,49,MATCH,
35570,Escola Básica de Aldeia dos Chãos,37.9872675,-8.687597,37.98981,-8.690435,377,MINOR,
35571,Escola Básica dos Redondos,38.5775059,-9.0808599,38.577565,-9.080882,7,MATCH,
35572,Escola Básica de Fernão Ferro,38.5671208,-9.1017431,38.567146,-9.101743,3,MATCH,
35573,Escola Básica N.º 4 de Santo André,38.0626831,-8.7893302,,,,NO_CS_COORDS,
35574,Escola Básica N.º 3 de Santo André,37.9531419,-8.8516834,38.054306,-8.780431,12865,MISMATCH,
35575,Escola Básica N.º 2 do Lavradio,38.6652458,-9.0513575,38.663642,-9.053271,244,MINOR,
35576,Escola Básica N.º 1 de Alhos Vedros,38.6662773,-8.9850647,38.657887,-9.025315,3617,MISMATCH,
35577,Escola Básica de Alhos Vedros,38.6539645,-9.0073673,38.652395,-9.006504,190,MINOR,
35578,Escola Básica de Alfeite,38.6585051,-9.1543028,38.65631,-9.145812,777,MISMATCH,
35579,Escola Básica Luísa Todi,38.5315247,-8.8707847,38.531685,-8.866762,350,MINOR,
35580,Jardim de Infância de Arroteias,38.6538981,-9.0287927,38.642357,-9.007085,2281,MISMATCH,
35581,Escola Básica Maria Adelaide Silva,38.6698087,-9.190091,38.6712,-9.188955,183,MINOR,
35582,Escola Básica Miradouro de Alfazina,38.673621,-9.1878362,38.67399,-9.189141,120,MINOR,
35583,Jardim de Infância da Cruz de Pau,38.6211974,-9.1268479,38.622445,-9.127247,143,MINOR,
35584,Escola Básica da Quinta das Sementes,38.6183125,-9.1205756,38.61834,-9.120671,9,MATCH,
35586,Escola Básica de Comporta,38.3820421,-8.7861688,,,,NO_CS_COORDS,
35587,Jardim de Infância de Alcácer do Sal,38.3740099,-8.5150314,38.374069,-8.515042,7,MATCH,
35589,Jardim de Infância de Pegões Velhos,38.6865535,-8.6607235,38.686565,-8.66081,8,MATCH,
35590,Escola Básica de Canha,38.7667064,-8.6270114,38.76692,-8.627612,57,MATCH,
35601,Escola Básica do Bairro Afonso Costa,38.5292027,-8.8712336,38.529026,-8.871448,27,MATCH,
35602,Escola Básica do Rosário,38.6768943,-9.0077814,38.677278,-9.007891,44,MATCH,
35603,Jardim de Infância de Brejos,38.6457498,-8.9897127,,,,NO_CS_COORDS,
35604,Escola Básica de Foros de Amora,38.6100609,-9.1335955,38.610447,-9.133608,43,MATCH,
35605,Escola Básica da Quinta de Santo António,38.618794,-9.1242652,,,,NO_CS_COORDS,
35607,Escola Básica do Viso,38.5275756,-8.9026097,,,,NO_CS_COORDS,
35608,Jardim de Infância de Pegões-Gare,38.6865571,-8.6606749,38.664196,-8.618371,4435,MISMATCH,
35609,Escola Básica de Craveira do Norte,38.6711154,-8.602541,38.668604,-8.587475,1337,MISMATCH,
35610,Escola Básica N.º 1 da Telha Nova,38.6449352,-9.055797,38.644885,-9.054027,154,MINOR,
35611,Escola Básica de Cajados,38.5783043,-8.7644253,,,,NO_CS_COORDS,
35612,Jardim de Infância de Lagameças,38.6110351,-8.7693724,,,,NO_CS_COORDS,
35613,Jardim de Infância de Vale Rosal,38.6294994,-9.1912916,38.629556,-9.19149,18,MATCH,
35614,Escola Básica de Vale Flores,38.6506186,-9.1739171,38.653451,-9.174258,316,MINOR,
35615,Escola Básica da Cotovia,38.4708075,-9.1015993,38.47052,-9.101878,40,MATCH,
35616,Escola Básica da Restauração,38.751776,-8.9640132,38.75138,-8.96321,82,MATCH,
36355,Jardim de Infância do Casal de Bolinhos,38.5383683,-9.0303493,,,,NO_CS_COORDS,
36957,Escola Básica Joaquim José de Carvalho,38.5722111,-8.9020016,,,,NO_CS_COORDS,
37138,Escola Básica N.º 6 da Baixa da Banheira,38.6534983,-9.0469026,,,,NO_CS_COORDS,
37139,Escola Básica N.º 2 da Baixa da Banheira,38.6662773,-8.9850647,,,,NO_CS_COORDS,
37140,Escola Básica N.º 1 da Baixa da Banheira,38.6662773,-8.9850647,,,,NO_CS_COORDS,
1,Centro Social Paroquial São Romão do Neiva,41.6300809,-8.7747152,41.985845,-8.633826,41247,MISMATCH,
6,Centro Social e Cultural de Carreço,41.748556,-8.8646447,41.747167,-8.864832,155,MINOR,
13,Centro Social e Cultural de Barroselas,41.6493737,-8.7017013,41.64932,-8.702822,93,MATCH,
26,Santa Casa da Misericórdia de Paredes de Coura,41.910036,-8.5613768,38.927274,-7.576036,341989,MISMATCH,
32,Casa do Povo Afife,41.7814252,-8.8616213,41.778448,-9.232215,30731,MISMATCH,
37,Centro Social e Paroquial de Vila Franca,41.6576466,-8.7343287,42.02457,-8.554634,43431,MISMATCH,
47,"Centro Interparoquial e Social de Moselos, Padornelo e Parada - Pólo de de Moselos",41.922942,-8.5566345,41.206926,-8.328892,81841,MISMATCH,
49,Santa Casa Misericórdia Monção,42.0789119,-8.4794729,42.031594,-8.549463,7815,MISMATCH,
53,Creche e Pré-Escolar da Santa Casa Misericórdia Vila Nova de Cerveira,41.9409061,-8.7399212,41.941546,-8.739944,71,MATCH,
56,Centro Social e Paroquial Vila de Punhe,41.6576466,-8.7343287,42.02457,-8.554634,43431,MISMATCH,
59,Equip. Soc. da Casa do Povo Vitorino dos Piães,41.7719576,-8.6533833,41.101752,-8.163926,84962,MISMATCH,
60,Creche e Jardim-De-Infância da Santa Casa da Misericórdia de Melgaço,42.1145923,-8.2572864,,,,NO_CS_COORDS,
61,Santa Casa Misericórdia Valença,42.0262473,-8.6405709,42.026252,-8.640616,4,MATCH,
67,Centro Social Paroquial Deão,41.7074051,-8.704096,41.702499,-8.671088,2794,MISMATCH,
74,Centro Social Paroquial Arcos de Valdevez,41.8372083,-8.4160542,41.846453,-8.417937,1040,MISMATCH,
75,Lar Santa Teresa,41.6995355,-8.8208491,41.699464,-8.820974,13,MATCH,
82,Santa Casa da Misericórdia de Ponte de Lima - Sede e Villa Moraes,41.7639511,-8.5839977,41.760448,-8.58241,411,MINOR,
83,Santa Casa da Misericórdia de Ponte de Lima - Centro Comunitário de Arcozelo,41.7814557,-8.6007691,41.760448,-8.58241,2788,MISMATCH,
86,Jardim de Infância Creche José Carneiro Bouças - Santa Casa Misericórdia Ponte da Barca,41.8043278,-8.4151153,41.805825,-8.413747,201,MINOR,
87,Centro Paroquial e Social de Guilhadeses,41.829818,-8.427422,,,,NO_CS_COORDS,
96,Centro Paroquial de Promoção Social e Cultural de Darque,41.6844809,-8.8070099,41.715126,-8.854111,5187,MISMATCH,
101,Creche Alcofa - Centro Social e Cultural da Meadela,41.7134127,-8.8114602,41.707613,-8.80345,926,MISMATCH,
103,Jardim de Infância do Centro Social da Paróquia de Santa Marta de Portuzelo,41.7104909,-8.7757338,41.710211,-8.775642,32,MATCH,
113,Centro Social e Paroquial de Campos,41.9582267,-8.7257456,41.947112,-8.653661,6088,MISMATCH,
117,Creche e Jardim de Infância de S. Tiago da Barra,41.697705,-8.8245707,38.813296,-9.459046,325217,MISMATCH,
119,Creche e Jardim de Infância Nossa Senhora da Misericórdia,41.6998098,-8.8265592,41.699645,-8.826209,34,MATCH,
127,Santa Casa da Misericórdia de Caminha,41.8763866,-8.8346113,38.737468,-9.159546,350117,MISMATCH,
129,Creche da Casa do Povo de Lanhelas,41.9084315,-8.789687,41.907809,-8.790695,108,MINOR,
13055,Centro Social e Paroquial de Perre,41.7224299,-8.7773438,41.7226604,-8.7763214,89,MATCH,
13071,Centro Social da Paroquia de Cerdal,39.399872,-8.224454,41.9883937,-8.6232389,289786,MISMATCH,
13079,Creche e Jardim de Infância de Chafé,41.6491258,-8.7802567,41.647366,-8.699583,6706,MISMATCH,
13080,Centro Paroquial e Social de Fornelos,41.7328782,-8.5477228,41.773931,-8.523407,4991,MISMATCH,
18020,Cruz Vermelha Portuguesa - Centro Humanitário de Valença,42.0252992,-8.6545237,,,,NO_CS_COORDS,
21161,Creche Bê-À-Bá,41.8041747,-8.4125121,41.826417,-8.413727,2475,MISMATCH,
22842,"Academia dos Pimpolhos, Sociedade Unipessoal, Lda",41.7151792,-8.8135622,41.7142941,-8.8148312,144,MINOR,
23963,Casa Cerqueira Gomes,41.8505529,-8.4245048,,,,NO_CS_COORDS,
24023,Centro Paroquial e Social de Barbeita - Creche Arco-Íris,42.0498962,-8.3977191,42.02457,-8.554634,13261,MISMATCH,
24227,Patronato de Nossa Senhora da Bonança,41.8133262,-8.8556137,41.812089,-8.85471,157,MINOR,
24705,Centro Social Paroquial de Vila Nova de Anha,41.6626909,-8.7913862,41.661271,-8.782356,767,MISMATCH,
25165,Creche Espaço Bébé,41.7996555,-8.4315831,,,,NO_CS_COORDS,
25433,Creche - Organismo Utilitário Social de Apoio Mútuo,41.8850043,-8.5528331,41.892608,-8.553692,848,MISMATCH,
25931,Congregação Nossa Senhora da Caridade - Creche Beija-Flor,41.6945026,-8.8233522,41.694222,-8.823983,61,MATCH,
25952,Creche do Grémio Social Mazedo,42.0624092,-8.4920193,42.064614,-8.493211,264,MINOR,
26444,"Creche "" Mundo Colorido""Do Centro Social e Cultural Vila Praia de Âncora",38.7757108,-9.2590679,,,,NO_CS_COORDS,
26707,Casa do Povo de S. Julião de Freixo,41.6613778,-8.5920275,41.652678,-8.587142,1049,MISMATCH,
27437,Creche de Padreiro,41.8002919,-8.4771281,,,,NO_CS_COORDS,
27443,Creche Bercinho S. José,41.6436563,-8.7413787,41.649217,-8.742086,621,MISMATCH,
28339,Centro Social Paroquial de Areosa,41.7145003,-8.8548295,,,,NO_CS_COORDS,
28366,Centro Paroquial e Social de Lanheses,41.7376909,-8.6733452,,,,NO_CS_COORDS,
32853,CPS da Facha,41.7205243,-8.6158059,,,,NO_CS_COORDS,
11,Centro Social e Paroquial de Santa Maria Maior,41.6957511,-8.8327279,41.695858,-8.832365,32,MATCH,
55,Associação Social Recreativa Juventude Vila Fonche/Juventude,41.8477853,-8.4228329,41.846031,-8.439869,1425,MISMATCH,
13064,Centro Social Paroquial Senhor do Socorro,41.6990108,-8.8449614,41.69907035,-8.84488067,9,MATCH,
29838,Jardim de Infância de Lamela,41.85424,-8.4140517,,,,NO_CS_COORDS,
29839,Jardim de Infância de Assento,41.8314339,-8.4083011,,,,NO_CS_COORDS,
29840,Escola Básica Dr. Manuel da Costa Brandão,41.9119374,-8.4463728,,,,NO_CS_COORDS,
29841,Escola Básica de Eira do Penedo,41.8720377,-8.2626435,,,,NO_CS_COORDS,
29907,"Jardim de Infância de Mozelos, Paredes de Coura",41.922942,-8.5566345,,,,NO_CS_COORDS,
29954,Escola Básica de Montedor,41.6940179,-8.8430737,,,,NO_CS_COORDS,
29961,Escola Básica de Santa Marta de Portuzelo,41.7074098,-8.7703214,41.707425,-8.770393,6,MATCH,
29970,Jardim de Infância N.º 1 de Viana do Castelo,41.7022635,-8.8252401,,,,NO_CS_COORDS,
29971,"Escola Básica de Igreja, Meadela, Viana do Castelo - JI da Meadela",41.7076815,-8.8052809,41.707755,-8.805264,8,MATCH,
30000,"Jardim de Infância de Igreja, Sandiães, Ponte de Lima",41.6410805,-8.5714812,,,,NO_CS_COORDS,
30002,Escola Básica de Mujães,41.6575324,-8.7121525,,,,NO_CS_COORDS,
30003,"Escola Básica de Barroselas, Viana do Castelo",41.6486013,-8.6957681,41.648034,-8.694374,132,MINOR,
30017,Escola Básica de Cabedelo,41.6819735,-8.8196151,,,,NO_CS_COORDS,
30019,Escola Básica Educadora Zaida Garcez,41.682458,-8.8029648,,,,NO_CS_COORDS,
30020,Escola Básica de Senhora de Oliveira,41.6849549,-8.7905787,41.684622,-8.790785,41,MATCH,
30153,Escola Básica de Facha,41.7929903,-8.5424599,41.727789,-8.630431,10286,MISMATCH,
30244,Escola Básica de Melgaço,42.1074842,-8.2613322,42.107771,-8.25994,119,MINOR,
30316,Escola Básica de Feitosa,41.7472334,-8.5886815,41.752947,-8.588921,636,MISMATCH,
30317,"Escola Básica de Trovela, Oliveira",41.7228182,-8.5363253,,,,NO_CS_COORDS,
30318,Escola Básica de Gandra,41.7780388,-8.4981534,,,,NO_CS_COORDS,
30328,Escola Básica de Crasto,41.7724984,-8.4339674,,,,NO_CS_COORDS,
30329,Escola Básica de entre Ambos-Os-Rios,41.8447762,-8.1994276,,,,NO_CS_COORDS,
30571,Escola Básica de Lagoas,41.7773082,-8.6487454,41.7772777777,-8.6487222222,4,MATCH,
30572,"Escola Básica de Arcozelo, Ponte de Lima",41.789622,-8.5835729,41.7897777777,-8.58336111,25,MATCH,
30573,Jardim de Infância de Cepões,41.8142667,-8.5873618,41.8206944444,-8.5930277777,855,MISMATCH,
30574,Jardim de Infância de Calvário,41.8065958,-8.5699151,41.80669444444,-8.56883333333,90,MATCH,
30575,Jardim de Infância de Canadelo,41.7847036,-8.5739423,41.7916944444444,-8.574611111111,779,MISMATCH,
30576,Escola Básica de Loução,41.8601261,-8.8195121,,,,NO_CS_COORDS,
30577,Escola Básica de Dem,41.8396328,-8.774172,,,,NO_CS_COORDS,
30578,Jardim de Infância de Moledo,41.8482998,-8.8594361,,,,NO_CS_COORDS,
30579,Jardim de Infância de Igreja,41.8008676,-8.8458044,,,,NO_CS_COORDS,
30580,Escola Básica de Caminha,41.8751405,-8.836727,,,,NO_CS_COORDS,
30581,Jardim de Infância de Vila Praia de Âncora,41.8088231,-8.8541777,,,,NO_CS_COORDS,
30582,"Escola Básica de Cruzeiro, Seixas, Caminha",41.8954715,-8.8141423,41.895602,-8.814927,67,MATCH,
30583,Escola Básica de Torre,41.8887426,-8.7955852,,,,NO_CS_COORDS,
30995,Centro Escolar Norte -Campos,41.9613692,-8.7060858,41.96444,-8.706325,342,MINOR,
30996,Centro Escolar de Cerveira,41.9399108,-8.7409149,,,,NO_CS_COORDS,
30997,Escola Básica e Jardim de Infância de S. Sebastião - Covas,41.9377725,-8.7412833,,,,NO_CS_COORDS,
31088,Escola Básica de Real,42.0073844,-8.6165284,,,,NO_CS_COORDS,
31089,Escola Básica de Pedreira,42.0406574,-8.6164946,,,,NO_CS_COORDS,
31090,Escola Básica de Valença,42.0290429,-8.639285,42.029063,-8.639316,3,MATCH,
31091,Escola Básica de Vilar de Lamas,42.0150023,-8.6440531,42.015323,-8.644524,53,MATCH,
31092,Escola Básica de Friestas,42.0444968,-8.5713136,,,,NO_CS_COORDS,
31797,"Escola Básica de Pias, Monção",42.0166709,-8.5069713,,,,NO_CS_COORDS,
31858,Jardim Infantil do Centro Social Paroq. Nª Sra. Fátima,41.7053232,-8.8209753,41.705527,-8.818707,190,MINOR,
31864,Jardim de Infância Crescer,41.7080383,-8.8038738,41.707605,-8.803946,49,MATCH,
31877,Jardim Infantil de Santo António,41.873605,-8.8389415,,,,NO_CS_COORDS,
31945,Escola Básica José Pinheiro Gonçalves,42.0749088,-8.4766049,,,,NO_CS_COORDS,
31946,Jardim de Infância de Cortes,42.0770324,-8.4905515,,,,NO_CS_COORDS,
31966,Escola Ebi Tangil,42.0285226,-8.3720236,,,,NO_CS_COORDS,
31967,Escola Básica 1º Ciclo EB1 – Estrada – Mazedo,42.0537742,-8.488877,,,,NO_CS_COORDS,
32010,Pólo de Jardim de Infância de Rubiães,41.8919512,-8.6282272,,,,NO_CS_COORDS,
32011,Pólo de Jardim de Infância de Cristelo,41.9023003,-8.542093,,,,NO_CS_COORDS,
32204,Escola Básica de Freixo,41.6531757,-8.5880544,40.136163,-8.246674,171107,MISMATCH,
32223,Escola Básica de S. Roque – Poiares,41.6516611,-8.6230235,,,,NO_CS_COORDS,
32224,Escola Básica de Paço - Vitorino de Piães,41.6660485,-8.5931925,,,,NO_CS_COORDS,
32226,EB de S. Pedro da Torre,41.9882254,-8.6661693,,,,NO_CS_COORDS,
32236,J.i de Gândara - Santa Maria Geraz do Lima,41.7085419,-8.6815989,,,,NO_CS_COORDS,
32249,EB1/J.I de Torre,40.9474678,-8.6295539,,,,NO_CS_COORDS,
32250,EB1/J.i Centro Escolar - Lanheses,41.7365906,-8.6773324,,,,NO_CS_COORDS,
33358,Escola Ebi/JI da Correlhã,41.7456847,-8.6117529,41.745845,-8.611764,18,MATCH,
33365,Escola Básica de Refoios – Ponte de Lima,41.7899525,-8.5415453,41.7923055555,-8.54425,345,MINOR,
34000,Escola Básica de Carvalhos,41.6529162,-8.6605979,,,,NO_CS_COORDS,
34038,Escola Básica Diogo Bernardes,41.8025037,-8.4126858,,,,NO_CS_COORDS,
35617,Escola Básica Padre Himalaya,41.805515,-8.4719244,41.80557,-8.472006,9,MATCH,
35618,Escola Básica de Paredes de Coura,41.9138681,-8.5629696,41.913932,-8.56297,7,MATCH,
35619,Jardim de Infância de Meio,41.7106207,-8.8504842,41.712025,-8.849908,163,MINOR,
35620,Escola Básica de Monserrate,41.6940179,-8.8430737,39.764228,-8.638017,215277,MISMATCH,
35621,Escola Básica de Outeiro,41.7532594,-8.7867206,41.753207,-8.786905,16,MATCH,
35622,"Jardim de Infância de Moreno,",41.7099725,-8.756591,,,,NO_CS_COORDS,
35623,Escola Básica de Igreja,41.7125625,-8.7399423,,,,NO_CS_COORDS,
35624,Escola Básica de Cálvario,41.7134872,-8.8125685,41.713523,-8.812649,8,MATCH,
35626,Escola Básica de Igreja,41.6400716,-8.7463754,41.640082,-8.746445,6,MATCH,
35627,Escola Básica de Monte,41.6792664,-8.7693055,,,,NO_CS_COORDS,
35628,Escola Básica de Subportela,41.6912092,-8.734062,41.690184,-8.724629,792,MISMATCH,
35629,Escola Básica de Pomares,42.0577819,-8.2721239,40.270314,-7.891296,201297,MISMATCH,
35630,"Escola Básica de Igreja, Ribeira",41.7710838,-8.556158,,,,NO_CS_COORDS,
35631,Escola Básica de Ponte de Lima,41.7628334,-8.5773404,41.760871,-8.576439,231,MINOR,
35635,Jardim de Infância de Vila Fonche,41.8494026,-8.4301792,41.849613,-8.430134,24,MATCH,
35636,Escola Básica de Portuzelo-Meadela,41.7058969,-8.7936274,41.706471,-8.79371,64,MATCH,
35637,"Escola Básica de Igreja, Nogueira",41.7402403,-8.7350578,41.74012,-8.735063,13,MATCH,
35638,Escola Básica de Vila Nova de Anha,41.6628827,-8.7946886,,,,NO_CS_COORDS,
35639,Escola Básica da Foz do Neiva,41.6216347,-8.8001515,41.694614,-8.496689,26484,MISMATCH,
35640,Escola Básica de Ribeiro JI,41.7145046,-8.5599434,,,,NO_CS_COORDS,
36937,Jardim de Infância de Bogim,41.9897877,-8.6220206,,,,NO_CS_COORDS,
3477,Patronato de Nossa Senhora da Conceição,41.2438346,-7.5741457,41.269907,-7.571244,2909,MISMATCH,
3485,Creche da Santa Casa da Misericórdia de Alijó,41.2758471,-7.4737554,41.275817,-7.474172,35,MATCH,
3488,Associação 31 - Infantário e Lar de de Vila Real,41.2983664,-7.7442003,41.297973,-7.74445,48,MATCH,
3489,Equip. Social Centro Social Paroquial D. Manuel Vieira Matos,41.1874882,-7.7106813,41.178882,-7.725894,1593,MISMATCH,
3490,Creche de São Francisco de Assis,41.6621451,-7.3280006,,,,NO_CS_COORDS,
3491,Centro Social Paroquial de Chaves,41.7416169,-7.4691704,38.73749,-9.144046,363016,MISMATCH,
3492,Creche a,41.759011,-7.480089,41.754912,-7.479028,464,MINOR,
3495,Creche e Jardim de Infância da Santa Casa da Misericórdia de Murça,41.4017569,-7.4557146,41.405239,-7.453938,415,MINOR,
3502,Equip. Soc. Fundação Doutor Carneiro Mesquita,41.2289086,-7.8094281,41.160925,-7.726405,10266,MISMATCH,
3506,Centro Infantil,41.1592716,-7.7857217,41.15773,-7.783249,269,MINOR,
3507,Patronato Padre Alberto Teixeira de Carvalho,41.1657651,-7.8061949,41.168672,-7.803588,390,MINOR,
3517,"Equip. Social do Centro Social, Recreativo e Cultural de Vila Verde",41.3644213,-7.5496656,41.651691,-8.436019,80422,MISMATCH,
3520,Equip. Soc. Centro Social Paroquial Santo António,41.2944866,-7.7260722,41.46789,-8.172912,41972,MISMATCH,
3521,Creche Madame Brouillard,41.2988842,-7.751093,41.302055,-7.75172,356,MINOR,
3526,Centro Social Nossa Senhora de Lurdes,41.5973861,-7.6228652,,,,NO_CS_COORDS,
3529,Centro Social Paroquial Padre Sebastião Esteves,41.5002387,-7.6432318,41.500661,-7.648488,440,MINOR,
3530,Equip. Soc. Santa Casa da Misericórdia de Cerva,41.473388,-7.8480934,38.64675,-9.016047,329641,MISMATCH,
3534,Jardim de Infância da Santa Casa da Misericórdia de Mondim de Basto,41.4124943,-7.954261,41.412149,-7.95291,119,MINOR,
3537,Creche da Santa Casa da Misericórdia de Montalegre,41.8244962,-7.7873154,41.155339,-8.660682,104058,MISMATCH,
3539,Lar Nossa Senhora da Livração,41.6883962,-7.6645969,38.853429,-9.193475,340861,MISMATCH,
3543,Lar Nossa Senhora da Conceição,41.6307198,-7.572954,41.636734,-7.574107,676,MISMATCH,
3544,Santa Casa da Misericórdia de Ribeira de Pena,41.525269,-7.794204,41.263509,-8.051197,36149,MISMATCH,
3545,Equip. Soc. Santa Casa da Misericórdia de Mesão Frio,41.1568204,-7.8940932,41.211597,-8.544766,54791,MISMATCH,
3547,Centro Social Paroquial Santa Eulália da Cumieira,41.2502305,-7.7707659,41.213566,-7.784255,4230,MISMATCH,
13009,Creche Miminho - Celeste Maria Rodrigues Gonçalves,41.3066553,-7.7403079,40.97381,-8.634034,83492,MISMATCH,
13012,"Creche ""Bichinhos Carpinteiros,Lda""",41.3053663,-7.7463764,38.720045,-9.122258,310426,MISMATCH,
13013,Centro Social e Paroquial da Campeã,41.2890033,-7.8845456,,,,NO_CS_COORDS,
13020,Creche Maria de Lurdes Amaral,41.3029307,-7.7289827,41.302918,-7.709253,1648,MISMATCH,
13029,Creche da Santa Casa da Misericórdia de Valpaços,41.608481,-7.3190445,38.722678,-9.158016,356889,MISMATCH,
13047,Creche da Associação Social e Cultural de Sanfins do Douro,41.2943057,-7.5173663,41.2916441,-7.5168894,299,MINOR,
13053,Creche/ Pré-Escolar do Grupo Social Recreativo Cultural e Desportivo de Favaios,41.2668473,-7.4995746,,,,NO_CS_COORDS,
18639,Lar e Centro de Dia de São Miguel de Lobrigos,41.2088299,-7.7797171,40.688657,-8.18411,67075,MISMATCH,
18801,Creche da Associaçao Miguel Torga,41.2698018,-7.62019,41.273778,-7.617478,497,MINOR,
18824,Centro Social de Casas dos Montes,41.7416169,-7.4691704,39.394702,-9.14301,296788,MISMATCH,
18841,Externato Quinta da Fraga,41.74035,-7.4816727,41.738324,-7.485549,393,MINOR,
18842,Externato Aeiou,41.7377759,-7.4660104,41.742702,-7.470842,679,MISMATCH,
18888,Centro Social Recreativo Cultural de Vilar de Maçada - Creche,41.3253027,-7.5587612,41.325494,-7.558693,22,MATCH,
22325,Creche e Jardim de Infância S. Roque,41.7406629,-7.4614609,41.740568,-7.461439,11,MATCH,
22461,Externato das Lagoas - Unipessoal Lda,41.6299093,-7.2956548,40.384075,-7.88364,147053,MISMATCH,
24214,Equip Social do Pinhão - SCM de Alijó,41.191268,-7.5455658,40.277983,-7.917821,106286,MISMATCH,
24635,Feliz Recreio - Unipessoal Lda.,41.3040462,-7.7287772,,,,NO_CS_COORDS,
24637,Associação o Baguinho,41.167159,-7.7881275,41.1671665,-7.7885178,33,MATCH,
24829,Creche São José,41.2999339,-7.7434705,41.299508,-7.743575,48,MATCH,
24830,Creche da Santa Casa da Misericórdia de Sabrosa,41.266665,-7.5760403,41.266982,-7.575917,37,MATCH,
26017,Creche S. Francisco de Assis,41.3088304,-7.7252483,41.308169,-7.722492,242,MINOR,
29655,"Externato ""O Pinguim""",41.7950888,-7.4814163,,,,NO_CS_COORDS,
31860,Nuclisol Jean Piaget - Unidade de Desenvolvimento Integrado de Vila Real,41.2986728,-7.7527914,41.298549,-7.752425,34,MATCH,
32838,Centro Social e Paroquial de Vilarinho da Samardã,41.3826252,-7.7074588,,,,NO_CS_COORDS,
39053,Creche Santo Amaro,41.7400014,-7.4775552,,,,NO_CS_COORDS,
39054,Creche B,41.753546,-7.4748219,,,,NO_CS_COORDS,
39663,Jardin Enchante,41.2984426,-7.6765857,,,,NO_CS_COORDS,
39665,Colégio João Paulo II,41.2964671,-7.7399962,,,,NO_CS_COORDS,
30168,EB1/JI de Mondim de Basto - Oeste,41.4085713,-7.9555409,,,,NO_CS_COORDS,
30169,Jardim de Infância de Vilarinho,41.4135799,-7.8876988,,,,NO_CS_COORDS,
30171,Jardim de Infância de Praça,41.4584331,-7.9246922,,,,NO_CS_COORDS,
30306,"Escola Básica de Santa Cruz, Trindade",41.7606221,-7.4674294,,,,NO_CS_COORDS,
30307,Escola Básica de Vila Verde da Raia,41.7865176,-7.4242672,,,,NO_CS_COORDS,
30309,"Escola Básica de Bustelo, Chaves",41.7861513,-7.4908878,,,,NO_CS_COORDS,
30310,Escola Básica de Mairos,41.8242346,-7.3395295,,,,NO_CS_COORDS,
30311,"Escola Básica de Santo Estevão, Chaves",41.7950888,-7.4814163,,,,NO_CS_COORDS,
30448,Escola Básica de Fernão de Magalhães,41.2679396,-7.5811603,,,,NO_CS_COORDS,
30469,Agrupamento de Escolas Professor António da Natividade,41.1551737,-7.8944814,41.164141,-7.893318,1002,MISMATCH,
30520,Escola Básica de Montalegre,41.8275931,-7.7823464,41.824839,-7.785316,393,MINOR,
30541,Escola Básica de Valpaços,41.6048878,-7.3051674,41.605991,-7.304101,151,MINOR,
30542,Jardim de Infância de Veiga de Lila,41.5223611,-7.3238662,,,,NO_CS_COORDS,
30543,Jardim de Infância de Argeriz,41.5877094,-7.3839641,,,,NO_CS_COORDS,
30551,Escola Básica de Alijó,41.2743531,-7.4791718,,,,NO_CS_COORDS,
30553,Jardim de Infância de Pegarinhos,41.3539291,-7.4441798,,,,NO_CS_COORDS,
30662,Escola Básica de Árvores,41.2975954,-7.7518536,41.298862,-7.7512,151,MINOR,
30663,Jardim de Infância de Borbela,41.3272867,-7.7527938,,,,NO_CS_COORDS,
30664,Escola Básica de Vilarinho da Samardã,41.3787565,-7.7069071,,,,NO_CS_COORDS,
30666,Jardim de Infância de Gravelos,41.3369918,-7.7237499,,,,NO_CS_COORDS,
30667,Jardim de Infância do Bairro de São Vicente de Paula,41.3072809,-7.7429443,,,,NO_CS_COORDS,
30668,Escola Básica de Prado,41.3272867,-7.7527938,41.325554,-7.740214,1068,MISMATCH,
30669,Escola Básica N.º 1 de Vila Seca,41.3413052,-7.7384811,,,,NO_CS_COORDS,
30676,Escola Básica de Murça,41.4051021,-7.453795,,,,NO_CS_COORDS,
30707,Escola Básica Ribeira de Pena,41.5211596,-7.7927062,41.521139,-7.79272,3,MATCH,
30780,Escola Básica de Campo,41.4948479,-7.6465536,,,,NO_CS_COORDS,
30781,Jardim de Infância de Penassal,41.5032726,-7.6655681,,,,NO_CS_COORDS,
30782,Jardim de Infância de Soutelo de Aguiar,41.4738689,-7.6663402,,,,NO_CS_COORDS,
30784,Jardim de Infância de Vila Pouca de Aguiar,41.5017075,-7.6415972,,,,NO_CS_COORDS,
30785,Jardim de Infância de Tourencinho,41.4205414,-7.6750701,,,,NO_CS_COORDS,
30786,Jardim de Infância de Sabroso,41.577429,-7.5984652,,,,NO_CS_COORDS,
30877,Escola Básica de Boticas/Jardim de Infância de Boticas,41.6885571,-7.6651093,41.688261,-7.664825,41,MATCH,
30878,Jardim de Infância de Beça,41.6946601,-7.7085047,,,,NO_CS_COORDS,
31430,Jardim de Infância de Vidago,41.6392106,-7.5725389,41.640404,-7.572277,134,MINOR,
31537,"Escola Básica do Douro, Centro Escolar da Zona Sudoeste",41.2674474,-7.6962793,41.2674166666,-7.6971388888,72,MATCH,
31538,Escola Básica Abade de Mouçós,41.3150063,-7.6958279,41.315202,-7.696058,29,MATCH,
31540,Jardim de Infância do Lugar de São Martinho,41.2828482,-7.8595999,41.301055,-7.712555,12451,MISMATCH,
31541,Escola Básica de Torneiros,41.2892396,-7.7161742,41.292222222,-7.715944444,332,MINOR,
31544,Jardim de Infância de Vila Meã,41.356293,-7.6673072,41.36,-7.667555555,413,MINOR,
31676,Escola Básica de Godim,41.1685966,-7.8012878,41.167,-7.8,208,MINOR,
31677,Escola Básica N.º 1 de Peso da Régua,41.1643672,-7.7903691,41.165256,-7.791583,142,MINOR,
31678,Jardim de Infância de Loureiro,41.1941402,-7.8103487,41.236,-8.396,49208,MISMATCH,
31859,Jardim Escola João de Deus,41.7448007,-7.4697904,41.744839,-7.4698,4,MATCH,
32293,Escola Básica Nº 7,41.2944259,-7.7307977,41.1270833333,-7.7315,18608,MISMATCH,
33320,Jardim de Infância de Lebução,41.7546517,-7.2661287,,,,NO_CS_COORDS,
33941,Jardim de Infância de Galafura,41.1822932,-7.6834493,41.1112,-7.4117,24088,MISMATCH,
35632,Escola Básica de Vilar de Maçada,41.324559,-7.5587964,41.325608,-7.558513,119,MINOR,
35633,Escola Básica de Sanfins do Douro,41.295206,-7.516519,41.295193,-7.51654,2,MATCH,
35634,Escola Básica N.º 2 de Vila Real,41.3095172,-7.7410291,,,,NO_CS_COORDS,
35641,Escola Básica N.º 1 de Pinhão,41.1913826,-7.5468292,,,,NO_CS_COORDS,
35643,Escola Básica N.º 1 de Santa Marta de Penaguião,41.2102881,-7.7831043,41.210598,-7.7835684,52,MATCH,
35644,Escola Básica de São João de Lobrigos,41.1941989,-7.7787583,41.194183,-7.778806,4,MATCH,
35645,Jardim de Infância de Pousada,41.2905371,-7.8810522,,,,NO_CS_COORDS,
35646,Escola Básica de Arrabães,41.2797111,-7.8145459,41.282976,-7.81153,442,MINOR,
35647,Jardim de Infância de Vila do Conde,41.6025167,-7.5328633,41.60536,-7.5330048,316,MINOR,
35648,Escola Básica N.º 1 de Salto,41.6415033,-7.9459175,41.641324,-7.945795,22,MATCH,
35651,Jardim de Infância de Nantes,41.7151484,-7.4467313,,,,NO_CS_COORDS,
35652,Jardim de Infância de Chaves,41.7479017,-7.4745721,,,,NO_CS_COORDS,
35655,Jardim de Infância de Parada de Cunhos,41.2850204,-7.7647221,41.284206,-7.761222,306,MINOR,
35656,Escola Básica N.º 6 de Vila Real,41.3201626,-7.7320791,41.315245,-7.730764,558,MISMATCH,
35657,Escola Básica N.º 3 de Vila Real,41.2979994,-7.740035,,,,NO_CS_COORDS,
35658,Jardim de Infância de Vila Marim,41.3032554,-7.7800956,41.305536,-7.778127,302,MINOR,
35659,Escola Básica de Lordelo,41.3621931,-8.365216,41.246290940339,-8.4180915355682,13624,MISMATCH,
35660,Jardim de Infância de Mondrões,41.2918074,-7.7834216,41.292958,-7.793758,873,MISMATCH,
35661,Escola Básica de Pedras Salgadas,41.5416659,-7.6055625,41.541103,-7.605441,63,MATCH,
35662,Escola Básica de Cabril,41.7168684,-8.0324785,,,,NO_CS_COORDS,
35667,Jardim de Infância de Outeiro Jusão,41.718284,-7.4818443,,,,NO_CS_COORDS,
35668,Jardim de Infância de Casas Novas,41.706816,-7.5673149,,,,NO_CS_COORDS,
37276,Escola Básica de Vilarandelo,41.6618872,-7.3179044,,,,NO_CS_COORDS,
37277,Escola Básica José dos Anjos,41.5660114,-7.4302952,,,,NO_CS_COORDS,
37318,Jardim de Infância do Caneiro,41.7479017,-7.4745721,,,,NO_CS_COORDS,
37666,Jardim de Infância de São Martinho de Anta,41.266273,-7.6245624,,,,NO_CS_COORDS,
37827,Escola Básica Nº1 de Cerva,41.4733545,-7.84912,,,,NO_CS_COORDS,
3289,Jardim Escola João de Deus de Mortágua,40.3980753,-8.2295761,40.398466,-8.229003,65,MATCH,
3293,Equip. Soc. do Centro Social e Cultural da Paróquia de Mangualde,40.6058661,-7.7658189,40.605706,-7.765613,25,MATCH,
3294,Jardim de Infância da Obra Social Beatriz Pais - Raul Saraiva,40.6076331,-7.7629201,40.607831,-7.763224,34,MATCH,
3305,Patronato de São José,41.0956685,-7.8081572,41.09505,-7.807061,115,MINOR,
3309,Creche da Fundação Elísio Ferreira Afonso,40.7536462,-7.6811092,40.740417,-7.736095,4860,MISMATCH,
3312,Irmandade da Santa Casa da Misericórdia de Penalva do Castelo,40.6758945,-7.6990038,40.675797,-7.699249,23,MATCH,
3314,Creche/Pré-Escolar Santa Casa da Misericórdia de Vouzela,40.7215712,-8.1157711,40.722466,-8.11412,171,MINOR,
3330,Casa do Sol - Fundação Joaquim dos Santos,40.6402037,-8.0205057,,,,NO_CS_COORDS,
3331,Equip. Soc. do Centro Paroquial de Povolide,40.6605005,-7.794894,,,,NO_CS_COORDS,
3332,Centro Social da Paróquia de Mundão,40.7029009,-7.8584638,40.703097,-7.858669,28,MATCH,
3333,Centro Paroquial de Vilar Seco,40.5573131,-7.8660303,40.559156,-7.865945,205,MINOR,
3334,"Creche""O Ninho"" Da Santa Casa da Misericórdia de Carregal do Sal",40.4306066,-8.0052777,40.430889,-8.005145,33,MATCH,
3335,Equip. Soc. da Associação de Solidariedade de Farminhão,40.6122939,-8.0170764,40.612967,-8.050526,2825,MISMATCH,
3337,Equip. Soc. da Santa Casa da Misericórdia de Vale de Besteiros,40.5577774,-8.1392808,40.562927,-8.149752,1054,MISMATCH,
3340,Jardim de Infância do Centro Social Paroquial de Canas de Senhorim,40.4993811,-7.8993755,40.499269,-7.899572,21,MATCH,
3342,Centro Paroquial de Bem-Estar Social do Vimieiro,40.4068035,-8.128388,40.388191,-8.121193,2157,MISMATCH,
3344,Jardim Escola João de Deus de Urgeiriça,40.5121712,-7.8978631,40.511701,-7.897295,71,MATCH,
3345,Equip. Soc. da Associação Solidariedade Social Recreativa e Desportiva de Vila Chã de Sá,40.6113855,-7.9490857,40.611544,-7.943412,479,MINOR,
3347,Creche da Cáritas Diocesana de Viseu - Sede,40.650766,-7.9166989,40.652663,-7.915588,231,MINOR,
3354,Equip. Soc. do Centro Social Paroquial de São José,40.6617528,-7.9101788,40.661718,-7.910176,4,MATCH,
3357,Creche e Jardim de Infância Fundaçâo S. José,39.399872,-8.224454,40.655517,-7.90893,142182,MISMATCH,
3364,Centro Paroquial de Santiago de Cassurrães,40.5782025,-7.7001598,40.578762,-7.704689,388,MINOR,
3375,ATL Brincaprendo,40.7388335,-7.7312723,40.73998,-7.730461,145,MINOR,
3378,Equip. Soc. da Misericórdia de Nossa Senhora dos Milagres de Oliveira de Frades,40.732357,-8.1714334,40.732376,-8.171452,3,MATCH,
3379,Jardim da Misericórdia de Santo António de São Pedro do Sul,40.7568174,-8.069963,40.7568,-8.069912,5,MATCH,
3387,Creche da Associação de Solidariedade Social do Alto do Paiva,40.8534964,-7.7244776,40.85257,-7.726579,205,MINOR,
3392,Equip. Soc. Centro Paroquial de Canas de Santa Maria,40.5223058,-7.9926683,40.552549,-8.035901,4966,MISMATCH,
3803,Equip. Soc. da Santa Casa da Misericórdia de Tarouca,41.0209627,-7.7688979,41.016191,-7.775671,777,MISMATCH,
3805,Creche e Jardim de Infância da Misericórdia de Santa Comba Dão,40.3973189,-8.1305432,40.397936,-8.130398,70,MATCH,
3806,Equipamento Social do Centro Paroquial de Nelas,40.5265031,-7.8528763,40.524037,-7.852883,274,MINOR,
3808,Equip. Soc. do Centro Social Professora Elisa Barros Silva,40.4794089,-7.9832932,,,,NO_CS_COORDS,
3809,Fundação Mariana Seixas,40.6441887,-7.9042702,40.642222,-7.90028,401,MINOR,
3810,Equip. Soc. do Centro Social e Cultural de Orgens,40.6647958,-7.9386078,38.791522,-9.152306,232719,MISMATCH,
3812,Infantário Popular de Tondela,40.517821,-8.0812289,40.517834,-8.081186,4,MATCH,
3814,Infantário do Caramulo - Creche,40.5717838,-8.1706399,40.570273,-8.171527,184,MINOR,
3816,Centro Social Jesus Maria José - Viseu,40.6442604,-7.9131511,40.644644,-7.913412,48,MATCH,
3818,Balsa Nova - A.S.C.D.R.,40.6613655,-7.9172355,40.722746,-8.1091,17557,MISMATCH,
3823,Equip. Soc. da Associação de Solidariedade Social da Freguesia de Abraveses,40.6821018,-7.923861,,,,NO_CS_COORDS,
3829,Equip. Soc. da Santa Casa da Misericórdia de Moimenta da Beira,40.9736737,-7.6127221,40.918039,-7.509759,10633,MISMATCH,
4476,Jardim de Infância da Associação Moimentense de Apoio à Infância,40.9875817,-7.6191298,40.987441,-7.619811,59,MATCH,
4478,Centro de Apoio à Infância da Misericórdia de Tabuaço,41.1147335,-7.5659409,41.113451,-7.564304,198,MINOR,
4482,Equip. Soc. da Misericórdia de Sernancelhe,40.8983808,-7.4945604,40.898316,-7.494499,9,MATCH,
4486,Pesqueiramiga- Associação de Solidariedade Social - Creche,41.1488016,-7.4073362,41.148084,-7.406735,94,MATCH,
4488,Creche e Jardim de Infância Nossa Senhora de Fátima,40.6587625,-7.9056208,,,,NO_CS_COORDS,
4500,Creche e Jardim de Infância da Fundação Gaspar e Manuel Cardoso,41.1084808,-7.6940487,41.10815,-7.69459,58,MATCH,
4505,Centro Infantil da Misericórdia de Cinfães,41.0734776,-8.0938731,41.073576,-8.093855,11,MATCH,
6044,Erpi Nossa Senhora do Amparo,40.6037537,-7.7567754,40.603951,-7.756035,66,MATCH,
12012,Lar de Jovens da Stª Casa da Misericórdia de Resende,41.1050425,-7.9696496,41.105728,-7.96502,395,MINOR,
12014,Equip. Social da Ass. de Solidariedade Social de Souselo,41.0629643,-8.25273,41.0649078,-8.2323319,1724,MISMATCH,
12018,Equip. Social da Associação de Solidariedade Social Recreativa de Nespereira,41.0064471,-8.1865223,41.0022,-8.15814,2428,MISMATCH,
17398,Equip Social da Associação de Solidariedade Social e Recreativa de S. Cosmado,41.0605467,-7.6454828,41.06352,-7.644185,348,MINOR,
17415,Centro Social Paroquial de Sezures,40.6994574,-7.6305402,,,,NO_CS_COORDS,
17419,Centro de Bem-Estar Social Professor Oliveira e Costa,40.3593984,-8.116142,40.359152,-8.117316,103,MINOR,
17447,Equipamento Social do Centro Social de Cambra,40.6908388,-8.1599222,41.82555555,-8.318888888,126872,MISMATCH,
17461,Equipamento Social do Centro Social de Bodiosa,40.7168023,-7.9929674,40.718557,-7.988248,443,MINOR,
17467,Equipamento Social do Centro Social Paroquial de Campo,40.7055748,-7.9186448,40.705761,-7.918859,27,MATCH,
17469,Equipamento Social da Confraria Ou Irmandade de Santa Eulália,40.6376961,-7.9222979,40.638642,-7.921078,147,MINOR,
17471,Equipamento Social das Obras Sociais Viseu,40.660418,-7.9175221,40.661017,-7.918142,85,MATCH,
17813,Jardim de Infância Nossa Senhora de Fátima,41.060629,-7.7745133,,,,NO_CS_COORDS,
17820,Centro Infantil Mãe Admirável,41.0901698,-7.8040351,41.087559,-7.797672,607,MISMATCH,
18026,Obra de Santa Zita - Viseu,40.6560413,-7.9176777,40.656702,-7.917719,74,MATCH,
18459,Eq. Social Acredita - Associação de Solidariedade Social de Travassós de Baixo,40.6774264,-7.8868889,40.677489,-7.886895,7,MATCH,
18464,Eq. Social Associação Baptista Ebenezer,40.5177476,-8.0785222,40.517284,-8.079002,66,MATCH,
18476,Equipamento Social do Centro Social da Campia,40.6769893,-8.2146116,40.673095,-8.218247,531,MISMATCH,
18568,Equip. Social do Centro Social Paroquial Santiago Besteiros,40.5859177,-8.125059,40.583472,-8.127419,337,MINOR,
18583,Arte de Crescer,40.6522083,-7.9138076,40.652138,-7.913043,65,MATCH,
19633,Creche da Casa do Povo de Abraveses,40.6772872,-7.9211641,40.396963,-8.23322,40829,MISMATCH,
21861,Bugalhinha - Creche de Carvalhais,40.7881716,-8.1128908,40.782231,-8.112574,661,MISMATCH,
21901,"Equipamento Social da Associação de Solidariedade Social ""Costureirinhas de Cavernães""",40.7890915,-7.7926698,40.71218,-7.832292,9180,MISMATCH,
22146,Palácio da Brincadeira,40.6795321,-7.9201929,40.854637,-7.722723,25606,MISMATCH,
22834,Infantinhos da Vilabeira,40.635988,-7.9271234,,,,NO_CS_COORDS,
22835,Infantinhos da Quinta do Bosque,39.399872,-8.224454,40.6567289,-7.927319,142027,MISMATCH,
24116,Creche do Centro Social da Paroquia de S. Salvador,40.6534464,-7.9291606,,,,NO_CS_COORDS,
24268,"Centro Infantil de Sernancelhe ""Casa da Criança""",40.8979574,-7.4960355,40.900222,-7.494285,292,MINOR,
24318,Creche e Jardim de Infância da Casa do Povo de Resende,41.1056322,-7.9674644,,,,NO_CS_COORDS,
24421,Creche e Jardim-Infância da Misericódia de Castro Daire,38.9151,-8.946615,40.900547,-7.932729,237100,MISMATCH,
24793,Creche Palácio da Fantasia - Associação para a Infância e 3ª Idades de Ervedosa do Douro,41.167009,-7.4774781,41.167245,-7.477287,31,MATCH,
25182,Jardim das Sementinhas,40.6488769,-7.8884243,40.648719,-7.88837,18,MATCH,
26222,Sonho Mágico,40.6604245,-7.893194,40.660489,-7.8915,143,MINOR,
26342,Creche do Centro Educativo de Mortágua,40.4043131,-8.2377205,40.405989,-8.245575,691,MISMATCH,
26519,Lar e Creche de Silgueiros,40.561798,-7.9716512,40.558486,-7.978589,692,MISMATCH,
26639,"Equipamento Social da Associação Cultural, Recreativa e Social de Pascoal",40.6903954,-7.9333825,40.691494,-7.933478,122,MINOR,
26720,Centro Social Paroquial de Penude,41.0821768,-7.8465135,41.138956,-7.828614,6489,MISMATCH,
27601,Creche São Teotónio,40.6536812,-7.9125086,40.638603,-7.918358,1748,MISMATCH,
29596,Associação Infantário e Jardim Infantil o Pintinhas,41.1037216,-7.810771,,,,NO_CS_COORDS,
34169,Os Traquinas,40.6485268,-7.8833377,,,,NO_CS_COORDS,
37984,Kids & Company,40.6641449,-7.8993331,,,,NO_CS_COORDS,
38820,Creche Primeiros Passos,40.6707667,-7.9297254,,,,NO_CS_COORDS,
39119,Creche Além do Arco-Íris,40.6583821,-7.9236539,,,,NO_CS_COORDS,
39120,Creche a Sorrir,40.6455821,-7.9303579,,,,NO_CS_COORDS,
39616,Creche de Alvoraçães,41.1037216,-7.810771,,,,NO_CS_COORDS,
4487,Centro de Dia de Santa Maria,40.6585513,-7.913945,40.658267,-7.913782,34,MATCH,
4493,Equip. Soc. da Associação de Solidariedade Social Cultural e Recreativa Coutoense,40.6711666,-8.0021798,40.66966,-8.005127,300,MINOR,
19519,Santa Casa da Misericórdia de Tarouca,41.01716,-7.7737914,41.018387,-7.7739,137,MINOR,
29863,Jardim de Infância de Abraveses,40.6786208,-7.9227848,40.678119,-7.922528,60,MATCH,
29864,Escola Básica de Póvoa de Abraveses,40.6769708,-7.9075599,40.677777,-7.9075,90,MATCH,
29865,Escola Básica de Lustosa,40.7437064,-7.9526886,40.743888,-7.953611,80,MATCH,
29910,"Escola Básica Professor Rolando de Oliveira, Abraveses",40.6690457,-7.9267965,40.669166,-7.926666,17,MATCH,
29911,Jardim de Infância de Travanca de Bodiosa,40.7157945,-7.9620107,40.718611,-7.963055,325,MINOR,
29978,Escola Básica de Penedono,40.9914124,-7.4001897,40.991463,-7.400188,6,MATCH,
30154,Escola Básica Dr. Afonso Abrantes - Mortágua,40.4043131,-8.2377205,40.399076,-8.22868,962,MISMATCH,
30175,Escola Básica N.º 1 de Resende,41.0676876,-7.9374948,,,,NO_CS_COORDS,
30185,Jardim de Infância de Aguieira,40.5259629,-7.9225463,40.525922,-7.923226,58,MATCH,
30186,Jardim de Infância de Canas de Senhorim,40.5054636,-7.8986483,40.505547,-7.898713,11,MATCH,
30188,Jardim de Infância de Lapa do Lobo,40.4710358,-7.9144149,,,,NO_CS_COORDS,
30189,Jardim de Infância de Vale de Madeiros,40.4983037,-7.9022938,,,,NO_CS_COORDS,
30192,Jardim de Infância de Armamar,41.1064905,-7.690535,,,,NO_CS_COORDS,
30195,Jardim de Infância de Orgens,40.6649587,-7.9378671,,,,NO_CS_COORDS,
30196,Escola Básica Santiago - Jardim de Infância,40.6725022,-7.9000696,,,,NO_CS_COORDS,
30197,Jardim de Infância de Marzovelos,40.6548749,-7.9213662,,,,NO_CS_COORDS,
30198,Jardim de Infância de Vildemoinhos,40.6548646,-7.9213906,,,,NO_CS_COORDS,
30199,Escola Básica da Ribeira-Jardim de Infância,40.6632223,-7.9084149,40.664161,-7.908637,106,MINOR,
30202,Escola Básica de São João da Pesqueira,41.1488016,-7.4073362,41.151512,-7.409763,363,MINOR,
30203,Escola Básica de Paredes da Beira,41.0624887,-7.4752635,,,,NO_CS_COORDS,
30205,Jardim de Infância de Riodades,41.0152035,-7.496582,,,,NO_CS_COORDS,
30206,Escola Básica de Trevões,41.0796506,-7.4303217,,,,NO_CS_COORDS,
30216,Jardim de Infância de Moita,40.8361944,-7.8943432,,,,NO_CS_COORDS,
30217,Jardim de Infância de Mezio,40.9833157,-7.8884865,,,,NO_CS_COORDS,
30218,Escola Básica de Mões,40.8614672,-7.8836603,,,,NO_CS_COORDS,
30219,Jardim de Infância de Picão,40.9465099,-7.9499561,,,,NO_CS_COORDS,
30222,Jardim de Infância de Alva,40.9004034,-7.9348047,,,,NO_CS_COORDS,
30224,Escola Básica de Parada de Ester,40.9279715,-8.0553148,40.953709,-7.866944,16079,MISMATCH,
30226,Jardim de Infância de Castro Daire,40.9002583,-7.9314791,,,,NO_CS_COORDS,
30228,Escola Básica de Lamelas,40.9122971,-7.9380568,,,,NO_CS_COORDS,
30231,Jardim de Infância de Póvoa do Veado,40.905378,-7.9588968,,,,NO_CS_COORDS,
30233,Jardim de Infância de Termas do Carvalhal,40.8519723,-7.9355744,,,,NO_CS_COORDS,
30242,Escola Básica de Tarouca,41.0199099,-7.7780667,41.0210473,-7.7778517,128,MINOR,
30243,"Jardim de Infância de Castanheiro do Ouro, Tarouca",38.6924156,-9.3052278,41.0277113,-7.7731444,290729,MISMATCH,
30312,Escola Básica e Secundária de Moimenta da Beira,40.9852044,-7.6159045,40.979733,-7.613434,643,MISMATCH,
30336,Jardim de Infância de Vila Chã de Sá,40.6114575,-7.9470264,,,,NO_CS_COORDS,
30337,Escola Básica de Jugueiros,40.6535545,-7.9210033,40.642852,-7.915849,1267,MISMATCH,
30338,Escola Básica de Fail,40.6106594,-7.9712471,40.610552,-7.9713,13,MATCH,
30339,Escola Básica de Paradinha,40.6381482,-7.9308035,40.639063,-7.932535,178,MINOR,
30340,Jardim de Infância de Alvarim,40.4562512,-8.1256615,,,,NO_CS_COORDS,
30341,Jardim de Infância de Lobão da Beira,40.5205853,-8.0325497,,,,NO_CS_COORDS,
30342,Jardim de Infância de Parada de Gonta,40.5875275,-8.0048612,,,,NO_CS_COORDS,
30343,Jardim de Infância de Lajeosa do Dão,40.528403,-7.9914034,,,,NO_CS_COORDS,
30345,Jardim de Infância de Molelos,40.5342976,-8.0979252,,,,NO_CS_COORDS,
30346,Jardim de Infância de Sabugosa,40.5380028,-8.1284468,,,,NO_CS_COORDS,
30347,Jardim de Infância de Tonda,40.4949747,-8.068343,,,,NO_CS_COORDS,
30348,Jardim de Infância de Botulho,40.5168045,-8.0993251,,,,NO_CS_COORDS,
30349,Jardim de Infância de São Miguel do Outeiro,40.5873505,-8.0303303,,,,NO_CS_COORDS,
30350,Jardim de Infância de Tondela,40.5195629,-8.0900823,,,,NO_CS_COORDS,
30352,Jardim de Infância de Canas de Santa Maria,40.5473515,-8.0387998,,,,NO_CS_COORDS,
30353,Escola Básica Mestre Arnaldo Malho,40.6698649,-7.8801239,,,,NO_CS_COORDS,
30354,"Jardim de Infância de Gumirães, Viseu",40.6626707,-7.8940957,40.662388888,-7.890861111,275,MINOR,
30386,"Escola Básica de Nespereira, Cinfães",41.0025187,-8.1817561,,,,NO_CS_COORDS,
30387,Escola Básica N.º 1 de Meridãos,41.0131276,-8.0581784,,,,NO_CS_COORDS,
30388,"Escola Básica de Oliveira do Douro, Cinfães",41.0654307,-8.2565982,,,,NO_CS_COORDS,
30389,Escola Básica de São Cristóvão,41.0665757,-8.1342117,,,,NO_CS_COORDS,
30390,Escola Básica de Santiago de Piães,41.0685974,-8.1523062,41.068985,-8.152049,48,MATCH,
30392,Escola Básica de Louredo,41.0818543,-8.1172215,,,,NO_CS_COORDS,
30403,Jardim de Infância de São Vicente de Lafões,40.7174633,-8.1554054,,,,NO_CS_COORDS,
30404,"Jardim de Infância de Pereiras, Oliveira de Frades",40.727532,-8.206027,,,,NO_CS_COORDS,
30407,Jardim de Infância de Souto de Lafões,40.734912,-8.157557,,,,NO_CS_COORDS,
30409,Jardim de Infância de Sobreira,40.6764362,-8.2724864,,,,NO_CS_COORDS,
30410,Jardim de Infância de Oliveira de Frades,40.7370386,-8.1749178,,,,NO_CS_COORDS,
30411,Jardim de Infância de Arcozelo das Maias,40.7298794,-8.2764122,,,,NO_CS_COORDS,
30412,Jardim de Infância de Vilarinho,40.734912,-8.157557,,,,NO_CS_COORDS,
30413,Jardim de Infância de Vila Chã,40.7395781,-8.1734044,40.736407,-8.254701,6859,MISMATCH,
30414,Jardim de Infância de Passos,40.7395781,-8.1734044,,,,NO_CS_COORDS,
30425,Escola Básica de Fonte Coberta,41.059214,-8.2305389,,,,NO_CS_COORDS,
30427,Centro Escolar de Tarouquela,41.0768251,-8.1836143,,,,NO_CS_COORDS,
30428,Escola Básica da Lavra,41.0822943,-8.2006513,,,,NO_CS_COORDS,
30429,"Escola Básica de Santa Isabel, Cinfães",41.0421559,-8.2232449,,,,NO_CS_COORDS,
30447,Escola Básica Nuno Álvares,40.4357068,-7.9902251,40.435815,-7.990043,20,MATCH,
30493,Escola Básica N.º 1 de São Pedro do Sul,40.7585462,-8.068865,,,,NO_CS_COORDS,
30495,Jardim de Infância de Pinho,40.7701483,-8.038618,,,,NO_CS_COORDS,
30560,Jardim de Infância de Abrunhosa,40.7064901,-7.7296518,,,,NO_CS_COORDS,
30561,Jardim de Infância de Cruz,40.7576432,-7.750723,,,,NO_CS_COORDS,
30563,Jardim de Infância de Mioma,40.7462723,-7.7205911,,,,NO_CS_COORDS,
30564,Jardim de Infância de Satão,40.7409874,-7.7308697,,,,NO_CS_COORDS,
30567,Jardim de Infância de Pedrosas,40.7429354,-7.768493,,,,NO_CS_COORDS,
30568,Jardim de Infância de Rãs,40.7601846,-7.6375097,,,,NO_CS_COORDS,
30616,Escola Básica de Travassós de Cima,40.6549942,-7.8824191,,,,NO_CS_COORDS,
30617,Escola Básica N.º 2 de Mundão,40.5957639,-7.9266015,,,,NO_CS_COORDS,
30618,Jardim de Infância de Cavernães,40.7123655,-7.8324538,,,,NO_CS_COORDS,
30619,Escola Básica de Casal de Esporão,40.7245121,-7.7726992,40.724602,-7.772723,10,MATCH,
30620,Escola Básica de Sanguinhedo de Côta,40.59576,-7.926602,,,,NO_CS_COORDS,
30624,Escola Básica de Paços de Vilharigues,40.7107973,-8.1317671,,,,NO_CS_COORDS,
30729,Jardim de Infância de Cambra,40.681552,-8.1532986,,,,NO_CS_COORDS,
30730,Jardim de Infância de Viladra,40.627748,-8.1930894,,,,NO_CS_COORDS,
30731,"Jardim de Infância de Igreja, Campia",40.6638911,-8.2152063,,,,NO_CS_COORDS,
31047,Escola Básica de Penude,41.0865431,-7.8457432,,,,NO_CS_COORDS,
31048,Escola Básica N.º 1 de Lamego,41.0974031,-7.8148016,41.097514,-7.814823,12,MATCH,
31207,Jardim de Infância de Santa Cruz da Trapa,40.7733925,-8.1376958,40.773468,-8.137695,8,MATCH,
31209,Jardim de Infância de Manhouce,40.8208179,-8.2139077,,,,NO_CS_COORDS,
31591,Escola Básica de Lamego Sudeste,41.0446972,-7.7918679,,,,NO_CS_COORDS,
31647,Escola Básica de Santa Comba Dão-Centro,40.4116263,-8.1331408,40.394974,-8.1332,1852,MISMATCH,
31648,Escola Básica de Santa Comba Dão-Sul,40.3908913,-8.0889924,,,,NO_CS_COORDS,
31649,Escola Básica de Santa Comba Dão-Norte,40.4399307,-8.1055493,,,,NO_CS_COORDS,
31702,"Jardim de Infância de Mangualde, Escola Ana de Castro Osório",40.5983587,-7.7518879,,,,NO_CS_COORDS,
31703,Jardim de Infância de Cubos,40.5883973,-7.7618312,,,,NO_CS_COORDS,
31705,Jardim de Infância de Vila Garcia,40.622486,-7.808105,,,,NO_CS_COORDS,
31706,Jardim de Infância de Outeiro de Matados,40.6083723,-7.7664152,,,,NO_CS_COORDS,
31707,Jardim de Infância de Chãs de Tavares,40.6164051,-7.610153,,,,NO_CS_COORDS,
31709,"Jardim de Infância de Gandufe, Mangualde",40.560238,-7.793581,,,,NO_CS_COORDS,
31711,Jardim de Infância de Fagilde,40.6284942,-7.8076234,,,,NO_CS_COORDS,
31720,Escola Básica de Pendilhe,40.9051944,-7.8386377,40.905161,-7.83826,32,MATCH,
31722,Jardim de Infância de Vila Cova à Coelheira,40.8737722,-7.8067794,,,,NO_CS_COORDS,
31723,Escola Básica de Touro,40.8936988,-7.7500735,,,,NO_CS_COORDS,
31736,Escola Básica de Nelas,40.5382302,-7.8526821,40.53558,-7.853374,300,MINOR,
31737,"Jardim de Infância de Vilar Seco, Nelas",40.5610064,-7.8587614,40.559672,-7.86019,191,MINOR,
31738,Jardim de Infância de Carvalhal Redondo,40.537709,-7.906181,40.538443,-7.906527,87,MATCH,
31739,Jardim de Infância de Santar,39.634738,-8.6773466,40.5701793,-7.895972,123433,MISMATCH,
31740,Jardim de Infância de Folhadal,40.514124,-7.850637,40.291875,-8.4254,54583,MISMATCH,
31742,Jardim de Infância de Senhorim,40.5384247,-7.8142003,,,,NO_CS_COORDS,
31802,"Jardim de Infância de Barreiro de Besteiros, Tondela",40.5136539,-8.1883116,,,,NO_CS_COORDS,
31804,Jardim de Infância de Mosteiro de Fráguas,40.5739004,-8.0618059,,,,NO_CS_COORDS,
31805,Jardim de Infância de Santiago de Besteiros,40.5821076,-8.1255855,,,,NO_CS_COORDS,
31806,Jardim de Infância de Vilar de Besteiros,40.57332,-8.0860802,,,,NO_CS_COORDS,
31807,"Jardim de Infância de Tourigo, Tondela",40.486631,-8.1906387,,,,NO_CS_COORDS,
31849,Jardim de Infância / EB1 de Queirã,40.6870199,-8.0568628,40.690048,-8.058341,359,MINOR,
31851,Jardim de Infância de Pascoal,40.6855641,-7.9294427,40.686365,-7.92891,100,MATCH,
31909,Jardim Escola João de Deus - Viseu,40.6591405,-7.9028742,40.659439,-7.904047,104,MINOR,
31922,Escola Básica de Vila Nova de Paiva,40.8534964,-7.7244776,40.854455,-7.724364,107,MINOR,
32115,Jardim de Infância da Cunha Baixa,40.5700766,-7.7709172,,,,NO_CS_COORDS,
32116,Jardim de Infância da Mesquitela,40.5823828,-7.7484834,,,,NO_CS_COORDS,
32117,Jardim de Infância de Moimenta do Dão,40.6548646,-7.9213906,,,,NO_CS_COORDS,
32118,Jardim de Infância de Tibaldinho,40.5993375,-7.8450275,,,,NO_CS_COORDS,
32242,Jardim de Infância / EB1 de Moçâmedes,40.7209053,-8.0275296,,,,NO_CS_COORDS,
32264,Jardim de Infância / EB1 Devouzela,40.7222502,-8.1144274,,,,NO_CS_COORDS,
32265,Jardim de Infância / EB1 de Fataunços,40.7251905,-8.0826804,,,,NO_CS_COORDS,
32301,EB de Tondelinha,40.6551288,-7.9470003,40.649444,-7.951111,721,MISMATCH,
32302,EB Vila Nova do Campo,40.7028311,-7.9255388,40.705,-7.921111,444,MINOR,
32306,EB de Moselos,40.6960381,-7.9474229,40.695837,-7.947082,36,MATCH,
32307,EB de Oliveira de Baixo,40.7174533,-7.9809801,40.7175,-7.981111,12,MATCH,
32440,Centro Escolar de Lamego N.º 2 - Escola Básica N.º 2,41.0921743,-7.8039858,41.0946944,-7.80466666,286,MINOR,
32608,Jardim de Infância de Castelões,40.5486867,-8.1533415,,,,NO_CS_COORDS,
32609,Jardim de Infância do Guardão,40.57275,-8.1574232,,,,NO_CS_COORDS,
32627,Jardim de Infância de Campo de Besteiros,40.5596419,-8.1379378,,,,NO_CS_COORDS,
32628,Jardim de Infância de S. João do Monte,40.5944144,-8.2317543,,,,NO_CS_COORDS,
33164,Escola Básica de Cepões,40.6691154,-7.9445726,,,,NO_CS_COORDS,
33290,Jardim de Infância Angelina de Sousa Mendes,40.4726763,-7.97704,,,,NO_CS_COORDS,
33399,Escola Primária-Jardim de Infância de Adiça,40.4957153,-8.0882124,,,,NO_CS_COORDS,
33421,Escola Básica de Ervedosa do Douro,41.1663123,-7.4764914,,,,NO_CS_COORDS,
33936,Escola Básica N.º1 de Figueiredo de Alva,40.8272019,-7.9895631,,,,NO_CS_COORDS,
33937,Escola Básica N.º1 de Sul,40.8236833,-8.04621,,,,NO_CS_COORDS,
33938,Escola Básica N.º1 de Pindelo dos Milagres,40.8038121,-7.9668522,,,,NO_CS_COORDS,
33940,Escola Básica de S. Martinho de Mouros,41.1018122,-7.8974093,,,,NO_CS_COORDS,
33948,Escola Básica de Repeses,40.6401892,-7.9262986,41.1636,-8.601994,81315,MISMATCH,
33950,Jardim de Infância de Oliveira de Barreiros,40.5920901,-7.925579,,,,NO_CS_COORDS,
33955,Escola Básica N.º1 de Vila Maior,40.7868736,-8.0317879,40.788117,-8.031259,145,MINOR,
33956,Escola Básica de S. Cipriano,41.0657959,-7.9941736,41.065981,-7.993967,27,MATCH,
33975,Escola Básica Aquilino Ribeiro,40.6457598,-7.9081569,40.646019,-7.908289,31,MATCH,
33976,Jardim de Infância de Passos de Silgueiros,40.5791129,-7.957707,,,,NO_CS_COORDS,
33977,Jardim de Infância de Loureiro,40.5583945,-7.9761512,,,,NO_CS_COORDS,
34046,Escola Básica de Cinfães,40.6630192,-7.9092607,,,,NO_CS_COORDS,
34059,Escola Básica de S. João de Lourosa,40.6150143,-7.9047349,40.615138,-7.90474,14,MATCH,
34080,Agrupamento de Escolas Abel Botelho,41.1166903,-7.5693228,41.116801,-7.570302,83,MATCH,
35654,Escola Básica de São Salvador,40.6526428,-7.9341788,,,,NO_CS_COORDS,
35671,Escola Básica de Fragosela de Cima,40.6347465,-7.8606816,40.634544,-7.860522,26,MATCH,
35672,Escola Básica de Santos Evos,40.6546802,-7.8377909,40.654966,-7.837902,33,MATCH,
35673,Escola Básica de Carvalhais,40.7794241,-8.1129438,40.069598,-8.81978,99043,MISMATCH,
35674,Escola Básica de Castelo de Penalva,40.6623249,-7.6463179,40.661972,-7.647804,131,MINOR,
35675,Jardim de Infância de São Martinho de Orgens,40.6685993,-7.9463259,,,,NO_CS_COORDS,
35676,"Escola Básica de Santa Eugénia, Viso",40.6556118,-7.8962472,40.655474,-7.894224,171,MINOR,
35677,Escola Básica de Nesprido,40.6413739,-7.8051668,40.641812,-7.805143,49,MATCH,
35678,Escola Básica de Barbeita,40.5953006,-7.9245211,40.649869,-7.858324,8248,MISMATCH,
35679,Escola Básica de Póvoa de Sobrinhos,40.6502277,-7.8735523,40.650329,-7.87328,26,MATCH,
35680,Escola Básica de Ferreira de Aves,40.7945148,-7.6963244,40.794574,-7.695844,41,MATCH,
35696,Escola Básica de Sezures,40.7037969,-7.6305546,40.698396,-7.633363,646,MISMATCH,
35697,Escola Básica de Ínsua,40.6789849,-7.697788,40.679785,-7.698567,111,MINOR,
35698,Jardim de Infância de Pindo de Baixo,40.7002365,-7.5813428,,,,NO_CS_COORDS,
35699,Escola Básica de Cambres,41.1280048,-7.8013793,41.129658,-7.804154,296,MINOR,
37668,Escola Básica de Alvite,40.9798304,-7.7090127,,,,NO_CS_COORDS,
37669,Escola Básica de Leomil,40.9849821,-7.6563065,,,,NO_CS_COORDS,
37670,Jardim de Infância de Serrazes,40.7621773,-8.0665333,,,,NO_CS_COORDS,
37672,Jardim de Infância de Sernancelhe,40.8961684,-7.5030669,,,,NO_CS_COORDS,
