id,nome,localidade,concelho,tipo,website_found,needs_review,review_reason,raw_response
803,Comissão Melhoramentos de Azeméis,Oliveira de Azeméis,Oliveira de Azeméis,Creche,https://www.comissaomelhoramentosazemeis.pt,,,www.comissaomelhoramentosazemeis.pt
804,Centro Social Paroquial São Miguel,Oliveira de Azeméis,Oliveira de Azeméis,Creche,https://www.cspsm.pt/,yes,domain doesn't match institution name,https://www.cspsm.pt/
812,Patronato Santo António,Oliveira de Azeméis,Oliveira de Azeméis,Creche e Jardim de Infância,not found,,,"It appears there are two different institutions named ""Patronato Santo António.""

One is ""Patronato Santo António"" in Oliveira de Azeméis, Portugal, which is an IPSS (Private Institution of Social Solidarity) offering crèche and pre-school services. Their website is:

https://patronato-s-antonio.webnode.pt/

The other, ""Patronato Santo António"" in Bragança, Portugal, is a Social Solidarity Foundation. This is a different institution."
822,Centro Social de Azurva,Aveiro,Aveiro,Creche e Jardim de Infância,http://www.centrosocialazurva.org/,yes,combined tipo — may have split pages,"The official website for ""Centro Social de Azurva"" in Aveiro, Portugal is http://www.centrosocialazurva.org/."
830,Casa da Criança Maria do Resgate Salazar,Luso,Mealhada,Creche,https://www.casadacrianca.pt/,yes,domain doesn't match institution name,"The official website for ""Casa da Criança Maria do Resgate Salazar"" is part of the Fundação Bissaya Barreto's ""Casas da Criança"" initiative, which can be found at https://www.casadacrianca.pt/."
832,Casa da Criança da Mealhada,Mealhada,Mealhada,Creche e Jardim de Infância,not found,,,"The official website for ""Casa da Criança da Mealhada"" is part of the Santa Casa da Misericórdia da Mealhada website: https://www.scmm.pt/educacao/casa-da-crianca/."
837,Centro Acolhimento Caritas Aveiro,Aveiro,Aveiro,Creche e Jardim de Infância,https://www.caritas.pt/aveiro,yes,combined tipo — may have split pages,"The official website for ""Centro Acolhimento Caritas Aveiro"" is part of the Cáritas Diocesana de Aveiro website.

The direct URL for Cáritas Diocesana de Aveiro is: https://www.caritas.pt/aveiro"
838,Creche da Santa Casa da Misericórdia de Aveiro,Aveiro,Aveiro,Creche e Jardim de Infância,https://www.scmaveiro.pt,yes,combined tipo — may have split pages,"The official website for ""Creche da Santa Casa da Misericórdia de Aveiro"" is part of the larger ""Santa Casa da Misericórdia de Aveiro"" institution. The main website for this institution is www.scmaveiro.pt."
903,Centro Social Cultural e Recreativo de Carregosa,Oliveira de Azeméis,Oliveira de Azeméis,Creche e Jardim de Infância,not found,,,"The official website for ""Centro Social Cultural e Recreativo de Carregosa"" is https://cscarregosa.wixsite.com/casa."
906,Centro Social Paroquial de São Jacinto,Aveiro,Aveiro,Creche e Jardim de Infância,https://centro-social-paroquial-s-jacinto.webnode.pt/,yes,combined tipo — may have split pages,https://centro-social-paroquial-s-jacinto.webnode.pt/
909,Centro Comunitário da Paróquia de Aradas,Aveiro,Aveiro,Creche,https://www.ccparadas.pt,,,www.ccparadas.pt
921,Jardim de Infância Sant'ana,Mealhada,Mealhada,Creche,not found,,,www.jardiminfanciasantana.com
947,Centro Paroquial de Santo André de Mosteirô,Santa Maria da Feira,Santa Maria da Feira,Creche,not found,,,"A official website for Centro Paroquial de Santo André de Mosteirô in Santa Maria da Feira, Portugal is https://vertexaisearch.cloud.google.com/grounding-api-redirect/AUZIYQFd-j0vMPzZ4JFbsGF9a8mKTFodVC2DoVi9lDeVlOM667rtoCtQKdKuB8Z_lZZOKohPSayzaUQCf7Tje3yo1_R90xIfPaq1dOU4VLO0FCjWHuDIU_Aj."
966,Centro Social e Paroquial de São Miguel,Estarreja,Estarreja,Creche e Jardim de Infância,not found,,,"The official website for ""Centro Social e Paroquial de São Miguel"" in Estarreja, Portugal is https://vertexaisearch.cloud.google.com/grounding-api-redirect/AUZIYQFZMaKUFedP4aGh7ZHupoNYuEcAA91xc-DTLf2uIZOVCEf_nXoDmXB9FFrgVrG6AQ5rQ-iUuZSMpA5HlE4icoUjf0mlxrJXrTjaeS0SsGmk-WGb."
968,Centro Social Paroquial São Tomé de Canelas,Canelas,Estarreja,Creche e Jardim de Infância,https://centrosocialcanelas.pt,yes,combined tipo — may have split pages,https://centrosocialcanelas.pt
984,Centro de Assistência Social de Esmoriz - Centro Infantil,Esmoriz,Ovar,Creche e Jardim de Infância,not found,,,"The official website for ""Centro de Assistência Social de Esmoriz - Centro Infantil"" is https://casemoriz.com/."
995,Masspo- Movimento de Apoio Social a São Paio de Oleiros,São Paio de Oleiros,Santa Maria da Feira,Creche e Jardim de Infância,https://masspo.pt,yes,combined tipo — may have split pages,"The official website for ""Masspo- Movimento de Apoio Social a São Paio de Oleiros"" is masspo.pt."
997,Centro Social Paroquial de São Jorge,Caldas de São Jorge,Santa Maria da Feira,Creche,https://csjorge.pt,,,https://csjorge.pt
998,Centro Infantil de Santa Maria de Lamas,Santa Maria de Lamas,Santa Maria da Feira,Creche,https://www.abesml.pt,yes,domain doesn't match institution name,"The ""Centro Infantil de Santa Maria de Lamas"" is associated with the ""Associação Bem Estar De Santa Maria De Lamas"" (ABESML).

The official website is: www.abesml.pt"
1221,Centro Social da Freguesia de Soza,Sosa,Vagos,Creche,https://www.centrosocialdesoza.pt/,,,https://www.centrosocialdesoza.pt/
1224,Os Pioneiros - Associação de Pais de Mourisca Dovouga,Trofa,Águeda,Creche e Jardim de Infância,http://www.ospioneiros.pt,yes,combined tipo — may have split pages,"The official website for ""Os Pioneiros - Associação de Pais de Mourisca Dovouga"" is http://www.ospioneiros.pt."
1232,Centro Infantil de Ílhavo,Ílhavo,Ílhavo,Creche e Jardim de Infância,https://www.scmilhavo.pt,yes,domain doesn't match institution name; combined tipo — may have split pages,"The Centro Infantil de Ílhavo is part of the Santa Casa da Misericórdia de Ílhavo. The official website for Santa Casa da Misericórdia de Ílhavo is:

https://www.scmilhavo.pt"
1235,Centro Social Paroquial da Moita de Anadia,Anadia,Moita,Creche e Jardim de Infância,not found,,,www.cspmoita.wixsite.com/cspmoita
1237,Equipamento Social Costa Verde,Espinho,Mortágua,Creche e Jardim de Infância,not found,,,"The official website for ""Equipamento Social Costa Verde"" in Espinho, Portugal is part of the Cruzada do Bem institution's website: https://vertexaisearch.cloud.google.com/grounding-api-redirect/AUZIYQG1qiBQbQlm1lGs3H90SVgGeRutw4ObzyzW-7i62Wd6NJuGrm2fc3ktrbilFLLxu-rgJQuSTDP3iqo270dauKUnutzV4Pbd0bdIHXBILEmAxY8eob26fKDiKZkK5Rz7OE5AGeSEuaJJ5nj_1olX64YEhUreyg2SjPntTIT-rNg5H4rtMmLafMv0B6Y. More specifically, information about Equipamento Social Costa Verde can be found at https://vertexaisearch.cloud.google.com/grounding-api-redirect/AUZIYQHPabxfxaRL67coL92WjZN_wuBnQBgT-fZ09f1P7m93_wmIKZOD4ho5qMJKiTcDv8UNqdacR4UYArfSi6w_IR0wf9JbVbs6Q0sfV7qdrSGRIoQiIcIdFZ8j0RCqXVSkp2QEWMcI9_pE-djMGTYfOZYzmVBiLuRb8xtesDeqUYcri9_F012KTy5nZVhErCP5ABXhEtIZSnFWfLLnJPo6iDVvH5cZLJzaA==."
1238,Equip Soc do Centro Social e Paroquial de Valongo do Vouga,Valongo do Vouga,Águeda,Creche e Jardim de Infância,https://mail.telepac.pt,yes,domain doesn't match institution name; combined tipo — may have split pages,"The official website for ""Equip Soc do Centro Social e Paroquial de Valongo do Vouga"" is not found. However, information about the institution and contact details are available through other platforms.

The Centro Social e Paroquial de Valongo do Vouga is a Private Institution of Social Solidarity (IPSS) that focuses on childhood and youth, offering services such as a crèche, kindergarten, and after-school activities (CATL). They also provide social assistance and support to the local community.

Contact information:
*   **Email:** cspvv@mail.telepac.pt
*   **Mobile:** 960 372 300
*   **Telephone:** 234644634
*   **Facebook:** https://www.facebook.com/profile.php?id=100057603813179"
1248,Centro de Bem Estar Social de Macinhata do Vouga,Macinhata do Vouga,Águeda,Creche e Jardim de Infância,not found,,,not found
1255,Infantário da Anunciação,Ílhavo,Ílhavo,Creche,not found,,,not found
1267,Centro Social Paroquial de Fonte de Angeão,Fonte de Angeão,Vagos,Creche,not found,,,not found
1284,Centro Infantil Espinho 1,Espinho,Espinho,Creche,https://www.scme.pt/infancia/creche/,yes,domain doesn't match institution name,"The official website for ""Centro Infantil Espinho"" (which appears to be referred to as ""Centro Infantil Espinho 1"" in some contexts) is part of the Santa Casa da Misericórdia de Espinho.

https://www.scme.pt/infancia/creche/"
1290,Centro de Bem Estar Infantil de Sangalhos,Sangalhos,Anadia,Creche,https://www.mfsangalhos.pt,,,"The official website for ""Centro de Bem Estar Infantil de Sangalhos"" is www.mfsangalhos.pt. This institution is part of the Misericórdia da Freguesia de Sangalhos, which provides various social responses including a crèche, pre-school, and CATL (Centro de Atividades de Tempos Livres) services for children."
1294,ARCOR - Associação Recreativa e Cultural de Óis da Ribeira,Ois da Ribeira,Águeda,Creche,https://www.arcor-ipss.pt,,,www.arcor-ipss.pt
1299,Creche do Centro Infantil da Lagoa,Ílhavo,Ílhavo,Creche,https://www.scmilhavo.pt/,yes,domain doesn't match institution name,"The ""Creche do Centro Infantil da Lagoa"" in Ílhavo, Portugal, is part of the Santa Casa da Misericórdia de Ílhavo. The official website for the Santa Casa da Misericórdia de Ílhavo is https://www.scmilhavo.pt/."
1301,Obra da Providência,Gafanha da Nazaré,Ílhavo,Creche,not found,,,"""Obra da Providência"" in Gafanha da Nazaré does not appear to have an independent official website. However, it is listed on other institutional websites with contact information.

Here are some relevant links:
*   Mapa Social: https://vertexaisearch.cloud.google.com/grounding-api-redirect/AUZIYQE_JqLJjm4uSYSBagIPU9DJLGyfLpWRcGG0ApxXwpAsCTX1PrGkXipw15EJqn32AOJRvE_lOcd6m9TJ1WooP7ZltAYFOPkr7mTEI-g2a2jEK9mt1F7JLv69uMPSvP0gXasMg-eX6W-cIsQKSs6UWLwVRw==
*   Diocese de Aveiro: https://vertexaisearch.cloud.google.com/grounding-api-redirect/AUZIYQFl9PABsqwzTB5zow9B6i5VY8duQgNj2IlVb6kRTgDh0_r0oqIkUzXxiZWLVpWzi0Vy51AAmYfwOasu-0jCZ221esRP_enI4t0JGaJd3MvLqZ-kX6l5NlmAiujeo23_qz3hFPjBuHidJZFt-PNLTdm5E9miIHJrU5Rj_Dc54A==
*   Câmara Municipal de Ílhavo: https://vertexaisearch.cloud.google.com/grounding-api-redirect/AUZIYQGv0qbQARa35822zNxSjI2Y0mH5d-_ADcfuHOIdz-pXkukj-raEf0FbLgxevVdb7PVCZA4u8PCcKrkpotXFgu_O8E8XgQNML5z-YjbizZwOHqjXqVzwFosmiCeK0HoNO8zFKFN3iRE1dyYba7ZfsABYYSMTVk4L9uvnCgSuzd4s7S36m2p5TF1Eqj584iwwVo3DJOOPni3lvpPObqRwE4usoe2QV7R8w3WmpFlVug==
*   Creche na minha rua: https://vertexaisearch.cloud.google.com/grounding-api-redirect/AUZIYQH_IIVSSHXOCg3pHbMhyVf7k9lHVeJyRagT45QAgS67xlBpu6tqcenPKo0qlaY_nuIK44ks4wMTqi3NfdzqrvgXFEuE0HQB9gpSHm1f3f23GLc8M8htXzadEcst1-sFj41Z5_VHqj0QB6HZGmbcEEb5AGA="
2590,Casa Vera Cruz,Aveiro,Aveiro,Creche,https://www.casaveracruz.pt,,,"The official website for ""Casa Vera Cruz"" in Aveiro, Portugal is www.casaveracruz.pt."
4509,Jardim de Infância do Centro Social do Couto Mineiro do Pejão,Raiva,Castelo de Paiva,Creche,not found,,,https://www.cscmp.pt/
4512,Jardim de Infância do Centro Social Paroquial de Sobrado,Castelo de Paiva,Murça,Creche,not found,,,"The official website for ""Jardim de Infância do Centro Social Paroquial de Sobrado"" in Castelo de Paiva, Portugal is https://www.cspsobrado.pt."
4519,Centro Paroquial de Promoção Social da Rainha Santa Mafalda de Arouca,Arouca,Arouca,Creche e Jardim de Infância,not found,,,"The official website for ""Centro Paroquial de Promoção Social da Rainha Santa Mafalda de Arouca"" is https://patronato.org.pt."
12132,Associação de Solidariedade Social de L0ureiro,Loureiro,Peso da Régua,Creche e Jardim de Infância,not found,,,http://www.associacaosolidariedadesocialloureiro.pt
17184,Obra Do Frei Gil Ramalde,Troviscal,Oliveira do Bairro,Creche e Jardim de Infância,https://obradofreigil.pt,yes,combined tipo — may have split pages,The official website for Obra do Frei Gil is obradofreigil.pt.
17481,Trá-Lá-Lá - Educação para a Criança,Aveiro,Aveiro,Creche e Jardim de Infância,not found,,,https://www.tralalacreche.com/
18298,Quinta dos Pequenotes,Aveiro,Aveiro,Creche,not found,,,"While ""Quinta dos Pequenotes"" in Aveiro, Portugal, is listed in several directories as a childcare institution, there is no distinct official website for it in the search results. The available information provides contact details such as phone and email, and lists it as a private, for-profit entity licensed by the DREC.

not found"
18310,O Jardim - Centro de Solidariedade Social de Canedo,Canedo,Santa Maria da Feira,Creche,https://www.ojardim.com,yes,domain doesn't match institution name,https://www.ojardim.com
19945,Sonho da Criança,Souto,Santa Maria da Feira,Creche,not found,,,not found
22178,Associação Baptista Shalom,Águeda,Águeda,Creche,not found,,,"The official website for ""Associação Baptista Shalom"" in Águeda, Portugal is www.abashalom.pt."
22182,Lápis e Cor,Albergaria a Velha,Albergaria-a-Velha,Creche,not found,,,"""Lápis e Cor"" in Albergaria a Velha, Portugal, does not appear to have its own independent official website. It is consistently referred to as ""Creche Lápis e Cor - Associação Humanitária Mão Amiga"".

Several directories and official documents list contact information for ""Lápis e Cor,"" including an email address (lapisecor.creche@sapo.pt) and phone number (234520010). Some sources refer to it as ""Lápis e Cor - AHMA"".

While there isn't a dedicated website for Lápis e Cor itself, it is part of the Associação Humanitária Mão Amiga (AHMA). However, a direct official website for AHMA was not found either."
22183,Cediara - Associação de Solidariedade Social de Ribeira de Fráguas,Ribeira de Fráguas,Albergaria-a-Velha,Creche,not found,,,not found
22281,Centro Apoio Social de Vila Nova de Monsarros,Vila Nova de Monsarros,Anadia,Creche,https://casvnm.pt/,yes,domain doesn't match institution name,https://casvnm.pt/
22421,Associação de Pais do Infantário e Jardim-De-Infância da Escola Preparatória de Ovar,Ovar,Ovar,Creche,not found,,,"The official website for ""Associação de Pais do Infantário e Jardim-De-Infância da Escola Preparatória de Ovar"" is https://www.apijiepo.com."
23671,Centro Cultural Recreativo de Poutena,Poutena,Anadia,Creche,https://www.cscrpoutena.pt,,,"The official website for ""Centro Cultural Recreativo de Poutena"" is https://www.cscrpoutena.pt."
24405,Colégio da Cúria,Tamengos,Anadia,Creche e Jardim de Infância,https://sapo.pt,yes,domain doesn't match institution name; combined tipo — may have split pages,"I could not find an official website specifically for ""Colégio da Cúria"" in Tamengos, Portugal. The information available indicates it is a private institution located at Rua dos Hibiscos- Curia 3780-541 Tamengos, with phone numbers 231 511 928 and 231 081 918, and email jardinane@sapo.pt. It is also mentioned on the Anadia Municipality website under ""Colégio da Curia"" and in articles from ""Jornal de Anadia""."
24811,Creche da Zona Industrial de Vagos,Vagos,Vagos,Creche,https://misericordiadevagos.pt,,,"The ""Creche da Zona Industrial de Vagos"" is part of the Santa Casa da Misericórdia de Vagos. Therefore, its official website is:

https://misericordiadevagos.pt"
24827,Creche Artes e Traquinices - Alberto Pacheco,São João da Madeira,São João da Madeira,Creche,https://misericordiasjm.org/creche-alberto-pacheco/,yes,domain doesn't match institution name,"The official website for ""Creche Artes e Traquinices - Alberto Pacheco"" in São João da Madeira, Portugal is https://misericordiasjm.org/creche-alberto-pacheco/."
27913,Centro Social Padre José Kentenich,Gafanha da Nazaré,Ílhavo,Creche,not found,,,not found
36542,Centro Infantil - Santa Casa Da Misericórdia Espinho,Espinho,Mortágua,Creche e Jardim de Infância,https://www.scme.pt/,yes,domain doesn't match institution name; combined tipo — may have split pages,"The official website for ""Centro Infantil - Santa Casa Da Misericórdia Espinho"" is part of the Santa Casa da Misericórdia de Espinho website. You can find information about their childcare services (Creche and Pré-escolar) on their main website.

The URL is: https://www.scme.pt/"
38804,Creche Engenheira Fátima Vide,Vale de Cambra,Vale de Cambra,Creche,https://flba.pt,yes,domain doesn't match institution name,"The ""Creche Engenheira Fátima Vide"" is part of the Fundação Luiz Bernardo de Almeida (FLBA). While there isn't a dedicated website solely for the creche, the FLBA has a general email address for inquiries: geral@flba.pt. The creche is located at Rua do Passal, 68, 3730-351 Vila Chã, Vale de Cambra, and can be reached by phone at 256 240 240. The Municipality of Vale de Cambra also lists creche@flba.pt as a contact for information regarding their ""Componente de Apoio à Família"" services, with Cláudia Pedro as the technical director."
842,Centro Social de Esgueira,Aveiro,Aveiro,Creche e Jardim de Infância,not found,,,https://www.centrosocialesgueira.pt
860,Centro Infantil de Aveiro,Aveiro,Aveiro,Creche e Jardim de Infância,not found,,,not found
1204,Infantário Centro Social de Santa Maria de Fiães,Fiães,Trancoso,Creche e Jardim de Infância,not found,,,"The official website for ""Infantário Centro Social de Santa Maria de Fiães"" is currently in maintenance mode, but its URL is: https://www.cssmfiaes.pt/."
1207,Centro de Assistência Social à Terceira Idade e Infância de Sanguedo,Sanguedo,Santa Maria da Feira,Creche e Jardim de Infância,https://www.castiis.pt,yes,domain doesn't match institution name; combined tipo — may have split pages,www.castiis.pt
1297,Casa da Pequenada,Macinhata do Vouga,Águeda,Jardim de Infância,not found,,,http://www.casadapequenada.pt
18511,"Jardim de Infância ""Lápis e Cor""",Albergaria-A-Velha,Albergaria-a-Velha,Jardim de Infância,not found,,,"I could not find an official website for ""Jardim de Infância ""Lápis e Cor"""" in Albergaria-A-Velha, Portugal. However, I found information that indicates it is part of the ""Associação Humanitária Mão Amiga"" (AHMA).

While there isn't a dedicated website for ""Lápis e Cor,"" here is some contact information for the institution:
*   **Email:** lapisecor.creche@sapo.pt
*   **Phone:** 234520010 or 234523791
*   **Address:** Rua das Flores, 14/16 - Assilhó, 3850-207 Albergaria-A-Velha, Portugal. Another address listed is Rua 1º de Dezembro, nº 55, Albergaria-a-Velha."
26077,Creche do Núcleo de Ensino Estrela Guia,São João da Madeira,São João da Madeira,Creche e Jardim de Infância,https://mb-sjm.com/v2/,yes,domain doesn't match institution name; combined tipo — may have split pages,"The official website for ""Creche do Núcleo de Ensino Estrela Guia"" in São João da Madeira, Portugal is https://mb-sjm.com/v2/. This website belongs to ""Grupo MB,"" which was formed by the fusion of ""Academia Mentes Brilhantes"" and ""Colégio Estrela Guia"" in 2020. The ""Colégio Estrela Guia"" encompasses a nursery, créche, pre-school, and first cycle."
27363,Complexo Social - Asas de Santa Joana,Aveiro,Aveiro,Creche e Jardim de Infância,https://www.asassantajoana.pt/,yes,combined tipo — may have split pages,https://www.asassantajoana.pt/
29852,Escola Básica de Igreja,Romariz,Santa Maria da Feira,Jardim de Infância,not found,,,not found
29853,"Jardim de Infância de Manhouce, Santa Maria da Feira",Manhouce,Vila Nova de Poiares,Jardim de Infância,https://agrupamentoarrifana.com,yes,domain doesn't match institution name,"The ""Jardim de Infância de Manhouce, Santa Maria da Feira"" is part of the Agrupamento de Escolas de Arrifana, Santa Maria da Feira.

The official website for the Agrupamento de Escolas de Arrifana, Santa Maria da Feira is: https://agrupamentoarrifana.com"
29854,Jardim de Infância de Santo António,Escapães,Santa Maria da Feira,Jardim de Infância,not found,,,"The official website for ""Jardim de Infância de Santo António"" in Escapães, Portugal, is not found.

However, based on the search results, here's what is known:
*   The ""Jardim de Infância de Santo António"" in Escapães is part of the Agrupamento de Escolas de Arrifana, Santa Maria da Feira.
*   Contact information includes a phone number: 964319123 and an email address: sa.eb23arrifana@gmail.com.
*   Another institution, the ""Associação do Centro Social de Escapães,"" also has a pre-school establishment in Escapães, with its own website: www.csocialescapaes.com. It is important to note that this is a separate institution from ""Jardim de Infância de Santo António""."
29855,Jardim de Infância de Fontainhas,Arrifana,Vila Nova de Poiares,Jardim de Infância,not found,,,not found
29856,Jardim de Infância de Bajouca,Pigeiros,Santa Maria da Feira,Jardim de Infância,not found,,,not found
29857,Jardim de Infância de Pereiro,Milheirós de Poiares,Santa Maria da Feira,Jardim de Infância,not found,,,not found
29927,Jardim de Infância de Aldriz,Argoncilhe,Santa Maria da Feira,Jardim de Infância,not found,,,The official website for Jardim de Infância de Aldriz is part of the Agrupamento de Escolas de Argoncilhe: https://www.ae-argoncilhe.pt/ji-aldriz.
29929,Jardim de Infância de São Domingos,Argoncilhe,Santa Maria da Feira,Jardim de Infância,https://agrupamento-argoncilhe.edu.pt/,yes,domain doesn't match institution name,"The ""Jardim de Infância de São Domingos"" in Argoncilhe is part of the ""Agrupamento de Escolas de Argoncilhe"" (School Group of Argoncilhe).

The official website for the Agrupamento de Escolas de Argoncilhe, which includes the Jardim de Infância de São Domingos, is: https://agrupamento-argoncilhe.edu.pt/"
29930,Jardim de Infância N.º 1 de Igreja,Sanguedo,Santa Maria da Feira,Jardim de Infância,https://agrupamento-argoncilhe.edu.pt/,yes,domain doesn't match institution name,"The official website for ""Jardim de Infância N.º 1 de Igreja"" in Sanguedo, Portugal, is part of the Agrupamento de Escolas de Argoncilhe: https://agrupamento-argoncilhe.edu.pt/."
29932,Jardim de Infância de Ordonhe,Argoncilhe,Santa Maria da Feira,Jardim de Infância,not found,,,"The Jardim de Infância de Ordonhe is part of the Agrupamento de Escolas de Argoncilhe. Its information can be found on the agrupamento's website.

https://ae-argoncilhe.pt/"
29992,"Escola Básica de Brejo, Serrazina",S. Martinho da Gândara,Oliveira de Azeméis,Jardim de Infância,https://Wix.com,yes,domain doesn't match institution name,"Escola Básica de Brejo, Serrazina in S. Martinho da Gândara, Portugal, is part of the ""Agrupamento de Escolas de Loureiro"". While a direct official website for ""Escola Básica de Brejo, Serrazina"" was not found, there is a Wix.com page that appears to be associated with it: https://eb1brejo.wixsite.com/eb1brejo."
29993,"Jardim de Infância de Travanca, Susana",Travanca,Oliveira de Azeméis,Jardim de Infância,not found,,,not found
30245,Escola Básica de São João de Vêr,São João de Vêr,Santa Maria da Feira,Jardim de Infância,https://ae-smfeira.pt/escolas/escola-basica-de-sao-joao-de-ver/,yes,domain doesn't match institution name,https://ae-smfeira.pt/escolas/escola-basica-de-sao-joao-de-ver/
30366,EB1/JI do Mieiro,Travanca,Santa Maria da Feira,Jardim de Infância,https://www.aefernandopessoafeira.pt/,yes,domain doesn't match institution name,"""EB1/JI do Mieiro"" in Travanca, Portugal, is part of the Agrupamento de Escolas Fernando Pessoa. The official website for the grouping is https://www.aefernandopessoafeira.pt/."
30393,Jardim de Infância da Pampilhosa,Pampilhosa,Mealhada,Jardim de Infância,not found,,,not found
30394,"Jardim de Infância de Luso, Centro Escolar do Luso",Luso,Mealhada,Jardim de Infância,not found,,,"The ""Jardim de Infância de Luso, Centro Escolar do Luso"" is part of the Agrupamento de Escolas da Mealhada. While there isn't a single dedicated website for this specific childcare institution, you can find information related to it through the Eco-Escolas program.

Here are the relevant URLs:

*   **Jardim de Infância do Luso (Eco-Escolas):** https://vertexaisearch.cloud.google.com/grounding-api-redirect/AUZIYQHNn8sBam_iNvP11YG90NBLNpH0LpGoMkIZ5mZSkLWPvwXY8TSQ8TV9yb9wUFmquen2AC77dvUOJ0cA_1Or6oxGOKN0GPMGuaK3eKhAcwkawm_G-WqDkkOFybqxmHyJuIYQcBlyotkxWLck_LYUetwrUc-PP50Nwyv7
*   **Centro Escolar do Luso (Eco-Escolas):** https://vertexaisearch.cloud.google.com/grounding-api-redirect/AUZIYQEEVVedgoL-yK4OI99b1Chfb_Zztat62C8Uq28aACr9gSPzNfrxldxmpt1KyZ93Vz4Dxb_0eHlbtlgry58kootjUlNvUyFRRwzFUfnGJZELbnFUfctX_peXxMIPusMiSDXTLC9WFjCDsCQLkrkH5ZpeI32vlIQ="
30395,Jardim de Infância de Casal Comba,Casal Comba,Mealhada,Jardim de Infância,not found,,,"The ""Jardim de Infância de Casal Comba"" is part of the Agrupamento de Escolas da Mealhada, which is a public school group. While direct websites for individual public kindergartens in Portugal are uncommon, as they typically fall under a larger school cluster, the official website for the Agrupamento de Escolas da Mealhada is the closest equivalent to an ""official website"" for this institution.

Therefore, the closest official website is that of the Agrupamento de Escolas da Mealhada. However, the exact URL is not found in the search results provided. The provided search results mention an email address for the institution: ji.casalcomba@escolas.min-edu.pt. The domain ""escolas.min-edu.pt"" suggests it is part of the Portuguese Ministry of Education's school system.

Not found."
30396,Jardim de Infância de Antes,Antes,Mealhada,Jardim de Infância,not found,,,"""Not found"". The ""Jardim de Infância de Antes"" in Antes, Portugal, appears to be a public kindergarten that is part of the Agrupamento de Escolas da Mealhada (Mealhada School Grouping). While there are listings for its address and contact number, an independent official website for the ""Jardim de Infância de Antes"" was not found in the search results."
30397,Jardim de Infância de Carqueijo,Casal Comba,Mealhada,Jardim de Infância,not found,,,"The official website for ""Jardim de Infância de Carqueijo"" in Casal Comba, Portugal, was not found.

The Jardim de Infância do Carqueijo is a public kindergarten located on Rua Principal Carqueijo, 3050-131 Casal Comba, Mealhada, in the district of Aveiro. It is part of the Agrupamento de Escolas da Mealhada."
30398,Jardim de Infância de Quinta do Valongo,Quinta do Valongo,Mealhada,Jardim de Infância,not found,,,not found
30399,Jardim de Infância de Canedo,Pampilhosa,Mealhada,Jardim de Infância,not found,,,"The ""Jardim de Infância de Canedo"" in Pampilhosa, Portugal does not appear to have an independent official website. However, it is listed on the website of the Junta de Freguesia de Pampilhosa, which acts as a public information portal for the local community and its institutions.

The relevant page providing information about the Jardim de Infância de Canedo can be found here: https://www.freguesiapampilhosa.pt/freguesia/rede-escolar/jardim-de-infancia-canedo"
30400,"Jardim de Infância de Mealhada, Centro Escolar da Mealhada",Mealhada,Mealhada,Jardim de Infância,https://www.aemealhada.pt/,,,"The ""Jardim de Infância de Mealhada, Centro Escolar da Mealhada"" is part of the Agrupamento de Escolas da Mealhada (School Group of Mealhada).

The official website for the Agrupamento de Escolas da Mealhada, which includes the Jardim de Infância de Mealhada and Centro Escolar da Mealhada, is: https://www.aemealhada.pt/"
30415,"Jardim de Infância de Fradelos, Albergaria-A-Velha",Branca Alb,Coruche,Jardim de Infância,https://aebranca.weebly.com/,yes,domain doesn't match institution name,"The ""Jardim de Infância de Fradelos, Albergaria-A-Velha"" is part of the ""Agrupamento de Escolas de Branca, Albergaria-A-Velha"".

The official website for the ""Agrupamento de Escolas de Branca"" is https://aebranca.weebly.com/."
30416,"Jardim de Infância de Soutelo, Albergaria-A-Velha",Branca Alb,Coruche,Jardim de Infância,not found,,,"The ""Jardim de Infância de Soutelo, Albergaria-A-Velha"" is part of the Agrupamento de Escolas de Branca.

The official website for the Agrupamento de Escolas de Branca is: https://www.eb23-branca.rcts.pt"
30417,Jardim de Infância de Telhadela,Ribeira de Fráguas,Albergaria-a-Velha,Jardim de Infância,not found,,,not found
30418,Jardim de Infância de Campo,Ribeira de Fráguas,Albergaria-a-Velha,Jardim de Infância,https://aebranca.weebly.com/,yes,domain doesn't match institution name,"The ""Jardim de Infância de Campo"" in Ribeira de Fráguas, Portugal, is part of a larger school grouping. There does not appear to be a dedicated official website solely for this specific childcare institution. However, it is listed as one of the establishments under the ""Agrupamento de Escolas de Branca"".

The official website for the ""Agrupamento de Escolas de Branca"" is: https://aebranca.weebly.com/."
30433,Jardim de Infância de Vagos,Vagos,Vagos,Jardim de Infância,not found,,,"The ""Jardim de Infância de Vagos"" in Vagos, Portugal, does not appear to have a standalone official website. It is a public institution and is part of the Agrupamento de Escolas de Vagos (School Group of Vagos).

Information about the Jardim de Infância de Vagos, including its address and contact number (234 793 876), can be found on the Câmara Municipal de Vagos (Vagos Municipal Council) website and other educational directories. The email address provided is eb1.vagos@escolas.min-edu.pt."
30434,Jardim de Infância de Calvão,Calvão,Vagos,Jardim de Infância,not found,,,"The ""Jardim de Infância de Calvão"" is listed on the official website of the Câmara Municipal de Vagos (Vagos City Council). This local government website provides information about the institution, including its address and contact number. However, it does not appear to have a dedicated, independent official website. The most relevant URL is the page on the Vagos City Council website that lists the Jardim de Infância de Calvão.

https://www.cm-vagos.pt/pages/237?poi_id=57"
30436,Escola Básica de Fonte de Angeão,Fonte de Angeão,Vagos,Jardim de Infância,not found,,,"The Escola Básica de Fonte de Angeão is part of the Câmara Municipal de Vagos (Vagos Municipal Council) education network. While there isn't a dedicated, independent website for the school itself, information about it can be found on the official website of the Vagos Municipal Council.

Therefore, the closest to an ""official website"" would be the relevant section on the Câmara Municipal de Vagos website:

https://www.cm-vagos.pt/viver/educacao-e-cultura/educacao/estabelecimentos-de-ensino/1o-ceb"
30438,Jardim de Infância de Lomba,Santo António de Vagos,Vagos,Jardim de Infância,not found,,,not found
30460,Jardim de Infância de Sangalhos,Sangalhos,Anadia,Jardim de Infância,not found,,,"The ""Jardim de Infância de Sangalhos"" is associated with the ""Agrupamento de Escolas de Anadia"" (Anadia School Group). While there isn't a dedicated website solely for the ""Jardim de Infância de Sangalhos,"" information about it can be found on the Agrupamento de Escolas de Anadia's website.

Additionally, the ""Misericórdia da Freguesia de Sangalhos"" operates a ""Centro de Bem Estar Infantil"" (Child Welfare Center) which includes a ""Pré-Escolar"" (Preschool) in Sangalhos.

Given the information, the most relevant official website for information regarding ""Jardim de Infância de Sangalhos"" would be the Agrupamento de Escolas de Anadia.

https://www.aeanadia.pt"
30461,Jardim de Infância de Avelãs de Cima,Avelãs de Cima,Anadia,Jardim de Infância,not found,,,"The ""Jardim de Infância de Avelãs de Cima"" is associated with the ""Centro Social, Cultural e Recreativo da Freguesia de Avelãs de Cima"".

The official website for the ""Centro Social, Cultural e Recreativo da Freguesia de Avelãs de Cima"" is: https://www.csavelasdecima.pt."
30462,Jardim de Infância de Tamengos,Tamengos,Anadia,Jardim de Infância,https://aeanadia.pt,yes,domain doesn't match institution name,"The ""Jardim de Infância de Tamengos"" is part of the Agrupamento de Escolas de Anadia (School Grouping of Anadia). Therefore, it does not have an independent official website. However, you can find information about it through the Agrupamento de Escolas de Anadia.

Email: direccao@aeanadia.pt
Phone: 231516217"
30463,Jardim de Infância de Vila Nova de Monsarros,Vila Nova de Monsarros,Anadia,Jardim de Infância,not found,,,not found
30464,Jardim de Infância de Vilarinho do Bairro,Vilarinho do Bairro,Anadia,Jardim de Infância,not found,,,"Based on the search results, the ""Jardim de Infância de Vilarinho do Bairro"" in Vilarinho do Bairro, Portugal, appears to be a public institution that is part of the ""Agrupamento de Escolas de Anadia"" (School Group of Anadia). It does not have a standalone official website.

However, it is listed on the Freguesia de Vilarinho do Bairro website with information, which can be considered a relevant online presence for the institution:

https://www.vilarinhodobairro.pt/freguesia/locais-a-visitar/jardim-de-infancia-d..."
30479,Escola Básica N.º 2 de Cale da Vila,Gafanha da Nazaré,Ílhavo,Jardim de Infância,https://egn.pt,yes,domain doesn't match institution name,"The ""Escola Básica N.º 2 de Cale da Vila"" in Gafanha da Nazaré, Portugal, is part of the Agrupamento de Escolas da Gafanha da Nazaré (Schools Group of Gafanha da Nazaré). The official website for the agrupamento, which would include information about this specific school, is egn.pt."
30480,Escola Básica de Marinha Velha,Marinha Velha,Ílhavo,Jardim de Infância,not found,,,"The ""Escola Básica de Marinha Velha"" in Marinha Velha, Portugal, does not appear to have an independent official website. It is part of the ""Agrupamento de Escolas da Gafanha da Nazaré, Ílhavo"".

While some sources list the school and its contact information, including a phone number, no direct website for ""Escola Básica de Marinha Velha"" was found. One directory explicitly states ""Website: Not found"" for this school.

It is important to note that there is also an ""Agrupamento de Escolas de Fânzeres e São Pedro da Cova"", and an ""Agrupamento de Escolas de São Pedro da Cova"", but these appear to be separate from the school in Marinha Velha, Ílhavo."
30481,Escola Básica de Chave,Chave,Ílhavo,Jardim de Infância,not found,,,"It appears there are several schools with ""Chave"" in their name or located in ""Chave."" To ensure accuracy, it's important to differentiate between them.

One ""Escola Básica de Chave"" is located in Arouca, Portugal, and is part of the Agrupamento de Escolas de Escariz. Its website is accessible through the Câmara Municipal de Arouca website.

Another ""Escola Básica de Chave"" (also referred to as EB1/JI da Chave) is in Ílhavo, Aveiro, and is associated with the Agrupamento de Escolas de Gafanha da Nazaré. This school participates in the Eco-Escolas program.

Additionally, there are schools in Chaves, such as ""Escola Básica nº 1 de Santo Amaro"" (also known as Escola nº 1 de Chaves) and ""Escola Básica nº 3 (Caneiro)"" (also known as Escola nº3 de Chaves), which are part of the Agrupamento de Escolas Dr. António Granjo. There is also an ""Escola Básica Nadir Afonso"" in Chaves, part of the Agrupamento de Escolas Dr. Júlio Martins.

Given the request for ""Escola Básica de Chave"" in ""Chave, Portugal,"" and the different locations and agrupamentos, the most direct official website for the ""Escola Básica de Chave"" in Chave (Arouca) is linked through the Arouca Municipal Council.

https://www.cm-arouca.pt/municipio/areas-de-atuacao/educacao-e-juventude/rede-escolar/agrupamentos/polo-escolar-de-chave/"
30484,Jardim de Infância de Gafanha do Carmo,Gafanha do Carmo,Ílhavo,Jardim de Infância,not found,,,"The ""Jardim de Infância de Gafanha do Carmo"" is part of the Agrupamento de Escolas da Gafanha da Encarnação. The relevant page on the agrupamento's website is:

https://www.aege.pt/escolas/jardins-de-infancia/gafanha-do-carmo/"
30486,Escola Básica de Rocas do Vouga,Rocas do Vouga,Sever do Vouga,Jardim de Infância,not found,,,"The ""Escola Básica de Rocas do Vouga"" in Rocas do Vouga, Portugal, is part of the Agrupamento de Escolas de Sever do Vouga (School Group of Sever do Vouga). The official website for the school group, which would likely include information about Escola Básica de Rocas do Vouga, is not directly listed. However, based on the information available, the school's general email is info@eb1-rocas-vouga.rcts.pt and the email for the wider school group is geral@aesv.pt.

Therefore, a direct official website for ""Escola Básica de Rocas do Vouga"" was not found."
30489,Jardim de Infância de Talhadas,Talhadas,Sever do Vouga,Jardim de Infância,not found,,,"The ""Jardim de Infância de Talhadas"" in Talhadas, Portugal, does not appear to have a standalone official website. It is listed as a public institution under the ""Agrupamento de Escolas de Sever do Vouga"" (School Group of Sever do Vouga), and it's also mentioned on the Sever do Vouga Municipality website.

Therefore, there is no direct URL for an official website for ""Jardim de Infância de Talhadas."""
30497,"Escola Básica de Chave, Arouca",Chave,Tarouca,Jardim de Infância,https://www.aeescariz.com,yes,domain doesn't match institution name,"""Escola Básica de Chave, Arouca"" is part of the Agrupamento de Escolas de Escariz. The official website for the Agrupamento de Escolas de Escariz is where you can find information about Escola Básica de Chave.

https://www.aeescariz.com"
30498,Escola Básica de Fermedo,Fermedo,Arouca,Jardim de Infância,https://aeescariz.com,yes,domain doesn't match institution name,"The Escola Básica de Fermedo in Fermedo, Arouca, Portugal, is part of the Agrupamento de Escolas de Escariz. The official website for the agrupamento (group of schools) that includes Escola Básica de Fermedo is aeescariz.com."
30499,"Jardim de Infância de Belece, Arouca",Belece,Vouzela,Jardim de Infância,https://www.aeescariz.com,yes,domain doesn't match institution name,"The Jardim de Infância de Belece, Arouca does not appear to have a standalone official website. Instead, it is part of the Agrupamento de Escolas de Escariz. The Câmara Municipal de Arouca website lists the Jardim de Infância de Belece and provides a link to the Agrupamento de Escolas de Escariz website.

Therefore, the most relevant official website is for the larger school group it belongs to.

www.aeescariz.com"
30670,Escola Básica da Ponte Nova,Ponte Nova,Ovar,Jardim de Infância,http://www.escoladaponte.pt/,,,"It appears there are two different institutions that could be referred to as ""Escola Básica da Ponte Nova"" in Portugal.

1.  **Escola Básica da Ponte Nova in Ovar, Aveiro, Portugal:** This school is part of the Agrupamento de Escolas de Ovar (AEOVAR). The Agrupamento de Escolas de Ovar has a website, but a direct website for ""Escola Básica da Ponte Nova"" itself is not explicitly listed as a separate entity.

2.  **Escola Básica da Ponte (also known as Escola da Ponte) in São Tomé de Negrelos, Santo Tirso, Porto, Portugal:** This is a well-known institution with a distinct pedagogical approach. Its official website is http://www.escoladaponte.pt/ or http://escolabasicadaponte.pt/.

Given the name ""Escola Básica da Ponte Nova,"" it is more likely the first option in Ovar. However, without further clarification, it's difficult to be 100% certain. Based on the information available, a direct, standalone website for ""Escola Básica da Ponte Nova"" in Ovar is not found.

Therefore, the response is: not found"
30671,Jardim de Infância do Furadouro,Furadouro,Ovar,Jardim de Infância,https://aeovar.pt,yes,domain doesn't match institution name,"The ""Jardim de Infância do Furadouro"" is part of the ""Agrupamento de Escolas de Ovar"" (Ovar School Group). The official website for the school group is not explicitly listed, but the email address for the school group is geral@aeovar.pt.

Therefore, an official website specifically for ""Jardim de Infância do Furadouro"" was not found."
30672,Jardim de Infância de Oliveirinha,Ovar,Ovar,Jardim de Infância,https://aeovar.pt,yes,domain doesn't match institution name,"The Jardim de Infância de Oliveirinha in Ovar, Portugal, is part of the Agrupamento de Escolas de Ovar (School Group of Ovar). While the Jardim de Infância de Oliveirinha does not appear to have its own independent official website, it is listed on the Agrupamento de Escolas de Ovar's website.

The email for the Agrupamento de Escolas de Ovar is geral@aeovar.pt. The phone number for the Jardim de Infância de Oliveirinha is 256574980."
30686,Jardim de Infância de Sá,Sá,Castelo de Paiva,Jardim de Infância,not found,,,"It appears there are several childcare institutions in Portugal with ""Jardim de Infância de Sá"" or similar in their name, located in different areas. To accurately identify the official website, more specific location details are needed.

Based on the search results:

*   **Jardim de Infância de Sá in Castelo de Paiva** (Sardoura) has a page within the ""AE Castelo de Paiva"" website.
*   There's also a ""Jardim de Infância de Sá"" in **Sandim, Vila Nova de Gaia**.
*   Another ""Jardim de Infância da Sé"" is located in **Guarda**.
*   ""Escola EB1/JI de Sá"" is also located in **Vila Nova de Gaia**.

Therefore, without more specific location information for ""Jardim de Infância de Sá"" in ""Sá, Portugal,"" it is not possible to provide a single, definitive official website."
30688,"Jardim de Infância de Fornos, Castelo de Paiva",Igreja (Fornos),Santa Maria da Feira,Jardim de Infância,https://www.aecpaiva.pt/,,,"The Jardim de Infância de Fornos, Castelo de Paiva, is part of the Agrupamento de Escolas de Castelo de Paiva (School Group of Castelo de Paiva).

The official website for the Agrupamento de Escolas de Castelo de Paiva, which includes the Jardim de Infância de Fornos, is https://www.aecpaiva.pt/."
30690,"Jardim de Infância de Vista Alegre, São Martinho",S. Martinho,Castelo de Paiva,Jardim de Infância,not found,,,"The official website for ""Jardim de Infância de Vista Alegre, São Martinho"" in S. Martinho, Portugal is part of the Agrupamento de Escolas de Castelo de Paiva.

The specific page for the Jardim de Infância de Vista Alegre can be found here: https://www.aecpaiva.pt/escolas/jardins-de-infancia/jardim-de-infancia-de-vista-alegre/"
30691,Jardim de Infância de Crava,Crava,Castelo de Paiva,Jardim de Infância,not found,,,not found
30709,"Escola Básica de Paço, Rossas, Arouca",Rossas,Vieira do Minho,Jardim de Infância,not found,,,"The ""Escola Básica de Paço, Rossas, Arouca"" is part of the Agrupamento de Escolas de Arouca (School Group of Arouca).

The official website for the Agrupamento de Escolas de Arouca is: https://www.agesc-arouca.edu.gov.pt"
30712,Escola Básica de Paços,Moldes,Arouca,Jardim de Infância,not found,,,"""Escola Básica de Paços"" in Moldes, Portugal, is part of the Agrupamento de Escolas de Arouca. You can find information about it on the Arouca Municipal Council website and the Agrupamento de Escolas de Arouca website.

The direct official website for Escola Básica de Paços in Moldes is not found as a standalone site. However, it is listed as part of the ""Polo Escolar de Moldes"" on the Câmara Municipal de Arouca (Arouca Municipal Council) website.

Here are the relevant URLs:

*   **Polo Escolar de Moldes (Câmara Municipal de Arouca):** https://www.cm-arouca.pt/municipio/areas-de-atuacao/educacao-e-juventude/rede-escolar/agrupamentos/polo-escolar-de-moldes/
*   **Agrupamento de Escolas de Arouca:** https://www.agesc-arouca.edu.gov.pt/"
30714,"Escola Básica de Boavista, Arouca",,Vizela,Jardim de Infância,https://agesc-arouca.pt/agrupamento2/,,,"The ""Escola Básica de Boavista, Arouca"" is located in Arouca, not Vizela. It is part of the Agrupamento de Escolas de Arouca.

The official website for the Agrupamento de Escolas de Arouca, which includes Escola Básica de Boavista, Arouca, is https://agesc-arouca.pt/agrupamento2/."
30715,"Escola Básica de Paço, Alvarenga",,Arouca,Jardim de Infância,not found,,,"The ""Escola Básica de Paço, Alvarenga"" is part of the Agrupamento de Escolas de Arouca (School Group of Arouca).

The official website for the Agrupamento de Escolas de Arouca is https://www.agesc-arouca.edu.gov.pt."
30759,Jardim de Infância de Quintãs,Quintãs,Aveiro,Jardim de Infância,https://aeo.edu.pt/,yes,domain doesn't match institution name,"The ""Jardim de Infância de Quintãs"" in Quintãs, Portugal, is part of the Agrupamento de Escolas de Oliveirinha (Oliveirinha Schools Group). Therefore, its official information is typically found on the agrupamento's website.

Here's the relevant URL:
https://aeo.edu.pt/"
30760,Jardim de Infância de Póvoa do Valado,Póvoa do Valado,Aveiro,Jardim de Infância,not found,,,not found
30761,Jardim de Infância de Oliveirinha,Oliveirinha,Aveiro,Jardim de Infância,not found,,,not found
30789,Escola Básica de Azagães,Carregosa,Oliveira de Azeméis,Jardim de Infância,not found,,,"""Escola Básica de Azagães"" in Carregosa, Portugal, is part of the ""Agrupamento de Escolas de Fajões, Oliveira de Azeméis"". However, no specific official website for Escola Básica de Azagães or its agrupamento was found in the search results. While several directories list the school and its contact information, they do not provide an official website for the institution itself.

not found"
30816,Jardim de Infância de Castanheira do Vouga,Castanheira do Vouga,Águeda,Jardim de Infância,not found,,,"The Jardim de Infância de Castanheira do Vouga is part of the Agrupamento de Escolas de Águeda (School Group of Águeda). While there isn't a dedicated, independent website for the Jardim de Infância de Castanheira do Vouga itself, information regarding it can be found on the Agrupamento de Escolas de Águeda's website.

The relevant URL is: https://www.aeagueda.pt/agrupamento/j-i-de-castanheira-do-vouga/"
30976,"Jardim de Infância de Chão do Rio, Fiães, Santa Maria da Feira",Fiães,Trancoso,Jardim de Infância,not found,,,"The Jardim de Infância de Chão do Rio in Fiães, Santa Maria da Feira, is part of the Agrupamento de Escolas Coelho e Castro (Coelho e Castro School Cluster).

The official website for the Agrupamento de Escolas Coelho e Castro, which includes the Jardim de Infância de Chão do Rio, is http://aecc.ccems.pt."
30977,"Jardim de Infância de Arcozelo, Santa Maria da Feira",Caldas de S. Jorge,Trancoso,Jardim de Infância,https://aecoelhocastro.pt,yes,domain doesn't match institution name,"A search for ""Jardim de Infância de Arcozelo, Santa Maria da Feira"" in Caldas de S. Jorge, Portugal, reveals that it is part of the ""Agrupamento de Escolas Coelho e Castro - Fiães"". While the Jardim de Infância de Arcozelo itself doesn't appear to have a dedicated, independent website, its contact email is secretaria@aecoelhocastro.pt.

The Agrupamento de Escolas de Arcozelo, which includes the Jardim de Infância de Arcozelo in Ponte de Lima (a different location) has a website. However, the institution specified in the request is in Santa Maria da Feira, Caldas de S. Jorge.

Based on the information available, there is no direct, independent official website for ""Jardim de Infância de Arcozelo, Santa Maria da Feira"" in Caldas de S. Jorge. It is instead listed as part of a larger school group and has an associated email address.

not found"
30979,"Escola Básica N.º 2 de Vendas Novas, Santa Maria da Feira",Vendas Novas,Trancoso,Jardim de Infância,not found,,,"It appears there are two institutions with similar names but in different municipalities.

1.  **Escola Básica N.º 2 de Vendas Novas** in Vendas Novas, Évora, which is part of the ""Agrupamento de Escolas Vendas Novas (AEVN)"". The official website for the Agrupamento de Escolas Vendas Novas is where you can find information about this school.
2.  **Escola Básica N.º 2 de Vendas Novas, Santa Maria da Feira** in Fiães, Santa Maria da Feira, Aveiro, which is part of the ""Agrupamento de Escolas Coelho e Castro - Fiães"". The website for this agrupamento is http://aecc.ccems.pt.

Given your specific mention of ""Santa Maria da Feira"", the correct URL is:

http://aecc.ccems.pt"
30980,"Jardim de Infância de Igreja, Caldas de São Jorge, Santa Maria da Feira",Caldas de S. Jorge,Trancoso,Jardim de Infância,not found,,,"A ""Jardim de Infância de Igreja, Caldas de São Jorge, Santa Maria da Feira"" is an institution dependent on the ""Agrupamento de Escolas Coelho e Castro - Fiães"". As such, it does not appear to have a dedicated official website. Information about the institution can be found on platforms that aggregate information about social institutions in Portugal, such as Mapa Social.

You can find contact information for the ""Centro Social Paroquial de S. Jorge"", which is located on Avenida da Igreja in Caldas de S. Jorge, on the website of the ""União das Freguesias de Caldas de São Jorge e Pigeiros"". However, this is for a broader social center and not specifically for the ""Jardim de Infância de Igreja""."
30982,"Escola Básica de Avenida, Chousa de Baixo, Santa Maria da Feira",Fiaes,Trancoso,Jardim de Infância,not found,,,"The ""Escola Básica de Avenida, Chousa de Baixo, Santa Maria da Feira"" is part of the ""Agrupamento de Escolas Coelho e Castro - Fiães"".

The official website for the Agrupamento de Escolas Coelho e Castro is http://aecc.ccems.pt."
31009,"Jardim de Infância de Igreja, Vila Maior",Igreja,Santa Maria da Feira,Jardim de Infância,https://aecanedo.pt,yes,domain doesn't match institution name,"The ""Jardim de Infância de Igreja, Vila Maior"" in Igreja, Portugal, appears to be part of the Agrupamento de Escolas de Canedo. While there isn't a dedicated website specifically for ""Jardim de Infância de Igreja, Vila Maior"", its contact information, including an email address (direccao@aecanedo.pt), is associated with this larger school group. Another email address found is ji.igrejavmaior@escolas.min-edu.pt.

Therefore, a direct URL for ""Jardim de Infância de Igreja, Vila Maior"" is not found."
31261,Escola Básica de Palhaça,Palhaça,Oliveira do Bairro,Jardim de Infância,https://aeob.edu.pt,yes,domain doesn't match institution name,"Escola Básica de Palhaça is part of the Agrupamento de Escolas de Oliveira do Bairro (School Group of Oliveira do Bairro).

The official website for the Agrupamento de Escolas de Oliveira do Bairro is aeob.edu.pt. Escola Básica de Palhaça has an email address associated with this agrupamento: coordenador.ebpalhaca@aeob.edu.pt."
31263,Escola Básica de Oiã Poente,Oiã,Oliveira do Bairro,Jardim de Infância,not found,,,"Escola Básica de Oiã Poente is part of the Agrupamento de Escolas de Oliveira do Bairro (School Group of Oliveira do Bairro). While there isn't a dedicated website solely for Escola Básica de Oiã Poente, information regarding the school can be found on the Agrupamento de Escolas de Oliveira do Bairro's website.

The email for the coordinator of Escola Básica de Oiã Poente is coordenador.eboiapoente@aeob.edu.pt. The main website for the agrupamento is likely the official site for the collection of schools.

Therefore, the closest to an ""official website"" would be the Agrupamento de Escolas de Oliveira do Bairro, which can be found by searching for ""Agrupamento de Escolas de Oliveira do Bairro"" online."
31264,Escola Básica de Oiã Nascente,Oiã,Oliveira do Bairro,Jardim de Infância,https://www.aeob.edu.pt/,yes,domain doesn't match institution name,"The ""Escola Básica de Oiã Nascente"" is part of the Agrupamento de Escolas de Oliveira do Bairro.

The official website for the Agrupamento de Escolas de Oliveira do Bairro, which includes the Escola Básica de Oiã Nascente, is: https://www.aeob.edu.pt/"
31278,Escola Básica de Fonte Seca,Fonte Seca,Santa Maria da Feira,Jardim de Infância,not found,,,https://vertexaisearch.cloud.google.com/grounding-api-redirect/AUZIYQH5qpy4uI2LXPXG8loGdA9XLXEonqam4SRo0aES7-Uo4qKE7oHpxriGIZJgfGyJxvRG7Fp-Z0E_aCkXNP5KLXAgTnHz7TelaiVNSGXzTiWTSCpLViZn6A4t7DClAUeUfBQEe0k=
31479,Jardim de Infância de Pinheiro,Pinheiro,Albergaria-a-Velha,Jardim de Infância,not found,,,"It appears there are several institutions with ""Pinheiro"" in their name, and it's important to differentiate between them to find the correct website.

Based on the search results:

*   **Agrupamento de Escolas de Pinheiro** has a website: http://www.aepinheiro.pt. This agrupación (grouping) likely includes the Jardim de Infância de Pinheiro.
*   Another ""Jardim de Infância de Pinheiro"" is mentioned as part of the ""Agrupamento de Escolas de Ourém"" in Ourém.
*   There's also a ""Jardim de Infância Pinheiro D`Além"" in Gondomar, belonging to the ""Agrupamento de Escolas de Valbom"". The website for this agrupamento is https://www.aev.edu.pt/.
*   A ""Colégio O Pinheiro Sabichão"" is a private institution in Pero-Pinheiro with the website info@colegiopinheirosabichao.pt (this is an email, not a website) and the domain colepinheirosabichao.pt is mentioned.

Given the prompt specifies ""Pinheiro, Portugal"" without further disambiguation, the most direct match is the ""Agrupamento de Escolas de Pinheiro"".

http://www.aepinheiro.pt"
31763,Jardim de Infância de Vermoim,Ossela,Oliveira de Azeméis,Jardim de Infância,not found,,,"The ""Jardim de Infância de Vermoim"" in Ossela, Portugal, is part of the Agrupamento de Escolas Ferreira de Castro.

https://www.agrupamentodeescolasferreiradecastro.pt/"
31781,Escola Básica de Campo Grande,Campo Grande,Ovar,Jardim de Infância,not found,,,"Several institutions in Portugal are named ""Escola Básica de Campo Grande"" or similar, located in different municipalities.

The ""Escola Básica de Campo Grande"" located in Esmoriz, Ovar, has an associated parent's association website: https://apeeesmoriz.com/escola-do-campo-grande/. This school is part of the Agrupamento de Escolas de Esmoriz/Ovar Norte.

There is also a ""Centro Social Paroquial do Campo Grande"" in Lisbon that includes an ""Escola"" (School) in its ""Áreas de Atuação"" (Areas of Activity) with services for ""Infância"" (Childhood), including ""Creche"" (Nursery) and ""Jardim de Infância"" (Kindergarten). Their website is https://www.cspcg.pt/escola. However, this is a social center with a school, not an ""Escola Básica"" in the traditional sense, and it is located in Lisbon, not specifically ""Campo Grande, Portugal"" as a distinct municipality, but rather a neighborhood within Lisbon.

Given the ambiguity and multiple schools with similar names in different locations, and without further clarification on the specific location within ""Campo Grande, Portugal"" (as Campo Grande can be a locality within a larger municipality), an unambiguous official website for ""Escola Básica de Campo Grande"" in a specific ""Campo Grande, Portugal"" municipality cannot be definitively provided as a single URL."
31782,Escola Básica de Torre,Torre -Esmoriz,Ovar,Jardim de Infância,https://ae-esmoriz-ovarnorte.pt,yes,domain doesn't match institution name,"The ""Escola Básica de Torre"" in Torre - Esmoriz, Portugal, is part of the ""Agrupamento de Escolas de Esmoriz/Ovar Norte"" (School Grouping of Esmoriz/Ovar North).

The official website for the agrupamento, which includes Escola Básica de Torre, is: https://ae-esmoriz-ovarnorte.pt"
31784,"Escola Básica de Praia, Esmoriz",Praia de Esmoriz,Ovar,Jardim de Infância,https://www.ae-esmoriz-ovarnorte.pt,,,"The ""Escola Básica de Praia, Esmoriz"" is part of the ""Agrupamento de Escolas de Esmoriz/Ovar Norte"" (School Grouping of Esmoriz/Ovar North).

The official website for the Agrupamento de Escolas de Esmoriz/Ovar Norte, which includes Escola Básica de Praia, Esmoriz, is: https://www.ae-esmoriz-ovarnorte.pt"
31786,Escola Básica de Vinha,Vinha,Ovar,Jardim de Infância,not found,,,not found
31787,"Escola Básica de Estrada, Maceda",,Ovar,Jardim de Infância,https://www.ae-esmoriz-ovarnorte.pt/,yes,domain doesn't match institution name,"The ""Escola Básica de Estrada, Maceda"" in Ovar, Portugal is part of the ""Agrupamento de Escolas de Esmoriz/Ovar Norte"".

The official website for the Agrupamento de Escolas de Esmoriz/Ovar Norte is: https://www.ae-esmoriz-ovarnorte.pt/"
31789,Escola Básica de Relva,Esmoriz,Ovar,Jardim de Infância,https://www.ae-esmoriz-ovarnorte.pt/,yes,domain doesn't match institution name,"""Escola Básica de Relva"" in Esmoriz, Portugal, is part of the ""Agrupamento de Escolas de Esmoriz/Ovar Norte"". The official website for this cluster of schools, which includes Escola Básica de Relva, is https://www.ae-esmoriz-ovarnorte.pt/."
31790,Escola Básica de Outeiral,Outeiral,Ovar,Jardim de Infância,not found,,,not found
31791,Escola Básica de Murteira,Arada,Ovar,Jardim de Infância,not found,,,"The official website for Escola Básica de Murteira in Arada, Portugal, is not explicitly listed in the search results. However, it is identified as part of the ""Agrupamento de Escolas de Esmoriz/Ovar Norte"". You may be able to find more information by visiting the website for that school group.

Some search results provide an email address and phone numbers for the school:
*   Email: eb1.murteiraarada@escolas.min-edu.pt
*   Telephone: 256793224 or 256581300"
31801,EB António Graça,Fermentelos-Águeda,Águeda,Jardim de Infância,https://pai.pt,yes,domain doesn't match institution name,"The official website for ""EB António Graça"" in Fermentelos-Águeda, Portugal is not found as a standalone website.

However, ""EB António Graça"" is part of the ""Agrupamento de Escolas Águeda Sul"". The Agrupamento de Escolas Águeda Sul has a presence on the website pai.pt, which includes contact information and a ""Visitar website"" link. However, clicking the ""Visitar website"" link on pai.pt does not lead to a functional website, but rather reloads the current page.

Another related entity, ""Agrupamento de Escolas de Águeda"", has an official website. However, it is not definitively stated that ""EB António Graça"" falls under this specific agrupamento.

Therefore, a direct official website for ""EB António Graça"" was not found."
31943,Pré- Escolar do Centro Infantil da Lagoa,Ílhavo,Ílhavo,Jardim de Infância,https://www.scmilhavo.pt/,yes,domain doesn't match institution name,"The ""Pré- Escolar do Centro Infantil da Lagoa"" in Ílhavo, Portugal, is part of the Santa Casa da Misericórdia de Ílhavo.

The official website for Santa Casa da Misericórdia de Ílhavo is: https://www.scmilhavo.pt/"
31971,JI Giesteira,Águeda,Águeda,Jardim de Infância,not found,,,"The ""JI Giesteira"" (Jardim de Infância da Giesteira) in Águeda, Portugal, is part of the Agrupamento de Escolas de Águeda.

Here is the URL for the J.I. da Giesteira page within the Agrupamento de Escolas de Águeda website: https://vertexaisearch.cloud.google.com/grounding-api-redirect/AUZIYQEl7aSGOdsn2La4MoTR9UILhlBlv7av0FZug5x28jE0qyJN_3BmtknjNEMzwzSTRWRYIvKDP5mbotrd_wSHayACpUR17X_V0ppdwhSfFoDThoiR_WTiykqo9Av1Qhyo0SireDwaVWopapMf9EpIitef2yZnYHgNaJkVxAY="
31972,JI Águeda (Incluído no Edifício 1º Ceb),Águeda,Águeda,Jardim de Infância,not found,,,"The childcare institution ""JI Águeda (Incluído no Edifício 1º Ceb)"" is part of the Agrupamento de Escolas de Águeda (Águeda School Group). While there isn't a dedicated website solely for ""JI Águeda (Incluído no Edifício 1º Ceb)"", information related to it can be found on the Agrupamento de Escolas de Águeda's official website.

The official website for the Agrupamento de Escolas de Águeda is: https://www.aeda.edu.pt"
31974,JI Borralha (Incluído no Edifício do 1º Ceb),Borralha,Águeda,Jardim de Infância,not found,,,"The childcare institution ""JI Borralha (Incluído no Edifício do 1º Ceb)"" in Borralha, Portugal, is part of the ""Agrupamento de Escolas de Águeda"" (School Group of Águeda).

The official website for the Agrupamento de Escolas de Águeda is not explicitly provided in the search results. However, there is a page for ""E.B./J.I. da Borralha"" within what appears to be the agrupamento's website.

Therefore, the closest to an ""official website"" for ""JI Borralha (Incluído no Edifício do 1º Ceb)"" is likely this page on the Agrupamento de Escolas de Águeda's platform.

https://www.aeagueda.pt/escolas/e-b-da-borralha/"
32038,EB/JI Combatentes,Ovar,Ovar,Jardim de Infância,not found,,,"The official website for ""EB/JI Combatentes"" in Ovar, Portugal is http://www.eb1-ovar-n1.rets.pt."
32039,EB/JI de Habitovar,Ovar,Ovar,Jardim de Infância,not found,,,not found
32052,EB/JI de S. Donato,Ovar,Ovar,Jardim de Infância,https://aeovar.pt,yes,domain doesn't match institution name,"The childcare institution ""EB/JI de S. Donato"" in Ovar, Portugal, is referred to as ""Escola Básica de S. Donato"" (1º Ciclo e Jardim de Infância) and is part of the Agrupamento de Escolas de Ovar.

The official website for the Agrupamento de Escolas de Ovar is aeovar.pt."
32053,EB/JI de S. João,S. João de Ovar,Ovar,Jardim de Infância,https://aeovar.pt,yes,domain doesn't match institution name,"The ""EB/JI de S. João"" in S. João de Ovar, Portugal, is part of the Agrupamento de Escolas de Ovar. The official website for the agrupamento, which lists the individual schools under its umbrella, is aeovar.pt.

You can find information about ""Escola Básica de S. João"" (which includes 1º Ciclo and Jardim de Infância) on the Agrupamento de Escolas de Ovar website under ""Escolas do Agrupamento""."
32054,Jardim de Infância do Torrão do Lameiro,Ovar,Ovar,Jardim de Infância,not found,,,not found
32120,Guetim,Guetim,Valença,Jardim de Infância,https://www.aemlaranjeira.pt/,yes,domain doesn't match institution name,"The ""Escola Básica de Guetim"" in Guetim, Espinho, offers pre-school education and is part of the ""Agrupamento de Escolas Dr. Manuel Laranjeira"". The official website for this institution is https://www.aemlaranjeira.pt/."
32122,EB1/ JI do Souto,Nogueira da Regedoura,Santa Maria da Feira,Jardim de Infância,not found,,,not found
32124,Centro Escolar de Anta,Esmojães,Valença,Jardim de Infância,not found,,,"While there are multiple mentions of ""Centro Escolar de Anta"" and ""Escola Básica de Anta"" in Esmojães (or Anta, Espinho), an official, standalone website for the institution itself was not found.

Some results show associations or directories that list the school, but these are not the official website of the childcare institution. For example, the Eco-Escolas program lists ""Escola Básica de Anta"" with contact information, but this is a program website, not the school's direct official site. Similarly, Coverflex lists ""Escola Básica de Anta (Centro Escolar de Anta)"" and indicates a website is available, but does not provide a direct URL. The Agrupamento de Escolas Dr. Manuel Laranjeira, which the school belongs to, provides an email and phone number, but not a specific website for this particular school.

Therefore, based on the search, an official website for the ""Centro Escolar de Anta"" in Esmojães, Portugal, was not found."
32128,EB1/ JI de Pousadela,Nogueira da Regedoura,Santa Maria da Feira,Jardim de Infância,not found,,,not found
32131,EB Souto Redondo,S. João de Ver,Santa Maria da Feira,Jardim de Infância,https://www.ae-smfeira.pt/escolas/escola-basica-de-souto-redondo/,yes,domain doesn't match institution name,"The official website for ""EB Souto Redondo"" in S. João de Ver, Portugal is part of the Agrupamento de Escolas de Santa Maria da Feira, and can be found at https://www.ae-smfeira.pt/escolas/escola-basica-de-souto-redondo/."
32143,EB Fornos,Fornos,Santa Maria da Feira,Jardim de Infância,https://ae-fa.pt,yes,domain doesn't match institution name,https://ae-fa.pt
32144,EB Aldeia,Sanfins,Santa Maria da Feira,Jardim de Infância,not found,,,"""EB Aldeia"" in Sanfins, Portugal is part of the Agrupamento de Escolas de Santa Maria da Feira.

The official website for the Agrupamento de Escolas de Santa Maria da Feira, which includes EB Aldeia, is: not found"
32524,EB1/JI Aguada de Baixo,Aguada de Baixo,Águeda,Jardim de Infância,not found,,,"The official website for ""EB1/JI Aguada de Baixo"" is not found in the search results. While there are mentions of the institution and its contact information, an official, standalone website is not provided. It appears to be part of the ""Agrupamento de Escolas de Águeda Sul""."
32526,EB1/JI Espinhel,Espinhel,Águeda,Jardim de Infância,not found,,,not found
32527,EB Prof. Artur Nunes Vidal,Fermentelos,Águeda,Jardim de Infância,not found,,,"The official website for ""EB Prof. Artur Nunes Vidal"" in Fermentelos, Portugal is https://www.facebook.com/biblioteca.fermentelos?ref=hl."
32743,Escola Básica de Cedrim do Vouga,Cedrim,Penacova,Jardim de Infância,https://aesv.pt,yes,domain doesn't match institution name,"The ""Escola Básica de Cedrim do Vouga"" is part of the ""Agrupamento de Escolas de Sever do Vouga"" (School Group of Sever do Vouga).

The official website for the Agrupamento de Escolas de Sever do Vouga is geral@aesv.pt (this appears to be an email address rather than a URL, but it is listed as the primary contact for the Agrupamento)"
32746,Jardim de Infância da Vala – Silva Escura,Silva Escura,Maia,Jardim de Infância,not found,,,"The official website for ""Jardim de Infância da Vala – Silva Escura"" was not found. However, there is an email address associated with it: eb1.valasilvaescura@escolas.min-edu.pt. The institution is part of the Agrupamento de Escolas de Sever do Vouga."
33155,Escola Básica de Serra da Vila,Mansores,Arouca,Jardim de Infância,https://www.aeescariz.com/,yes,domain doesn't match institution name,"The ""Escola Básica de Serra da Vila"" in Mansores, Portugal, is part of the ""Agrupamento de Escolas de Escariz"" (School Group of Escariz).

The official website for the ""Agrupamento de Escolas de Escariz"" is the relevant online presence for this school.

https://www.aeescariz.com/"
33202,Escola Básica de Cale da Vila 1,Gafanha da Nazaré,Ílhavo,Jardim de Infância,https://www.egn.pt/,yes,domain doesn't match institution name,"The Escola Básica de Cale da Vila 1 in Gafanha da Nazaré is part of the Agrupamento de Escolas da Gafanha da Nazaré (School Group of Gafanha da Nazaré).

The official website for the ""Agrupamento de Escolas de Gafanha da Nazaré"" is: https://www.egn.pt/"
33203,Escola Básica de Cambeia,Gafanha da Nazaré,Ílhavo,Jardim de Infância,https://www.egn.pt,yes,domain doesn't match institution name,"The ""Escola Básica de Cambeia"" in Gafanha da Nazaré is part of the Agrupamento de Escolas da Gafanha da Nazaré (School Cluster of Gafanha da Nazaré). The official website for the Agrupamento de Escolas da Gafanha da Nazaré is www.egn.pt."
33208,Escola Básica de Corgo Comum,Ílhavo,Ílhavo,Jardim de Infância,not found,,,"The Escola Básica de Corgo Comum in Ílhavo, Portugal, is part of the ""Agrupamento de Escolas de Ílhavo"" (School Group of Ílhavo). The official website for the Agrupamento de Escolas de Ílhavo is https://www.ageilhavo.pt/. You can find information about Escola Básica de Corgo Comum on this website under the ""Escolas"" section."
33211,Jardim de Infância de Vilarinho,Cesar,Oliveira de Azeméis,Jardim de Infância,not found,,,"The official website for ""Jardim de Infância de Vilarinho"" in Cesar, Portugal is not found. Several search results provide contact information such as phone numbers and email addresses, but no dedicated website URL for the institution itself. There are other institutions with similar names in different locations in Portugal, but none match the specific location of Cesar."
33223,Escola Básica de Vale de Ílhavo,Ílhavo,Ílhavo,Jardim de Infância,not found,,,"The ""Escola Básica de Vale de Ílhavo"" is part of the ""Agrupamento de Escolas de Ílhavo"". The official website for the Agrupamento de Escolas de Ílhavo is https://www.ageilhavo.pt/."
33225,Escola Básica de Chousa Velha,Ílhavo,Ílhavo,Jardim de Infância,not found,,,"The Escola Básica de Chousa Velha in Ílhavo, Portugal, is part of the ""Agrupamento de Escolas de Ílhavo"" (Schools Group of Ílhavo). The official website for the agrupamento, which includes Escola Básica de Chousa Velha, is ageilhavo.pt."
33226,Escola Básica de Gafanha de Aquém,Ílhavo,Ílhavo,Jardim de Infância,https://ageilhavo.edu.pt/,yes,domain doesn't match institution name,Escola Básica de Gafanha de Aquém is part of the Agrupamento de Escolas de Ílhavo. The official website for the agrupamento (group of schools) is https://ageilhavo.edu.pt/. You can find information about Escola Básica de Gafanha de Aquém on this website.
33228,Jardim de Infância de Cesar,Cesar,Oliveira de Azeméis,Jardim de Infância,https://www.ciscesar.com,,,www.ciscesar.com
33229,Jardim de Macieira de Sarnes,Macieira de Sarnes,Oliveira de Azeméis,Jardim de Infância,not found,,,not found
33238,Escola Básica de Igreja Lobão,Lobão,Santa Maria da Feira,Jardim de Infância,http://www.aecorga.pt/,yes,domain doesn't match institution name,"The ""Escola Básica de Igreja Lobão"" is now known as ""Escola Básica Professor Joaquim Pereira Valente"". It is part of the ""Agrupamento de Escolas da Corga de Lobão"" (School Group of Corga de Lobão).

The official website for the Agrupamento de Escolas da Corga de Lobão, which includes this school, is: http://www.aecorga.pt/"
33317,"Escola Básica de Alumieira, Oliveira de Azeméis",Loureiro,Peso da Régua,Jardim de Infância,http://www.aelpb.pt,yes,domain doesn't match institution name,http://www.aelpb.pt
33318,Escola Básica de Curval,Pinheiro da Bemposta,Oliveira de Azeméis,Jardim de Infância,not found,,,"The official website for Escola Básica de Curval is not found. However, it appears to be part of the ""Agrupamento de Escolas de Loureiro"". There are several directory listings that provide contact information, including an email address (eb1.curval@escolas.min-edu.pt or info@eb1-curval.rcts.pt) and a phone number (256991270)."
33319,Escola Básica de Palmaz,Palmaz,Oliveira de Azeméis,Jardim de Infância,not found,,,not found
34044,Escola Básica da Vila Verde,,Oliveira do Bairro,Jardim de Infância,not found,,,"Several sources provide contact information for ""Escola Básica da Vila Verde"" in Oliveira do Bairro, Portugal, including phone numbers and email addresses, but an official, independent website for the institution itself was not found.

However, one search result shows ""http://www.eb1-vverdeoliveira.edu.pt"" as a website for ""Escola Básica de Vila Verde, Oliveira do Bairro"". Another website for the municipality of Oliveira do Bairro lists ""Centro Escolar de Vila Verde"" with a phone number that matches those associated with ""Escola Básica da Vila Verde"".

It's important to note that some results refer to an ""Escola Básica de Vila Verde"" located in the municipality of Vila Verde, which is a different location (Braga district). The correct location for the requested institution is Oliveira do Bairro, Aveiro district.

Given the information, the most likely official website for ""Escola Básica da Vila Verde"" in Oliveira do Bairro is a sub-page or part of a larger educational grouping's website, as schools in Portugal are often part of ""Agrupamentos de Escolas"" (school clusters). The website provided in one of the search results is:

http://www.eb1-vverdeoliveira.edu.pt"
34047,Jardim Infância Tarei,Souto,Santa Maria da Feira,Jardim de Infância,http://www.aefernandopessoafeira.pt/,yes,domain doesn't match institution name,"The ""Jardim de Infância de Tarei"" is part of the ""Agrupamento de Escolas Fernando Pessoa"" in Santa Maria da Feira, Portugal.

The official website for the ""Agrupamento de Escolas Fernando Pessoa"" is http://www.aefernandopessoafeira.pt/"
34077,Jardim de Infância da Portela,Paços de Brandão,Santa Maria da Feira,Jardim de Infância,http://www.aepacosbrandao.pt,yes,domain doesn't match institution name,"Jardim de Infância da Portela in Paços de Brandão, Portugal, is part of the Agrupamento de Escolas de Paços de Brandão (School Group of Paços de Brandão). Therefore, its official website is the website for the school group.

http://www.aepacosbrandao.pt"
34777,Escola Básica de Madail,Madail,Oliveira de Azeméis,Jardim de Infância,http://www.soaresbasto.pt/,yes,domain doesn't match institution name,"The ""Escola Básica de Madail"" in Madail, Portugal, is part of the Agrupamento de Escolas Soares Basto. While the individual school does not appear to have its own separate official website, information about it can be found on the agrupamento's website. The website for the Agrupamento de Escolas Soares Basto is http://www.soaresbasto.pt/."
34778,Escola Básica N.º 1,Oliveira de Azeméis,Oliveira de Azeméis,Jardim de Infância,not found,,,"Escola Básica N.º 1 in Oliveira de Azeméis, Portugal, is part of the Agrupamento de Escolas Soares Basto. The official website for the Agrupamento de Escolas Soares Basto is where you can find information related to this school.

https://agrupamento-soaresbasto.pt/"
34788,Escola EB1/JI da Raiva,Raiva,Castelo de Paiva,Jardim de Infância,not found,,,https://vertexaisearch.cloud.google.com/grounding-api-redirect/AUZIYQEWN-yFMvEUD38MqSg9a3yc0gyw9syB0Aj0ASCkKECGfx2pq2Ewz305xFy41VJx34QuJ0GV96mm5Gpo0-CCY9PLSf_Rz-nQ0Pk0AjsvnJv220vntbx3pRliWMYOXJ_aAPNY3eSejnuWxi-IuYwcz9xuuiHF
34790,Jardim de Infância de Oliveira do Arda,Raiva,Castelo de Paiva,Jardim de Infância,https://www.aecmp.pt,yes,domain doesn't match institution name,"The ""Jardim de Infância de Oliveira do Arda"" is part of the ""Agrupamento de Escolas do Couto Mineiro do Pejão"" (AECMP). Therefore, its official information can be found on the AECMP website.

https://www.aecmp.pt"
34791,Escola Básica de Barrocas,,Aveiro,Jardim de Infância,https://centroescolardasbarrocas.wordpress.com,,,"The official website for ""Escola Básica de Barrocas"" in Aveiro, Portugal is https://centroescolardasbarrocas.wordpress.com."
34792,Escola Básica de Santiago,Glória,Aveiro,Jardim de Infância,https://www.aeaveiro.pt/,yes,domain doesn't match institution name,"The ""Escola Básica de Santiago"" in Glória, Portugal, is part of the Agrupamento de Escolas de Aveiro (AEA). While there isn't a dedicated website solely for Escola Básica de Santiago, information about it can be found on the AEA website.

The most relevant URL for information regarding the schools within the Agrupamento de Escolas de Aveiro, including Escola Básica de Santiago, is:

https://www.aeaveiro.pt/"
34793,Escola Básica de Esgueira,Esgueira,Aveiro,Jardim de Infância,https://aeesgueira.pt,,,"The ""Escola Básica de Esgueira"" is part of the ""Agrupamento de Escolas de Esgueira"" (School Group of Esgueira). The official website for the Agrupamento de Escolas de Esgueira is aeesgueira.pt."
34794,Escola Básica de Quinta do Simão,Aveiro,Aveiro,Jardim de Infância,https://aeesgueira.pt,yes,domain doesn't match institution name,"The Escola Básica de Quinta do Simão in Aveiro, Portugal, is part of the Agrupamento de Escolas de Esgueira (Schools Grouping of Esgueira). The official website for the Agrupamento de Escolas de Esgueira, which includes Escola Básica de Quinta do Simão, is aeesgueira.pt."
34796,Escola Básica N.º 4,Oliveira de Azeméis,Oliveira de Azeméis,Jardim de Infância,not found,,,not found
34797,Escola Básica Comendador António da Silva Rodrigues,Ul,Oliveira de Azeméis,Jardim de Infância,not found,,,not found
34805,Escola EB1/JI da Póvoa,Pedorido,Castelo de Paiva,Jardim de Infância,not found,,,"The ""Escola EB1/JI da Póvoa"" in Pedorido, Portugal, is part of the Agrupamento de Escolas do Couto Mineiro do Pejão (AECMP).

The official website for the Agrupamento de Escolas do Couto Mineiro do Pejão (AECMP), which includes Escola EB1/JI da Póvoa, is not explicitly provided in the search results. However, contact information is available. The school's address is Póvoa - Pedorido - 4550-544 Castelo de Paiva, and the phone number is 255 766 972."
34807,Escola Básica de Alumieira,Mataduços,Aveiro,Jardim de Infância,https://aeesgueira.pt/,yes,domain doesn't match institution name,"The Escola Básica de Alumieira in Mataduços, Portugal, is part of the Agrupamento de Escolas de Esgueira (School Grouping of Esgueira). Therefore, its official information can be found on the Agrupamento's website.

https://aeesgueira.pt/"
34808,Jardim-De-Infância da Gafanha da Encarnação Centro,Gafanha da Encarnação,Ílhavo,Jardim de Infância,not found,,,"The official website for ""Jardim-De-Infância da Gafanha da Encarnação Centro"" is part of the Agrupamento de Escolas da Gafanha da Encarnação website.

Here is the URL: https://www.aege.pt/jardins-de-infancia/"
34810,Escola Básica de São Silvestre,,Murtosa,Jardim de Infância,http://aemurtosa.edu.pt,yes,domain doesn't match institution name,"The ""Escola Básica de São Silvestre"" in Murtosa, Portugal, is part of the ""Agrupamento de Escolas da Murtosa"" (School Group of Murtosa).

The official website for the Agrupamento de Escolas da Murtosa, which includes Escola Básica de São Silvestre, is http://aemurtosa.edu.pt."
34813,Escola Básica de Areais,Santa Joana,Aveiro,Jardim de Infância,not found,,,not found
34814,Escola Básica N.º 1 de São Bernardo,S. Bernardo,Aveiro,Jardim de Infância,not found,,,not found
34815,Jardim de Infância de Cabo Luís,Cabo Luís,Aveiro,Jardim de Infância,not found,,,"The official website for ""Jardim de Infância de Cabo Luís"" was not found. The institution is part of the ""Agrupamento de Escolas de Esgueira"". While there is an email address provided as ji.caboluis@escolas.min-edu.pt, a dedicated website for the Jardim de Infância de Cabo Luís could not be identified through the search."
34816,Jardim-De-Infância da Gafanha da Encarnação Norte,Gafanha da Encarnação,Ílhavo,Jardim de Infância,not found,,,not found
34817,Jardim-De-Infância da Gafanha da Encarnação Sul,Gafanha da Encarnação,Ílhavo,Jardim de Infância,not found,,,"The ""Jardim-De-Infância da Gafanha da Encarnação Sul"" is part of the Agrupamento de Escolas da Gafanha da Encarnação (School Group of Gafanha da Encarnação). While there isn't a dedicated official website solely for the Jardim-De-Infância da Gafanha da Encarnação Sul, information about it can be found on the website of the Agrupamento de Escolas da Gafanha da Encarnação.

Therefore, the most relevant official website is the one for the school group it belongs to:
https://www.aege.pt/"
34820,Escola Básica do Monte,Monte,Murtosa,Jardim de Infância,http://agrcanelas.edu.pt/blogs/monte/,yes,domain doesn't match institution name,"It appears there are multiple ""Escola Básica do Monte"" institutions in Portugal. To provide the correct URL, I need more specific location information than just ""Monte, Portugal"". However, here are some URLs for ""Escola Básica do Monte"" in different locations:

*   **Escola Básica do Monte (Gulpilhares, Gaia):** http://agrcanelas.edu.pt/blogs/monte/
*   **EB1/PE do Monte (Funchal, Madeira):** https://escoladigital.madeira.gov.pt/eb1pelivramentom
*   **Escola Básica do Monte (Murtosa):** http://aemurtosa.edu.pt"
34822,Escola Básica de Solposto,Santa Joana,Aveiro,Jardim de Infância,not found,,,"The ""Escola Básica de Solposto"" in Santa Joana, Portugal, is part of the ""Agrupamento de Escolas José Estêvão"". While a direct official website for ""Escola Básica de Solposto"" itself was not found, the school's library has a website: https://bibsaobernardo.wixsite.com/website."
34823,Escola Básica de Pinheiro,Veiros,Estarreja,Jardim de Infância,https://aelixa.pt,yes,domain doesn't match institution name,"There appears to be some confusion regarding ""Escola Básica de Pinheiro"". There are multiple schools with this name in Portugal.

The ""Escola Básica de Pinheiro"" in Veiros, Estarreja, operates as part of the ""Agrupamento de Escolas de Estarreja"" (Estarreja School Cluster). While individual contact information is provided for the Pinheiro school (Rua Miguel Valente de Almeida, 3860-643 Veiros; Phone: 234 841 888), a dedicated, separate official website for this specific ""Escola Básica de Pinheiro"" in Veiros was not found. Instead, information for this school is integrated into the larger Estarreja school cluster.

Another ""Escola Básica de Pinheiro"" is located in Felgueiras and is part of the ""Agrupamento de Escolas da Lixa, Felgueiras"". This school has its own contact information and an email address (ebpinheiro@aelixa.pt).

Additionally, there is an ""Agrupamento de Escolas de Pinheiro"" which seems to be a larger school group with its own website providing information and services like GIAE Online for parents. This agrupamento is located at Rua Padre Manuel Ferreira Comprido, 4575-355 Pinheiro PNF.

Given the initial request for ""Escola Básica de Pinheiro"" in **Veiros, Portugal**, an official website solely for this specific institution was not found. Information points to it being part of a larger school grouping."
34824,Escola Básica de Mato,Avança,Estarreja,Jardim de Infância,not found,,,"It seems there might be a slight misunderstanding regarding the location. The search results indicate that ""Escola Básica do Mato"" (often referred to as Escola EB1 do Mato) is located in Estarreja, Portugal, and is part of the ""Agrupamento de Escolas de Estarreja"" (School Group of Estarreja). ""Avança"" might be a locality within Estarreja or a related area, but the school itself is explicitly linked to Estarreja.

Based on the information found, the official website for ""Escola Básica de Mato"" would be part of the Agrupamento de Escolas de Estarreja's website, if a separate one doesn't exist. However, a direct official website for ""Escola Básica de Mato"" was not found. The most relevant result is a page on the Eco-Escolas website dedicated to ""Escola EB1 do Mato"" which provides contact information and location details.

Therefore, the direct official website for ""Escola Básica de Mato"" in Avança, Portugal, is not found."
34826,Escola Básica de Cabeças,Veiros Etr,Estarreja,Jardim de Infância,not found,,,not found
34827,Escola Básica de Póvoa do Paço,Cacia,Aveiro,Jardim de Infância,not found,,,"The Escola Básica de Póvoa do Paço in Cacia, Portugal, is part of the Agrupamento de Escolas Rio Novo do Príncipe, Cacia, Aveiro. Therefore, its official information and related updates can be found on the agrupamento's website.

https://www.aernpcacia.pt/"
34828,Escola Básica de Quintã do Loureiro,Cacia,Aveiro,Jardim de Infância,not found,,,"The ""Escola Básica de Quintã do Loureiro"" in Cacia, Portugal, is part of the ""Agrupamento de Escolas Rio Novo do Príncipe - Cacia"" (AERNPCacia). While there isn't a standalone official website specifically for Escola Básica de Quintã do Loureiro, information about it can be found on the AERNPCacia website.

Here is the URL for the Agrupamento de Escolas Rio Novo do Príncipe - Cacia:
https://aernpcacia.pt/"
34829,Escola Básica de Sarrazola,Cacia,Aveiro,Jardim de Infância,not found,,,"The Escola Básica de Sarrazola is part of the Agrupamento de Escolas Rio Novo do Príncipe, Cacia, Aveiro. While there isn't a dedicated website solely for ""Escola Básica de Sarrazola,"" it is listed on the Agrupamento de Escolas Rio Novo do Príncipe website.

The official website for the Agrupamento de Escolas Rio Novo do Príncipe, which includes Escola Básica de Sarrazola, is not directly provided as a single URL in the search results. However, information about Escola Básica de Sarrazola can be found on the Eco-Escolas website and the Aveiro Municipal Council website."
34830,Escola Básica de Taboeira,Taboeira,Aveiro,Jardim de Infância,https://aeaveiro.pt,yes,domain doesn't match institution name,"Escola Básica de Taboeira is part of the ""Agrupamento de Escolas Rio Novo do Príncipe, Cacia, Aveiro"". While individual schools within an agrupamento often don't have their own separate official websites, the agrupamento itself does. The official website for the Agrupamento de Escolas de Aveiro is aeaveiro.pt. However, Escola Básica de Taboeira is specifically listed as belonging to the ""Agrupamento de Escolas Rio Novo do Príncipe, Cacia, Aveiro"".

Therefore, the most relevant official website would be for the Agrupamento de Escolas Rio Novo do Príncipe, Cacia. However, a direct website for this specific agrupamento was not found in the search results. Some sources mention a website for ""AERNPCacia"" which appears to be the Agrupamento de Escolas Rio Novo do Príncipe - Cacia. Unfortunately, the full URL for this website is not provided in the search results, only fragmented information within a larger document.

Given the available information, a direct, official website solely for ""Escola Básica de Taboeira"" was not found. The school is part of a larger agrupamento, and while the ""Agrupamento de Escolas de Aveiro"" has a website (aeaveiro.pt), Escola Básica de Taboeira belongs to a different agrupamento.

not found"
34831,Escola Básica de Paramos,Espinho,Espinho,Jardim de Infância,https://www.aemga.pt/,yes,domain doesn't match institution name,"""Escola Básica de Paramos"" is part of the ""Agrupamento de Escolas Dr. Manuel Gomes de Almeida"" (AEMGA). Therefore, the official website for ""Escola Básica de Paramos"" is the website of the AEMGA.

https://www.aemga.pt/"
34833,Escola Básica de Silvalde,Espinho,Espinho,Jardim de Infância,https://www.aemga.pt,yes,domain doesn't match institution name,"The Escola Básica de Silvalde is part of the Agrupamento de Escolas Dr. Manuel Gomes de Almeida (AEMGA). The official website for the agrupamento, which includes the Escola Básica de Silvalde, is www.aemga.pt."
34836,Jardim de Infância de Nojões,Real Cpv,Penalva do Castelo,Jardim de Infância,not found,,,"The ""Jardim de Infância de Nojões"" is part of the Agrupamento de Escolas de Castelo de Paiva. Its official information can be found on the agrupamento's website.

https://www.aecpaiva.pt/escolas/jardins-de-infancia/jardim-de-infancia-de-nojoes"
34837,"Escola Básica de Congosta,",Avança,Estarreja,Jardim de Infância,not found,,,"The official website for ""Escola Básica de Congosta"" in Avança, Portugal, was not found. The school is part of the Estarreja school group."
34840,Jardim de Infância de Requeixo,Requeixo,Aveiro,Jardim de Infância,not found,,,"The ""Jardim de Infância de Requeixo"" is part of the ""Agrupamento de Escolas de Eixo"" (School Grouping of Eixo). While there isn't a specific website solely for ""Jardim de Infância de Requeixo,"" its information, including contact details (phone: 234932449, email: geral@aeeixo.pt), can be found on the Mapa Social platform under the ""Agrupamento de Escolas de Eixo"".

Therefore, the official website for the larger institution it belongs to is likely: not found"
34843,Escola Básica de Macinhata do Vouga,Macinhata do Vouga,Águeda,Jardim de Infância,not found,,,"The ""Escola Básica de Macinhata do Vouga"" is part of the Agrupamento de Escolas de Valongo do Vouga (School Grouping of Valongo do Vouga). While the school itself doesn't appear to have an independent official website, information about it can be found on the Agrupamento's website.

The most relevant URL is the page for ""As nossas Escolas"" (Our Schools) on the Agrupamento de Escolas de Valongo do Vouga website, which lists the Escola Básica de Macinhata do Vouga.

https://www.aevalongodovouga.pt/index.php/escolas/as-nossas-escolas"
34855,Escola Básica Integrada Dr. Fernando Peixinho,,Oliveira do Bairro,Jardim de Infância,https://aeob.edu.pt,yes,domain doesn't match institution name,https://aeob.edu.pt
34856,Escola Básica de Verdemilho,Verdemilho,Aveiro,Jardim de Infância,https://aemsacramento.edu.pt/,yes,domain doesn't match institution name,"The Escola Básica de Verdemilho is part of the ""Agrupamento de Escolas Dr. Mário Sacramento"" in Aveiro, Portugal. Therefore, its official website is the website for the agrupamento (grouping of schools).

https://aemsacramento.edu.pt/"
34859,Jardim de Infância de Quinta do Picado,Quinta do Picado,Aveiro,Jardim de Infância,https://aemsacramento.edu.pt,yes,domain doesn't match institution name,"The ""Jardim de Infância de Quinta do Picado"" in Quinta do Picado, Portugal, is part of the ""Agrupamento de Escolas Dr. Mário Sacramento"".

The official website for the ""Agrupamento de Escolas Dr. Mário Sacramento"" is aemsacramento.edu.pt."
34860,Jardim de Infância de Sto António,,Albergaria-a-Velha,Jardim de Infância,https://www.aeaav.pt/,yes,domain doesn't match institution name,"The official website for ""Jardim de Infância de Sto António"" in Albergaria-a-Velha, Portugal, is not found as a standalone website.

However, there are references to a ""Jardim de Infância de Santo António"" that appears to be part of larger educational groupings or institutions:

*   It is listed as one of the schools within the Agrupamento de Escolas de Albergaria-a-Velha. The website for the Agrupamento de Escolas de Albergaria-a-Velha is https://www.aeaav.pt/.
*   Another ""Jardim de Infância Santo António"" is associated with ""A Beneficente"" which has the website https://www.abeneficente.pt/. However, this institution is located in Póvoa de Varzim, not Albergaria-a-Velha.
*   Other directories list ""Jardim De Infância Santo António"" in Valmaior, with a phone number but no website. Valmaior is a parish within the municipality of Albergaria-a-Velha."
34861,Jardim de Infância do Sobreiro,Albergaria-A-Velha,Albergaria-a-Velha,Jardim de Infância,not found,,,not found
34862,Escola Básica N.º 1 de Faria de Baixo,Vila de Cucujães,Oliveira de Azeméis,Jardim de Infância,not found,,,"The Escola Básica N.º 1 de Faria de Baixo is part of the Agrupamento de Escolas Dr. Ferreira da Silva.

The official website for the Agrupamento de Escolas Dr. Ferreira da Silva, which includes the Escola Básica N.º 1 de Faria de Baixo (also referred to as EB/JI Faria de Baixo), is:
https://www.aedrferreiradasilva.pt/"
34863,Escola Básica de Bustelo,São Roque,Oliveira de Azeméis,Jardim de Infância,not found,,,"The ""Escola Básica de Bustelo"" in São Roque, Portugal, is part of the Agrupamento de Escolas Dr. Ferreira da Silva. The official website for the Agrupamento de Escolas Dr. Ferreira da Silva, which includes information about Escola Básica de Bustelo, is not directly available through the search results.

Not found."
34865,Escola Básica de Picoto,Vila de Cucujães,Oliveira de Azeméis,Jardim de Infância,not found,,,"The ""Escola Básica de Picoto"" in Vila de Cucujães, Portugal, does not appear to have an independent official website. It is part of the ""Agrupamento de Escolas Dr. Ferreira da Silva"" in Oliveira de Azeméis.

You can find information related to Escola EB1/JI do Picoto on the Eco-Escolas website and within the Agrupamento de Escolas Dr. Ferreira da Silva website.

The website for the Agrupamento de Escolas Dr. Ferreira da Silva is http://agccucujaes-m.ccems.pt/course/view.php?id=37."
34867,"Escola Básica de Outeiro, Santiago de Riba-Ul",Santiago Riba-Ul,Oliveira de Azeméis,Jardim de Infância,not found,,,"The ""Escola Básica de Outeiro, Santiago de Riba-Ul"" is part of the Agrupamento de Escolas Ferreira de Castro. The website for this agrupamento (group of schools) is:

https://www.esfcastro.pt/"
34869,"Jardim de Infância de Cruzeiro, Santiago de Riba-Ul,",Santiago Riba-Ul,Oliveira de Azeméis,Jardim de Infância,not found,,,not found
34870,Jardim de Infância de Carvalho,Válega,Ovar,Jardim de Infância,not found,,,"""Jardim de Infância de Carvalho"" in Válega, Portugal, does not appear to have a standalone official website. However, information about the institution can be found on other educational and social directories.

It is part of the ""Agrupamento de Escolas Ovar Sul"". You can find contact information, including an email address (ji.carvalhovalega@escolas.min-edu.pt) and phone number (256503731), on sites like escoladevidro.pt and Mapa Social. Another listed phone number is 256581300. The institution is located at Rua Manuel Maria da Fonseca, Válega, 3880-621, Ovar, Aveiro, Portugal."
34871,"Escola Básica de Regedoura, Válega",Valega-Ovar,Ovar,Jardim de Infância,not found,,,"""Escola Básica de Regedoura"" in Válega, Ovar, Portugal does not appear to have an independent official website. It is part of the ""Agrupamento de Escolas de Ovar Sul"" (School Group of Ovar South).

Therefore, the closest thing to an ""official website"" would be the Agrupamento's website, but a direct URL for Escola Básica de Regedoura is not available in the search results. Some directories like Coverflex and Eco-Escolas list basic information but do not provide a dedicated website.

Therefore, the answer is ""not found""."
34872,JI de São Vicente de Pereira Jusã,São Vicente de Pereira Jusã,Ovar,Jardim de Infância,not found,,,not found
34874,Escola Básica de Parrinho,São João da Madeira,São João da Madeira,Jardim de Infância,https://aejsc.pt,yes,domain doesn't match institution name,"Escola Básica de Parrinho in São João da Madeira, Portugal, is part of the Agrupamento de Escolas João da Silva Correia (AEJSC). The official website for this school group is aejsc.pt."
34875,"Escola Básica das Fontaínhas,a",São João da Madeira,São João da Madeira,Jardim de Infância,not found,,,"The Escola Básica das Fontaínhas in São João da Madeira, Portugal, is part of the Agrupamento de Escolas João da Silva Correia (AEJSC). The official website for the agrupamento, which includes Escola Básica das Fontaínhas, is aejsc.edu.gov.pt."
34876,Escola Básica de Casaldelo,Casaldelo,São João da Madeira,Jardim de Infância,https://aejsc.pt/,yes,domain doesn't match institution name,"The ""Escola Básica de Casaldelo"" in Casaldelo, Portugal, is part of the ""Agrupamento de Escolas João Silva Correia"" (AEJSC).

The official website for the Agrupamento de Escolas João Silva Correia, which includes Escola Básica de Casaldelo, is: https://aejsc.pt/"
34877,Escola Básica de Carquejido,Carquejido,São João da Madeira,Jardim de Infância,not found,,,"Escola Básica de Carquejido is part of the ""Agrupamento de Escolas João da Silva Correia"" (AEJSC) in São João da Madeira, Portugal. Therefore, its official website is the website of the AEJSC.

https://www.aejsc.edu.pt/"
34878,Escola Básica de Fundo de Vila,São João da Madeira,São João da Madeira,Jardim de Infância,https://www.essl.pt,yes,domain doesn't match institution name,"The ""Escola Básica de Fundo de Vila"" is part of the ""Agrupamento de Escolas Dr. Serafim Leite"" in São João da Madeira.

The official website for the Agrupamento de Escolas Dr. Serafim Leite, which includes Escola Básica de Fundo de Vila, is https://www.essl.pt.

Therefore, the official website for Escola Básica de Fundo de Vila is: https://www.essl.pt."
34879,Escola Básica do Parque,Parque,São João da Madeira,Jardim de Infância,https://essl.pt,yes,domain doesn't match institution name,"The ""Escola Básica do Parque"" in Parque, São João da Madeira, Portugal, is part of the Agrupamento de Escolas Dr. Serafim Leite. The official website for the Agrupamento de Escolas Dr. Serafim Leite, which includes the Escola Básica do Parque, is essl.pt."
36427,Escola Básica de Vila Chã,Vale de Cambra,Vale de Cambra,Jardim de Infância,not found,,,"""Escola Básica de Vila Chã"" in Vale de Cambra is part of the ""Agrupamento de Escolas de Búzio, Vale de Cambra"" (School Grouping of Búzio, Vale de Cambra). While there isn't a dedicated official website solely for ""Escola Básica de Vila Chã,"" its information can be found within the larger agrupamento.

Therefore, the most relevant official website would be for the Agrupamento de Escolas de Búzio, Vale de Cambra. However, a direct URL for this agrupamento was not found in the search results. Other search results show the emails and phones of the institution but not the URL."
36428,Escola Básica do Côvo,Vale de Cambra,Vale de Cambra,Jardim de Infância,https://www.aebuzio.pt/,yes,domain doesn't match institution name,"Escola Básica do Côvo in Vale de Cambra, Portugal, does not appear to have an independent official website. It is part of the Agrupamento de Escolas de Búzio, Vale de Cambra.

While the school itself doesn't have a distinct website, here are some relevant URLs:

*   **Agrupamento de Escolas do Búzio (likely the overarching institution):** https://www.aebuzio.pt/
*   **Portal da Educação de Vale de Cambra (municipal education portal):** https://www.educacao.cm-valedecambra.pt/
*   **Directório Nacional Sobre os Serviços Públicos em Portugal (entry for the school with contact info):** https://vertexaisearch.cloud.google.com/grounding-api-redirect/AUZIYQHETb-V2Ch8zthEPevsZXUshaOmQRZC4Ed8KE75NHSidAMa-hC7-grerd1gS0Y2J5qDiKzMq9abSxDtSHVZSQsfF8KOlqVYXPfgGUB5LUzyfHrnrsmPxQQ0nJPY3hMNXN9AECi-GxchibFJP8wD2HvdW-g6Yj1-6xCQHks5IAl254boALSNNmzauz3ZUyfNU-Z4u9gs

Therefore, ""not found"" for a dedicated website, but the school falls under the Agrupamento de Escolas do Búzio."
36429,Escola Básica de Codal,Vale de Cambra,Vale de Cambra,Jardim de Infância,not found,,,"The Escola Básica de Codal in Vale de Cambra, Portugal, does not appear to have an independent official website. It is part of the Agrupamento de Escolas de Búzio (School Grouping of Búzio), Vale de Cambra.

While there isn't a direct website for ""Escola Básica de Codal,"" you might find information related to it on the website of the Municipality of Vale de Cambra or the Agrupamento de Escolas de Búzio."
36432,Escola Básica de Macinhata,Vale de Cambra,Vale de Cambra,Jardim de Infância,not found,,,not found
36438,Escola Básica de Angeja,Angeja,Albergaria-a-Velha,Jardim de Infância,not found,,,not found
36855,EB1/JI de Casal da Renda,Paraíso Cpv,Castelo de Paiva,Jardim de Infância,not found,,,"The official website for EB1/JI de Casal da Renda in Paraíso Cpv, Portugal is not found. However, it is part of the ""AGRUPAMENTO DE ESCOLAS DO COUTO MINEIRO DO PEJÃO"" and can be found listed on the AECMP website (Agrupamento de Escolas do Couto Mineiro do Pejão).

Here is the link to the EB1 de Casal da Renda page on the AECMP website: https://aecmp.pt/eb1-de-casal-da-renda/"
36953,EB1/JI de Prime,Mozelos,Santa Maria da Feira,Jardim de Infância,https://www.aeaaamorim.pt/eb1-ji-prime/,yes,domain doesn't match institution name,"The official website for ""EB1/JI de Prime"" in Mozelos, Portugal is part of the ""Agrupamento de Escolas António Alves Amorim"" website.

Here is the URL: https://www.aeaaamorim.pt/eb1-ji-prime/"
36954,Centro Escolar de Sobral,Mozelos,Santa Maria da Feira,Jardim de Infância,not found,,,"The ""Centro Escolar de Sobral"" in Mozelos, Portugal, is part of the Agrupamento de Escolas António Alves de Amorim. Its official webpage within the agrupamento's website is:

https://www.aasm.pt/eb1ji-sobral/"
37592,Escola Básica de Albergaria-A-Nova,Albergaria-A-Velha,Coruche,Jardim de Infância,https://www.aeaav.pt,yes,domain doesn't match institution name,"The Escola Básica de Albergaria-A-Nova is part of the ""Agrupamento de Escolas de Albergaria-a-Velha"" (School Group of Albergaria-a-Velha). The official website for this school group is www.aeaav.pt."
37593,Escola Básica de Laginhas,Albergaria-A-Velha,Coruche,Jardim de Infância,not found,,,The official website for Escola Básica de Laginhas is http://www.eb1-laginhas-n1.rcts.pt.
37594,Escola Básica de Janardo,Vale de Cambra,Vale de Cambra,Jardim de Infância,not found,,,not found
37596,"Escola Básica de Pereire, Sardoura",Castelo de Paiva,Castelo de Paiva,Jardim de Infância,http://www.aecpaiva.pt,yes,domain doesn't match institution name,"The ""Escola Básica de Pereire, Sardoura"" is part of the Agrupamento de Escolas de Castelo de Paiva.

The official website for the Agrupamento de Escolas de Castelo de Paiva is http://www.aecpaiva.pt."
38299,Instituto Duarte Lemos,Trofa do Vouga,Águeda,Jardim de Infância,not found,,,"The official website for ""Instituto Duarte Lemos"" in Trofa do Vouga, Portugal is www.institutoduartelemos.com.pt."
1017,Centro Apoio à Pequena Infância,Messejana,Aljustrel,Creche e Jardim de Infância,https://escoladevidro.pt,yes,domain doesn't match institution name; combined tipo — may have split pages,"""Centro Apoio à Pequena Infância"" in Messejana, Portugal does not appear to have an independent official website. However, it is listed on other Portuguese education and social services directories.

It is associated with ""Engenho & Arte - Associação para a Defesa e Valorização de Messejana"" and can be found on sites like escoladevidro.pt, Mapa Social, and Skoolist.pt. These listings provide contact information, including a phone number (284655390) and an email address (engenhoarte@escolas.min-edu.pt or engenhoearte@gmail)."
1022,Centro Infantil,Mértola,Mértola,Creche,not found,,,"The ""Centro Infantil"" in Mértola, Portugal, is part of the Santa Casa da Misericórdia de Mértola.

Their official website is: https://misericordiademertola.pt/"
1042,Infantário Santa Casa Misericórdia de Cuba,Cuba,Cuba,Creche,https://www.scmcuba.pt,,,"The official website for ""Infantário Santa Casa Misericórdia de Cuba"" is part of the larger ""Santa Casa da Misericórdia de Cuba"" institution, and its URL is www.scmcuba.pt."
1043,Creche e JI Seara Nova,Beringel,Beja,Creche,https://fasl.pt/respostas-sociais/creche-searinha/,yes,domain doesn't match institution name,https://fasl.pt/respostas-sociais/creche-searinha/
1060,Centro Infantil Nossa Senhora do Carmo,Moura,Moura,Creche e Jardim de Infância,https://centro-infantil.pt,yes,combined tipo — may have split pages,"The official website for ""Centro Infantil Nossa Senhora do Carmo"" in Moura, Portugal is centro-infantil.pt."
1069,Creche Jardim Nossa Senhora da Conceição,Serpa,Serpa,Creche e Jardim de Infância,not found,,,not found
19981,Jardim Infantil Nossa Senhora da Conceição,Beja,Beja,Creche e Jardim de Infância,not found,,,"The official website for ""Jardim Infantil Nossa Senhora da Conceição"" in Beja, Portugal is http://www.jardiminfantilsconceicao.com."
20701,"Creche ""O Sonho da Criança""",Beja,Beja,Creche,not found,,,not found
24677,Creche o Bem-Me-Quer,Amareleja,Moura,Creche,not found,,,"Creche o Bem-Me-Quer in Amareleja, Portugal, does not appear to have its own independent official website. It is operated by ""Moura Salúquia - Associação de Mulheres do Concelho de Moura"". You can find information about Creche o Bem-Me-Quer on the Moura Salúquia website.

Here is the URL for the Moura Salúquia website where ""Creche Bem me Quer"" is mentioned: https://mourasaluquia.pt/projectos-para-a-infancia/"
25070,Creche - Aldeia Nova,Vila Nova de São Bento,Serpa,Creche,not found,,,"The ""Creche Aldeia Nova"" in Vila Nova de São Bento, Portugal, is part of the ""Associação Aldeia Nova"".

While there isn't a dedicated website solely for the ""Creche - Aldeia Nova,"" information about it can be found on the ""Associação Aldeia Nova"" page. The contact details for ""Creche Aldeia Nova"" are provided as: Avenida da Liberdade s/n, 7830-050 Vila Nova de São Bento; Telephone: 284 588 659; E-mail: associacao_aldeianova@live.com.pt.

not found"
25818,Os Calculinhos,São Teotónio,Odemira,Creche,http://crecheoscalculinhos.blogspot.pt,,,http://crecheoscalculinhos.blogspot.pt
29321,Casa Beatriz Gambôa,Boavista dos Pinheiros,Odemira,Creche,https://sapo.pt,yes,domain doesn't match institution name,"While ""Casa Beatriz Gambôa"" is listed on several Portuguese directories for childcare institutions, it appears to be an equipment or facility that is part of a larger institution called ""Jardim de Infância Nossa Senhora da Piedade"".

The official website for ""Jardim de Infância Nossa Senhora da Piedade"" is not available through the search results. The contact information for ""Casa Beatriz Gambôa"" or ""Jardim de Infância Nossa Senhora da Piedade"" includes an email address: jardimdeinfancia@sapo.pt, and phone numbers: 283322246 and 283308084.

Therefore, an official website for ""Casa Beatriz Gambôa"" cannot be found."
32290,"Creche "" Amor Perfeito""",Moura,Moura,Creche,not found,,,"The official website for ""Creche Amor Perfeito"" in Moura, Portugal, is part of the Moura Salúquia - Associação de Mulheres do Concelho de Moura website.

https://moura-saluquia.webnode.pt/creches-nav-outros-projetos/creche-amor-perfeito/"
37398,Creche Maria Fernanda,Vila Nova da Baronia,Alvito,Creche,https://scmalvito.pt,yes,domain doesn't match institution name,"""Creche Maria Fernanda"" in Vila Nova da Baronia, Portugal does not appear to have a dedicated official website. However, it is listed as being owned by ""Santa Casa da Misericórdia de Alvito"".

You can find information about ""Creche Maria Fernanda"" and its contact details on the ""Mapa Social"" platform, which congregates institutions and social responses in Portugal. The email listed for the institution is geral@scmalvito.pt.

Additionally, the ""Junta de Freguesia de Vila Nova da Baronia"" website mentions the creche and provides a contact number for ""Creche Maria Fernando (Santa Casa da Misericórdia de Alvito)"" as 284 485 571."
29565,Colégio de Nossa Senhora da Graça,Vila Nova de Milfontes,Odemira,Jardim de Infância,https://colegionsgraca.com.pt,yes,domain doesn't match institution name,"The official website for ""Colégio de Nossa Senhora da Graça"" in Vila Nova de Milfontes, Portugal is colegionsgraca.com.pt."
29872,Jardim de Infância de Panóias,Panóias,Ourique,Jardim de Infância,not found,,,"The ""Jardim de Infância de Panóias"" in Panóias, Portugal, does not appear to have a dedicated, independent official website.

However, information regarding a ""Jardim de Infância de Panóias"" (specifically ""Jardim de Infância de Panóias de Cima"") can be found as part of the Agrupamento de Escolas da Sé in Guarda. The Agrupamento de Escolas da Sé website includes a section on pre-school education where ""JI Panóias"" is listed with contact information.

Additionally, the ""Associação Cultural e Social da Freguesia de Panóias"" (ACSFPANOIAS), an IPSS (Private Institution of Social Solidarity) located in Panóias de Cima, mentions the ""Jardim de Infância de Panóias"" in relation to their ""Componente de Apoio à Família"" service, which guarantees meals and extended hours for children attending the kindergarten. The ACSFPANOIAS has its own website.

Given this, there isn't a direct official website solely for ""Jardim de Infância de Panóias."" The relevant URLs are:

*   **Agrupamento de Escolas da Sé (mentions JI Panóias):** https://aese.pt/pre-escolar/
*   **Associação Cultural e Social da Freguesia de Panóias (related services):** https://associacao-cultural-social-freguesia-de-panoias7.webnode.pt/"
29873,Escola Básica de Baleizão,Baleizão,Beja,Jardim de Infância,https://www.agr1beja.pt,yes,domain doesn't match institution name,"Escola Básica de Baleizão is part of the ""Agrupamento de Escolas n.º 1 de Beja"" (School Grouping No. 1 of Beja). The official website for this grouping is www.agr1beja.pt."
29875,Escola Básica de Santa Vitória,Santa Vitória,Beja,Jardim de Infância,not found,,,not found
29876,Escola Básica de Santa Clara do Louredo,Santa Clara de Louredo,Beja,Jardim de Infância,not found,,,not found
29877,Escola Básica de Albernoa,Albernoa,Beja,Jardim de Infância,https://ae2beja.pt,yes,domain doesn't match institution name,"The Escola Básica de Albernoa is part of the Agrupamento de Escolas n.º 2 de Beja. The official website for the agrupamento (grouping of schools) that includes Escola Básica de Albernoa is ae2beja.pt.

https://ae2beja.pt"
29913,"Jardim de Infância de Garvão, Ourique",,Gavião,Jardim de Infância,not found,,,"The ""Jardim de Infância de Garvão, Ourique"" is part of the Agrupamento de Escolas de Ourique.

Therefore, the official website is: https://aeourique.pt/"
29986,Jardim de Infância de Vila Nova de Milfontes,Vila Nova de Milfontes,Odemira,Jardim de Infância,not found,,,"The ""Jardim de Infância de Vila Nova de Milfontes"" is part of the Agrupamento de Escolas de Vila Nova de Milfontes.

The official website for the Agrupamento de Escolas de Vila Nova de Milfontes, which includes the Jardim de Infância de Vila Nova de Milfontes, is https://agrupamentomilfontes.wixsite.com/agrupamentomilfontes."
30732,Escola Básica de Abade Correia da Serra,Serpa,Serpa,Jardim de Infância,https://aeserpa1.edu.gov.pt,yes,domain doesn't match institution name,The official website for Escola Básica de Abade Correia da Serra is part of the Agrupamento de Escolas n.º 1 de Serpa. The URL is https://aeserpa1.edu.gov.pt.
30733,Escola Básica de Brinches,Brinches,Serpa,Jardim de Infância,not found,,,"The Escola Básica de Brinches is part of the Agrupamento de Escolas n.º 1 de Serpa.

https://www.agrupamentodeescolasdeserpa1.pt/agrupamento/escolas/eb-brinches"
31229,Epei a-Do-Pinto,A-Do-Pinto,Serpa,Jardim de Infância,not found,,,"I was unable to find an official website for ""Epei a-Do-Pinto"" in A-Do-Pinto, Portugal. While there is information about its location and contact details (a phone number), an official website for the childcare institution itself does not appear in the search results.

It's important to note that some of the search results refer to a restaurant called ""À do Pinto"" in Faro, Portugal, which does have a website, but this is a different establishment. There's also a ""Quinta do Pinto"" which is a wine producer, and a general ""Pinto"" associated with the local government of Pinto, Spain, none of which are the childcare institution you are looking for."
31230,Jardim de Infância de Mértola,Mértola,Mértola,Jardim de Infância,not found,,,"The ""Jardim de Infância de Mértola"" is part of the Agrupamento de Escolas de Mértola (Mértola Schools Group). Therefore, its official information can be found on the Agrupamento de Escolas de Mértola website.

https://www.aemertola.pt/"
31448,Escola Básica N.º 2 de Saboia,Sabóia,Odemira,Jardim de Infância,https://aesaboia.edu.gov.pt/,,,https://aesaboia.edu.gov.pt/
31505,Jardim de Infância de Sete e Meio,Moura,Moura,Jardim de Infância,https://www.agmoura.pt/,yes,domain doesn't match institution name,"The ""Jardim de Infância de Sete e Meio"" in Moura, Portugal, is part of the Agrupamento de Escolas de Moura (Moura School Group). Its official website is likely integrated within the Agrupamento's website.

The URL for the Agrupamento de Escolas de Moura is: https://www.agmoura.pt/"
31506,Escola Básica de Bombeiros Voluntários,Moura,Moura,Jardim de Infância,not found,,,"The ""Escola Básica de Bombeiros Voluntários"" in Moura, Portugal, is part of the Agrupamento de Escolas de Moura. The official website for the Agrupamento de Escolas de Moura, which includes the Escola Básica de Bombeiros Voluntários, is available.

https://www.agrupamentodeescolasdemoura.pt/escolas/eb1-bombeiros/"
31508,Jardim de Infância de Sobral da Adiça,Sobral da Adiça,Moura,Jardim de Infância,https://www.jf-sobraladica.pt,,,"The ""Jardim de Infância de Sobral da Adiça"" is listed as an infrastructure on the official website of the Junta de Freguesia de Sobral da Adiça.

The official website for the Junta de Freguesia de Sobral da Adiça is: https://www.jf-sobraladica.pt"
31523,Jardim de Infância de Santo Aleixo Restauração,Santo Aleixo Restauração,Moura,Jardim de Infância,not found,,,"The ""Jardim de Infância de Santo Aleixo Restauração"" is part of the ""Agrupamento de Escolas Professor Francisco Honrado Pereira - Amareleja"". While there isn't a dedicated website for the Jardim de Infância itself, you can find information related to it on the Agrupamento's page within the ""Agrupamento de Escolas de Amareleja"" website.

not found"
31558,Ebi JI Frei António Chagas,Vidigueira,Vidigueira,Jardim de Infância,not found,,,"The ""Ebi JI Frei António Chagas"" in Vidigueira, Portugal, is part of the Agrupamento de Escolas de Vidigueira.

The official website for the Agrupamento de Escolas de Vidigueira is: https://www.aevidigueira.pt"
31596,Jardim de Infância de Aldeia dos Fernandes,Aldeia dos Fernandes,Almodôvar,Jardim de Infância,not found,,,"The ""Jardim de Infância de Aldeia dos Fernandes"" is part of the Agrupamento de Escolas de Almodôvar (School Group of Almodôvar). The official website for the Agrupamento de Escolas de Almodôvar is where you can find information related to the Jardim de Infância de Aldeia dos Fernandes.

http://www.aealmodovar.edu.gov.pt/"
32146,Escola Básica de Fojo,Moura,Moura,Jardim de Infância,https://www.agmoura.pt,yes,domain doesn't match institution name,"The Escola Básica de Fojo in Moura, Portugal, is part of the Agrupamento de Escolas de Moura.

The official website for the Agrupamento de Escolas de Moura, which includes Escola Básica de Fojo, is: https://www.agmoura.pt"
32321,Jardim Infância de Vila Nova de S. Bento,Vila Nova de São Bento,Serpa,Jardim de Infância,not found,,,"The ""Jardim de Infância de Vila Nova de S. Bento"" is part of the Agrupamento de Escolas n.º 2 de Serpa (School Grouping No. 2 of Serpa). This grouping includes several schools and kindergartens in the area.

The official website for the Agrupamento de Escolas n.º 2 de Serpa is where information regarding the Jardim de Infância de Vila Nova de S. Bento can be found.

https://www.aeserpa2.pt/"
32337,Jardim de Infância de Vila Verde de Ficalho,Vila Verde de Ficalho,Serpa,Jardim de Infância,https://www.ae2serpa.pt,yes,domain doesn't match institution name,"The ""Jardim de Infância de Vila Verde de Ficalho"" is part of the Agrupamento de Escolas n.º 2 de Serpa. The official website for this educational group is:

https://www.ae2serpa.pt"
32473,Jardim-De-Infância e Escola Básica de 1º Ciclo de São Luís,São Luís,Odemira,Jardim de Infância,not found,,,"The official website for ""Jardim-De-Infância e Escola Básica de 1º Ciclo de São Luís"" in São Luís, Portugal, appears to be part of the Agrupamento de Escolas de Vila Nova de Milfontes, Odemira. While a direct, standalone website for the institution wasn't found, an email address and phone number are listed in directories: eb1ji.sluis@escolas.min-edu.pt and 283975245. Another institution named ""Escola Básica de S. Luís"" in Faro, which includes a ""Jardim de Infância"" (kindergarten), is part of the Agrupamento de Escolas Tomás Cabreira, and its contact email is s.luis@agr-tc.pt with a phone number 289 824 021.

Given the different locations and agrupamentos (school clusters), it's important to confirm which ""São Luís"" is the target. The search results primarily point to an ""Escola Básica de São Luís"" in Odemira, which includes pre-school and 1º Ciclo (1st cycle of basic education).

not found"
32475,Escola Básica de Algodor,Alcaria Ruiva,Mértola,Jardim de Infância,not found,,,not found
32483,E.b. 1 e Jardim de Infância de Castelão,S. Luís,Odemira,Jardim de Infância,not found,,,"The ""E.B. 1 e Jardim de Infância de Castelão"" in S. Luís, Portugal, is part of a larger school grouping. It is associated with the Agrupamento de Escolas de Vila Nova de Milfontes, Odemira.

While there isn't a dedicated website solely for E.B. 1 e Jardim de Infância de Castelão, you can find information about it on the Agrupamento de Escolas de Vila Nova de Milfontes website.

Therefore, the official website for the grouping that includes ""E.b. 1 e Jardim de Infância de Castelão"" is: https://agrupamentomilfontes.wixsite.com/agrupamentomilfontes"
32504,Escola Básica de Santana de Cambas,Santana de Cambas,Mértola,Jardim de Infância,not found,,,"The Escola Básica de Santana de Cambas is part of the Agrupamento de Escolas de Mértola (School Group of Mértola). Therefore, the official website for ""Escola Básica de Santana de Cambas"" is the website of the Agrupamento de Escolas de Mértola.

https://www.aemertola.pt"
32629,EB1 C/JI de Pedrogão,Pedrogão,Vidigueira,Jardim de Infância,not found,,,"The official website for ""EB1 C/JI de Pedrogão"" in Pedrogão, Portugal, is part of the Agrupamento de Escolas de Vidigueira: https://www.agrupamentodevidigueira.pt/index.php/as-nossas-escolas/pedrog%C3%A3o."
32630,EB1 C/JI de Vila de Frades,Vila de Frades,Vidigueira,Jardim de Infância,not found,,,"The ""EB1 C/JI de Vila de Frades"" is part of the Agrupamento de Escolas de Vidigueira. While there doesn't appear to be a dedicated website solely for EB1 C/JI de Vila de Frades, information about it can be found on the Agrupamento de Escolas de Vidigueira website.

Here's the relevant URL: https://www.aevid.pt/"
32631,EB1 C/JI de Selmes,Selmes,Vidigueira,Jardim de Infância,not found,,,"The official website for EB1 C/JI de Selmes is part of the Agrupamento de Escolas de Vidigueira.

The specific page for EB1 C/JI de Selmes can be found at: https://www.aev.edu.pt/as-nossas-escolas/selmes/"
32713,Jardim de Infância de Vila Ruiva,Vila Ruiva,Cuba,Jardim de Infância,not found,,,"The ""Jardim de Infância de Vila Ruiva"" is part of the Agrupamento de Escolas de Cuba (School Group of Cuba). While there isn't a dedicated website for the Jardim de Infância de Vila Ruiva itself, its information, including contact details, can be found on pages related to the Agrupamento de Escolas de Cuba and other social support platforms.

Therefore, ""not found""."
32787,Escola Básica Prof. Francisco Honrado Pereira - Amareleja,Amareleja,Moura,Jardim de Infância,https://amareleja.edu.gov.pt/site/,,,https://amareleja.edu.gov.pt/site/
33241,Escola Básica/Jardim de Infância de de Santa Bárbara de Padrões,,Castro Verde,Jardim de Infância,not found,,,"The ""Escola Básica/Jardim de Infância de Santa Bárbara de Padrões"" is part of the Agrupamento de Escolas de Castro Verde (School Group of Castro Verde).

The official website for the Agrupamento de Escolas de Castro Verde is: not found"
33266,Escola Básica de Luzianes-Gare,Luzianes-Gare,Odemira,Jardim de Infância,https://www.aesaboia.pt/,yes,domain doesn't match institution name,"""Escola Básica de Luzianes-Gare"" is part of the ""Agrupamento de Escolas de Saboia (Odemira)"". While there isn't a dedicated website for Escola Básica de Luzianes-Gare, information about the school can be found on the website of its agrupamento.

https://www.aesaboia.pt/"
33267,Escola Básica/Jardim de Infância de Entradas,Castro Verde,Castro Verde,Jardim de Infância,not found,,,"The ""Escola Básica/Jardim de Infância de Entradas"" is part of the ""Agrupamento de Escolas de Castro Verde"" (Castro Verde School Cluster). Therefore, its official information is integrated within the cluster's website.

https://www.escolasdecastroverde.edu.pt/"
33268,Jardim de Infância de Castro Verde,Castro Verde,Castro Verde,Jardim de Infância,https://escastroverde.edu.pt,,,"The ""Jardim de Infância de Castro Verde"" is part of the Agrupamento de Escolas de Castro Verde (Schools Group of Castro Verde). Therefore, its official information can be found on the Agrupamento de Escolas de Castro Verde website. The email provided for the Jardim de Infância de Castro Verde is direcao@escastroverde.edu.pt.

The official website for the Agrupamento de Escolas de Castro Verde is www.escastroverde.edu.pt."
33360,Escola Básica Mário Beirão,Beja,Beja,Jardim de Infância,https://ae2beja.pt,yes,domain doesn't match institution name,"The Escola Básica Mário Beirão is part of the Agrupamento de Escolas N.º 2 de Beja. The official website for the agrupamento, which includes Escola Básica Mário Beirão, is ae2beja.pt.

ae2beja.pt"
33362,Escola Básica de Cabeça Gorda,Cabeça Gorda,Beja,Jardim de Infância,https://ae2beja.pt,yes,domain doesn't match institution name,"The ""Escola Básica de Cabeça Gorda"" is part of the Agrupamento de Escolas 2 de Beja (School Grouping 2 of Beja). Therefore, its official information, including contact details and potentially a dedicated page, would be found on the agrupamento's website. However, a direct, independent website for ""Escola Básica de Cabeça Gorda"" was not found.

The Agrupamento de Escolas 2 de Beja website is: ae2beja.pt."
34882,Escola Básica de São Matias,São Matias,Nisa,Jardim de Infância,not found,,,"The official website for Escola Básica de São Matias can be found on the Junta de Freguesia de São Matias (Parish Council of São Matias) website.

URL: https://www.jfsaomatias.pt/rede-escolar/escola-basica-de-sao-matias-jardim-de-infancia-de-sao-matias"
34884,Escola Básica de Beringel,,Beja,Jardim de Infância,https://www.agr1beja.pt,yes,domain doesn't match institution name,Escola Básica de Beringel is part of the Agrupamento de Escolas n.º 1 de Beja. The official website for this agrupamento (grouping of schools) is www.agr1beja.pt.
34885,Escola Básica de Trigaches,Trigaches,Beja,Jardim de Infância,not found,,,"Escola Básica de Trigaches is part of the ""Agrupamento de Escolas N.º 1 de Beja"". The official website for this school cluster is https://www.aeb1beja.pt/."
34887,Escola Básica de Zambujeira do Mar,Zambujeira do Mar,Odemira,Jardim de Infância,not found,,,"The ""Escola Básica de Zambujeira do Mar"" is part of the ""Agrupamento de Escolas de São Teotónio"" (Schools Group of São Teotónio).

You can find information related to the school on the Agrupamento's website: https://aest.edu.pt/"
34890,Escola Básica de São Martinho das Amoreiras,S Martinho das Amoreiras,Odemira,Jardim de Infância,not found,,,not found
34892,Centro Escolar da Boavista dos Pinheiros,Boavista dos Pinheiros,Odemira,Jardim de Infância,not found,,,"The Centro Escolar da Boavista dos Pinheiros is located in Odemira, Portugal, and is part of the Agrupamento de Escolas de Odemira. While direct official website for the ""Centro Escolar da Boavista dos Pinheiros"" was not found, it is managed by the ""Agrupamento de Escolas de Odemira"". Therefore, its information would likely be found on the agrupamento's website.

However, the specific URL for the Agrupamento de Escolas de Odemira was not provided in the search results.

not found"
34893,Escola Básica de Ervidel,Ervidel,Aljustrel,Jardim de Infância,not found,,,not found
34894,Escola Básica de Rio de Moinhos,Rio de Moinhos Ajt,Aljustrel,Jardim de Infância,not found,,,"There are multiple schools named ""Escola Básica de Rio de Moinhos"" in Portugal, located in different municipalities (e.g., Esposende, Abrantes, Borba, Aljustrel, Arouca). Without more specific information about the ""Ajt"" in ""Rio de Moinhos Ajt"", it is difficult to definitively identify the correct official website.

However, based on the search results, here are potential official websites or pages related to schools with this name:

*   **For Escola Básica de Rio de Moinhos in Esposende:**
    *   https://esposendeeduca.pt/escola/escola-basica-de-rio-de-moinhos/
    *   https://www.municipio.esposende.pt/pages/917

*   **For Escola Básica de Rio de Moinhos (part of Agrupamento de Escolas Nº 2 de Abrantes) in Abrantes:**
    *   This school is referred to as ""Centro Escolar de Rio de Moinhos"" on the Eco-Escolas website, and its parent group is ""Agrupamento de Escolas Nº 2 de Abrantes"". You might find information on the agrupamento's website, though a direct link to the specific school wasn't found in this search.

*   **For Escola Básica de Rio de Moinhos (part of Agrupamento de Escolas de Aljustrel) in Aljustrel:**
    *   https://www.aealjustrel.pt/eb1ji-de-rio-de-moinhos/ (Note: This page indicates it is ""Em construção"" - under construction).

*   **For Escola Básica de Rio de Moinhos (part of A. E. Borba) in Borba:**
    *   You might find information on the Agrupamento de Escolas de Borba website: https://www.aeborba.pt/escolas-e-oferta-formativa/ (This page lists the school but doesn't appear to be the school's direct website).

*   **For Escola Básica de Rio de Moinhos (part of Agrupamento de Escolas de Arouca) in Arouca:**
    *   You might find information on the Agrupamento de Escolas de Arouca website: https://www.ae-arouca.pt/

Without clarification on ""Ajt"", returning ""not found"" is the most appropriate action as the specific institution cannot be definitively identified."
34895,Escola Básica de Messejana,Messejana,Aljustrel,Jardim de Infância,not found,,,"The ""Escola Básica de Messejana"" is part of the Agrupamento de Escolas de Aljustrel, and its official website can be found within the agrupamento's website.

Here is the URL: https://www.aeresaljustrel.pt/eb1ji-de-messejana/"
34896,Escola Básica de Ferreira do Alentejo,Ferreira do Alentejo,Ferreira do Alentejo,Jardim de Infância,https://www.avefa.pt,yes,domain doesn't match institution name,"The ""Escola Básica de Ferreira do Alentejo"" is part of the ""Agrupamento de Escolas de Ferreira do Alentejo"" (School Group of Ferreira do Alentejo). The official website for this school group is www.avefa.pt."
34897,Escola Básica de Santa Margarida do Sado,Figueira dos Cavaleiros,Ferreira do Alentejo,Jardim de Infância,https://avefa.pt,yes,domain doesn't match institution name,"The official website for ""Escola Básica e Jardim de Infância de Santa Margarida do Sado"" is likely part of the ""AEFA – Agrupamento de Escolas de Ferreira do Alentejo"" (Schools Group of Ferreira do Alentejo). The specific URL found for ""EB e Jardim de Infância de Santa Margarida do Sado"" is listed as ""Consultar website"" within the Ferreira do Alentejo Municipality's establishments of education page, but the direct link is not provided in the snippet.

However, the general website for the ""AEFA – Agrupamento de Escolas de Ferreira do Alentejo"" is listed as ""geral@avefa.pt"" (email) and ""W. Consultar website.""

Given the information, a direct, isolated official website for ""Escola Básica de Santa Margarida do Sado"" is not explicitly found, but it is part of a larger school group whose website would likely contain information about it.

Therefore, the closest answer is: not found (as a direct, independent URL)."
34899,Jardim de Infância de Figueira de Cavaleiros,Ferreira do Alentejo,Ferreira do Alentejo,Jardim de Infância,not found,,,not found
34903,Escola Básica de Rosário,Rosário,Almodôvar,Jardim de Infância,not found,,,"I could not find an official website specifically for ""Escola Básica de Rosário"" in Rosário, Portugal. However, I found contact information for two different schools named ""Escola Básica de Rosário"" and another institution with ""Rosário"" in its name.

One ""Escola Básica de Rosário"" is located in Almodôvar and has an email address ""eb1ji.rosario@escolas.min-edu.pt"" and a phone number 286954298. It is part of the Agrupamento de Escolas de Almodôvar, whose email is direcao@aealmodovar.edu.gov.pt.

Another ""Escola Básica do Rosário"" is located in Gaio-Rosário, Moita, with the email address ""ejirosario@gmail.com"" and phone number 212 807 547. This school is associated with the Câmara Municipal da Moita.

There is also a ""Colégio do Rosário"" in Porto, which has a website at colegiodorosario.pt. However, based on the address and description, this appears to be a different institution, offering education from pre-school to secondary levels."
34904,Escola Básica de Santa Clara-A-Nova,Santa Clara-A-Nova,Almodôvar,Jardim de Infância,not found,,,not found
34905,Escola Básica de Almodôvar,Almodôvar,Almodôvar,Jardim de Infância,https://aealmodovar.edu.gov.pt,yes,domain doesn't match institution name,"The ""Escola Básica de Almodôvar"" is part of the ""Agrupamento de Escolas de Almodôvar"" (School Group of Almodôvar). The official website for the Agrupamento de Escolas de Almodôvar is aealmodovar.edu.gov.pt."
34906,Escola Básica de Vale de Vargo,Vale de Vargo,Serpa,Jardim de Infância,not found,,,"Escola Básica de Vale de Vargo is part of the Agrupamento de Escolas n.º 1 de Serpa.

The direct website for ""Escola Básica de Vale de Vargo"" is not found. However, information about it can be found on the website of the Agrupamento de Escolas n.º 1 de Serpa."
34907,Escola Básica de Pias,Pias Srp,Serpa,Jardim de Infância,not found,,,http://ebipias.drealentejo.pt
37108,Jardim de Infância de Vila Nova de Baronia,Vila Nova de Baronia,Alvito,Jardim de Infância,not found,,,"""Jardim de Infância de Vila Nova de Baronia"" does not appear to have a dedicated official website. However, it is part of the Agrupamento de Escolas de Alvito, which has a website: https://aecalvito.pt/. The institution is also listed on the Eco-Escolas program website. Additionally, contact information, including a phone number (284 475 432), is available on the Alvito municipal website and the Junta de Freguesia de Vila Nova da Baronia website."
39198,Jardim de Infância de Foros do Galeado,Vila Nova de Milfontes,Odemira,Jardim de Infância,not found,,,"The ""Jardim de Infância de Foros do Galeado"" is part of the ""Agrupamento de Escolas de Vila Nova de Milfontes"". The official website for this school group is https://agrupamentomilfontes.wixsite.com/agrupamentomilfontes."
138,Jardim de Infância do Centro Social Solidariedade Cultura e Desporto Somelos,Guimarães,Guimarães,Creche e Jardim de Infância,not found,,,"The official website for ""Jardim de Infância do Centro Social Solidariedade Cultura e Desporto Somelos"" is not found as a standalone website. However, information about the institution is available through the ""Portal do Associativismo - Município de Guimarães"" at https://vertexaisearch.cloud.google.com/grounding-api-redirect/AUZIYQGp4h6UPjPZWmGpCjH4ws7IT7HwAlBPId3KQssdJpOlEDrFkJeTJySTjb69308Cr7zpIqo8eb3Z-CB16HL-MIR8m1p_i53y6cCmPFOq5sIArcLKSrTMojycmy29ZZuLoKeud7TrMBgoHFbpHTBiMB2cE0HNTi7D8-VMdNT9LcOYoQXhjINkZzGZMQ9R0VU0XX4PCzup-awQlTyUWE-_Qow1O7w0fjDpRG15XgRq4H5Fc0pCGbLo and on Mapa Social."
140,Casa do Povo de Briteiros,Briteiros Salvador,Guimarães,Creche,not found,,,https://casadopovobriteiros.wixsite.com/home
146,Infantário 2 Santa Casa Misericórdia Fafe,Fafe,Fafe,Creche e Jardim de Infância,https://www.scmfafe.pt,yes,combined tipo — may have split pages,www.scmfafe.pt
156,Centro Social da Paroquia de Penselo,Guimarães,Guimarães,Creche e Jardim de Infância,not found,,,not found
167,Acarf - Associação Social Cultural Artística e Recreativa de Forjães,Esposende,Esposende,Creche,http://www.acarf.pt,,,"The official website for ""Acarf - Associação Social Cultural Artística e Recreativa de Forjães"" is http://www.acarf.pt."
172,Jardim de Infância Dr. Fernando Rocha - Santa Casa da Misericórdia de Fão,Esposende,Pinhel,Creche e Jardim de Infância,https://www.scmfao.pt/,yes,domain doesn't match institution name; combined tipo — may have split pages,"The official website for ""Jardim de Infância Dr. Fernando Rocha - Santa Casa da Misericórdia de Fão"" is part of the Santa Casa da Misericórdia de Fão's main website.

https://www.scmfao.pt/"
187,Centro Social da Paróquia de São Victor,Braga,Braga,Creche,not found,,,not found
2579,Creche as Formiguinhas - Santa Casa Misericórdia Barcelos,Barcelos,Vila Nova de Gaia,Creche,not found,,,"The official website for Creche as Formiguinhas - Santa Casa Misericórdia Barcelos is a section within the Santa Casa da Misericórdia de Barcelos website. The direct link to the ""Infância"" (Childhood) section, where ""Creche as Formiguinhas"" is listed, is: https://www.misericordiabarcelos.pt/respostas-sociais/infancia.

You can find specific information about ""Creche as Formiguinhas"" on this page, including its address, phone number, and email.."
3011,Jardim de Infância Santa Casa da Misericórdia Amares,Ferreiros Amr,Amares,Creche e Jardim de Infância,https://www.scmamares.com,yes,combined tipo — may have split pages,"The official website for ""Jardim de Infância Santa Casa da Misericórdia Amares"" is www.scmamares.com."
3015,Creche do Lar do Trabalhador de Prado,Vila Prado,Vila Verde,Creche,not found,,,"Based on the search results, the official website for ""Lar do Trabalhador de Prado"" is lartrabalhadorprado.pt."
3028,Creche Nossa Senhora da Misericórdia,Póvoa de Lanhoso,Póvoa de Lanhoso,Creche,https://www.scmpl.pt,yes,domain doesn't match institution name,https://www.scmpl.pt
3029,Jardim de Infância São Gonçalo,Póvoa de Lanhoso,Póvoa de Lanhoso,Creche e Jardim de Infância,https://www.scmpl.pt/,yes,domain doesn't match institution name; combined tipo — may have split pages,"The ""Jardim de Infância São Gonçalo"" in Póvoa de Lanhoso is part of the Santa Casa da Misericórdia de Póvoa de Lanhoso.

The official website for Santa Casa da Misericórdia de Póvoa de Lanhoso is: https://www.scmpl.pt/"
3031,Centro Social e Paroquial Cervães,Vila Verde,Vila Verde,Creche,https://www.cspcervaes.pt/,yes,domain doesn't match institution name,"The official website for ""Centro Social e Paroquial de Cervães"" in Vila Verde, Portugal is https://www.cspcervaes.pt/."
3035,Centro Social Paroquial Sobreposta,Braga,Braga,Creche,not found,,,not found
3038,Obra Social das Franciscanas Missionárias de Maria,Barcelos,Vila Nova de Gaia,Creche e Jardim de Infância,https://www.fmmportugal.com,yes,domain doesn't match institution name; combined tipo — may have split pages,www.fmmportugal.com
3040,Centro Social da Paróquia de Nogueira,Braga,Braga,Creche e Jardim de Infância,https://cspn.pt,yes,domain doesn't match institution name; combined tipo — may have split pages,https://cspn.pt
3050,Fundação Stela e Oswaldo Bomfim,Braga,Braga,Creche e Jardim de Infância,https://www.bomfim.org,yes,combined tipo — may have split pages,www.bomfim.org
3052,Centro de Solidariedade Social de Valdozende,Valdozende,Terras de Bouro,Creche e Jardim de Infância,not found,,,not found
3065,Centro Social da Paróquia de Cavês,Cabeceiras de Basto,Cabeceiras de Basto,Creche,not found,,,not found
3071,Santa Casa Misericórdia Vila Verde,Vila Verde,Vila Verde,Creche e Jardim de Infância,http://www.misericordia-vilaverde.com/,yes,combined tipo — may have split pages,http://www.misericordia-vilaverde.com/
3072,Jardim de Infância Centro Social de Cabeceiras de Basto,Cabeceiras de Basto,Cabeceiras de Basto,Creche e Jardim de Infância,https://cscabeceiras.pt,yes,combined tipo — may have split pages,"The official website for ""Jardim de Infância Centro Social de Cabeceiras de Basto"" is cscabeceiras.pt."
3076,Creche / Jardim de Infância / CATL Santa Cecília - Santa Casa Misericórdia Vieira do Minho,Vieira do Minho,Vieira do Minho,Creche e Jardim de Infância,https://www.scmvm.pt/,yes,domain doesn't match institution name; combined tipo — may have split pages,"The official website for Creche / Jardim de Infância / CATL Santa Cecília - Santa Casa Misericórdia Vieira do Minho is part of the Santa Casa da Misericórdia de Vieira do Minho website.

The URL is: https://www.scmvm.pt/"
3080,Comissão de Melhoramentos de Santo Emilião,Póvoa de Lanhoso,Póvoa de Lanhoso,Creche,https://www.cmsemiliao.pt,yes,domain doesn't match institution name,www.cmsemiliao.pt
3083,Centro Paroquial Fraternidade Cristã e Solidariedade Social S. José de S. Lázaro - I,Braga,Braga,Creche,https://www.cspsl.pt/pt,,,"The official website for ""Centro Paroquial Fraternidade Cristã e Solidariedade Social S. José de S. Lázaro - I"" in Braga, Portugal is https://www.cspsl.pt/pt."
3084,Centro Social da Paróquia de Celeirós,Braga,Braga,Creche e Jardim de Infância,https://www.cspceleiros.pt,yes,domain doesn't match institution name; combined tipo — may have split pages,https://www.cspceleiros.pt
3092,Centro Social da Paroquia de Gualtar,Braga,Braga,Creche e Jardim de Infância,not found,,,https://www.cspgualtar.com/
3095,Casa do Povo Tadim,Tadim-Braga,Braga,Creche e Jardim de Infância,https://casapovotadim.pt,yes,combined tipo — may have split pages,https://casapovotadim.pt
3097,Associação Maconde,Braga,Braga,Creche e Jardim de Infância,not found,,,https://associacaomaconde.pt
3101,Creche - Polo 1 Centro Cultural e Social de Santo Adrião,Braga,Braga,Creche,https://santoadriao.com,,,"The official website for ""Creche - Polo 1 Centro Cultural e Social de Santo Adrião"" in Braga, Portugal is santoadriao.com."
3106,Centro Sócio Cultural e Desportivo de Sande S. Clemente-Creche,Sande S. Clemente,Guimarães,Creche,not found,,,https://csclemente.pt
3108,Equip Social do Centro Social de São Pedro Azurém,Guimarães,Guimarães,Creche,not found,,,not found
3111,Creche da Casa do Povo Serzedelo,Guimarães,Póvoa de Lanhoso,Creche,not found,,,"I was unable to find an official website for ""Creche da Casa do Povo Serzedelo"" in Guimarães, Portugal. While several directories and listings provide contact information and confirm its existence as a childcare institution with creche and pre-school facilities, none of them lead to an official website."
3112,Creche da Santa Casa Misericórdia de Vizela,Vizela,Vizela,Creche,https://scmvizela.pt,,,"The official website for ""Creche da Santa Casa Misericórdia de Vizela"" is part of the larger ""Santa Casa da Misericórdia de Vizela"" institution. The direct link to the creche/education section is not available, however the main institution's website is available. The direct website for the ""Santa Casa da Misericórdia de Vizela"" is not explicitly stated in the search results, however an email address, ""geral@scmvizela.pt"", is provided by several sources. Another email address provided is ""gaas@santacasamisericordiavizela.pt"".

The ""Santa Casa da Misericórdia de Vizela"" operates in areas such as Education (Creche and Kindergarten), Elderly Care, Health, and Social and Community Intervention.

Based on the information, the institution's website appears to be santacasamisericordiavizela.pt. However, the exact URL for the ""Creche da Santa Casa Misericórdia de Vizela"" is not found."
3134,Centro Infantil Golães,Golães,Fafe,Creche e Jardim de Infância,not found,,,not found
3136,Coopfafe - Cooperativa de Solidariedade Social de Fafe,Fafe,Fafe,Creche,https://www.coopfafe.pt,,,www.coopfafe.pt
3137,Jardim de Infância de Antime,Fafe,Fafe,Creche e Jardim de Infância,https://jiantime.pt/,yes,combined tipo — may have split pages,https://jiantime.pt/
3138,Lar e Jardim de Infância Centro Social Paroquial Ronfe,Guimarães,Guimarães,Creche e Jardim de Infância,https://www.cspronfe.pt,yes,combined tipo — may have split pages,www.cspronfe.pt
3139,Creche Mais,Guimarães,Guimarães,Creche,not found,,,"The official website for ""Creche Mais"" in Guimarães, Portugal, was not found. The search results indicate that ""Creche Mais"" is associated with ""Lar Santa Estefânia"", but no direct official website for ""Creche Mais"" or ""Lar Santa Estefânia"" was found within the provided snippets."
3142,Sede,Vila Nova de Famalicão,Vila Nova de Famalicão,Creche e Jardim de Infância,not found,,,"The search results show several childcare institutions in Vila Nova de Famalicão, but none are explicitly named ""Sede"" as a standalone institution with an official website. The term ""Sede"" often translates to ""headquarters"" or ""main office"" and appears in the context of addresses or as part of a larger organization's name.

For example, the ""Complexo de Vila Nova de Famalicão"" of APPACDM de Braga lists a ""sede.servicosadministrativos@appacdm-braga.pt"" email address, implying ""sede"" refers to their administrative headquarters within Vila Nova de Famalicão, not a childcare institution named ""Sede"". Similarly, a document mentions ""Vila Nova de Famalicão (sede do Concelho)"" referring to the city as the municipal seat.

Without a more specific name for the childcare institution beyond ""Sede,"" it is not possible to find an official website.

Not found."
3146,Casa do Pessoal Hospital Vila Nova de Famalicão,Vila Nova de Famalicão,Vila Nova de Famalicão,Creche e Jardim de Infância,https://www.casadopessoal.pt,yes,combined tipo — may have split pages,"The official website for ""Casa do Pessoal Hospital Vila Nova de Famalicão"" is www.casadopessoal.pt."
3154,Creche e Jardim de Infância Santa Isabel,Esposende,Esposende,Creche e Jardim de Infância,not found,,,"The official website for ""Creche e Jardim de Infância Santa Isabel"" in Esposende, Portugal is not found. However, it is associated with Santa Casa da Misericórdia de Esposende."
3156,Centro Social da Juventude de Mar,Esposende,Alfândega da Fé,Creche e Jardim de Infância,https://www.csjmar.pt,yes,combined tipo — may have split pages,"The official website for ""Centro Social da Juventude de Mar"" in Esposende, Portugal is https://www.csjmar.pt."
3159,Mãe Cegonha - Creche e Jardim de Infância,Braga,Braga,Creche,not found,,,not found
3161,Infantário de Sta. Ana - Irmandade de Santa Cruz,Braga,Braga,Creche e Jardim de Infância,not found,,,"The official website for ""Infantário de Sta. Ana - Irmandade de Santa Cruz"" in Braga, Portugal is part of the Irmandade de Santa Cruz website.

https://www.irmandadesantacruz.pt/infantario-de-santa-ana/"
3171,Centro Social de Educação - Sol Nascente,Vila Nova de Famalicão,Vila Nova de Famalicão,Creche e Jardim de Infância,https://solnascente.weebly.com/,yes,combined tipo — may have split pages,https://solnascente.weebly.com/
3173,Centro Social e Paroquial de Fragoso,Barcelos,Barcelos,Creche,not found,,,www.cspfragoso.com
3177,Centro Social Cultural Doutor Nuno Simões,Vila Nova de Famalicão,Vila Nova de Famalicão,Creche e Jardim de Infância,not found,,,https://centrosocialculturaldrnunosimoes.pt/
3179,Jardim de Infância do Instituto de São José,Oliveira S.mateus,Vila Nova de Famalicão,Creche e Jardim de Infância,https://institutodesaojose.webnode.pt,yes,combined tipo — may have split pages,"The official website for ""Jardim de Infância do Instituto de São José"" in Oliveira S. Mateus, Portugal is institutodesaojose.webnode.pt."
3184,Centro Social da Paroquia de Joane,Vila Nova de Famalicão,Vila Nova de Famalicão,Creche e Jardim de Infância,https://www.cspjoane.org,yes,combined tipo — may have split pages,www.cspjoane.org
3185,Associação Pró-Infância Nuno Álvares,Avidos Vnf,Gavião,Creche e Jardim de Infância,https://www.aproinfancia.pt,yes,domain doesn't match institution name; combined tipo — may have split pages,https://www.aproinfancia.pt
3186,Centro Social Paroquial Castelões,Vila Nova de Famalicão,Vila Nova de Famalicão,Creche e Jardim de Infância,not found,,,"The official website for ""Centro Social Paroquial Castelões"" in Vila Nova de Famalicão, Portugal is www.ipss-casteloes.com."
3187,Jardim de Infância Centro Social Paroquial São Dâmaso,Guimarães,Guimarães,Creche e Jardim de Infância,not found,,,"The official website for Jardim de Infância Centro Social Paroquial São Dâmaso in Guimarães, Portugal is not found. However, information about the institution can be found on other platforms. The ""Mapa Social"" website lists it as ""JARDIM DE INFÂNCIA CENTRO SOCIAL PAROQUIAL SÃO DÂMASO"" and provides contact details including a phone number (253413282) and email (c.s.p.s.damaso@gmail.com). The ""Portal do Associativismo - Município de Guimarães"" also has a page for ""Centro Social Paroquial de São Dâmaso,"" noting that it has been operating since 1982 and caters to children from 4 months to 5 years old. Additionally, the Arquidiocese de Braga website lists ""Centro Social de São Dâmaso"" with the same contact information."
4211,Creche Centro Humanitário da Cruz Vermelha Portuguesa de Macieira de Rates,Barcelos,Barcelos,Creche e Jardim de Infância,not found,,,"The official website for ""Creche Centro Humanitário da Cruz Vermelha Portuguesa de Macieira de Rates"" is not found as a standalone website. However, the institution has a Facebook page.

The contact information for the institution is:
*   **Address:** Avenida Engenheiro Adelino Amaro da Costa, Nº 189, 4755-274 Macieira de Rates, Barcelos, Portugal.
*   **Phone:** 252959000.
*   **Email:** ch.macieirarates@cruzvermelha.org.pt.
*   **Facebook:** https://www.facebook.com/cvpchmr"
4216,Centro Social Paroquial Nossa Senhora da Conceição,Guimarães,Guimarães,Creche e Jardim de Infância,https://senhoradaconceicao.pt/,yes,combined tipo — may have split pages,"The official website for ""Centro Social Paroquial Nossa Senhora da Conceição"" in Guimarães, Portugal is https://senhoradaconceicao.pt/."
4217,Centro Social Paroquial de São Miguel das Caldas de Vizela,Vizela,Vizela,Creche,not found,,,www.cspsmvizela.com
4218,Associação de Reformados de Lordelo,Guimarães,Vila Real,Creche e Jardim de Infância,not found,,,"The official website for ""Associação de Reformados de Lordelo"" in Guimarães, Portugal is https://associacaodereformadoslordelo.com."
4220,Irmandade Nossa Senhora da Consolação e Santos Passos,Guimarães,Guimarães,Creche e Jardim de Infância,https://realirmandade.pt,yes,combined tipo — may have split pages,"The official website for ""Irmandade Nossa Senhora da Consolação e Santos Passos"" in Guimarães, Portugal is realirmandade.pt."
4221,A Bogalha,Braga,Braga,Creche e Jardim de Infância,not found,,,http://www.bogalha.pt
4222,Infantário Nuno Simões,Guimarães,Guimarães,Creche e Jardim de Infância,https://inf-ns.pt,yes,domain doesn't match institution name; combined tipo — may have split pages,"The official website for ""Infantário Nuno Simões"" in Guimarães, Portugal is inf-ns.pt."
4226,Jardim de Infância do Centro Social da Paróquia Sta. Eulália de Nespereira,Guimarães,Guimarães,Creche e Jardim de Infância,https://csnespereira.pt,yes,combined tipo — may have split pages,csnespereira.pt
4228,Centro Social da Associação de Moradores das Lameiras,Vila Nova de Famalicão,Vila Nova de Famalicão,Creche e Jardim de Infância,https://amlameiras.pt,yes,combined tipo — may have split pages,https://amlameiras.pt
4229,Associação Bem Me Quer - Solidariedade em Delães,Vila Nova de Famalicão,Vila Nova de Famalicão,Creche e Jardim de Infância,not found,,,https://bemmequer.wixsite.com/bmequer
4230,Centro Paroquial de Santa Maria,Vila Nova de Famalicão,Vila Nova de Famalicão,Creche e Jardim de Infância,not found,,,https://centrosantamaria.pt
4231,Associação Teatro Construção - Colégio Atc,Vila Nova de Famalicão,Vila Nova de Famalicão,Creche e Jardim de Infância,https://atc.pt,yes,combined tipo — may have split pages,"The official website for ""Associação Teatro Construção - Colégio Atc"" in Vila Nova de Famalicão, Portugal is atc.pt."
4232,Centro Social Paroquia São Martinho Pousada de Saramagos - Equipamento P/Infância,Vila Nova de Famalicão,Vila Nova de Famalicão,Creche e Jardim de Infância,not found,,,"The official website for ""Centro Social Paroquia São Martinho Pousada de Saramagos - Equipamento P/Infância"" is www.centrosocialpousadasaramagos.pt."
4235,Centro de Bem Estar Social Barqueiros - Creche e Jardim de Infância,Barqueiros Bcl,Mesão Frio,Creche e Jardim de Infância,https://cbesb.pt,yes,domain doesn't match institution name; combined tipo — may have split pages,https://cbesb.pt
4237,Centro Social de Cultura e Recreio da Silva,Barcelos,Barcelos,Creche,https://centrosocialsilva.pt,,,https://centrosocialsilva.pt
4246,CSC - Centro Social de Calendário,Vila Nova de Famalicão,Vila Nova de Famalicão,Creche e Jardim de Infância,https://www.cscalendario.com,yes,combined tipo — may have split pages,https://www.cscalendario.com
4252,Infantário Rainha Santa Isabel - Santa Casa da Misericórdia de Barcelos,Barcelos,Barcelos,Creche e Jardim de Infância,not found,,,https://www.misericordiabarcelos.pt/respostas-sociais/infancia
4253,Creche Arco Íris - Centro Social Paroquial de Casteloes - Polo de Pedome,Pedome,Vila Nova de Famalicão,Creche,not found,,,"The official website for ""Creche Arco Íris - Centro Social Paroquial de Casteloes - Polo de Pedome"" is www.ipss-casteloes.com."
4255,Centro Infantil de Barcelos,Barcelos,Barcelos,Creche e Jardim de Infância,not found,,,"The official website for Centro Infantil de Barcelos is integrated within the Santa Casa da Misericórdia de Barcelos website.

URL: https://www.misericordiabarcelos.pt/respostas-sociais/infancia/centro-infantil-de-barcelos/"
4263,Creche Rainha Santa Isabel,Braga,Braga,Creche,https://www.scmbraga.pt/,yes,domain doesn't match institution name,"The Creche Rainha Santa Isabel in Braga, Portugal, is part of the Santa Casa da Misericórdia de Braga.

While there isn't a dedicated website specifically for ""Creche Rainha Santa Isabel,"" information about it can be found on the Santa Casa da Misericórdia de Braga website.

Here's the relevant URL: https://www.scmbraga.pt/"
4269,Infantário José Oliveira Cunha Graça - Associação da Creche de Braga,Braga,Braga,Creche,https://www.associacaocrechedebraga.pt,,,"The official website for ""Infantário José Oliveira Cunha Graça - Associação da Creche de Braga"" is part of the ""Associação da Creche de Braga"" website: https://www.associacaocrechedebraga.pt. The ""Infantário José Oliveira Cunha Graça"" is listed as one of the establishments under the ""Associação da Creche de Braga""."
4270,Associação da Creche de Braga,Braga,Braga,Creche e Jardim de Infância,https://associacaocrechedebraga.pt,yes,combined tipo — may have split pages,"The official website for ""Associação da Creche de Braga"" is associacaocrechedebraga.pt."
4272,Centro Social Juventude Unida Marinhas,Esposende,Esposende,Creche e Jardim de Infância,http://www.jum.pt/,yes,domain doesn't match institution name; combined tipo — may have split pages,http://www.jum.pt/
4278,Creche/Pré-Escolar /CATL Centro Social Padre David Oliveira Martins,Ruilhe,Braga,Creche e Jardim de Infância,https://www.centrosocialpadredavid.pt,yes,combined tipo — may have split pages,www.centrosocialpadredavid.pt
4279,Centro Paroquial de São Lázaro,Braga,Braga,Creche e Jardim de Infância,https://www.cspsl.pt/pt,yes,domain doesn't match institution name; combined tipo — may have split pages,https://www.cspsl.pt/pt
4280,Centro Paroquial Fraternidade Cristã e Solidariedade Social S. José de Lázaro - II,Braga,Braga,Creche,https://www.cspsl.pt/pt,,,https://www.cspsl.pt/pt
4346,Patronato Nossa Senhora da Torre,Braga,Braga,Creche e Jardim de Infância,not found,,,"The official website for ""Patronato Nossa Senhora da Torre"" in Braga, Portugal is https://www.pnstorre.pt."
5933,Creche Rainha D. Leonor,Braga,Braga,Creche,not found,,,"The official website for ""Creche Rainha D. Leonor"" in Braga, Portugal, is part of the Santa Casa da Misericórdia de Braga's website.

The relevant URL is: https://www.misericordiadebraga.pt/creche-rainha-d-leonor"
5936,Creche e Jardim Infantil Albano Coelho Lima,Guimarães,Guimarães,Creche e Jardim de Infância,https://www.crecheejardimacoelholima.com,yes,combined tipo — may have split pages,www.crecheejardimacoelholima.com
5937,Creche da Santa Casa da Misericórdia S. Bento Arnoia,Celorico de Basto,Celorico de Basto,Creche e Jardim de Infância,https://scma-cbt.com,yes,combined tipo — may have split pages,"The official website for ""Creche da Santa Casa da Misericórdia S. Bento Arnoia"" in Celorico de Basto, Portugal, is part of the broader Santa Casa da Misericórdia de S. Bento de Arnoia institution's website: https://scma-cbt.com. The creche itself is detailed under the ""Jardim de Infância (Berçário, Creche e Pré-escolar)"" section of this website."
11116,Equip Social do Centro Social e Cultural São Pedro do Bairro,Vila Nova de Famalicão,Vila Nova de Famalicão,Creche e Jardim de Infância,https://centrosocialbairro.com,yes,combined tipo — may have split pages,"The official website for ""Equip Social do Centro Social e Cultural São Pedro do Bairro"" in Vila Nova de Famalicão, Portugal is centrosocialbairro.com."
11146,Associação de São José,Braga,Braga,Creche e Jardim de Infância,not found,,,https://associacaosjose.pt/
13095,Centro Social de Cunha,Braga,Braga,Creche,https://centrosocialcunha.com/,,,https://centrosocialcunha.com/
13099,Creche da Associação de Solidariedade Social de Sta. Maria de Lamaçães,Braga,Braga,Creche,not found,,,not found
13104,Infantário de Mazagão - Centro Paroquial F. C S S. S.lázaro,Braga,Braga,Creche e Jardim de Infância,not found,,,not found
13107,Centro Social da Paróquia de Ferreiros,Braga,Braga,Creche e Jardim de Infância,https://centrosocialdeferreiros.pt,yes,combined tipo — may have split pages,https://centrosocialdeferreiros.pt
13117,Creche do Centro de Intervenção Cultural e Social de Palmeira de Faro,Esposende,Faro,Creche e Jardim de Infância,http://www.cics.pt,yes,domain doesn't match institution name; combined tipo — may have split pages,"The official website for ""Creche do Centro de Intervenção Cultural e Social de Palmeira de Faro"" is http://www.cics.pt."
13127,Creche - Polo 2 - Centro Cultural e Social de Santo Adrião,Braga,Braga,Creche,not found,,,"The official website for ""Creche - Polo 2 - Centro Cultural e Social de Santo Adrião"" is part of the Centro Cultural e Social de Santo Adrião's main website. The specific page for Creche services, which includes information about Polo 2, can be found at:

https://www.santoadriao.com/servicos/infancia/creche/"
13130,Centro Social Juventude de Belinho,Esposende,Alfândega da Fé,Creche,https://www.csjbelinho.pt/pt/,,,www.csjbelinho.pt/pt/
13138,Centro Social Cultural e Recreativo Abel Varzim,Barcelos,Paredes,Creche e Jardim de Infância,http://www.centrosocialabelvarzim.com/,yes,combined tipo — may have split pages,http://www.centrosocialabelvarzim.com/
13140,Centro Social e Paroquial de Gilmonde,Gilmonde,Barcelos,Creche e Jardim de Infância,not found,,,not found
13141,CASP - Centro de Apoio e Solidariedade de Pousa,Pousa,Barcelos,Creche,not found,,,http://www.casp.maisbarcelos.pt/
13142,Creche de Arnoso Santa Eulália - Engenho,Vila Nova de Famalicão,Vila Nova de Famalicão,Creche,https://www.engenho.com.pt/,,,https://www.engenho.com.pt/
13145,"Creche - Associação Gerações - Associação de Educação, Solidariedade e Serviços",Vila Nova de Famalicão,Vila Nova de Famalicão,Creche e Jardim de Infância,http://www.associacaogeracoes.com,yes,domain doesn't match institution name; combined tipo — may have split pages,"The official website for ""Creche - Associação Gerações - Associação de Educação, Solidariedade e Serviços"" in Vila Nova de Famalicão, Portugal is http://www.associacaogeracoes.com."
13147,Centro Social e Paroquial de Avidos,Vila Nova de Famalicão,Gavião,Creche,https://www.cspavidos.net,,,www.cspavidos.net
13171,Centro Social de Brito,Guimarães,Guimarães,Creche e Jardim de Infância,https://www.centrosocialbrito.com,yes,combined tipo — may have split pages,https://www.centrosocialbrito.com
13175,Creche e ATL do Centro Social de Durrães,Barcelos,Barcelos,Creche,https://www.csdurraes.pt,yes,domain doesn't match institution name,"The official website for ""Creche e ATL do Centro Social de Durrães"" in Barcelos, Portugal is https://www.csdurraes.pt."
17450,Fraterna - Centro Comunitário de Solidariedade e Integração Social,Guimarães,Guimarães,Creche e Jardim de Infância,https://www.fraterna.org,yes,combined tipo — may have split pages,"The official website for ""Fraterna - Centro Comunitário de Solidariedade e Integração Social"" in Guimarães, Portugal is www.fraterna.org."
17451,Centro Social da Paróquia de Fermentões,Guimarães,Guimarães,Creche e Jardim de Infância,https://somosipss.pt/ipss/centro-social-da-paroquia-de-fermentoes,yes,domain doesn't match institution name; combined tipo — may have split pages,https://somosipss.pt/ipss/centro-social-da-paroquia-de-fermentoes
17452,Centro Social de Guardizela,Guimarães,Guimarães,Creche e Jardim de Infância,https://www.centrosocialguardizela.pt,yes,combined tipo — may have split pages,https://www.centrosocialguardizela.pt
17453,Centro Comunitário de S. Martinho de Dume,Braga,Braga,Creche,https://ccdume.pt,,,ccdume.pt
17455,Centro Social Paroquial Imaculado Coração de Maria,Barcelos,Barcelos,Creche,http://www.cspicm.com/,yes,domain doesn't match institution name,http://www.cspicm.com/
17459,Centro Social e Cultural de Gandra,Esposende,Esposende,Creche,not found,,,https://www.cscgandra.com
17460,Em Diálogo - Associação para o Desenvolvimento Social da Póvoa de Lanhoso,Póvoa de Lanhoso,Póvoa de Lanhoso,Creche,https://emdialogo.pt,,,"The official website for ""Em Diálogo - Associação para o Desenvolvimento Social da Póvoa de Lanhoso"" is not explicitly provided in the search results. However, contact information including an email address (direcao@emdialogo.pt) and a physical address are available. The organization was founded on October 27, 1998, and aims to be a reference institution in the social development of the community in Póvoa de Lanhoso."
17462,Centro Social da Paróquia de Esmeriz,Vila Nova de Famalicão,Vila Nova de Famalicão,Creche e Jardim de Infância,not found,,,https://www.cspesmeriz.com
17767,Creche - Polo 3 - Centro Cultural e Social de Santo Adrião,Braga,Braga,Creche,https://www.santoadriao.com,,,"The official website for ""Creche - Polo 3 - Centro Cultural e Social de Santo Adrião"" in Braga, Portugal is https://www.santoadriao.com."
17865,Creche Aldeia da Gente Pequena,Braga,Braga,Creche,not found,,,https://agp.yolasite.com
18074,Creche do Patronato S. Pedro de Maximinos,Braga,Braga,Creche e Jardim de Infância,https://patronatomaximinos.pt,yes,combined tipo — may have split pages,"The official website for ""Creche do Patronato S. Pedro de Maximinos"" is patronatomaximinos.pt."
18089,Equip Soc Centro Social Paroquial de Vale S. Cosme,Vila Nova de Famalicão,Vila Nova de Famalicão,Creche,not found,,,www.cspvscosme.com
18097,Associação Social Cultural e Recreativa de Chorente,Barcelos,Barcelos,Creche,https://cschorente.pt,,,"The official website for ""Associação Social Cultural e Recreativa de Chorente"" is cschorente.pt."
18106,Centro de Solidariedade Social de Valdozende - Arca de Noé,Braga,Braga,Creche e Jardim de Infância,https://www.cssv.pt,yes,domain doesn't match institution name; combined tipo — may have split pages,www.cssv.pt
18158,Centro Social e Paroquial de Areias de Vilar,Barcelos,Barcelos,Creche,https://centrosocial.pt,yes,domain doesn't match institution name,"The official website for ""Centro Social e Paroquial de Areias de Vilar"" is not found. However, contact information including an email address (areiasdevilar@centrosocial.pt) and phone number (+351 253 914 337) is available."
18202,Centro Social da Paróquia da Lage,Lage,Vila Verde,Creche,https://cslage.pt,,,The official website for Centro Social da Paróquia da Lage is cslage.pt.
18296,Recreio do João - Cooperativa de Solidariedade Social,Vila Nova de Famalicão,Vila Nova de Famalicão,Creche,not found,,,"Not found.

While ""Recreio do João - Cooperativa de Solidariedade Social"" is an active institution in Vila Nova de Famalicão, Portugal, offering childcare services like a creche, a dedicated official website for the cooperative itself was not found in the search results. Information about the institution is available through directories and social solidarity portals, providing contact details such as address, phone number, and email."
18380,Centro de Bem Estar Social de Alheira,Alheira,Barcelos,Creche,https://www.creche-alheira.pt,,,www.creche-alheira.pt
18391,Centro Infantil a Gaivota,Esposende,Esposende,Creche e Jardim de Infância,http://www.assinjepe.com,yes,domain doesn't match institution name; combined tipo — may have split pages,http://www.assinjepe.com
18401,Casa do Povo de Creixomil IPSS,Guimarães,Guimarães,Creche e Jardim de Infância,https://www.casadopovocreixomil.wordpress.com,yes,combined tipo — may have split pages,"The official website for ""Casa do Povo de Creixomil IPSS"" is www.casadopovocreixomil.wordpress.com."
18405,Ata - Associação de Trabalhadores da Aco,Vila Nova de Famalicão,Vila Nova de Famalicão,Creche e Jardim de Infância,not found,,,not found
18972,Creche Mãe e Patronato da Sagrada Família - Centro Social e Paroquial de Santo Adrião - Polo 1,Vila Nova de Famalicão,Vila Nova de Famalicão,Creche e Jardim de Infância,https://www.crechemae.pt,yes,domain doesn't match institution name; combined tipo — may have split pages,"The official website for ""Creche Mãe e Patronato da Sagrada Família - Centro Social e Paroquial de Santo Adrião - Polo 1"" in Vila Nova de Famalicão, Portugal is www.crechemae.pt."
18981,Creche - Socialeloos - Associação Social de Fradelos,Fradelos Vnf,Vila Nova de Famalicão,Creche,https://eloos.pt,yes,domain doesn't match institution name,"The official website for ""Creche - Socialeloos - Associação Social de Fradelos"" is eloos.pt."
19083,Solidariedade - Grupo Cultural Recreativo Martim de Freitas,Fafe,Fafe,Creche e Jardim de Infância,not found,,,https://www.mapasocial.pt/instituicoes/solidariedade-grupo-cultural-recreativo-martim-de-freitas
19092,Centro Social Padre Manuel Joaquim de Sousa,Guimarães,Guimarães,Creche e Jardim de Infância,not found,,,"The official website for ""Centro Social Padre Manuel Joaquim de Sousa"" is not found. However, information about the institution can be found on the Portal do Associativismo - Município de Guimarães."
19093,Centro Social de S.lourenço de Selho,Guimarães,Guimarães,Creche e Jardim de Infância,not found,,,https://centrosocialsaolourencoselho.com/
21805,"O Talvaizinho - Jardim de Infância, Lda.",Vila Nova de Famalicão,Vila Nova de Famalicão,Creche e Jardim de Infância,not found,,,not found
21821,Creche da Cruz Vermelha Portuguesa - Delegação Distrital de Braga,Braga,Braga,Creche,https://creche.cvbraga.org,,,"The official website for ""Creche da Cruz Vermelha Portuguesa - Delegação Distrital de Braga"" is creche.cvbraga.org."
21839,Equip Social do Centro Social Paroquial de Moimenta,Terras de Bouro,Terras de Bouro,Creche,https://www.cspmoimenta.pt,,,"The official website for ""Equip Social do Centro Social Paroquial de Moimenta"" in Terras de Bouro, Portugal is www.cspmoimenta.pt."
21945,"Grupo Desportivo e Recreativo ""Os Amigos de Urgeses""",Guimarães,Guimarães,Creche,https://www.amigosdeurgeses.com,,,www.amigosdeurgeses.com
21961,Centro Comunitário de Solidariedade e Integração Social de Tabuadelo,Guimarães,Guimarães,Creche,not found,,,https://vertexaisearch.cloud.google.com/grounding-api-redirect/AUZIYQGKczdlWoLhFZacP2h-fQHa8q6uho9T5SpCky-V4mQF3-WVH1yEZmnF5SpReQMeq5Pw97UEaRfW_xFW7UBnzYgG0U1G8UUXJGW1woOGlk-Qm46M9U31D9k3MR7A0-qdsWU=
21962,Centro Social Paroquial de S. Martinho de Brufe,Vila Nova de Famalicão,Vila Nova de Famalicão,Creche,https://www.csp-brufe.pt,,,www.csp-brufe.pt
21987,Centro Comunitário da Associação de Solidariedade Social de Basto,Celorico de Basto,Celorico de Basto,Creche,not found,,,https://www.assb.pt
21989,"Acr Cabreiros - Centro Social António Araújo, IPSS",Braga,Braga,Creche,https://www.acrcabreiros.pt,,,"The official website for ""Acr Cabreiros - Centro Social António Araújo, IPSS"" in Braga, Portugal is www.acrcabreiros.pt."
22029,Centro Social D. Manuel Monteiro de Castro,Guimarães,Guimarães,Creche e Jardim de Infância,https://www.csmmcastro.com,yes,combined tipo — may have split pages,www.csmmcastro.com
22031,Centro Social Aldeia da Gente Pequena,Braga,Braga,Creche e Jardim de Infância,not found,,,https://aldeiadagentep.yolasite.com
22124,Colégio do Ave,Guimarães,Guimarães,Creche e Jardim de Infância,https://www.colegiodoave.pt,yes,combined tipo — may have split pages,https://www.colegiodoave.pt
22125,Patronato Nossa Senhora da Luz,Braga,Braga,Creche,https://paroquiasvicente.pt/creche,yes,domain doesn't match institution name,"The official website for ""Patronato Nossa Senhora da Luz"" in Braga, Portugal is paroquiasvicente.pt/creche."
22144,"Creche ""Girafa"" - Associação de Fomento Amarense",Amares,Amares,Creche,not found,,,not found
22166,"Fortunate Vivere,CRL","Barbudo, Vila Verde",Vila Verde,Creche,https://www.crechepimentinha.pt,yes,domain doesn't match institution name,https://www.crechepimentinha.pt
22690,Mais Plural Social,Gavião-Vila Nova de Famalicão,Vila Nova de Famalicão,Creche e Jardim de Infância,http://www.maisplural.pt,yes,combined tipo — may have split pages,"The official website for ""Mais Plural Social"" in Gavião-Vila Nova de Famalicão, Portugal is http://www.maisplural.pt."
22852,Quinta da Nascente,Gualtar,Braga,Creche,https://quintadanascente.com,,,https://quintadanascente.com
23048,Creche Traquilândia Centro Social e Paroquial de Vilar da Veiga,Vilar da Veiga,Terras de Bouro,Creche,not found,,,not found
23185,Infantário do Carmo (Lar Santa Estefânia),Guimarães,Guimarães,Creche,https://www.santaestefania.pt,,,"The official website for ""Infantário do Carmo (Lar Santa Estefânia)"" in Guimarães, Portugal is www.santaestefania.pt."
23534,Creche Nossa Senhora da Guia - Santa Casa da Misericórdia de Vila Nova de Famalicão,Vila Nova de Famalicão,Vila Nova de Famalicão,Creche,https://www.scmfamalicao.pt,yes,domain doesn't match institution name,"The official website for ""Creche Nossa Senhora da Guia - Santa Casa da Misericórdia de Vila Nova de Famalicão"" is a section within the broader Santa Casa da Misericórdia de Vila Nova de Famalicão website: www.scmfamalicao.pt."
23783,Obra Social do Sagrado Coração de Maria - Braga,Braga,Braga,Creche,not found,,,"The official website for ""Obra Social do Sagrado Coração de Maria - Braga"" is part of the larger ""Obra Social Sagrado Coração de Maria"" institution, which has a national presence in Portugal. The direct page for the Braga center can be found at https://www.osscm.pt/centro-de-braga/."
24234,Creche Mãe e Patronato da Sagrada Família - Centro Social e Paroquial de Santo Adrião,Vila Nova de Famalicão,Vila Nova de Famalicão,Creche,https://www.crechemae.pt,yes,domain doesn't match institution name,www.crechemae.pt
24250,Infantário de Santa Maria da Fonte de Baixo,Barcelos,Barcelos,Creche,not found,,,https://infantariosantamariadafon.wixsite.com/infantario
24610,Infantário da Escola Preparatória de Vila Nova de Famalicão,Calendário-V.n.famalicão,Vila Nova de Famalicão,Creche,not found,,,"The official website for ""Infantário da Escola Preparatória de Vila Nova de Famalicão"" is www.iepvnf.blogspot.com."
24803,Centro Social e Paroquial de S. Miguel de Ceide,S. Miguel de Seide,Vila Nova de Famalicão,Creche,not found,,,https://centrosocialdeceide.blogspot.com/
24887,Casa dos Bebés,Celorico de Basto,Celorico de Basto,Creche,not found,,,"""Casa dos Bebés"" in Celorico de Basto, Portugal, is part of the ""Centro Social de Ribas"" or ""Centro Social Paroquial Divino Salvador"". While direct official websites for ""Casa dos Bebés"" were not found, the institution is listed with contact information through other social support and childcare directories.

The ""Centro Social de Ribas"" lists ""Casa dos Bebés"" as one of its services and provides a phone number: 253 755 132. Another listing for ""CASA DOS BEBÉS"" on ""Mapa Social"" indicates its proprietary entity as ""CENTRO SOCIAL PAROQUIAL DIVINO SALVADOR"" and provides the email: centrosocial.ribas@gmail. There is no specific, independent website for ""Casa dos Bebés"" identified in the search results."
24910,Esposende Solidário - Associação Concelhia Desenvolvimento Integrado,Esposende,Esposende,Creche,https://www.esposendesolidario.pt/,,,https://www.esposendesolidario.pt/
24981,"2008 Coop - Cooperativa de Solidariedade Social, CRL",Braga,Braga,Creche,not found,,,not found
25073,Centro de Solidariedade Social de S. Veríssimo,Tamel São Veríssimo,Barcelos,Creche,not found,,,not found
25354,Complexo de Apoio Social Alargado - Casal do Telhado,S. Eulália,Vizela,Creche,not found,,,"The ""Complexo de Apoio Social Alargado - Casal do Telhado"" in S. Eulália, Portugal, is part of the Centro Social Paroquial de Santa Eulália - Vizela.

The official website for the Centro Social Paroquial de Santa Eulália - Vizela, which includes information about ""Casal do Telhado,"" is: https://cspsulalia.wixsite.com/cspsev"
25691,Creche Padre Alberto Fonseca,Palmeira,Braga,Creche e Jardim de Infância,https://www.associacaocrechedebraga.pt/,yes,domain doesn't match institution name; combined tipo — may have split pages,"""Creche Padre Alberto Fonseca"" in Palmeira, Portugal, is one of the establishments of the ""Associação da Creche de Braga"".

The official website for the Associação da Creche de Braga, which includes information about Creche Padre Alberto Fonseca, is: https://www.associacaocrechedebraga.pt/"
25821,Centro Comunitário Bento Xvi,Borba de Montanha,Celorico de Basto,Creche,not found,,,https://vertexaisearch.cloud.google.com/grounding-api-redirect/AUZIYQG5nLSVuntrIXq4MpSzrMfGONfjF8UiZ37XPK9nQYnGo1Hkhr7ZQ4SgCd3sOJGiLMa-E_ydC2ZpKyZAm8XCn0YJLHlUhD842gyNSPvAcQ_vGt6-jvE1AabwVWxHgQ
26380,Centro de Apoio à Infância e Terceira Idade - Prado,Prado,Vila Verde,Creche,not found,,,not found
26691,Centro Social de Remelhe - D. António Barroso,Remelhe,Barcelos,Creche,not found,,,http://centrosocialremelhe.org/index.php/home
26692,Lar e Creche da A.R.C.A.,Arco de Baúlhe,Cabeceiras de Basto,Creche,not found,,,not found
26718,Equip Social do Centro Social e Paroquial de Mascotelos - Santiago,Mascotelos,Guimarães,Creche,https://cspmascotelossantiago.pt,,,https://cspmascotelossantiago.pt
27490,Equip. Soc. do Centro Social Paroquial de Requião,Requião,Vila Nova de Famalicão,Creche,https://www.csprequiao.pt,yes,domain doesn't match institution name,www.csprequiao.pt
28268,Centro Social da Paróquia de Polvoreira,Guimarães,Guimarães,Creche,not found,,,"The official website for ""Centro Social da Paróquia de Polvoreira"" is https://cspp.pt/."
29007,Casa do Povo de Escariz,Escariz,Vila Verde,Creche,https://centrosocialdeescariz.com,,,"The official website for ""Casa do Povo de Escariz"" in Escariz, Portugal, which operates as ""Centro Social Casa do Povo de Escariz,"" can be found at centrosocialdeescariz.com."
29388,Jardim de Infância 1 da Santa Casa da Misericórdia de Fafe,Fafe,Fafe,Creche e Jardim de Infância,https://www.scmfafe.pt,yes,combined tipo — may have split pages,"The official website for ""Jardim de Infância 1 da Santa Casa da Misericórdia de Fafe"" is part of the broader Santa Casa da Misericórdia de Fafe website. The URL is www.scmfafe.pt."
29717,Colégio João Paulo II,Dume S. Martinho,Braga,Creche,https://cjp.com.pt,yes,domain doesn't match institution name,"The official website for ""Colégio João Paulo II"" in Dume S. Martinho, Portugal is cjp.com.pt."
31892,Externato Jardim Escola João de Deus,Braga,Braga,Creche e Jardim de Infância,not found,,,"The official website for ""Externato Jardim Escola João de Deus"" in Braga, Portugal is not found as a standalone website. However, several sources provide contact information and list an email address: braga@escolasjoaodeus.pt.

The institution is part of the ""Associação de Jardins Escolas João de Deus"", which has its own website, but it does not appear to host individual school pages directly. The school is also listed on the Eco-Escolas program website with some general information."
34072,Associação Cristã Amor em Ação - Colégio Semear,S. Victor,Braga,Creche e Jardim de Infância,not found,,,"I could not find an official website specifically for ""Associação Cristã Amor em Ação - Colégio Semear"" in S. Victor, Portugal. The search results show several institutions with similar names and a ""Mapa Social"" entry for the exact name, but no direct official website."
34236,Colégio de S.vicente,Braga,Braga,Creche,not found,,,https://www.colegiosvicente.pt
36973,Creche e Jardim de Infância o Gonzo - Braga,Braga,Braga,Creche,not found,,,not found
36975,Aspev - Associação Social de Pevidém Vida a Cores,Guimarães,Guimarães,Creche,http://associacaovidaacores.pt/,,,http://associacaovidaacores.pt/
37400,Associação Social de Pereira,Pereira,Montemor-o-Velho,Creche,not found,,,not found
37876,Creche de Moreira do Rei,Fafe,Fafe,Creche,not found,,,not found
37978,Creche Cestinho com Botões - Associação Centro Social e Cultural de Ferreiros,Braga,Braga,Creche,not found,,,"The official website for ""Creche Cestinho com Botões - Associação Centro Social e Cultural de Ferreiros"" is www.cscferreiros.pt."
38870,Centro Social da Paróquia da Lage - Creche 2,Lage,Vila Verde,Creche,https://www.cslage.pt,,,The official website for Centro Social da Paróquia da Lage is www.cslage.pt.
39121,The Sailors - S. Vítor,Braga,Braga,Creche,not found,,,not found
39181,Creche Arco Íris,Vizela,Vizela,Creche,not found,,,not found
39201,Centro Social de Brito - Nova Creche,Brito Guimarães,Guimarães,Creche,https://centrosocialbrito.com/,,,https://centrosocialbrito.com/
39222,Creche da Casa do Povo da Vila de Prado,Vila de Prado,Vila Verde,Creche,https://www.cpvp.pt,yes,domain doesn't match institution name,"The official website for ""Creche da Casa do Povo da Vila de Prado"" is part of the broader ""Casa do Povo de Vila do Prado"" institution. The URL is: https://www.cpvp.pt"
39235,Creche Dr.ª Maria Júlia Martins,Cantelães,Vieira do Minho,Creche,not found,,,"The ""Creche Dr.ª Maria Júlia Martins"" is located in Cantelães, Vieira do Minho, and its phone number is 253 647 032. It is associated with the Santa Casa da Misericórdia de Vieira do Minho.

However, an official website specifically for ""Creche Dr.ª Maria Júlia Martins"" was not found in the search results. While there are mentions of childcare institutions and schools in the broader Vieira do Minho area, and an ""Agrupamento de Escolas Dr. Júlio Martins"" (a school group, not a creche), none of the results provided a direct official website for the creche itself.

not found"
39236,Clube dos Pequenos,Gualtar,Braga,Creche,not found,,,not found
39636,Fábula - Academia de Apoio às Famílias,Barcelos,Barcelos,Creche,not found,,,"I was unable to find an official website for ""Fábula - Academia de Apoio às Famílias"" in Barcelos, Portugal. The search results provide company registration details, contact numbers, and addresses, but no official website was identified."
39638,Creche Minimeus,Barcelos,Barcelos,Creche,not found,,,not found
39644,Creche de Gandarela de Basto,Basto (São Clemente),Celorico de Basto,Creche,not found,,,"The ""Creche de Gandarela de Basto"" is managed by the Grupo Cultural Recreativo e Núcleo Infantil de Gandarela. While there doesn't appear to be a dedicated official website solely for the creche itself, the Agrupamento de Escolas de Celorico de Basto lists ""Escola Básica nº1 de Gandarela"" which includes pre-school education in Gandarela de Basto (São Clemente). You can find contact information for them on the Agrupamento de Escolas de Celorico de Basto website.

Therefore, the most relevant URL is the one for the Agrupamento de Escolas de Celorico de Basto: not found"
39645,Creche do Centro Social da Paróquia de São Bartolomeu do Rego,Rego,Celorico de Basto,Creche,not found,,,not found
39660,Equipamento Mais Polvoreira,Polvoreira,Guimarães,Creche,https://maispolvoreira.pt,,,https://maispolvoreira.pt
166,Associação Cultural Beneficente e Desportiva dos Trabalhadores do Município de Vila Nova de Famalicão,Vila Nova de Famalicão,Vila Nova de Famalicão,Jardim de Infância,https://acbfamalicao.org,yes,domain doesn't match institution name,https://acbfamalicao.org
3013,Lar Dom Pedro V,Braga,Braga,Jardim de Infância,https://dompedrov.pt,,,https://dompedrov.pt
3100,Centro Cultural e Social de Santo Adrião,Braga,Braga,Creche e Jardim de Infância,http://www.santoadriao.com/,yes,combined tipo — may have split pages,http://www.santoadriao.com/
3113,Patronato São Sebastião,Guimarães,Guimarães,Jardim de Infância,https://patronatossebastiao.wixsite.com/site,,,https://patronatossebastiao.wixsite.com/site
3114,Centro Pastoral D. António Bento Martins Júnior,Guimarães,Guimarães,Jardim de Infância,https://www.oconquistador.com,,,"The official website for ""Centro Pastoral D. António Bento Martins Júnior"" is www.oconquistador.com."
3115,Obra Social do Sagrado Coração de Maria - Guimarães,Guimarães,Guimarães,Jardim de Infância,not found,,,"The official website for ""Obra Social do Sagrado Coração de Maria - Guimarães"" is https://osscm.pt/centro-de-guimaraes/."
3116,Venerável Ordem Terceira de São Francisco,Guimarães,Guimarães,Jardim de Infância,https://ordemsaofrancisco.webnode.pt/,,,"The official website for ""Venerável Ordem Terceira de São Francisco"" in Guimarães, Portugal is https://ordemsaofrancisco.webnode.pt/."
3118,Centro Social e Paroquial São Martinho de Sande,Guimarães,Guimarães,Jardim de Infância,not found,,,www.centrosocial.saomartinhodesande.pt
3122,Jardim de Infância - Centro Social Paroquial São Martinho Candoso,Guimarães,Guimarães,Creche e Jardim de Infância,https://www.cspmcandoso.pt,yes,combined tipo — may have split pages,www.cspmcandoso.pt
3123,Centro Paroquial Moreira de Cónegos,Moreira de Cónegos,Guimarães,Creche e Jardim de Infância,not found,,,https://www.cpmc.org.pt
3126,Centro Infantil de Pevidém,Guimarães,Guimarães,Creche e Jardim de Infância,not found,,,not found
3127,Centro Social da Paróquia São Martinho de Medelo,Fafe,Fafe,Creche e Jardim de Infância,not found,,,"The official website for ""Centro Social da Paróquia São Martinho de Medelo"" is https://centrosocialmedelo.pt/."
3128,Jardim de Infância Associação Cultural e Recreativa Fornelos,Fafe,Fafe,Creche e Jardim de Infância,https://www.acr-fornelos.pt,yes,combined tipo — may have split pages,https://www.acr-fornelos.pt
3133,Jardim de Infância da Associação Cultural e Recreativa de Travassos,Fafe,Fafe,Creche e Jardim de Infância,not found,,,"The official website for ""Jardim de Infância da Associação Cultural e Recreativa de Travassos"" is part of the larger ""Associação de Travassós"" website.

https://associacaodetravassos.com/"
3190,Centro Social Cultural Desportivo e Recreativo de Vila Nova de Sande,Vila Nova de Sande,Guimarães,Creche e Jardim de Infância,https://www.centrosocialvns.org,yes,domain doesn't match institution name; combined tipo — may have split pages,www.centrosocialvns.org
3193,Jardim de Infância do Centro para a Formação de Juventude de Arões,Fafe,Fafe,Creche e Jardim de Infância,https://gmail.com,yes,domain doesn't match institution name; combined tipo — may have split pages,"The official website for ""Jardim de Infância do Centro para a Formação de Juventude de Arões"" in Fafe, Portugal, is not found. However, there is a page for the parent institution, ""Centro Para A Formação Da Juventude De Arões"", on the Fafe Municipality's Associativism Portal. This page mentions that the CFJA (Centro para a Formação da Juventude de Arões) provides social responses for nursery, daycare, pre-school, and ATL (Leisure Time Activities).

The institution's email is cfaroes@gmail.com and the phone number is 253590523. It is located at Rua do Assento - Arões S. Romão, 4820-732 FAFE."
3194,Congregação das Servas Franciscanas de Nossa Senhora das Graças,Braga,Braga,Creche e Jardim de Infância,not found,,,"The official website for ""Congregação das Servas Franciscanas de Nossa Senhora das Graças"" in Braga, Portugal, is colnsgracas.com."
3199,Centro Social Paroquial São Cristóvão de Selho,Guimarães,Guimarães,Creche e Jardim de Infância,https://www.csp-saocristovaoselho.pt,yes,combined tipo — may have split pages,"The official website for ""Centro Social e Paroquial de S. Cristóvão de Selho"" is https://www.csp-saocristovaoselho.pt."
4202,Venerável Ordem Terceira de São Francisco - Casa do Menino Deus,Barcelos,Barcelos,Creche e Jardim de Infância,https://meninodeus.pt,yes,combined tipo — may have split pages,"The official website for ""Venerável Ordem Terceira de São Francisco - Casa do Menino Deus"" in Barcelos, Portugal is not found. However, an email contact is available: geral@meninodeus.pt."
4205,Centro Social Comendadora Maria Eva Nunes Corrêa - Santa Casa da Misericórdia de Barcelos,Barcelos,Barcelos,Creche e Jardim de Infância,https://www.misericordiabarcelos.pt/,yes,combined tipo — may have split pages,"The ""Centro Social Comendadora Maria Eva Nunes Corrêa"" is a facility that operates under the umbrella of the ""Santa Casa da Misericórdia de Barcelos"". While there isn't a separate official website specifically for the ""Centro Social Comendadora Maria Eva Nunes Corrêa"" itself, information about it, including contact details and its services, is available on the official website of the Santa Casa da Misericórdia de Barcelos.

Therefore, the official website for the parent institution is: https://www.misericordiabarcelos.pt/"
4207,Casa do Povo de Alvito,Barcelos,Barcelos,Creche e Jardim de Infância,not found,,,https://www.casadopovodealvito.pt/
4224,Jardim de Infância do Salgueiral,Guimarães,Guimarães,Jardim de Infância,https://www.sarc.pt,yes,domain doesn't match institution name,"The official website for ""Jardim de Infância do Salgueiral"" in Guimarães, Portugal, is www.sarc.pt."
5001,Centro de Solidariedade da Imaculada Conceição,Braga,Braga,Jardim de Infância,not found,,,not found
11190,Lar Santa Estefânia,Guimarães,Guimarães,Jardim de Infância,https://www.santaestefania.pt,,,www.santaestefania.pt
13149,Centro de Dia do Centro Social da Paróquia de Polvoreira,Guimarães,Guimarães,Jardim de Infância,not found,,,"The official website for ""Centro de Dia do Centro Social da Paróquia de Polvoreira"" is https://cspp.pt."
13181,ATL - Centro Social e Paroquial da Tregosa,Barcelos,Barcelos,Jardim de Infância,https://www.csptregosa.pt/index.html,,,"The official website for ""ATL - Centro Social e Paroquial da Tregosa"" in Barcelos, Portugal is https://www.csptregosa.pt/index.html."
21958,Centro Paroquial de S. Romão de Mesão Frio,Guimarães,Guimarães,Jardim de Infância,not found,,,not found
29387,Jardim Infantil do Centro Paroquial,Vila Chã Eps,Vila do Conde,Jardim de Infância,not found,,,"The official website for ""Jardim Infantil do Centro Paroquial"" in Vila Chã Eps, Portugal is part of the ""Centro Paroquial e Social de Vila Chã"" website: https://vertexaisearch.cloud.google.com/grounding-api-redirect/AUZIYQHz8HnIgmBZ3_EAgGypfgNICnN7-d4T0VTHGq4Mydtt3NXnjOeFewzWxD0-MI3WaQ2wfioQC00Vdbv-Ll2KF4fQ_ms8oZhLvdrvlyXNVWNhaBSXEtudchfqaIHL6TFxLYRMcooXU89bLjtC4gNQcipygbc4BszSvQ7wAepvTyv_xyI=."
29389,Jardim de Infância do Centro Social da Paróquia de Castelões - Pólo de Pedome,Pedome,Vila Nova de Famalicão,Jardim de Infância,https://ipss-casteloes.pt/,yes,domain doesn't match institution name,"The official website for ""Jardim de Infância do Centro Social da Paróquia de Castelões - Pólo de Pedome"" is part of the ""Centro Social da Paróquia de Castelões"" website.

The URL is: https://ipss-casteloes.pt/"
29401,Centro de Solidariedade Espírito Santo,Fraião,Braga,Jardim de Infância,https://cses.pt/,yes,domain doesn't match institution name,https://cses.pt/
29420,Jardim de Infância Bente,Bente,Vila Nova de Famalicão,Jardim de Infância,not found,,,"The ""Jardim de Infância Bente"" in Bente, Portugal, is part of the ""Agrupamento de Escolas Terras do Ave"" (School Grouping Terras do Ave). Therefore, its official information can be found on the agrupamento's website.

https://vertexaisearch.cloud.google.com/grounding-api-redirect/AUZIYQF3vR594g7zVRhy9RoKb0BkqOxxzmUCFgOd5RCSRT3vlYUKiKozfwbgCd9VrEIHo-WuvKeRnJmSShI68cOwFeGXvQrkmdLaC9AcSYUT0ggRcWBqypD3Rb6TEjRKZbxFzg=="
29480,Colégio Teresiano,Braga,Braga,Jardim de Infância,https://www.colegioteresianobraga.com,,,"The official website for ""Colégio Teresiano"" in Braga, Portugal is www.colegioteresianobraga.com."
29528,"Colégio ""D. Diogo de Sousa""",Braga,Braga,Jardim de Infância,https://cdds.pt,,,https://cdds.pt
29572,"Externato ""Paulo VI""",Braga,Braga,Jardim de Infância,https://www.externatopaulovi.com,,,"The official website for ""Externato Paulo VI"" in Braga, Portugal is www.externatopaulovi.com."
29597,Jardim de Infância Montelongo,Fafe,Fafe,Jardim de Infância,not found,,,not found
29600,Colégio Machado Ruivo - A Escolinha de Famalicão,Vila Nova de Famalicão,Vila Nova de Famalicão,Jardim de Infância,https://colegiomachadoruivo.com,,,https://colegiomachadoruivo.com
29606,"Externato ""Leonardo da Vinci""",Braga,Braga,Jardim de Infância,https://www.colegioldvinci.com,,,"The official website for ""Externato ""Leonardo da Vinci"""" in Braga, Portugal is https://www.colegioldvinci.com."
29684,Colégio Luso-Internacional de Braga,Braga,Braga,Jardim de Infância,https://www.clib.pt,yes,domain doesn't match institution name,https://www.clib.pt
29821,Escola Básica Bairro,Bairro,Vila Nova de Famalicão,Jardim de Infância,https://aeterrasave.net,yes,domain doesn't match institution name,"The ""Escola Básica Bairro"" in Bairro, Portugal, is part of the Agrupamento de Escolas Terras do Ave.

The official website for the Agrupamento de Escolas Terras do Ave, which includes Escola Básica Bairro, is https://aeterrasave.net."
29822,Escola Básica Oliveira Santa Maria,Vila Nova de Famalicão,Vila Nova de Famalicão,Jardim de Infância,https://aeterrasave.net,yes,domain doesn't match institution name,"The ""Escola Básica Oliveira Santa Maria"" is part of the ""Agrupamento de Escolas Terras do Ave"" in Vila Nova de Famalicão. The official website for the agrupamento (grouping of schools) where this particular school is listed is aeterrasave.net.

https://aeterrasave.net/escolas/eb-oliveira-santa-maria/"
29823,Escola Básica de Riba de Ave,Riba de Ave,Vila Nova de Famalicão,Jardim de Infância,not found,,,"The ""Escola Básica de Riba de Ave"" is part of the ""Agrupamento de Escolas Terras do Ave"" in Vila Nova de Famalicão, Portugal.

The official website for the Agrupamento de Escolas Terras do Ave, which includes Escola Básica de Riba de Ave, is https://www.aeterrasdoave.pt/"
29825,"Escola Básica de Igreja, Ruivães, Vila Nova de Famalicão",Ruivães,Vieira do Minho,Jardim de Infância,https://aeterrasave.net/,yes,domain doesn't match institution name,"The ""Escola Básica de Igreja, Ruivães, Vila Nova de Famalicão"" is identified as ""EB Ruivães"" and is part of the ""Agrupamento de Escolas Terras do Ave"".

The official website for the ""Agrupamento de Escolas Terras do Ave"" (School Grouping Terras do Ave) is: https://aeterrasave.net/"
29826,Escola Básica de Delães,Delães,Vila Nova de Famalicão,Jardim de Infância,not found,,,"The Escola Básica de Delães is part of the ""Agrupamento de Escolas Terras do Ave"" in Vila Nova de Famalicão, Portugal.

The official website for the ""Agrupamento de Escolas Terras do Ave"" is: https://aeterrasdoave.pt/"
29827,"Escola Básica de Oliveira S. Mateus, Vila Nova Famalicão",Oliveira S. Mateus,Vila Nova de Famalicão,Jardim de Infância,not found,,,"The Escola Básica de Oliveira S. Mateus in Vila Nova Famalicão, Portugal, is part of the Agrupamento de Escolas Terras do Ave. While there isn't a direct official website for ""Escola Básica de Oliveira S. Mateus"" listed, you can find information about it on the Agrupamento de Escolas Terras do Ave website.

https://ae-terrasdoave.pt/"
29849,"Jardim de Infância de Calçadas, Barcelos",Calçadas,Vila Nova de Gaia,Jardim de Infância,not found,,,"The ""Jardim de Infância de Calçadas, Barcelos"" is part of the Agrupamento de Escolas Gonçalo Nunes, Barcelos.

You can find information about the Jardim de Infância de Calçadas on the Agrupamento de Escolas Gonçalo Nunes website: https://aegn-barcelos.wixsite.com/ae-goncalonunes/jardim-de-infancia"
29850,"Escola Básica de Nossa Senhora da Conceição, Fermentões",Guimarães,Guimarães,Jardim de Infância,http://agrupamentofernandotavora.edu.pt/,yes,domain doesn't match institution name,"The Escola Básica de Nossa Senhora da Conceição, Fermentões, in Guimarães, Portugal, is part of the ""Agrupamento de Escolas Arquiteto Fernando Távora, Guimarães"" (School Grouping Arquiteto Fernando Távora, Guimarães).

The official website for the Agrupamento de Escolas Fernando Távora is http://agrupamentofernandotavora.edu.pt/."
29888,Escola Básica de Barranhas,Vilarinho das Cambas,Vila Nova de Famalicão,Jardim de Infância,not found,,,"The ""Escola Básica de Barranhas"" in Vilarinho das Cambas, Portugal, is part of the Agrupamento de Escolas de Ribeirão.

Its official website is: https://www.ribbeirao.pt/agrupamento/eb-barranhas"
29889,JI de Lousado,Lousado,Vila Nova de Famalicão,Jardim de Infância,not found,,,"The official website for ""JI de Lousado"" is part of the Agrupamento de Escolas de Ribeirão website: https://www.aearibeirao.pt/ji-lousado."
29890,Escola Básica de Sapugal,Fradelos,Vila Nova de Famalicão,Jardim de Infância,not found,,,"The official website for ""Escola Básica de Sapugal"" in Fradelos, Portugal, is part of the Agrupamento de Escolas de Ribeirão. The direct URL for the school's information within the agrupamento is:

https://www.aeribeirao.pt/agrupamento/1o-ciclo/eb-sapugal"
29891,"Escola Básica de Valdossos, Fradelos",Vila Nova de Famalicão,Vila Nova de Famalicão,Jardim de Infância,not found,,,"The ""Escola Básica de Valdossos, Fradelos"" is part of the ""Agrupamento de Escolas de Ribeirão"".

https://www.agrupamentoribeirao.pt/eb-valdossos"
29900,Jardim de Infância e Escola Básica do Bairro da Alegria,Braga,Braga,Jardim de Infância,http://www.aefranciscosanches.pt,yes,domain doesn't match institution name,"The ""Jardim de Infância e Escola Básica do Bairro da Alegria"" in Braga, Portugal appears to be part of the Agrupamento de Escolas Dr. Francisco Sanches, Braga.

The official website for the Agrupamento de Escolas Dr. Francisco Sanches is http://www.aefranciscosanches.pt. While there isn't a dedicated, independent website specifically for ""Jardim de Infância e Escola Básica do Bairro da Alegria,"" this is the overarching institution it belongs to.

The school also has a WordPress.com site, which appears to be a blog or informational page, but not an official, independently hosted website."
29901,Jardim de Infância da Quinta das Fontes,São Vicente,Braga,Jardim de Infância,not found,,,not found
29908,"Escola Básica de Arcozelo, Barcelos",Arcozelo,Vila Nova de Gaia,Jardim de Infância,not found,,,"The ""Escola Básica de Arcozelo, Barcelos"" is part of the ""Agrupamento de Escolas Gonçalo Nunes"" in Barcelos.

The official website for the Agrupamento de Escolas Gonçalo Nunes is aegn-barcelos.wix.com/barcelos. The Escola Básica de Arcozelo has a dedicated page on this website, which mentions a ""Blog da Escola"" but does not provide a direct URL to it.

There is also an ""Agrupamento de Escolas de Arcozelo"" in Ponte de Lima, which has a website at agrupamento-escolas-arcozelo.webnode.pt. However, this appears to be a different institution.

Given the information, the most relevant official website related to ""Escola Básica de Arcozelo, Barcelos"" is that of its larger school group.

aegn-barcelos.wix.com/barcelos"
29922,Centro Escolar D. Gualdim Pais,Amares,Amares,Jardim de Infância,not found,,,"The Centro Escolar D. Gualdim Pais in Amares, Portugal, does not appear to have a standalone official website. It is part of the Agrupamento de Escolas Gualdim Pais (School Group Gualdim Pais), and information about it can be found on the agrupamento's website.

Therefore, the closest to an ""official website"" would be the Agrupamento de Escolas Gualdim Pais website: agrupamentogualdimpais.pt."
29923,Escola Básica de Caldelas,Caldelas,Amares,Jardim de Infância,not found,,,"It appears there are several schools named ""Escola Básica de Caldelas"" in different locations in Portugal, and it's important to distinguish them.

The ""Escola Básica de Caldelas"" in Caldelas, Amares, is part of the ""Agrupamento de Escolas de Amares"". The email provided for this institution is info@esamares.com, which suggests their official online presence is likely through the agrupamento's website.

The ""Escola Básica de Caldelas"" in Caldas de São Jorge, Santa Maria da Feira, is part of the ""Agrupamento de Escolas Coelho e Castro"".

Another ""Escola Básica de Caldelas"" (Escola Básica da Charneca) is located in Caldelas, Guimarães, and is associated with the Junta de Freguesia de Caldelas - Vila de Caldas das Taipas.

Given the information, there isn't a single, independent ""Escola Básica de Caldelas"" with its own official website immediately apparent. Instead, they appear to be part of larger school groupings or municipal entities.

Therefore, the direct official website for ""Escola Básica de Caldelas"" in Caldelas, Portugal (without further specifying the municipality) is not found."
29924,Escola Básica de Bouro,Bouro (Santa Maria),Amares,Jardim de Infância,not found,,,"The ""Escola Básica de Bouro"" in Bouro (Santa Maria), Portugal, is part of the ""Agrupamento de Escolas de Amares"". While there isn't a direct website listed specifically for Escola Básica de Bouro, the email contact provided is info@esamares.com, which belongs to the larger school group.

Therefore, the most relevant official website is likely that of the Agrupamento de Escolas de Amares, but it is not explicitly provided in the search results.

not found"
29988,Escola Básica de Urgezes,Guimarães,Guimarães,Jardim de Infância,https://agrupamentogilvicente.edu.pt,yes,domain doesn't match institution name,"Escola Básica de Urgezes is part of the ""Agrupamento de Escolas Gil Vicente"" (Gil Vicente School Grouping).

The official website for Agrupamento de Escolas Gil Vicente is https://agrupamentogilvicente.edu.pt."
29989,Escola Básica de Polvoreira,Guimarães,Guimarães,Jardim de Infância,https://agrupamentogilvicente.edu.pt,yes,domain doesn't match institution name,"Escola Básica de Polvoreira is part of the ""Agrupamento de Escolas Gil Vicente, Guimarães"". The official website for the agrupamento (grouping of schools) is likely where you would find information for Escola Básica de Polvoreira.

agrupamentogilvicente.edu.pt"
29996,Jardim de Infância de Souto - Santa Maria,Souto (Santa Maria),Guimarães,Jardim de Infância,not found,,,"The ""Jardim de Infância de Souto - Santa Maria"" is located in Guimarães, Portugal, and is part of the Agrupamento de Escolas de Briteiros. While several directory listings and mentions exist, an official, independent website for the ""Jardim de Infância de Souto - Santa Maria"" was not found. The institution is listed on educational and social mapping platforms, often with contact information like phone numbers, but these are not official websites for the childcare institution itself."
29997,"Escola Básica de Fafião, Briteiros - Santo Estevão",Briteiros Stº Estevão,Guimarães,Jardim de Infância,https://www.aebriteiros.pt/,,,"The ""Escola Básica de Fafião, Briteiros - Santo Estevão"" is part of the ""Agrupamento de Escolas de Briteiros"" in Guimarães, Portugal. Therefore, its official online presence is integrated within the agrupamento's website.

Here is the URL for the Agrupamento de Escolas de Briteiros, which includes information about the Escola Básica de Fafião, Briteiros - Santo Estevão:
https://www.aebriteiros.pt/"
29998,Escola Básica de Barco,S. Cláudio de Barco,Guimarães,Jardim de Infância,https://www.aebriteiros.pt/,yes,domain doesn't match institution name,"Escola Básica de Barco in S. Cláudio de Barco, Portugal, is part of the Agrupamento de Escolas de Briteiros, Guimarães. The official website for the agrupamento (group of schools) is https://www.aebriteiros.pt/."
30374,Escola Básica de Celorico de Basto,Gémeos,Celorico de Basto,Jardim de Infância,http://www.agrcbt.pt/,yes,domain doesn't match institution name,"The ""Escola Básica de Celorico de Basto"" in Gémeos, Portugal, is part of the ""Agrupamento de Escolas de Celorico de Basto"" (School Group of Celorico de Basto). The official website for the agrupamento, which would include information about the Escola Básica de Celorico de Basto, is http://www.agrcbt.pt/."
30385,Jardim de Infância de Rego,,Celorico de Basto,Jardim de Infância,not found,,,"The ""Jardim de Infância de Rego"" in Celorico de Basto does not appear to have a standalone official website.

However, it is listed as part of the ""Agrupamento de Escolas de Celorico de Basto"", which does have an official website:

https://www.agrceloricodebasto.pt/"
30471,Escola Básica de São Roque,S. Roque,Guimarães,Jardim de Infância,not found,,,not found
30588,Jardim de Infância de Lanhas,Lanhas,Vila Verde,Jardim de Infância,not found,,,not found
30589,Jardim de Infância da Loureira,Loureira,Vila Verde,Jardim de Infância,not found,,,"Not found.

There appear to be multiple institutions named ""Jardim de Infância da Loureira"" in different locations in Portugal (Vila Verde and Leiria). While contact information like phone numbers and email addresses are available for these institutions, an official website specifically for ""Jardim de Infância da Loureira"" in Loureira, Portugal, was not found in the search results. One of the search results is a blog that describes itself as ""the place for children from JI da Loureira"", but it is not an official website for the institution."
30591,Jardim de Infância de Pico de Regalados,Pico de Regalados,Vila Verde,Jardim de Infância,not found,,,"The ""Jardim de Infância de Pico de Regalados"" is part of the ""Agrupamento de Escolas de Vila Verde"". While there isn't a specific website solely for the Jardim de Infância de Pico de Regalados, you can find information related to it on the website for the Agrupamento de Escolas de Vila Verde.

not found"
30593,Jardim de Infância de Turiz,Turiz,Vila Verde,Jardim de Infância,not found,,,"The ""Jardim de Infância de Turiz"" is part of the ""Agrupamento de Escolas de Vila Verde"". The email address provided for the institution is info@agvv.edu.pt. While a direct website for ""Jardim de Infância de Turiz"" was not found, the ""Agrupamento de Escolas de Vila Verde"" likely serves as the overarching official online presence. The ""Escola Básica de Turiz,"" which integrates pre-school education, also has contact information and is mentioned on the Junta de Freguesia de Turiz website.

not found"
30638,Escola Básica de Merelim - São Pedro,São Brás,Braga,Jardim de Infância,https://aemosteiroecavado.pt,yes,domain doesn't match institution name,"The ""Escola Básica de Merelim - São Pedro"" is part of the ""Agrupamento de Escolas Mosteiro e Cávado"" (School Grouping Mosteiro e Cávado).

The official website for the ""Agrupamento de Escolas Mosteiro e Cávado"" is: https://aemosteiroecavado.pt"
30639,Escola Básica de Merelim - São Paio,Merelim S. Paio,Braga,Jardim de Infância,https://mosteiroecavado.net,yes,domain doesn't match institution name,"The ""Escola Básica de Merelim - São Paio"" is part of the ""Agrupamento de Escolas Mosteiro e Cávado"" (School Grouping Mosteiro e Cávado).

The official website for the Agrupamento de Escolas Mosteiro e Cávado, which includes Escola Básica de Merelim - São Paio, is not explicitly listed as a single URL. However, an email address for Escola Básica de Merelim - São Paio is provided as ebspaio@mosteiroecavado.net. The Agrupamento de Escolas Mosteiro e Cávado has a contact page with general contact information, and its territory page lists the various schools it encompasses, including ""EB/JI MERELIM S. PAIO"" with contact details.

Therefore, a single official website directly for ""Escola Básica de Merelim - São Paio"" is not found."
30640,Básica de Padim da Graça,Padim da Graça,Braga,Jardim de Infância,http://mosteiroecavado.net,yes,domain doesn't match institution name,"The ""Básica de Padim da Graça"" is likely a public primary school, also referred to as ""Escola Básica de Padim da Graça"". It is part of the Agrupamento de Escolas de Mosteiro e Cávado (School Grouping of Mosteiro e Cávado).

The official website for the Agrupamento de Escolas de Mosteiro e Cávado, which includes Escola Básica de Padim da Graça, is http://mosteiroecavado.net."
30642,Escola Básica Panoias Panoias,Panoias,Braga,Jardim de Infância,http://mosteiroecavado.net,yes,domain doesn't match institution name,"Escola Básica Panoias in Panoias, Braga, Portugal, is part of the Agrupamento de Escolas de Mosteiro e Cávado (School Grouping of Mosteiro e Cávado).

The official website for the Agrupamento de Escolas de Mosteiro e Cávado is http://mosteiroecavado.net. This website serves as the central online hub for the schools within this grouping, including Escola Básica Panoias."
30643,Escola Básica/JI de Ruães,Ruães,Braga,Jardim de Infância,not found,,,not found
30678,Escola Básica do 1.º Ciclo e Jardim-De-Infância de São Frutuoso,Braga,Braga,Jardim de Infância,https://biblioteca9664.wixsite.com/bibreal/ebsfrutuoso,yes,domain doesn't match institution name,"The official website for ""Escola Básica do 1.º Ciclo e Jardim-De-Infância de São Frutuoso"" in Braga, Portugal is biblioteca9664.wixsite.com/bibreal/ebsfrutuoso. This URL leads to the library page of the school, which is part of the ""Agrupamento de Escolas Real"". The school is also referred to as ""Centro Escolar de S. Frutuoso""."
30679,Jardim-De-Infância de Parada de Tibães,Parada de Tibães,Braga,Jardim de Infância,not found,,,"The official website for ""Jardim-De-Infância de Parada de Tibães"" appears to be a section within the Agrupamento de Escolas de Real (AEReal) website: https://www.aereal.edu.pt."
30680,Jardim-De-Infância da Goja,Braga,Braga,Jardim de Infância,not found,,,"The ""Jardim-De-Infância da Goja"" in Braga, Portugal, is part of the Agrupamento de Escolas de Real, Braga.

Based on the search results, there isn't a dedicated official website solely for ""Jardim-De-Infância da Goja."" Instead, it is typically listed as part of a larger school group's website. The relevant website for information about this institution would be that of the Agrupamento de Escolas de Real, Braga.

**http://www.aereal.edu.pt**"
30681,Jardim de Infância Quinta das Hortas,Braga,Braga,Jardim de Infância,not found,,,"The ""Jardim de Infância Quinta das Hortas"" in Braga, Portugal, is part of the Agrupamento de Escolas de Real. The official website for the Agrupamento de Escolas de Real, which includes the Jardim de Infância Quinta das Hortas, is aereal.edu.pt.

https://aereal.edu.pt"
30756,Escola Básica de São Gens,São Gens,Fafe,Jardim de Infância,not found,,,"The Escola Básica de São Gens in Fafe, Portugal, is part of the ""Agrupamento de Escolas Prof. Carlos Teixeira, Fafe"" school cluster. The official website for this cluster, which would include information for Escola Básica de São Gens, is not directly available in the search results. However, an email address associated with the cluster is geral@aecarlosteixeira.net.

It's important to note that there are other schools with ""São Gens"" in their name in different locations in Portugal, such as ""Escola Básica da Quinta de São Gens"" in Matosinhos and ""Escola EB 1 de Campo – S. Gens"" in Fafe. The specific ""Escola Básica de São Gens"" located at Rua Professor Joaquim Ferreira Leite, 4820-654 São Gens, Fafe, is affiliated with the aforementioned school cluster."
30757,Escola Básica de Quinchães,Quinchães,Fafe,Jardim de Infância,not found,,,"The ""Escola Básica de Quinchães"" is part of larger school groupings. Based on the search results, there appear to be two different ""Escola Básica de Quinchães"" located in different municipalities and belonging to different school groups.

One ""Escola Básica de Quinchães"" is located in Fafe and is part of the ""Agrupamento de Escolas Professor Carlos Teixeira"". The contact information provided for this school includes the email ""geral@aecarlosteixeira"".

The other ""Escola Básica do 1.º Ciclo de Quinchães"" is located in Monte Córdova, Santo Tirso, and is part of the ""Agrupamento de Escolas Tomaz Pelayo"".

Therefore, there isn't a single, definitive official website for ""Escola Básica de Quinchães"" without specifying which one. Since the user asked for ""the official website,"" and there appear to be two different schools with very similar names, belonging to different school groups, it is not possible to provide a single URL."
30758,Escola Básica de São Jorge,Fafe,Fafe,Jardim de Infância,https://www.aecarlosteixeira.net,yes,domain doesn't match institution name,"The ""Escola Básica de São Jorge"" in Fafe, Portugal, is part of the ""Agrupamento de Escolas Professor Carlos Teixeira"".

The official website for the Agrupamento de Escolas Professor Carlos Teixeira is: https://www.aecarlosteixeira.net."
30763,Jardim de Infância de Carvalho,Carvalho Braga,Braga,Jardim de Infância,http://www.esas.pt,yes,domain doesn't match institution name,"The ""Jardim de Infância de Carvalho"" in Carvalho, Braga, Portugal appears to be part of the Agrupamento de Escolas Alberto Sampaio (AESAS). The AESAS website lists ""Jardim de Infância de Carvalho, Trandeiras"" as one of its three kindergartens.

The official website for the Agrupamento de Escolas Alberto Sampaio (AESAS) is http://www.esas.pt. This website likely serves as the official online presence for the Jardim de Infância de Carvalho as well, as it's part of the same school cluster."
30803,"Escola Básica de Santa Luzia, Azurém",,Guimarães,Jardim de Infância,not found,,,"The ""Escola Básica de Santa Luzia, Azurém"" in Guimarães, Portugal, does not appear to have a standalone official website.

However, it is part of the ""Agrupamento de Escolas Francisco de Holanda, Guimarães"" and was integrated into the Agrupamento de Escolas Egas Moniz in 2001. There is also an ""Associação de Pais dos Alunos da Escola EB1 com JI de Santa Luzia"" which lists an email address but no website.

Based on the search results, a direct official website for ""Escola Básica de Santa Luzia, Azurém"" was not found."
30876,Escola Básica de Silveiros,Silveiros,Barcelos,Jardim de Infância,not found,,,"Escola Básica de Silveiros is part of the Agrupamento de Escolas de Vale D'Este in Barcelos, Portugal. While there isn't a dedicated website for ""Escola Básica de Silveiros"" itself, the Agrupamento de Escolas de Vale D'Este has an official website where information about the school can be found. The URL for the Agrupamento de Escolas de Vale D'Este is not explicitly provided as a direct link in the search results, but several snippets link to pages within that domain. For example, news and contact information related to Escola Básica de Silveiros are available on pages hosted by ""Agrupamento de Escolas de Vale D'Este"".

Given this, the most relevant official online presence is likely through the agrupamento's website. However, a single direct URL for the ""Agrupamento de Escolas de Vale D'Este"" website isn't provided, only specific pages within it. Therefore, I cannot provide a single URL."
30927,Escola Básica de Gilmonde,Gilmonde,Barcelos,Jardim de Infância,https://aebarcelos.pt/escolas/centro-escolar-de-gilmonde/,yes,domain doesn't match institution name,"The ""Escola Básica de Gilmonde"" is part of the ""Agrupamento de Escolas de Barcelos"" (School Grouping of Barcelos). The official website for the Centro Escolar de Gilmonde (which succeeded the Escola Básica de Gilmonde) is: https://aebarcelos.pt/escolas/centro-escolar-de-gilmonde/."
30928,Escola Básica de Cristelo,Cristelo,Paredes,Jardim de Infância,not found,,,"The ""Escola Básica de Cristelo"" is part of the Agrupamento de Escolas de Cristelo. The official website for the agrupamento (group of schools) is likely where information about Escola Básica de Cristelo can be found.

https://agcristelo.edu.pt/"
30930,Escola Básica de Rio Covo - Santa Eugénia,Rio Côvo (Santa Eugénia),Barcelos,Jardim de Infância,https://www.aerosaramalho.pt,yes,domain doesn't match institution name,"The ""Escola Básica de Rio Covo - Santa Eugénia"" is part of the Agrupamento de Escolas Rosa Ramalho.

The official website for the Agrupamento de Escolas Rosa Ramalho, which includes ""Escola Básica de Rio Covo - Santa Eugénia,"" is: https://www.aerosaramalho.pt"
30931,Jardim de Infância de Covelo,Adães,Barcelos,Jardim de Infância,not found,,,not found
30932,Escola Básica de Remelhe,Remelhe,Barcelos,Jardim de Infância,not found,,,not found
30933,Jardim de Infância Alcaides de Faria,Barcelinhos,Barcelos,Jardim de Infância,not found,,,not found
30935,Jardim de Infância de Gamil,Gamil,Barcelos,Jardim de Infância,http://uf-gamilmidoes.pt,,,"The ""Jardim de Infância de Gamil"" is associated with the União das Juntas de Freguesia de Gamil e Midões (Union of Parishes of Gamil and Midões). While there doesn't appear to be a dedicated website solely for the Jardim de Infância de Gamil, the Union of Parishes of Gamil e Midões has an online presence that provides information and contact details for the childcare institution.

The official website for the União das Juntas de Freguesia de Gamil e Midões is: http://uf-gamilmidoes.pt"
30936,"Escola Básica de Carvalhal, Barcelos",Carvalhal,Sertã,Jardim de Infância,not found,,,"The official website for ""Escola Básica de Carvalhal, Barcelos"" is not found. The school is part of the Agrupamento de Escolas Rosa Ramalho, Barcelos. While contact information and details about the school are available on various educational and municipal portals, a dedicated, independent official website for this specific ""Escola Básica de Carvalhal, Barcelos"" was not identified.

It's important to note that there are other schools with similar names in different municipalities in Portugal, such as ""Escola Básica do Carvalhal"" in Valongo, which is part of the Agrupamento de Escolas de São Lourenço, and ""EB1/JI Carvalhal"" in the Agrupamento de Escolas de Cister. However, based on the prompt's specification of ""Barcelos,"" the relevant institution is affiliated with the Agrupamento de Escolas Rosa Ramalho."
30937,"Escola Básica de Pereira, Barcelos",Pereira,Montemor-o-Velho,Jardim de Infância,not found,,,"Escola Básica de Pereira, Barcelos is part of the Agrupamento de Escolas Rosa Ramalho, Barcelos.

You can find information about Escola Básica de Pereira, Barcelos on the Agrupamento de Escolas Rosa Ramalho website: https://www.aerosaramalho.pt/escolas/escolas-basicas-ed-pre-escolar-e-1-o-ciclo"
30938,Escola Básica da Várzea,Várzea,Barcelos,Jardim de Infância,not found,,,"It appears there are several schools named ""Escola Básica da Várzea"" in different locations across Portugal. To provide the correct URL, more specific location information is needed.

However, based on the search results, here are a few possibilities:

*   If the ""Escola Básica da Várzea"" is located in Várzea, Barcelos, Portugal, it is part of the Agrupamento de Escolas Rosa Ramalho. The email for this school is eb.varzea@aerosaramalho.pt.
*   If the ""Escola Básica de Várzea"" is located in Felgueiras, Portugal, it is part of the Agrupamento de Escolas D. Manuel de Faria e Sousa.
*   There is also an ""Escola Básica da Várzea"" associated with the Agrupamento de Escolas Sá da Bandeira.
*   Another ""Escola EB1 de Várzea"" is located in Marinha Grande, Leiria.
*   There is also a ""Centro Escolar de Foros e Várzea"" which is part of AE Salvaterra in Salvaterra de Magos.

Without further clarification on the specific ""Várzea"" you are referring to, I cannot provide a single, definitive URL."
30986,Escola Básica de Bastuço - Santo Estêvão,Bastuço Stº Estevão,Barcelos,Jardim de Infância,https://www.aebo.pt,yes,domain doesn't match institution name,"The ""Escola Básica de Bastuço - Santo Estêvão"" is part of the ""Agrupamento de Escolas de Braga Oeste"" (School Group of Braga Oeste).

You can find information about the school on the Agrupamento de Escolas de Braga Oeste website: https://www.aebo.pt"
30987,Jardim de Infância de Martim,Martim,Barcelos,Jardim de Infância,https://aebo.pt,yes,domain doesn't match institution name,"The ""Jardim de Infância de Martim"" is part of the Agrupamento de Escolas de Braga Oeste (AEBO). The official website for the school group that includes ""Jardim de Infância de Martim"" is aebo.pt."
30988,Jardim de Infância de Cabreiros,Cabreiros,Braga,Jardim de Infância,not found,,,"Jardim de Infância de Cabreiros in Cabreiros, Portugal, is part of the Agrupamento de Escolas Braga Oeste. The official website for this school cluster is http://www.agrupamentobragaoeste.pt."
30989,Escola Básica de Cunha,Cunha,Braga,Jardim de Infância,not found,,,"Several schools with ""Cunha"" in their name exist in Portugal, but finding an official website specifically for ""Escola Básica de Cunha"" in Cunha, Portugal, is difficult.

Here's a breakdown of the search results:

*   **Escola Básica D. Luís da Cunha:** This school is part of the Agrupamento de Escolas Vergílio Ferreira in Lisbon and has an associated website. However, it is located in Lisbon, not specifically ""Cunha, Portugal"".
*   **Escola EB 2,3/S Engº Dionísio A. Cunha:** This school is in Nelas, Viseu, and is part of the Agrupamento de Escolas de Canas de Senhorim. It does not appear to be the ""Escola Básica de Cunha"" in question.
*   **Escola Básica de Cunha Baixa, Mangualde:** This public school is located in Cunha Baixa, Mangualde, Viseu district. Both Skoolist and escolApp Portugal state ""Website: Not found"" for this specific institution.
*   **Centro Social de Cunha:** This is a social institution in the parish of Cunha, Braga, that provides services including meals for pre-school and 1st cycle students. While related to childcare in Cunha, it is not an ""Escola Básica de Cunha"" itself, and its website is for the ""Centro Social de Cunha"".
*   **Escolas na cidade de Cunha - SP:** This result refers to schools in Cunha - SP, which is in Brazil, not Portugal.

Based on the search results, an official website for a Portuguese childcare institution specifically named ""Escola Básica de Cunha"" in Cunha, Portugal (assuming ""Cunha"" refers to a distinct locality rather than part of a longer school name), could not be definitively found. The closest match, ""Escola Básica de Cunha Baixa, Mangualde"", explicitly states ""Website: Not found"".

not found"
30990,Jardim de Infância de Vilaça entre Muros,Vilaça,Braga,Jardim de Infância,not found,,,"The official website for ""Jardim de Infância de Vilaça entre Muros"" is not found. However, it is part of the Agrupamento de Escolas de Trigal de Santa Maria, Braga."
30991,Escola Básica de Tebosa,Tebosa,Braga,Jardim de Infância,not found,,,"Escola Básica de Tebosa is part of the Agrupamento de Escolas de Trigal de Santa Maria (AETSM). The official website for AETSM is not explicitly found in the search results. However, the contact information for Escola Básica de Tebosa, including a phone number and an email address, is available through various school directories and educational portals. The email address provided is eb1.igrejatebosa@escolas.min-edu.pt. Some results refer to the ""Agrupamento de Escolas de Palmeira"" or ""Colégio A Palmeira"" but these are different institutions.

not found"
30992,Escola Básica de Vimieiro,Stª Ana de Vimieiro,Braga,Jardim de Infância,not found,,,not found
30993,Escola Básica de Arentim,Arentim,Braga,Jardim de Infância,https://www.aetsm.pt/,yes,domain doesn't match institution name,"""Escola Básica de Arentim"" is part of the ""Agrupamento de Escolas de Trigal de Santa Maria"" (AETSM).

The official website for the ""Agrupamento de Escolas de Trigal de Santa Maria"" is: https://www.aetsm.pt/"
30994,Jardim de Infância de Igreja,Priscos,Braga,Jardim de Infância,not found,,,not found
31062,Escola Básica de Nogueiró,Nogueiró,Braga,Jardim de Infância,not found,,,https://aedonamaria.pt/escola-basica-de-nogueiro/
31063,Escola Básica de Tenões,Braga,Braga,Jardim de Infância,not found,,,"The Escola Básica de Tenões in Braga, Portugal, is part of the Agrupamento de Escolas D. Maria II. Its official website is http://escola.dmaria.pt."
31064,Jardim de Infância de Lamaçães,,Braga,Jardim de Infância,http://crechedelamacaes.pt/,yes,domain doesn't match institution name,The official website for Jardim de Infância de Lamaçães is http://crechedelamacaes.pt/.
31071,Escola Básica de Vinha,Atães,Guimarães,Jardim de Infância,not found,,,"The Escola Básica de Vinha in Atães, Guimarães, Portugal, is part of the Agrupamento de Escolas do Vale de São Torcato, Guimarães. While there isn't a dedicated website solely for ""Escola Básica de Vinha,"" you can find information about it on the Agrupamento de Escolas do Vale de São Torcato website.

Here is the URL for the Agrupamento de Escolas do Vale de São Torcato: http://www.aevst.net/"
31073,Escola Básica de Mosteiro,S. Torcato,Guimarães,Jardim de Infância,https://aevst.com/escola-basica-de-mosteiro,yes,domain doesn't match institution name,"The official website for ""Escola Básica de Mosteiro"" in S. Torcato, Portugal is part of the ""Agrupamento de Escolas do Vale de S. Torcato"" (AEVST).

The direct URL for Escola Básica de Mosteiro within the AEVST website is: https://aevst.com/escola-basica-de-mosteiro"
31074,Escola Básica de Bela Vista,Selho S. Lourenço,Guimarães,Jardim de Infância,not found,,,"The ""Escola Básica de Bela Vista"" in Selho S. Lourenço, Portugal, is part of the ""Agrupamento de Escolas do Vale de São Torcato, Guimarães"" (AEVST). Therefore, its official website is the AEVST website.

https://www.aevst.net/"
31104,Escola EB1/JI de Balugães,Balugães,Barcelos,Jardim de Infância,https://avef.pt/eb1-ji-balugaes/,yes,domain doesn't match institution name,"The ""Escola EB1/JI de Balugães"" is part of the Agrupamento de Escolas de Fragoso.

Therefore, its official website is likely a page within the Agrupamento de Escolas de Fragoso's website: https://avef.pt/eb1-ji-balugaes/"
31105,Escola EB1/JI de Durrães,Durrães,Barcelos,Jardim de Infância,not found,,,"The ""Escola EB1/JI de Durrães"" is part of the Agrupamento de Escolas de Fragoso. Their dedicated page within this agrupamento's website is:

https://vertexaisearch.cloud.google.com/grounding-api-redirect/AUZIYQFiB98ng-mZk3vCHpSptRB-Qen2cHLPNeV5mIfxI5sTYPxxlKkCuTSvLPmHBLmiYULbSFxHZIClC-4n0y2HtPFLgM1tv1f9PHMYtV5vrQ6vyg6MV8vAvwagD25yq8hfkcize3anI6COcWrkySxjIGYfN5Ij7arJ-y8h-m5mHdi6Yx-iI1A=="
31106,Jardim de Infância de Boavista,Aldreu,Barcelos,Jardim de Infância,https://www.avef.pt/ji-aldreu,yes,domain doesn't match institution name,"The ""Jardim de Infância de Boavista"" in Aldreu, Portugal, is part of the Agrupamento de Escolas de Fragoso. Their specific page can be found at:

https://www.avef.pt/ji-aldreu"
31107,Escola EB1/JI de Palme,Palme,Barcelos,Jardim de Infância,not found,,,"The ""Escola EB1/JI de Palme"" is part of the ""Agrupamento de Escolas de Fragoso"" (School Group of Fragoso).

https://vertexaisearch.cloud.google.com/grounding-api-redirect/AUZIYQGQA9-ZX0Fui01mp7_clK5sULVjUFa5O7fwrI6lMkAWwxZc9qbQfYDAHIsia9wUon7VK5SjLI2kyrV1uEDxvkEJRJqRwCR7zaNZnEuyOuQG_PlRPEFxWXET1WB-tinCpgAInJu7Bh4FFRrj6FIsiUd8rXMZ9vcIrKJZe4xi1TMXI_UmP4kz7oh49Y5B"
31135,Escola Básica de Cabanelas,Cabanelas,Vila Verde,Jardim de Infância,https://aelavra.pt,yes,domain doesn't match institution name,"The Escola Básica de Cabanelas is part of the Agrupamento Dr. José Domingues dos Santos. The official website for the Agrupamento Dr. José Domingues dos Santos, which includes the Escola Básica de Cabanelas, is aelavra.pt."
31136,Escola Básica N.º 1 de Prado,Prado,Vila Verde,Jardim de Infância,https://www.aeprado.pt,,,https://www.aeprado.pt
31137,Jardim de Infância de Paúl,,Vila Verde,Jardim de Infância,https://www.aeprado.pt/,yes,domain doesn't match institution name,"The ""Jardim de Infância de Paúl"" in Vila Verde, Portugal, is part of the Agrupamento de Escolas de Prado (Prado School Group). While there isn't a dedicated website solely for the ""Jardim de Infância de Paúl,"" you can find information related to it through the Agrupamento de Escolas de Prado's website.

Therefore, the most relevant official website is: https://www.aeprado.pt/"
31242,Escola Básica do Cávado,Louredo,Vieira do Minho,Jardim de Infância,not found,,,"The ""Escola Básica do Cávado"" in Louredo, Portugal, is part of the ""Agrupamento de Escolas Vieira de Araújo"" (AEVA).

The official website for the ""Agrupamento de Escolas Vieira de Araújo"", which includes the Escola Básica do Cávado, is aeva.edu.pt."
31243,Escola Básica Domingos de Abreu,Eira Vedra,Vieira do Minho,Jardim de Infância,https://aeva.pt,yes,domain doesn't match institution name,"The ""Escola Básica Domingos de Abreu"" in Eira Vedra, Portugal, is part of the ""Agrupamento de Escolas Vieira de Araújo"" (AEVA).

The official website for the Agrupamento de Escolas Vieira de Araújo, which includes the Escola Básica Domingos de Abreu, is aeva.pt."
31287,Jardim de Infância de Pedregais,Pedregais,Vila Verde,Jardim de Infância,https://www.aemourerneiva.com/,yes,domain doesn't match institution name,https://www.aemourerneiva.com/
31288,Jardim de Infância de Marrancos,Vila Verde,Vila Verde,Jardim de Infância,not found,,,http://www.eb1-barrancos.rcts.pt
31292,Jardim de Infância N.º 2 de Moure,Vila Verde,Vila Verde,Jardim de Infância,not found,,,"""Jardim de Infância N.º 2 de Moure"" is part of the ""Agrupamento de Escolas de Moure e Ribeira do Neiva"".

The official website for ""Agrupamento de Escolas de Moure e Ribeira do Neiva"" is not explicitly available in the search results. However, there is an email address provided for the ""Jardim de Infância N.º 2 de Moure"" which is diretora@aemoure.edu.pt. The domain ""aemoure.edu.pt"" suggests that the agrupamento's website might be www.aemoure.edu.pt.

Therefore, the most likely official website is www.aemoure.edu.pt."
31293,Escola Básica da Lage,Lage,Vila Verde,Jardim de Infância,https://www.aesmartinho.pt,yes,domain doesn't match institution name,"There appear to be multiple schools named ""Escola Básica da Lage"" in different locations in Portugal. Please clarify which ""Lage"" you are referring to.

Here are some of the ""Escola Básica da Lage"" with their associated websites if available:

*   **Escola Básica da Lage in Vilarinho, Santo Tirso:** This school is part of the ""Agrupamento de Escolas de São Martinho"". Their website is https://www.aesmartinho.pt.
*   **Escola Básica de Lage in Vila Verde:** Information is available on escoladevidro.pt..
*   **Escola Básica de Lage in Âncora, Caminha:** This school is part of the ""Agrupamento de Escolas do Concelho de Caminha (AECC)"". Information is available on the Caminha Municipal website and on the AECC website."
31294,"Jardim de Infância de Carreiras, Santiago",Carreiras S.tiago,Vila Verde,Jardim de Infância,not found,,,not found
31296,Escola Básica de Parada de Gatim,Vila Verde,Vila Verde,Jardim de Infância,not found,,,"The Escola Básica de Parada de Gatim in Vila Verde, Portugal, is part of the Agrupamento de Escolas de Moure e Ribeira do Neiva. While a direct official website for ""Escola Básica de Parada de Gatim"" was not found, its managing entity, the Agrupamento de Escolas de Moure e Ribeira do Neiva, has an email address associated with it: diretora@aemoure.edu.pt.

Other schools in Vila Verde are part of the Agrupamento de Escolas de Vila Verde, whose website is agvv.edu.pt. However, based on the search results, Escola Básica de Parada de Gatim is associated with a different agrupamento."
31297,Jardim de Infância de Arcozelo,Lousa,Vila Verde,Jardim de Infância,https://DirectorioEscolas.eu,yes,domain doesn't match institution name,"The ""Jardim de Infância de Arcozelo"" you are looking for is located in Lousa, Arcozelo, Vila Verde, and is part of the ""Agrupamento de Escolas de Moure e Ribeira do Neiva"".

I couldn't find a specific, independent official website for the ""Jardim de Infância de Arcozelo"" in Lousa. However, it is associated with the Agrupamento de Escolas de Moure e Ribeira do Neiva. You can find contact information for this institution through resources like Mapa Social and DirectorioEscolas.eu, which list its address, phone number (253382800), and email address (diretora@aemoure.edu.pt).

It is important to note that there is another ""Jardim de Infância de Arcozelo"" located in Ponte de Lima, which is part of the ""Agrupamento de Escolas de Arcozelo"" and has its own website: http://www.aearcozelo.pt. However, this is a different institution from the one you specified in Lousa."
31298,Jardim de Infância de Duas Igrejas,Duas Igrejas,Vila Verde,Jardim de Infância,not found,,,not found
31315,"Jardim de Infância de Lamas, Braga",Lamas,Miranda do Corvo,Jardim de Infância,https://www.aeceleiros.pt/,yes,domain doesn't match institution name,"The ""Jardim de Infância de Lamas"" in Braga, Portugal, is part of the Agrupamento de Escolas de Celeirós.

Therefore, its official website is: https://www.aeceleiros.pt/"
31316,Escola Básica de Guisande,Guisande,Braga,Jardim de Infância,https://aeceleiros.pt/,yes,domain doesn't match institution name,"The ""Escola Básica de Guisande"" is part of the ""Agrupamento de Escolas de Celeirós"" (School Grouping of Celeirós). Therefore, its official information can be found on the agrupamento's website.

https://aeceleiros.pt/"
31317,Escola Básica de Escudeiros,Escudeiros,Braga,Jardim de Infância,https://www.aeceleiros.pt,yes,domain doesn't match institution name,The Escola Básica de Escudeiros is part of the Agrupamento de Escolas de Celeirós. The official website for the agrupamento (group of schools) is https://www.aeceleiros.pt.
31327,Escola EB1/JI Mascotelos,Mascotelos,Guimarães,Jardim de Infância,not found,,,"The official website for ""Escola EB1/JI Mascotelos"" is not found. However, information about the school is available through other platforms, such as its Eco-Escolas page and its listing within the Agrupamento de Escolas D. Afonso Henriques. The school is located in Guimarães, Portugal, and its address is Rua da Liberdade, 4835-132 Guimarães. It is a public institution offering kindergarten and 1st cycle education."
31329,Escola EB1/JI Silvares,Silvares,Guimarães,Jardim de Infância,not found,,,not found
31330,Escola EB1/JI Alto da Bandeira,Creixomil,Guimarães,Jardim de Infância,http://www.aeafonsohenriques.pt,yes,domain doesn't match institution name,"""Escola EB1/JI Alto da Bandeira"" is part of the Agrupamento de Escolas D. Afonso Henriques in Guimarães.

The Agrupamento de Escolas D. Afonso Henriques has a website which can be considered the official online presence for the schools under its umbrella, including ""Escola EB1/JI Alto da Bandeira"".

http://www.aeafonsohenriques.pt"
31334,Escola Básica N.º 1 de Pevidém - Guimarães,Selho S. Jorge,Guimarães,Jardim de Infância,not found,,,"The ""Escola Básica N.º 1 de Pevidém - Guimarães"" is part of the ""Agrupamento de Escolas de Pevidém"". The official website for this school group is https://www.aepevidem.pt."
31336,Escola Básica de Gondar - Guimarães,Gondar,Guimarães,Jardim de Infância,not found,,,"The Escola Básica de Gondar - Guimarães is part of the Agrupamento de Escolas de Pevidém, Guimarães. While the school itself doesn't appear to have an independent official website, it is listed on the website of the Câmara Municipal de Guimarães (Guimarães City Council) as ""EB1/J.I. Cruzeiro / Gondar"" with the URL: www.eb1-gondar-cruzeiro.rcts.pt."
31365,Escola Básica de Sobreposta,Sobreposta,Braga,Jardim de Infância,https://aecarlosamarante.pt,yes,domain doesn't match institution name,"Escola Básica de Sobreposta is part of the ""Agrupamento de Escolas Carlos Amarante"" (Carlos Amarante School Group).

The official website for the Agrupamento de Escolas Carlos Amarante, which includes Escola Básica de Sobreposta, is not directly available in the search results. However, contact information is provided, including an email address for the Escola Básica de Sobreposta: eb1sobreposta@aecarlosamarante.pt."
31366,"Escola Básica de Espinho, Braga",Salgueiral,Mortágua,Jardim de Infância,not found,,,"The ""Escola Básica de Espinho, Braga"" in Salgueiral, Portugal, is part of the Agrupamento de Escolas Carlos Amarante.

The official website for the Agrupamento de Escolas Carlos Amarante, which includes Escola Básica de Espinho, is not explicitly provided in the search results. However, contact information for the school is available.

Not found."
31367,Escola Básica de Pedralva,Pedralva,Braga,Jardim de Infância,not found,,,"The Escola Básica de Pedralva in Pedralva, Braga, Portugal, is part of the Agrupamento de Escolas Carlos Amarante.

You can find information about the EB/JI de Pedralva (which includes Escola Básica de Pedralva) on the Agrupamento de Escolas Carlos Amarante website:

https://www.aecarlosamarante.pt/ebji-de-pedralva/"
31372,"Escola Básica de Ponte, Guimarães",Ponte,Vila Verde,Jardim de Infância,https://www.aeamc.edu.pt,yes,domain doesn't match institution name,"The official website for Escola Básica de Ponte, Guimarães, is part of the Agrupamento de Escolas Arqueólogo Mário Cardoso. The URL for the agrupamento is: https://www.aeamc.edu.pt."
31373,"Escola Básica de Corvite, Guimarães",Corvite,Santo Tirso,Jardim de Infância,https://aeamc.edu.pt,yes,domain doesn't match institution name,"The Escola Básica de Corvite in Guimarães, Portugal, is part of the ""Agrupamento de Escolas Arqueólogo Mário Cardoso"" (AEAMC).

The official website for the agrupamento, which includes Escola Básica de Corvite, is aeamc.edu.pt."
31374,Escola Básica de Cerca do Paço,Prazins Sta Eufémia,Guimarães,Jardim de Infância,https://www.aeamc.edu.pt/,yes,domain doesn't match institution name,"The ""Escola Básica de Cerca do Paço"" in Prazins Santa Eufémia, Guimarães, Portugal is part of the ""Agrupamento de Escolas Arqueólogo Mário Cardoso"" (AEAMC).

The official website for this institution is: https://www.aeamc.edu.pt/"
31375,"Escola Básica de Deserto, Guimarães",Prazins Sto Tirso,Santo Tirso,Jardim de Infância,https://www.aeamc.edu.pt/,yes,domain doesn't match institution name,"The ""Escola Básica de Deserto, Guimarães"" is part of the ""Agrupamento de Escolas Arqueólogo Mário Cardoso, Guimarães"" (AEAMC).

The official website for the Agrupamento de Escolas Arqueólogo Mário Cardoso, which includes the Escola Básica de Deserto, is:

https://www.aeamc.edu.pt/"
31416,Escola Básica de Charneca,Caldas das Taipas,Guimarães,Jardim de Infância,https://aetaipas.pt/,yes,domain doesn't match institution name,"The Escola Básica de Charneca in Caldas das Taipas, Portugal, is part of the Agrupamento de Escolas das Taipas (School Grouping of Taipas).

The official website for the Agrupamento de Escolas das Taipas is: https://aetaipas.pt/"
31417,"Escola Básica de Igreja, Sande - São Martinho",Sande S Martinho,Guimarães,Jardim de Infância,not found,,,not found
31418,Escola Básica de Longos,Passal,Guimarães,Jardim de Infância,https://aetaipas.pt,yes,domain doesn't match institution name,"The Escola Básica de Longos is part of the ""Agrupamento de Escolas das Taipas"" in Guimarães, Portugal.

The official website for the Agrupamento de Escolas das Taipas is aetaipas.pt. You can find information about the Escola Básica de Longos, including contact details, on their website."
31419,Escola Básica de Agrolongo,Agrolongo,Guimarães,Jardim de Infância,https://aetaipas.pt/,yes,domain doesn't match institution name,"Escola Básica de Agrolongo is part of the Agrupamento de Escolas das Taipas (School Group of Taipas). Therefore, its information can be found on the agrupamento's website.

https://aetaipas.pt/"
31420,Escola Básica de Pinheiral,Caldas das Taipas,Guimarães,Jardim de Infância,https://aetaipas.pt,yes,domain doesn't match institution name,"Escola Básica de Pinheiral in Caldas das Taipas, Portugal, is part of the Agrupamento de Escolas das Taipas. The official website for the agrupamento, which includes Escola Básica de Pinheiral, is https://aetaipas.pt.

The Câmara Municipal de Guimarães also lists a specific URL for EB1 Pinheiral / Caldelas as www.eb1-caldas-taipas-pinheiral.rcts.pt."
31421,Escola Básica de Vieite,Sande S. Clemente,Guimarães,Jardim de Infância,https://aetaipas.pt,yes,domain doesn't match institution name,"The official website for ""Escola Básica de Vieite"" in Sande S. Clemente, Portugal is not found as a standalone website. However, it is part of the Agrupamento de Escolas das Taipas (School Grouping of Taipas).

The email address for the school is secretaria@aetaipas.pt and eb1.vieite@escolas.min-edu.pt. The phone number is 253471375."
31432,Jardim de Infância de Eiral,Eiral,Vila Nova de Famalicão,Jardim de Infância,not found,,,not found
31433,Escola Básica de Louro / Mouquim,Vila Nova de Famalicão,Vila Nova de Famalicão,Jardim de Infância,not found,,,not found
31434,Escola Básica de Cruz,Vila Nova de Famalicão,Vila Nova de Famalicão,Jardim de Infância,not found,,,"The ""Escola Básica de Cruz"" in Vila Nova de Famalicão, Portugal, is part of the ""Agrupamento de Escolas D. Maria II"". The official website for this agrupamento (group of schools) is https://www.aedmariaii.net/."
31435,"Jardim de Infância de Além, Gavião",Vila Nova de Famalicão,Vila Nova de Famalicão,Jardim de Infância,not found,,,"The ""Jardim de Infância de Além, Gavião"" is part of the Agrupamento de Escolas D. Maria II in Vila Nova de Famalicão, Portugal. While there isn't a dedicated website specifically for ""Jardim de Infância de Além, Gavião"", information about it can be found through the Agrupamento de Escolas D. Maria II.

The Agrupamento de Escolas D. Maria II has a website, but the direct URL for ""Jardim de Infância de Além, Gavião"" is not available as a separate entity.

Therefore, the most accurate answer is ""not found"" for a dedicated, individual website."
31436,Escola Básica de Requião,Requião,Vila Nova de Famalicão,Jardim de Infância,not found,,,"The Escola Básica de Requião is part of the Agrupamento de Escolas D. Maria II, located in Vila Nova de Famalicão, Portugal. While there isn't a dedicated website solely for ""Escola Básica de Requião,"" information regarding the school, including contact details and its association with the larger school group, can be found on the Portal da Educação de Famalicão.

Therefore, the most relevant official website related to ""Escola Básica de Requião"" is likely the one for its school cluster:

not found"
31437,Jardim de Infância de Mouquim,V. N. de Famalicão,Vila Nova de Famalicão,Jardim de Infância,http://www.cm-vnfamalicao.pt/,yes,domain doesn't match institution name,"The ""Jardim de Infância de Mouquim"" in V. N. de Famalicão, Portugal, does not appear to have an independent official website. It is listed as a public kindergarten belonging to the Agrupamento de Escolas D. Maria II, Vila Nova de Famalicão.

Therefore, its information is likely integrated into the larger school group's online presence or other educational portals. The Agrupamento de Escolas D. Maria II is mentioned in the Portal da Educação de Famalicão, which is part of the Vila Nova de Famalicão municipality's education portal. The municipality's website is http://www.cm-vnfamalicao.pt/."
31440,Escola Básica de Telhado,Telhado,Vila Nova de Famalicão,Jardim de Infância,not found,,,not found
31441,Jardim de Infância de Fonte Cova,Nine,Vila Nova de Famalicão,Jardim de Infância,not found,,,"The official website for ""Jardim de Infância de Fonte Cova"" in Nine, Portugal is not found. However, there is a website for ""Jardim de Infancia de Nine"" which appears to be the same institution based on the address and contact information.

Here's the URL for what appears to be their website: https://jardim-de-infancia-de-nine.webnode.page/"
31442,Jardim de Infância de Altinho,Altinho,Vila Nova de Famalicão,Jardim de Infância,https://jardiminfanciaaltinho.webnode.pt/,,,"The official website for ""Jardim de Infância de Altinho"" is https://jardiminfanciaaltinho.webnode.pt/."
31451,Escola Básica de Guilheta,Guilheta,Esposende,Jardim de Infância,not found,,,"The official website for Escola Básica de Guilheta is not found. However, information about the school is available on the Esposende Educa website and the Município de Esposende website."
31452,Escola Básica de Forjães,Forjães,Esposende,Jardim de Infância,https://www.aears.pt/,yes,domain doesn't match institution name,"The ""Escola Básica de Forjães"" is part of the ""Agrupamento de Escolas António Rodrigues Sampaio"" (AEARS).

The official website for the Agrupamento de Escolas António Rodrigues Sampaio, which includes Escola Básica de Forjães, is https://www.aears.pt/."
31470,Escola Básica de Vermis - Moreira de Cónegos,Moreira de Cónegos,Guimarães,Jardim de Infância,https://www.aevm.edu.pt,yes,domain doesn't match institution name,"The Escola Básica de Vermis - Moreira de Cónegos is part of the Agrupamento de Escolas Virgínia Moura (Virgínia Moura School Grouping).

The official website for the Agrupamento de Escolas Virgínia Moura is: https://www.aevm.edu.pt"
31472,Escola Básica de Monte-Guardizela,Guardizela,Guimarães,Jardim de Infância,https://aevm.edu.pt,yes,domain doesn't match institution name,"The ""Escola Básica de Monte-Guardizela"" (also referred to as Escola EB1/JI Monte – Guardizela) is part of the Agrupamento de Escolas Virgínia Moura in Guimarães, Portugal.

The official website for the Agrupamento de Escolas Virgínia Moura is aevm.edu.pt. While there isn't a dedicated, independent website for ""Escola Básica de Monte-Guardizela,"" information regarding it can be found through the agrupamento's site or other educational directories.

The email provided for the school is secretaria@aevm.edu.

aevm.edu.pt"
31486,"Escola Básica de Fão, Esposende",Fão,Pinhel,Jardim de Infância,https://www.acoliveira.pt,yes,domain doesn't match institution name,"The Escola Básica de Fão, Esposende is part of the Agrupamento de Escolas António Correia de Oliveira. The official website for this school cluster is www.acoliveira.pt."
31487,"Escola Básica de Barral, Esposende",Palmeira de Faro,Faro,Jardim de Infância,https://www.acoliveira.pt/escolas-do-agrupamento/,yes,domain doesn't match institution name,"The Escola Básica de Barral is part of the Agrupamento de Escolas António Correia de Oliveira. The most relevant official online presence found is a page within the Agrupamento's website.

https://www.acoliveira.pt/escolas-do-agrupamento/"
31488,"Escola Básica de Curvos, Esposende",Curvos,Faro,Jardim de Infância,not found,,,"The ""Escola Básica de Curvos, Esposende"" does not appear to have its own independent official website. It is part of the Agrupamento de Escolas António Correia de Oliveira.

You can find information about the school on the following pages:
*   Esposende Educa: https://vertexaisearch.cloud.google.com/grounding-api-redirect/AUZIYQGbj0gD8dMzfEm9nFjNCttI-ezzi6srzfowRDFkPeRYTMboUX63Mc-5Fa80Y8UHpASIVxbNKIlypjJKNm2yDYkA9YwZt0F5RHiSguUsJSCgaBk7dEhXYMkroc6higeFFdEPh6paHbI9LQL60V1p1rkzBRfXLA==
*   Município de Esposende: https://vertexaisearch.cloud.google.com/grounding-api-redirect/AUZIYQGJs4S6PTNFvmOJYZ5Aihk0T3e-YD82OgaK4AjK6-jLXEChObAmB3N1eDt2ZNNz0UQu4oucBaVRON_UlXCr-SxjbTiof0x6fjnuCKnoEeNzSQueIlewch6vOUkg0BF2_gx1bWECfLDokv4b4YY0BTPx6oeH7MM-yAoz7mcOAMfefwJD4XfpakyuWRIfKYK-0v5pa_svxdfTBU0W4XnMvv6cTOs4hkcWSwwexV93z1OCR7GtCn3S7VGuI6QwoaYRP88t3BtKDcN75KIe5FEM6QoN6d3SmA==
*   Agrupamento de Escolas António Correia de Oliveira: https://vertexaisearch.cloud.google.com/grounding-api-redirect/AUZIYQFZUlH44GbtmDbMerbhZskiFY6muu-H85vPG1iacIiERqw0qvkWAGXd1aTWYfGT3rc6joZJ9-82Re_pJ2E_gnFyAVlSmkMYzLTikgAwtK5o3Ov_1_aaP5XT55mmSthehwZgAdkdc-X42TLM0Q=="
31489,Escola Básica de Gandra,Gandra,Esposende,Jardim de Infância,not found,,,not found
31490,Escola Básica de Gemeses,Gemeses,Esposende,Jardim de Infância,not found,,,"The Escola Básica de Gemeses is part of the Agrupamento de Escolas António Correia de Oliveira. The official website for this agrupamento (group of schools) is https://www.aeacoliveira.pt.

A page specifically for Escola Básica de Gemeses can be found on the Esposende Educa portal, which is maintained by the Municipality of Esposende. This page lists contact information and the address for the school."
31509,EB1/JI de Perelhal,Perelhal,Barcelos,Jardim de Infância,not found,,,"The official website for ""EB1/JI de Perelhal"" is part of the Agrupamento de Escolas de Vila Cova. The specific page for the school is: https://vertexaisearch.cloud.google.com/grounding-api-redirect/AUZIYQEptdvMez1CJ9b3-RaYgo0qVDRHqwOVnqeCsI-G4h9ftYeQRmraXa5NIzDgRNSGo8HiYmNj9nmpwTDw70WfXA182WYU4U7nczk8WItXWHuzzCEX6Ja8ZSfjuOvAXlCLldz66a8FV5TfEZWPFdA=."
31510,Jardim de Infância de Vila Cova,Vila Cova,Barcelos,Jardim de Infância,https://aevc.edu.pt,yes,domain doesn't match institution name,"The ""Jardim de Infância de Vila Cova"" in Vila Cova, Portugal, is part of a larger school group called Agrupamento de Escolas de Vila Cova. The official website for this grouping, which includes the Jardim de Infância, is aevc.edu.pt."
31532,Jardim de Infância de Esmeriz,Esmeriz,Vila Nova de Famalicão,Jardim de Infância,not found,,,not found
31533,Escola Básica de Louredo,Calendário,Vila Nova de Famalicão,Jardim de Infância,https://www.aesancho.pt/,yes,domain doesn't match institution name,"The ""Escola Básica de Louredo"" in Calendário, Portugal, is part of the Agrupamento de Escolas D. Sancho I, Vila Nova de Famalicão.

The official website for the Agrupamento de Escolas D. Sancho I, which includes Escola Básica de Louredo in Calendário, is:
https://www.aesancho.pt/"
31534,Jardim de Infância de Lage,Calendário,Vila Nova de Famalicão,Jardim de Infância,not found,,,"The official website for ""Jardim de Infância de Lage"" in Calendário, Portugal is not found. Several sources indicate that the institution is part of the Agrupamento de Escolas D. Sancho I, but a direct website for the Jardim de Infância de Lage was not located. One source explicitly states ""Website: Not found""."
31585,Escola Básica de Infantas,Vila Nova das Infantas,Guimarães,Jardim de Infância,not found,,,"The ""Escola Básica de Infantas"" in Vila Nova das Infantas, Portugal, is part of the ""Agrupamento de Escolas Santos Simões"".

The official website for the Agrupamento de Escolas Santos Simões, which includes Escola Básica de Infantas, is likely accessible through the email provided for the agrupamento: de@santossimoes.edu.pt. However, a direct URL for the school itself or the agrupamento was not found.

not found"
31586,Escola Básica de São Romão,Mesão Frio,Guimarães,Jardim de Infância,not found,,,"The Escola Básica de São Romão in Mesão Frio, Guimarães, is part of the Agrupamento de Escolas Santos Simões.

Here is the URL for the Agrupamento de Escolas Santos Simões:

https://www.aesantossimoes.edu.pt/"
31587,"Escola Básica de Serzedo, Guimarães",Serzedo,Monção,Jardim de Infância,not found,,,"Escola Básica de Serzedo, Guimarães, is part of the Agrupamento de Escolas Santos Simões, Guimarães. Therefore, its official information can be found on the agrupamento's website.

https://www.aesantossimoes.edu.pt"
31615,"Escola Básica de Calvos, Guimarães",Calvos,Monção,Jardim de Infância,not found,,,"The Escola Básica de Calvos, Guimarães is part of the Agrupamento de Escolas de Abação, Guimarães. There is no independent official website for ""Escola Básica de Calvos, Guimarães"". However, it is listed on the Guimarães City Council website with the URL: www.eb1-calvos-cruzeiro.rcts.pt."
31616,Escola Básica de Tabuadelo,Tabuadelo,Guimarães,Jardim de Infância,https://agrupamentoabacao.pt,yes,domain doesn't match institution name,"The Escola Básica de Tabuadelo is part of the ""Agrupamento de Escolas de Abação"" (School Grouping of Abação).

The official website for the ""Agrupamento de Escolas de Abação"", which includes the Escola Básica de Tabuadelo, is: agrupamentoabacao.pt"
31617,Escola Básica Ucha de Baixo,Guimarães,Guimarães,Jardim de Infância,not found,,,"The ""Escola Básica Ucha de Baixo"" in Guimarães, Portugal, is part of the ""Agrupamento de Escolas de Abação, Guimarães"" (School Grouping of Abação, Guimarães). While there isn't a dedicated website solely for Escola Básica Ucha de Baixo, you can find information about it through the agrupamento it belongs to.

Therefore, the official website for the Agrupamento de Escolas de Abação, Guimarães is: not found"
31618,"Escola Básica de Pinheiro, Guimarães",Pinheiro,Vieira do Minho,Jardim de Infância,not found,,,"It appears there are multiple schools named ""Escola Básica de Pinheiro"" in Portugal, located in different municipalities (Guimarães, Felgueiras, and Penafiel). The user specified ""Pinheiro, Guimarães"".

The ""Escola Básica de Pinheiro, Guimarães"" is part of the ""Agrupamento de Escolas de Abação, Guimarães"". However, a dedicated official website for this specific school was not found. Instead, information is available through its agrupamento (school cluster).

Therefore, the most relevant website for information regarding ""Escola Básica de Pinheiro, Guimarães"" would be the website of its agrupamento, if available. However, a specific website for ""Agrupamento de Escolas de Abação, Guimarães"" was not found in the search results.

not found"
31686,Jardim de Infância de Terras de Bouro,Moimenta,Terras de Bouro,Jardim de Infância,not found,,,"The official website for ""Jardim de Infância de Terras de Bouro"" in Moimenta, Portugal is not found. However, there is a ""Jardim de Infância de Moimenta"" which is part of the ""Agrupamento de Escolas de Terras de Bouro (AETB)"". The AETB has a website at https://aetb.pt/.

There is also a ""Centro Social e Paroquial de Moimenta"" which operates a ""CRECHE"" for children up to 3 years old and has a website at https://centrosocialmoimenta.com/. It's important to note that ""Jardim de Infância"" typically refers to pre-school for children aged 3-6."
31688,Jardim de Infância de Chorense,Chorense,Terras de Bouro,Jardim de Infância,not found,,,not found
31691,"Escola Básica Padre Dr. Joaquim Santos, Refojos de Basto",Cabeceiras de Basto,Cabeceiras de Basto,Jardim de Infância,https://centroescolarrefojos.blogspot.pt/,,,https://centroescolarrefojos.blogspot.pt/
31696,Escola Básica de Pedraça,Cabeceiras de Basto,Cabeceiras de Basto,Jardim de Infância,not found,,,"The ""Escola Básica de Pedraça"" in Cabeceiras de Basto, Portugal, is part of a larger group of schools called ""Agrupamento de Escolas de Cabeceiras de Basto"" (School Group of Cabeceiras de Basto). While there isn't a dedicated official website solely for Escola Básica de Pedraça, you can find information about it on the Agrupamento de Escolas de Cabeceiras de Basto's official website.

https://www.aecbasto.pt/"
31699,Jardim de Infância de Santa Senhorinha,Cabeceiras de Basto,Cabeceiras de Basto,Jardim de Infância,not found,,,"The ""Jardim de Infância de Santa Senhorinha"" is part of the Agrupamento de Escolas de Cabeceiras de Basto.

https://www.aecabeceirasdebasto.pt/"
31714,"Centro Escolar da Naia, Ferreiros",Braga,Braga,Jardim de Infância,not found,,,"The official website for Centro Escolar da Naia, Ferreiros, is part of the Agrupamento de Escolas de Maximinos website.

The URL is: https://aemaximinos.net/"
32004,EB de Góios,,Esposende,Jardim de Infância,not found,,,not found
32005,"Escola Básica de Estação, Tadim",,Braga,Jardim de Infância,http://aetsm.pt/,yes,domain doesn't match institution name,"The ""Escola Básica de Estação, Tadim"" is part of the ""Agrupamento de Escolas Trigal de Santa Maria"" (AETSM).

The official website for the Agrupamento de Escolas Trigal de Santa Maria is http://aetsm.pt/."
32027,Escola Básica de Galegos S. Martinho,Galegos (São Martinho),Barcelos,Jardim de Infância,https://aeaf.edu.pt/,yes,domain doesn't match institution name,"The Escola Básica de Galegos S. Martinho is part of the Agrupamento de Escolas Alcaides de Faria (AEAF) in Barcelos, Portugal. The official website for the agrupamento, which includes information for this school, is: https://aeaf.edu.pt/"
32031,Jardim de Infância de Vale S. Martinho,Vale S. Martinho,Vila Nova de Famalicão,Jardim de Infância,https://gmail.com,yes,domain doesn't match institution name,"I could not find an official website specifically for ""Jardim de Infância de Vale S. Martinho"" in Vale S. Martinho, Portugal. However, I found information that indicates it is a public pre-school institution located in Vila Nova de Famalicão. It is also listed as being owned by ""Escolas D. Maria II, Vila Nova de Famalicão"".

While a dedicated website was not found, there are some contact details available:
*   Phone: 252323050
*   Email: jivsmartinho@gmail.com
*   Address: R. Eng. Manuel Sampaio Couto, 4770-609 Vale S. Martinho, also listed as R. Eng. Manuel Sampaio Couto 611 N, 4770 Vale (São Martinho), 4770-025 Vila Nova de Famalicão."
32032,Jardim de Infância de Vale S. Cosme,Vale S. Cosme,Vila Nova de Famalicão,Jardim de Infância,not found,,,"The official website for ""Jardim de Infância de Vale S. Cosme"" is not found. However, there is a website for ""Jardim de Infância de S. Cosme"" which appears to be the same institution, located at R. J. Manuel Gonçalves, n.º 89, 4770-562 Vale S. Cosme.

You can find it at: https://jiscosme.webnode.pt/."
32033,Escola Básica de Ferreirinha,Cabeceiras de Basto,Cabeceiras de Basto,Jardim de Infância,http://aecb.pt/,yes,domain doesn't match institution name,"The ""Escola Básica de Ferreirinha"" in Cabeceiras de Basto, Portugal, is part of the ""Agrupamento de Escolas de Cabeceiras de Basto"" (School Group of Cabeceiras de Basto).

The official website for the Agrupamento de Escolas de Cabeceiras de Basto, which includes Escola Básica de Ferreirinha, is http://aecb.pt/."
32034,Escola Básica Professora Filomena Mesquita,Cabeceiras de Basto,Cabeceiras de Basto,Jardim de Infância,not found,,,"The ""Escola Básica Professora Filomena Mesquita"" in Cabeceiras de Basto, Portugal, is part of the ""Agrupamento de Escolas de Cabeceiras de Basto"" (School Group of Cabeceiras de Basto).

Therefore, the official website for ""Escola Básica Professora Filomena Mesquita"" is the website of the school group it belongs to:

https://www.aecbasto.pt/"
32043,Escola Básica de Areias S. Vicente,Areias Bcl,Barcelos,Jardim de Infância,not found,,,not found
32044,Escola Básica Galegos Santa Maria,Galegos (Santa Maria),Barcelos,Jardim de Infância,not found,,,not found
32045,Escola Básica de Ucha,Ucha,Barcelos,Jardim de Infância,https://aeaf.edu.pt,yes,domain doesn't match institution name,"The Escola Básica de Ucha is part of the ""Agrupamento de Escolas Alcaides de Faria"" (AEAF) in Barcelos, Portugal. The official website for the AEAF, which includes information for Escola Básica de Ucha, is aeaf.edu.pt."
32049,Escola Básica de Faia,Cabeceiras de Basto,Sernancelhe,Jardim de Infância,not found,,,"The Escola Básica de Faia in Cabeceiras de Basto, Portugal, is part of the Agrupamento de Escolas de Cabeceiras de Basto (School Group of Cabeceiras de Basto). The official website for this school group, which includes the Escola Básica de Faia, is https://www.aecabast.pt."
32051,Escola Básica do Arco de Baúlhe,Cabeceiras de Basto,Cabeceiras de Basto,Jardim de Infância,not found,,,"The ""Escola Básica do Arco de Baúlhe"" is part of the ""Agrupamento de Escolas de Cabeceiras de Basto"" (School Group of Cabeceiras de Basto).

Therefore, its official information can be found on the agrupamento's website: https://www.aecbasto.edu.pt/"
32062,Escola Básica de Garapôa,Celeirós,Braga,Jardim de Infância,http://www.aeceleiros.pt,yes,domain doesn't match institution name,"""Escola Básica de Garapôa"" is part of the ""Agrupamento de Escolas de Celeirós"" (AEC).

The official website for ""Agrupamento de Escolas de Celeirós"" is: http://www.aeceleiros.pt"
32085,Escola Básica de Cruz,Celeirós,Braga,Jardim de Infância,http://www.aeceleiros.pt,yes,domain doesn't match institution name,"The ""Escola Básica de Cruz"" in Celeirós, Portugal, is part of the ""Agrupamento de Escolas de Celeirós"" (School Group of Celeirós).

The official website for the Agrupamento de Escolas de Celeirós, which includes Escola Básica de Cruz, is http://www.aeceleiros.pt."
32086,Escola Básica de Figueiredo,Figueiredo,Braga,Jardim de Infância,not found,,,http://www.aecarvalhos.pt/index.php/eb1-figueiredo/
32263,Centro Escolar de Maximinos,Braga,Braga,Jardim de Infância,not found,,,"The ""Centro Escolar de Maximinos"" is part of the ""Agrupamento de Escolas de Maximinos"" (School Grouping of Maximinos) in Braga, Portugal.

The official website for the Agrupamento de Escolas de Maximinos is: https://www.aemaximinos.edu.pt/"
32316,Jardim de Infância e Escola Básica da Quinta da Veiga,Braga,Braga,Jardim de Infância,http://aefranciscosanches.pt,yes,domain doesn't match institution name,"The ""Jardim de Infância e Escola Básica da Quinta da Veiga"" in Braga, Portugal, is part of the Agrupamento de Escolas Dr. Francisco Sanches.

The official website for the Agrupamento de Escolas Dr. Francisco Sanches is: http://aefranciscosanches.pt"
32335,Jardim de Infância e Escola Básica das Enguardas,Braga,Braga,Jardim de Infância,https://aefranciscosanches.pt,yes,domain doesn't match institution name,"The ""Jardim de Infância e Escola Básica das Enguardas"" in Braga, Portugal, is part of the Agrupamento de Escolas Dr. Francisco Sanches.

The official website for the Agrupamento de Escolas Dr. Francisco Sanches is aefranciscosanches.pt."
32433,EB de Guilhofrei,Guilhofrei,Vieira do Minho,Jardim de Infância,https://www.aeva.pt/,yes,domain doesn't match institution name,"The ""Escola Básica de Guilhofrei"" (EB de Guilhofrei) is part of the Agrupamento de Escolas Vieira de Araújo (AEVA) in Vieira do Minho, Portugal.

The official website for AEVA, which includes EB de Guilhofrei, is: https://www.aeva.pt/"
32446,EB de Rossas,Rossas,Vieira do Minho,Jardim de Infância,https://www.rossas.jfreguesia.com,,,"It appears that ""EB de Rossas"" refers to a primary school (Escola Básica) rather than a childcare institution. There are a few different ""EB de Rossas"" entries, located in different municipalities in Portugal.

Based on the search results, the ""EB de Rossas"" that is part of the ""Agrupamento de Escolas Vieira de Araújo"" in Vieira do Minho has a contact page with address and phone number, but no direct website.

Another ""Pólo Escolar de Rossas"" is located in Arouca and is part of the ""Agrupamento de Escolas de Arouca"". This school also has a contact phone number and an address, but no individual website. The Arouca Municipal Council (Câmara Municipal de Arouca) has a page about this school.

The ""Junta de Freguesia de Rossas - Arouca"" (Parish Council of Rossas - Arouca) has an official website: www.rossas.jfreguesia.com, but this is for the local government, not specifically the school itself.

Since there is no direct official website for ""EB de Rossas"" as a standalone institution in the search results, and the entities listed are associated with larger school groupings or municipal bodies, the answer is ""not found""."
32474,Escola Básica Aula Conde Código Postal,Conde Gmr,Vila Nova de Cerveira,Jardim de Infância,not found,,,"The official website for ""Escola Básica Aula Conde"" in Conde Gmr, Portugal is www.eb1-conde-aula.rcts.pt."
32482,Escola Básica de Fonte Boa,Fonte Boa,Esposende,Jardim de Infância,https://acoliveira.pt/escolas-do-agrupamento/,yes,domain doesn't match institution name,"The official website for ""Escola Básica de Fonte Boa"" in Fonte Boa, Portugal is part of the Agrupamento de Escolas António Correia de Oliveira. While there isn't a direct, independent website solely for ""Escola Básica de Fonte Boa,"" information can be found on the agrupamento's website: https://acoliveira.pt/escolas-do-agrupamento/.

Another relevant site is CES Fonte Boa, which appears to be a ""Centro Educativo de Solidariedade Social"" also located in Fonte Boa and offering childcare services (Creche and Jardim de Infância). Their website is: https://cesfonteboa.pt/."
32485,EB1/JI de Creixomil,Creixomil,Barcelos,Jardim de Infância,not found,,,"The official website for ""EB1/JI de Creixomil"" is part of the Agrupamento de Escolas de Vila Cova.

https://agrupamentoaevc.edu.pt/escolas/escola-e-b-1-ji-de-creixomil/"
32486,Escola Básica do Carreiro – Lordelo,Lordelo Gmr,Vila Real,Jardim de Infância,https://aevm.edu.pt,yes,domain doesn't match institution name,"The ""Escola Básica do Carreiro – Lordelo"" is part of the ""Agrupamento de Escolas Virgínia Moura, Guimarães"". The official website for the agrupamento (grouping of schools) is likely to contain information about this specific school.

https://aevm.edu.pt"
32544,Escola Básica de Criaz,Apúlia,Pinhel,Jardim de Infância,not found,,,not found
32545,Escola Básica de Facho,Apúlia,Pinhel,Jardim de Infância,not found,,,http://www.eb1-igreja-n4-apulia.rcts.pt
32564,Escola Básica de Rio Tinto,Rio Tinto,Esposende,Jardim de Infância,http://www.aert.pt,yes,domain doesn't match institution name,"There appear to be several schools named ""Escola Básica de Rio Tinto"" in Portugal.

Based on the search results, the ""Escola Básica 2/3 de Rio Tinto"" which is part of the ""Agrupamento de Escolas de Rio Tinto"" in Gondomar, Portugal, has the official website: http://www.aert.pt.

Another ""Escola Básica e Secundária de Rio Tinto"" has the website: http://www.aert3.pt.

There is also an ""Escola Básica de Rio Tinto"" in Esposende, but no official website is listed for it in the search results, only contact information and an email address.

Given the ambiguity and multiple institutions with very similar names, and without further specific identifying information, a single definitive official website cannot be provided."
32693,Escola Básica Agostinho da Silva,Guimarães,Guimarães,Jardim de Infância,not found,,,"The ""Escola Básica Agostinho da Silva"" in Guimarães, Portugal, is part of the Agrupamento de Escolas de Abação, Guimarães.

While there isn't a dedicated official website solely for ""Escola Básica Agostinho da Silva,"" you can find information about it through the Agrupamento de Escolas de Abação.

The Agrupamento de Escolas de Abação has a category for ""1.º Ciclo"" which includes news and activities related to Escola Básica Agostinho da Silva.

Therefore, the most relevant official online presence is likely within the Agrupamento de Escolas de Abação's platform. However, a specific URL for *only* ""Escola Básica Agostinho da Silva"" is not found."
32700,Jardim de Infância de Roupeire Airão S. João,Airão Stª Maria,Guimarães,Jardim de Infância,https://aepas.org,,,The official website for Jardim de Infância de Roupeire Airão S. João is aepas.org. This institution is part of the Agrupamento de Escolas Professor Abel Salazar (AEPAS).
32704,Jardim de Infância de Rio Caldo,Rio Caldo,Terras de Bouro,Jardim de Infância,not found,,,"It appears there isn't a dedicated, independent official website solely for ""Jardim de Infância de Rio Caldo."" However, the institution is mentioned in the context of other educational and social organizations in the Rio Caldo area.

Here's what was found:

*   The ""Jardim de Infância de Rio Caldo"" is listed as one of the educational facilities in the parish of Rio Caldo, which falls under the municipality of Terras de Bouro.
*   It is part of the ""Agrupamento de Escolas de Rio Caldo"" (School Grouping of Rio Caldo).
*   The ""Escola EB1 de Paredes – Rio Caldo/ Jardim de Infância"" is mentioned on the Eco-Escolas website, indicating its participation in environmental programs.
*   The ""Centro Social e Paroquial de Rio Caldo"" is a social institution in Rio Caldo that offers various services, and while it's a separate entity, it operates within the same community.

Given this, there is no single URL that serves as the official website exclusively for ""Jardim de Infância de Rio Caldo."" It likely operates under the umbrella of a larger school grouping or municipal education department."
32705,Jardim de Infância do Gerês,Vilar da Veiga,Terras de Bouro,Jardim de Infância,not found,,,"The ""Jardim de Infância do Gerês"" in Vilar da Veiga, Portugal, does not appear to have a standalone official website.

It is part of the ""Agrupamento de Escolas de Terras de Bouro"" (School Group of Terras de Bouro), and its information can be found on the AETB website.

Here is the relevant URL for the EB/JI Gerês within the AETB website: https://aetb.pt/ebji-geres/"
32723,Jardim de Infância de Poças Airão Stª Maria,Airão Stª Maria,Guimarães,Jardim de Infância,not found,,,"The ""Jardim de Infância de Poças Airão Stª Maria"" is part of the Escola EB1/JI de Poças – Airão Santa Maria, which in turn belongs to the Agrupamento de Escolas Professor Abel Salazar in Guimarães, Portugal.

You can find information about this institution on the Agrupamento de Escolas Professor Abel Salazar website.

https://www.aepas.org/agrupamento/contactos/eb1-ji-pocas-airao-sta-maria"
32724,Jardim de Infância de Ronfe,Ronfe,Guimarães,Jardim de Infância,not found,,,"It appears there are a few institutions in Ronfe that could be referred to as ""Jardim de Infância de Ronfe.""

*   **Escola EB1/JI de Ronfe** is a public school that includes a ""Jardim de Infância"" (kindergarten). It is part of the Agrupamento de Escolas Professor Abel Salazar. The official website for the Agrupamento de Escolas Professor Abel Salazar, which includes information for EB1/JI de Ronfe, is accessible through a search result.
*   The **Centro Social Paroquial de Ronfe** also operates a ""Jardim de Infância"" (pre-school) and a creche. Their website is.

Given the potential ambiguity, here are the relevant URLs:

*   For Escola EB1/JI de Ronfe (part of Agrupamento de Escolas Professor Abel Salazar): Not found as a direct, dedicated website. Information can be found via the Agrupamento's website.
*   For Jardim De Infância Centro Social Paroquial Ronfe:"
33116,Jardim de Infância de Encourados,Encourados-Barcelos,Barcelos,Jardim de Infância,not found,,,"Jardim de Infância de Encourados is part of the Agrupamento de Escolas de Braga Oeste (School Group of Braga Oeste). While there isn't a dedicated website solely for Jardim de Infância de Encourados, you can find information and contact details for it on the Agrupamento de Escolas de Braga Oeste's website.

Therefore, the most relevant official website is for the school group it belongs to: not found"
33117,Escola Básica de Sequeira,Sequeira,Braga,Jardim de Infância,not found,,,"It appears there are multiple ""Escola Básica de Sequeira"" institutions in Portugal.

One ""Escola Básica de Sequeira"" is located in Braga and is part of the ""Agrupamento de Escolas Braga Oeste"". The official website for this grouping is http://www.agrupamentobragaoeste.pt.

Another ""Escola Básica de Sequeira"" is in Guarda and is associated with the ""Agrupamento de Escolas da Sé, Guarda"". The email provided for this school is direcao@aese.edu, and it is listed on the Eco-Escolas website and the Junta de Freguesia da Guarda website as part of the ""Agrupamento de Escolas da Sé / Centro Escolar da Sequeira"". The Agrupamento de Escolas da Sé also has a website.

Given the ambiguity, I cannot definitively provide a single URL without further clarification as to which ""Escola Básica de Sequeira"" in Sequeira, Portugal you are referring to."
33136,Escola Básica de Pousa,Pousa,Barcelos,Jardim de Infância,https://aebo.pt/eb-de-pousa,yes,domain doesn't match institution name,"The official website for ""Escola Básica de Pousa"" is part of the Agrupamento de Escolas de Braga Oeste (AEBO). The specific page for Escola Básica de Pousa within this agrupamento is https://aebo.pt/eb-de-pousa. There is also a dedicated website for the school's library: https://bepousa.weebly.com."
33157,Jardim de Infância de Moreira do Castelo,Moreira do Castelo,Celorico de Basto,Jardim de Infância,https://clix.pt,yes,domain doesn't match institution name,"The official website for ""Jardim de Infância de Moreira do Castelo"" was not found. The institution is listed as being in Moreira do Castelo, Celorico de Basto, and its proprietary entity is ESCOLAS EBS DE CELORICO DE BASTO. Contact information found includes a phone number (255489069) and an email address (aemotaeb1jicarvalhal@clix.pt)."
33160,Escola Básica de Seidões,Seidões,Fafe,Jardim de Infância,https://www.aecarlosteixeira.net/,yes,domain doesn't match institution name,"The ""Escola Básica de Seidões"" is part of the ""Agrupamento de Escolas Professor Carlos Teixeira"" (Professor Carlos Teixeira School Group).

The official website for the school group that includes Escola Básica de Seidões is: https://www.aecarlosteixeira.net/"
33175,Jardim de Infância de Feira,Carvalho,Celorico de Basto,Jardim de Infância,not found,,,not found
33176,"Jardim de Infância de Santa Luzia, Canedo",Canedo de Basto,Celorico de Basto,Jardim de Infância,not found,,,not found
33178,Escola Básica de Regadas,Regadas,Fafe,Jardim de Infância,https://www.aecarlosteixeira.net/,yes,domain doesn't match institution name,"The Escola Básica de Regadas is part of the ""Agrupamento de Escolas Professor Carlos Teixeira, Fafe"" school cluster. The official website for the cluster, which would include information for Escola Básica de Regadas, is likely https://www.aecarlosteixeira.net/ based on the email address provided for the school cluster. While a direct website for ""Escola Básica de Regadas"" wasn't found, the school's information is integrated within the larger agrupamento's online presence."
33179,Escola Básica de Silvares S. Martinho,Silvares S. Martinho,Fafe,Jardim de Infância,https://www.aecarlosteixeira.net,,,"The ""Escola Básica de Silvares S. Martinho"" is part of the ""Agrupamento de Escolas Professor Carlos Teixeira"" in Fafe, Portugal. The website for this agrupamento (group of schools) is likely the closest to an ""official website"" for the individual school.

https://www.aecarlosteixeira.net"
33231,Jardim de Infância de Aldeia Nova,Ribeirão,Vila Nova de Famalicão,Jardim de Infância,not found,,,"The ""Jardim de Infância de Aldeia Nova"" in Ribeirão, Portugal, is part of the Agrupamento de Escolas de Ribeirão. Their official website is https://www.aearibeirao.pt/."
33232,Escola Básica N.º1 de Ribeirão,Ribeirão,Vila Nova de Famalicão,Jardim de Infância,not found,,,"The official website for ""Escola Básica N.º1 de Ribeirão"" is part of the Agrupamento de Escolas de Ribeirão. The direct page for Escola Básica N.º1 de Ribeirão is:

https://www.ae-ribeirao.pt/1o-ciclo/eb-n1-ribeirao"
33239,Jardim de Infância de Cruzeiro,Courel,Barcelos,Jardim de Infância,not found,,,"The ""Jardim de Infância de Cruzeiro"" in Courel, Portugal, is part of the Agrupamento de Escolas Rosa Ramalho.

You can find information about it on the Agrupamento de Escolas Rosa Ramalho website under the ""Pré-escolar"" section: https://agrupamentoroseramalho.pt/pre-escolar/"
33248,Escola Básica da Feira Nova,Ferreiros,Amares,Jardim de Infância,not found,,,"It appears there are several ""Escola Básica da Feira Nova"" institutions in Portugal, located in different municipalities (Amares, Trofa, and Marco de Canaveses).

For ""Escola Básica da Feira Nova"" in Ferreiros, Amares, Portugal, the school is part of the ""Agrupamento de Escolas de Amares"". However, an official, independent website for this specific ""Escola Básica da Feira Nova"" was not found. Contact information, including an email address (eb1.fnovaferreiros@escolas.min-edu.pt) and phone number (253993869), is available.

Another ""Escola Básica de Feira Nova"" is located in São Mamede do Coronado, Trofa, and is part of the ""Agrupamento de Escolas de Coronado e Castro"". Its website is embedded within the agrupamento's site.

There is also an ""Escola EB1 de Feira Nova"" in Marco de Canaveses, part of the ""Agrupamento de Escolas de Sande"".

Given the prompt specifies ""Ferreiros, Portugal"" and the most relevant result points to Amares, it is likely that the ""Escola Básica da Feira Nova"" in Ferreiros is administered by the ""Agrupamento de Escolas de Amares"". However, a direct, standalone official website for ""Escola Básica da Feira Nova"" in Ferreiros, Amares, was not found.

not found"
33261,Jardim de Infância de Airó,Airó,Barcelos,Jardim de Infância,not found,,,"The ""Jardim de Infância de Airó"" is part of the ""Agrupamento de Escolas Rosa Ramalho"" in Barcelos, Portugal. The official website for the agrupamento (group of schools) that includes this kindergarten is not directly available, however, the website for the Agrupamento de Escolas Rosa Ramalho, which it belongs to, is where you can find information regarding the institution.

The email provided for Jardim de Infância de Airó is eb.airo@aerosaramalho.pt.

not found"
33262,Escola Básica de Alvelos,Alvelos,Barcelos,Jardim de Infância,not found,,,"The Escola Básica de Alvelos in Alvelos, Portugal, is part of the Agrupamento de Escolas Rosa Ramalho in Barcelos. While there doesn't appear to be a dedicated official website solely for Escola Básica de Alvelos, information about the school, including contact details, can be found on the Agrupamento de Escolas Rosa Ramalho website. The municipality of Barcelos also lists the school as part of its educational network and provides an email address for the school (eb.alvelos@aerosaramalho.pt)."
33263,Escola Básica de Areias de Vilar,Areias de Vilar,Barcelos,Jardim de Infância,not found,,,"The ""Escola Básica de Areias de Vilar"" in Areias de Vilar, Portugal, appears to be part of the ""Agrupamento de Escolas Rosa Ramalho"" in Barcelos.

However, a dedicated official website for ""Escola Básica de Areias de Vilar"" was not found. While some search results mention it as part of the ""Agrupamento de Escolas Rosa Ramalho"", and another refers to an ""Escola EB1 de Areias de Vilar"" in Aveiro with an Eco-Schools page, there is no distinct official website for the institution specified in the prompt.

Therefore, the URL cannot be provided."
33264,Escola Básica de Gueral,Gueral,Barcelos,Jardim de Infância,not found,,,"The Escola Básica de Gueral is part of the Agrupamento de Escolas Rosa Ramalho in Barcelos, Portugal. Therefore, the official website for Escola Básica de Gueral is likely integrated within the agrupamento's website.

https://www.aerr.edu.pt/escolas/ebs/escolas-basicas-ed-pre-escolar-e-1-o-ciclo"
33265,"Escola Básica de Moure, Barcelos",Moure,Vila Verde,Jardim de Infância,not found,,,"""Escola Básica de Moure, Barcelos"" is part of the ""Agrupamento de Escolas Rosa Ramalho"" in Barcelos. While there isn't a dedicated website solely for ""Escola Básica de Moure, Barcelos,"" information regarding it can be found on the Agrupamento de Escolas Rosa Ramalho's website.

https://www.ae-rosaramalho.pt/"
33272,Escola Básica de Vale do Cávado,Lago,Amares,Jardim de Infância,not found,,,"The ""Escola Básica de Vale do Cávado"" in Lago, Portugal, is part of the Agrupamento de Escolas de Amares (Amares School Group). While there isn't a dedicated official website solely for ""Escola Básica de Vale do Cávado,"" its information can be found through the Agrupamento de Escolas de Amares' website. The most relevant URL for the school group is: https://www.aearos.pt/"
33273,Escola Básica do Vale do Homem,Rendufe,Amares,Jardim de Infância,not found,,,"The ""Escola Básica do Vale do Homem"" in Rendufe, Amares, Portugal does not appear to have a standalone official website.

However, it is part of the ""Agrupamento de Escolas de Amares"" (School Group of Amares). You can find information related to the school, including contact details, through the agrupamento's website.

The website for the Agrupamento de Escolas de Amares is: not found"
33294,"Escola Básica de Serrado, Briteiros (Stª Leocádia)","Briteiros, Stª Leocádia",Guimarães,Jardim de Infância,https://aebriteiros.pt/,,,"The ""Escola Básica de Serrado, Briteiros (Stª Leocádia)"" is part of the ""Agrupamento de Escolas de Briteiros"" (School Grouping of Briteiros).

The official website for the ""Agrupamento de Escolas de Briteiros"" is https://aebriteiros.pt/."
33304,"Escola Básica de Igreja, Briteiros","Briteiros, S. Salvador",Guimarães,Jardim de Infância,https://www.aebriteiros.pt,,,"The ""Escola Básica de Igreja, Briteiros"" is part of the ""Agrupamento de Escolas de Briteiros"" (School Grouping of Briteiros). The official website for the Agrupamento de Escolas de Briteiros is:

https://www.aebriteiros.pt"
33305,Escola Básica de Donim,Donim,Guimarães,Jardim de Infância,not found,,,"The Escola Básica de Donim in Donim, Portugal, is part of the Agrupamento de Escolas de Briteiros, Guimarães.

The official website for the Escola Básica de Donim is www.eb1-donim-paco.rcts.pt."
33308,Eb1ji de Caneiros,Fermentões,Guimarães,Jardim de Infância,not found,,,not found
33343,Escola Básica de Milhazes,Milhazes,Barcelos,Jardim de Infância,not found,,,"Based on the search results, an official, independent website for ""Escola Básica de Milhazes"" was not found. The school appears to be part of the ""Agrupamento de Escolas de Barcelos"" and is also listed on the website of the ""União das Freguesias de Milhazes, Vilar de Figos e Faria"". While contact information, including email addresses, is available, a dedicated official website for the ""Escola Básica de Milhazes"" alone is not present in the search results."
33345,Escola Básica da Cruz de Argola,Guimarães,Guimarães,Jardim de Infância,not found,,,"The ""Escola Básica da Cruz de Argola"" is part of the Agrupamento de Escolas Santos Simões in Guimarães. The official website for the Agrupamento de Escolas Santos Simões is where information regarding Escola Básica da Cruz de Argola can be found. The email address provided for the school is eb.cruzdeargola@santossimoes.edu.pt.

The official website for the Agrupamento de Escolas Santos Simões is santossimoes.edu.pt."
33363,Escola Básica de Barqueiros,Barqueiros,Mesão Frio,Jardim de Infância,not found,,,http://www.eb1-barqueiros-terreiro.rt.pt/
33364,Escola Básica de Paradela,Paradela,Sever do Vouga,Jardim de Infância,not found,,,"It appears there are several ""Escola Básica de Paradela"" institutions in Portugal, located in different municipalities. To provide the correct URL, more specific location information is needed.

However, based on the search results, here are the official websites for the ""Escola Básica de Paradela"" associated with larger school groups:

*   For ""Escola Básica de Paradela"" in Trofa, it is part of the Agrupamento de Escolas da Trofa: https://www.aet.edu.pt/escolas/escola-basica-de-paradela/
*   For ""Escola Básica de Paradela"" in Barcelos, it is part of the Agrupamento de Escolas de Barcelos: https://www.aebarcelos.pt/escolas/eb1-paradela/

If the ""Escola Básica de Paradela"" you are looking for is in another municipality, please provide that information."
33376,Escola Básica de Barbudo,Vila Verde e Barbudo,Vila Verde,Jardim de Infância,https://aevv.edu.pt,yes,domain doesn't match institution name,"""Escola Básica de Barbudo"" is part of the ""Agrupamento de Escolas de Vila Verde"" (School Group of Vila Verde). The official website for the agrupamento is aevv.edu.pt."
33377,Escola Básica de Esqueiros,Esqueiros,Vila Verde,Jardim de Infância,not found,,,not found
33378,Escola Básica de Geme,Gême,Vila Verde,Jardim de Infância,not found,,,"The official website for ""Escola Básica de Geme"" is not found. However, it is associated with the Agrupamento de Escolas de Vila Verde. While a direct website for Escola Básica de Geme isn't readily available, the Agrupamento de Escolas de Vila Verde has an email address: info@agvv.edu.pt. Another email address found for Escola Básica de Geme is eb1.igrejageme@escolas.min-edu.pt."
33379,Escola Básica de Soutelo,Soutelo,Vila Verde,Jardim de Infância,not found,,,"The ""Escola Básica de Soutelo"" in Soutelo, Vila Verde, Portugal, is part of the ""Agrupamento de Escolas de Vila Verde"" (School Grouping of Vila Verde). While there isn't a direct website listed specifically for ""Escola Básica de Soutelo"" itself, the grouping has an email contact: info@agvv.edu.pt.

Therefore, a direct official website for ""Escola Básica de Soutelo"" is not found."
33380,Escola Básica N.º 2 de Vila Verde,Vila Verde,Vila Verde,Jardim de Infância,https://aevv.edu.pt,yes,domain doesn't match institution name,"The ""Escola Básica N.º 2 de Vila Verde"" is part of the ""Agrupamento de Escolas de Vila Verde"" (School Group of Vila Verde). The official website for the Agrupamento de Escolas de Vila Verde is https://aevv.edu.pt."
33381,Jardim de Infância de Atães,Atães,Vila Verde,Jardim de Infância,not found,,,Not found
33382,Jardim de Infância de Sabariz,Sabariz,Vila Verde,Jardim de Infância,not found,,,not found
33383,EB1/Jardim de Infância Este S. Mamede,Braga,Braga,Jardim de Infância,not found,,,"The ""EB1/Jardim de Infância Este S. Mamede"" in Braga, Portugal is part of the Agrupamento de Escolas Carlos Amarante.

The official website for the Agrupamento de Escolas Carlos Amarante is where you would find information regarding EB1/Jardim de Infância Este S. Mamede. However, a direct URL specifically for ""EB1/Jardim de Infância Este S. Mamede"" as a standalone website was not found.

Therefore, the closest official website is that of the larger school group it belongs to.

not found"
33388,Jardim de Infância de Gualtar,Braga,Braga,Jardim de Infância,http://www.aecarlosamarante.pt/ae/unidades-organicas/ji-de-gualtar/,yes,domain doesn't match institution name,"The official website for ""Jardim de Infância de Gualtar"" in Braga, Portugal is part of the Agrupamento de Escolas Carlos Amarante. You can find information about it at: http://www.aecarlosamarante.pt/ae/unidades-organicas/ji-de-gualtar/."
33389,Jardim de Infância de Este S. Pedro,Braga,Braga,Jardim de Infância,not found,,,"The ""Jardim de Infância de Este S. Pedro"" in Braga, Portugal, does not appear to have a standalone official website.

It is part of the Agrupamento de Escolas Carlos Amarante and is located within the Escola Básica do Primeiro Ciclo de Este São Pedro. Information about the Jardim de Infância can be found on the website of the União das Freguesias de Este (São Pedro e São Mamede).

The relevant URL is: https://www.uf-este.pt/rede-escolar/jardim-de-infancia-de-este-de-s-pedro"
33395,Escola Básica de Aboim da Nóbrega,Aboim da Nóbrega,Vila Verde,Jardim de Infância,not found,,,"A search for ""Escola Básica de Aboim da Nóbrega"" reveals that it is a basic education school, not specifically a childcare institution in the sense of a creche or daycare. The school is part of the Agrupamento de Escolas de Vila Verde.

While some older information refers to a website at www.eb1-aboim-nobrega.rcts.pt, this appears to be outdated as the ""Portal de Aboim da Nóbrega"" states that its website moved due to the previous host cancelling free hosting, suggesting that this particular URL may no longer be active or official.

The current official website for the Agrupamento de Escolas de Vila Verde, which ""Escola Básica de Aboim da Nóbrega"" is part of, is likely the most relevant official online presence. However, the specific URL for this agrupamento was not found directly in the search results.

Therefore, an official, independent website for ""Escola Básica de Aboim da Nóbrega"" could not be definitively identified.

not found"
33396,Escola Básica de Oriz - São Miguel,"Oriz, S. Miguel",Vila Verde,Jardim de Infância,not found,,,"The Escola Básica de Oriz - São Miguel is part of the Agrupamento de Escolas de Vila Verde. While there isn't a dedicated website for ""Escola Básica de Oriz - São Miguel"" itself, information about it, including contact details, can be found through the Agrupamento de Escolas de Vila Verde. The email address provided for the school is info@agvv.edu.pt and eb1.pinheiromanso@escolas.min-edu.pt.

Therefore, the most relevant official website would be that of the overarching school group.

not found"
33397,Escola Básica de Sande,Sande,Vila Verde,Jardim de Infância,http://www.aesande.org/,,,"There appear to be multiple ""Escola Básica de Sande"" institutions in Portugal, located in different municipalities.

*   **Escola Básica de Sande, Vila Nova (Guimarães):** This school is part of the ""Agrupamento de Escolas Arqueólogo Mário Cardoso, Guimarães"". The grouping's website is not explicitly provided, but details about this specific school are available on the Eco-Escolas website.

*   **Escola Básica de Sande (Marco de Canaveses):** This school is part of the ""Agrupamento de Escolas de Sande"". Their official website is http://www.aesande.org/.

*   **Escola Básica de Sande, Vila Verde:** This school belongs to the ""Agrupamento de Escolas de Vila Verde"". The email provided for this institution is info@agvv.edu.pt.

Given the ambiguity, please provide more specific information, such as the district or municipality, to identify the correct institution."
33398,Escola Básica Monsenhor Elísio Araújo,Pico de Regalados,Vila Verde,Jardim de Infância,not found,,,not found
33896,Jardim de Infância de Serzedelo,Serzedelo,Póvoa de Lanhoso,Jardim de Infância,not found,,,"The ""Jardim de Infância de Serzedelo"" in Serzedelo, Portugal, appears to be associated with the ""Agrupamento de Escolas Gonçalo Sampaio, Póvoa de Lanhoso"". While a direct, independent website for ""Jardim de Infância de Serzedelo"" wasn't found, here are some relevant links:

*   **Eco-Escolas page:** (This page provides information about the institution and indicates its affiliation with the Agrupamento de Escolas Gonçalo Sampaio.)
*   **Escola de Vidro page:** (This page also provides contact information and details about the school, including an email address: eb1.inovaserzedelo@escolas.min-edu.pt.)
*   **Mapa Social page:** (This platform congregates information about social institutions in Portugal and lists ""Jardim de Infância de Serzedelo"" with contact details.)

Another institution, ""Creche e Jardim de Infância Casa do Povo de Serzedelo,"" which might be a different entity, has a listing with a website on Coverflex:

*   **Coverflex listing for Creche e Jardim de Infância Casa do Povo de Serzedelo:** https://www.coverflex.com/pt-pt/creches/casa-do-povo-de-serzedelo

Given the information, an official, standalone website for ""Jardim de Infância de Serzedelo"" (as distinct from ""Casa do Povo de Serzedelo"") was not definitively found."
33942,Escola Básica de Carapeços,Carapeços,Barcelos,Jardim de Infância,https://www.aevt.pt/,yes,domain doesn't match institution name,"The Escola Básica de Carapeços is part of the Agrupamento de Escolas de Vale do Tamel. The official website for the Agrupamento de Escolas de Vale do Tamel, which includes the Escola Básica de Carapeços, is https://www.aevt.pt/."
33943,Escola Básica de Fraião - Tamel São Veríssimo,Tamel S. Veríssimo Barcelos,Barcelos,Jardim de Infância,not found,,,The Escola Básica de Fraião - Tamel São Veríssimo is part of the Agrupamento de Escolas Vale do Tamel. The official website for the agrupamento (group of schools) is https://www.valetamel.edu.pt.
33944,Escola Básica de Alheira,Alheira Barcelos,Barcelos,Jardim de Infância,not found,,,"The Escola Básica de Alheira in Alheira, Barcelos, Portugal, is part of the Agrupamento de Escolas de Vale do Tamel. While there isn't a direct website listed specifically for ""Escola Básica de Alheira"" itself, the Agrupamento de Escolas de Vale do Tamel appears to be the overarching educational group.

Therefore, the most relevant official website would likely be that of the ""Agrupamento de Escolas de Vale do Tamel."" However, a specific URL for this agrupamento was not found in the search results. Some schools named ""Escola Básica da Abelheira"" or ""Escola Básica de Alheiras"" exist in other municipalities and have websites, but these are distinct from the school in Alheira, Barcelos.

not found"
33945,Escola Básica de Alvito S. Pedro,Alvito S. Pedro Barcelos,Barcelos,Jardim de Infância,https://www.aebarcelos.pt,,,"The official website for ""Escola Básica de Alvito S. Pedro"" in Alvito S. Pedro, Barcelos, Portugal is not found as a standalone website. However, it appears to be part of a larger ""Agrupamento de Escolas"" (grouping of schools).

Based on the search results, there are two main possibilities:

1.  **Agrupamento de Escolas de Barcelos**: The ""Rede Escolar"" (School Network) of the Municipality of Barcelos lists ""EB de Alvito S. Pedro"" and provides a phone number (253880647), but points to the Agrupamento de Escolas de Barcelos for general information. The website for this grouping is https://www.aebarcelos.pt.
2.  **Agrupamento de Escolas de Vale do Tamel**: Another source indicates that ""Escola Básica de Alvito, São Pedro, Barcelos"" is part of the ""Agrupamento de Escolas de Vale do Tamel, Barcelos"". No direct website for this specific grouping was found in the search results.

It is highly probable that the school operates under the umbrella of one of these larger groupings, and therefore, a dedicated, independent website for ""Escola Básica de Alvito S. Pedro"" may not exist.

Given the information, the most relevant URL for a parent looking for official information about a school in Barcelos, including Alvito S. Pedro, would be the Agrupamento de Escolas de Barcelos.

https://www.aebarcelos.pt"
33946,Escola Básica de Cossourado,Cossourado,Barcelos,Jardim de Infância,https://www.aebarcelos.pt/,yes,domain doesn't match institution name,"The Escola Básica de Cossourado is part of the Agrupamento de Escolas de Vale do Tamel. The Agrupamento de Escolas de Vale do Tamel does not appear to have its own independent website, but it is listed as a unit within the Agrupamento de Escolas de Barcelos. However, the Agrupamento de Escolas de Barcelos website (https://www.aebarcelos.pt/) does not list Cossourado as one of its schools.

The available information provides contact details and states that it is a public institution, but an official website specifically for ""Escola Básica de Cossourado"" was not found.

not found"
33957,Escola Básica e Secundária de Vale do Tamel,Lijó,Barcelos,Jardim de Infância,https://www.aevt.pt,yes,domain doesn't match institution name,https://www.aevt.pt
34536,"Escola EB1, 2, 3 de Fragoso",Fragoso,Barcelos,Jardim de Infância,https://www.avef.pt,yes,domain doesn't match institution name,"The ""Escola EB1, 2, 3 de Fragoso"" is part of the ""Agrupamento de Escolas de Fragoso"" (School Group of Fragoso).

The official website for the Agrupamento de Escolas de Fragoso is https://www.avef.pt."
34742,Jardim de Infância do Centro de Solidariedade da Sagrada Família,Braga,Braga,Jardim de Infância,not found,,,"The official website for ""Jardim de Infância do Centro de Solidariedade da Sagrada Família"" in Braga, Portugal is https://vertexaisearch.cloud.google.com/grounding-api-redirect/AUZIYQGZXHykaPO5pCb4qRYmP4he7mPp9QZu3Gkcce_H6sJ_7TeKFQs6Gzet5AGdJPWi2K090NqOls7PGqWEFJiS3EmqCi-PMesatLUn9qyb89UPThR7_GvUto9xltyPdZ6U."
34908,Escola Básica de Travassós,,Fafe,Jardim de Infância,https://ae-fafe.pt,yes,domain doesn't match institution name,"The ""Escola Básica de Travassós"" in Fafe, Portugal, does not appear to have its own independent official website. It is part of the Agrupamento de Escolas de Montelongo, Fafe.

The website for the Agrupamento de Escolas de Fafe is ae-fafe.pt. While this is a broader educational group in Fafe, it does not specifically list ""Escola Básica de Travassós"" as one of its constituent schools.

Another agrupamento, Agrupamento de Escolas de Montelongo, Fafe, lists ""Escola EB de Travassós"" as one of its schools and provides the email address director@aemontelongo.pt. However, no direct website for the school itself is provided, nor is there a general website for the Agrupamento de Escolas de Montelongo, Fafe, in the search results.

Therefore, the official website for ""Escola Básica de Travassós"" is not found."
34909,"Escola Básica de Moreira de Rei,",Moreira do Rei,Fafe,Jardim de Infância,not found,,,not found
34910,Escola Básica de Montelongo,Fafe,Fafe,Jardim de Infância,https://www.aemontelongo.pt/,,,"The official website for ""Escola Básica de Montelongo"" in Fafe, Portugal is https://www.aemontelongo.pt/."
34911,"Escola Básica de Medelo,",Medelo,Fafe,Jardim de Infância,https://aemontelongo.pt,yes,domain doesn't match institution name,"Escola Básica de Medelo is part of the Agrupamento de Escolas de Montelongo (Schools Grouping of Montelongo). The official website for this grouping, which includes Escola Básica de Medelo, is aemontelongo.pt."
34912,Escola Básica de Golães,Golães,Fafe,Jardim de Infância,https://www.aemontelongo.pt,yes,domain doesn't match institution name,"Escola Básica de Golães is part of the Agrupamento de Escolas de Montelongo in Fafe, Portugal.

The official website for the Agrupamento de Escolas de Montelongo, which includes Escola Básica de Golães, is https://www.aemontelongo.pt."
34913,Escola Básica de Pontes,Tamel (São Veríssimo),Barcelos,Jardim de Infância,https://aevt.pt,yes,domain doesn't match institution name,"The Escola Básica de Pontes in Tamel (São Veríssimo), Portugal, is part of the Agrupamento de Escolas Vale do Tamel.

The official website for the Agrupamento de Escolas Vale do Tamel is https://aevt.pt."
34914,Escola Básica de Vila Boa,Barcelos,Barcelos,Jardim de Infância,not found,,,"The official website for ""Escola Básica de Vila Boa"" in Barcelos, Portugal is likely part of the ""Agrupamento de Escolas de Gonçalo Nunes"". The specific URL for Escola Básica de Vila Boa within that agrupamento is not directly available, but the agrupamento's website is the most relevant official online presence.

The email for Escola Básica de Vila Boa is eb-vilaboa@aegn.pt, and their phone number is 253 822 815.

The website for the Agrupamento de Escolas de Gonçalo Nunes, which Escola Básica de Vila Boa is part of, is: not found"
34917,Escola Básica Padre Joaquim Flores,Revelhe,Fafe,Jardim de Infância,http://www.aemontelongo.pt,yes,domain doesn't match institution name,"The ""Escola Básica Padre Joaquim Flores"" in Revelhe, Portugal, is part of the Agrupamento de Escolas de Montelongo.

The official website for the Agrupamento de Escolas de Montelongo, which includes Escola Básica Padre Joaquim Flores, is: http://www.aemontelongo.pt"
34918,Escola Básica de Serafão,Serafão,Fafe,Jardim de Infância,https://aemontelongo.pt,yes,domain doesn't match institution name,"The ""Escola Básica de Serafão"" is part of the Agrupamento de Escolas de Montelongo. The official website for the Agrupamento de Escolas de Montelongo, which includes Escola Básica de Serafão, is aemontelongo.pt."
34919,Escola Básica de Passos,Passos Faf,Mirandela,Jardim de Infância,https://aemontelongo.pt,yes,domain doesn't match institution name,"Multiple search results indicate that ""Escola Básica de Passos"" in Fafe, Portugal, does not have an independent official website.

Several sources, including escolApp Portugal, explicitly state ""Website: Not found"" for Escola Básica de Passos, Fafe.

The school is part of the Agrupamento de Escolas de Montelongo, Fafe. The Agrupamento de Escolas de Montelongo has a website (aemontelongo.pt), and Escola Básica de Passos is listed under its schools.

Therefore, the most relevant online presence would be through the agrupamento's website, but a direct, standalone website for ""Escola Básica de Passos"" is not available."
34920,Escola Básica António Fogaça,Barcelos,Barcelos,Jardim de Infância,not found,,,https://ebantoniofogaca.pt
34921,Jardim de Infância da Avenida João Duarte,Barcelos,Vila Nova de Gaia,Jardim de Infância,https://aegn150710.wixsite.com/barcelos,yes,domain doesn't match institution name,"The ""Jardim de Infância da Avenida João Duarte"" is part of the Agrupamento de Escolas Gonçalo Nunes in Barcelos. The official website for the Agrupamento de Escolas Gonçalo Nunes is https://aegn150710.wixsite.com/barcelos."
34922,Escola Básica de Abade de Neiva,Abade de Neiva,Barcelos,Jardim de Infância,not found,,,"The ""Escola Básica de Abade de Neiva"" is part of the Agrupamento de Escolas Gonçalo Nunes in Barcelos, Portugal. This larger school group has an official website.

https://aegn.pt"
34923,"Escola Básica de Vila Frescaínha, São Pedro",V Frescainha (S Pedro),Barcelos,Jardim de Infância,not found,,,"The ""Escola Básica de Vila Frescaínha, São Pedro"" is part of the Agrupamento de Escolas de Gonçalo Nunes in Barcelos, Portugal. While there isn't a dedicated website specifically for the ""Escola Básica de Vila Frescaínha, São Pedro,"" its information is available on the Agrupamento de Escolas de Gonçalo Nunes website.

https://www.aegn.pt/escolas/escolas-do-1o-ciclo/"
34925,Escola Básica e Jardim de Infância de Arcos,Braga,Braga,Jardim de Infância,not found,,,"The ""Escola Básica e Jardim de Infância de Arcos"" in Braga, Portugal, is part of the Agrupamento de Escolas Alberto Sampaio (AESAS).

The official website for the Agrupamento de Escolas Alberto Sampaio, which includes the Escola Básica e Jardim de Infância de Arcos, is http://www.esas.pt."
34926,Jardim de Infância de Igreja,Gondifelos,Vila Nova de Famalicão,Jardim de Infância,https://aegondifelos.pt,yes,domain doesn't match institution name,"The ""Jardim de Infância de Igreja"" in Gondifelos, Portugal, is part of the ""Agrupamento de Escolas de Gondifelos"" (School Group of Gondifelos). The official website for the school group, which includes the kindergarten, is aegondifelos.pt."
34928,Escola Básica de Freiriz,Freiriz,Vila Verde,Jardim de Infância,not found,,,"The ""Escola Básica de Freiriz"" is part of the ""Agrupamento de Escolas de Moure e Ribeira do Neiva, Vila Verde"". While a specific, standalone official website for Escola Básica de Freiriz was not found, the agrupamento (group of schools) it belongs to has an email address listed: diretora@aemoure.edu.pt. Another email associated with the school is eb1.sjosefreiriz@escolas.min-edu.pt.

The ""Agrupamento de Escolas de Vila Verde"" (AEVV) also has an online presence and seems to be a larger school group in the same municipality. Some search results also mention a blog for EB1/JI de Freiriz.

Based on the information, the most relevant official online presence would likely be through the agrupamento it belongs to. However, a direct website for Escola Básica de Freiriz was not found.

not found"
34929,Escola Básica do Fujacal,Braga,Braga,Jardim de Infância,https://www.aeandresoares.pt/,yes,domain doesn't match institution name,"Escola Básica do Fujacal is part of the Agrupamento de Escolas André Soares in Braga, Portugal.

The official website for the Agrupamento de Escolas André Soares, which includes Escola Básica do Fujacal, is https://www.aeandresoares.pt/."
34930,Escola Básica de S. Miguel,Vizela,Vizela,Jardim de Infância,not found,,,"The ""Escola Básica de S. Miguel"" in Vizela, Portugal, does not appear to have its own independent official website. It is part of a larger school group called ""Agrupamento de Escolas de S. Bento, Vizela"".

The website for the ""Agrupamento de Escolas de S. Bento, Vizela"" is: http://aeinfias.wix.com/aeinfias"
34931,"Jardim de Infância de Simães,",Fonte Arcada Pvl,Póvoa de Lanhoso,Jardim de Infância,https://aepl.edu.pt,yes,domain doesn't match institution name,"The ""Jardim de Infância de Simães"" in Fonte Arcada, Póvoa de Lanhoso, Portugal, is part of the Agrupamento de Escolas da Póvoa de Lanhoso.

Here is the URL for the Agrupamento de Escolas da Póvoa de Lanhoso, which includes information about Jardim de Infância de Simães:

https://aepl.edu.pt"
34932,"Escola Básica de Monte, Arões - Santa Cristina",Arões (Santa Cristina),Fafe,Jardim de Infância,https://www.ae-fafe.pt/,yes,domain doesn't match institution name,"The ""Escola Básica de Monte, Arões - Santa Cristina"" is part of the Agrupamento de Escolas de Fafe (Schools Group of Fafe). Therefore, its official information and online presence are integrated into the agrupamento's website.

https://www.ae-fafe.pt/"
34933,"Escola Básica de Cabeçudos,",Vila Nova de Famalicão,Vila Nova de Famalicão,Jardim de Infância,https://aesancho.pt/,yes,domain doesn't match institution name,"The ""Escola Básica de Cabeçudos"" is part of the ""Agrupamento de Escolas D. Sancho I"" in Vila Nova de Famalicão. The official website for this agrupamento (grouping of schools) is:

https://aesancho.pt/"
34934,Jardim de Infância de Seide,Vila Nova de Famalicão,Vila Nova de Famalicão,Jardim de Infância,not found,,,"The ""Jardim de Infância de Seide"" in Vila Nova de Famalicão, Portugal, appears to be part of the Agrupamento de Escolas Camilo Castelo Branco. Therefore, its information can be found on the agrupamento's website.

https://agrupamento-camilocastelobranco.pt/ji-de-seide-s-miguel/"
34935,Escola Básica de Aldão,Barcelos,Barcelos,Jardim de Infância,not found,,,not found
34936,Escola Básica de Nespereira,Nespereira Gmr,Guimarães,Jardim de Infância,https://agrupamentogilvicente.edu.pt/escolas/escola-basica-de-nespereira,yes,domain doesn't match institution name,"The official website for Escola Básica de Nespereira in Nespereira, Guimarães, Portugal is part of the Agrupamento de Escolas Gil Vicente. The relevant page for the Nespereira school can be found at:

https://agrupamentogilvicente.edu.pt/escolas/escola-basica-de-nespereira"
34937,Jardim de Infância de Lomar,Braga,Braga,Jardim de Infância,not found,,,"The ""Jardim de Infância de Lomar"" in Braga, Portugal, does not appear to have an independent official website. It is part of the ""Agrupamento de Escolas Alberto Sampaio, Braga"" (Alberto Sampaio School Group, Braga).

While there isn't a dedicated website for the Jardim de Infância de Lomar, you can find information about it on the AESAS website and through other educational directories for Portugal. The school is located at Rua das Regadinhas, 4705-186 Braga, and its contact number is 253 046759."
34938,Centro Escolar de Esporões,Esporões,Braga,Jardim de Infância,https://aesas.pt/,yes,domain doesn't match institution name,"The Centro Escolar de Esporões is part of the Agrupamento de Escolas Alberto Sampaio (AESAS). The official website for AESAS, which includes information and updates related to Centro Escolar de Esporões, is https://aesas.pt/."
34939,Jardim de Infância de Monte,Braga,Braga,Jardim de Infância,not found,,,not found
34940,Escola Básica N.º 1 de Nogueira e Jardim de Infância,Braga,Braga,Jardim de Infância,http://www.esas.pt,yes,domain doesn't match institution name,"The ""Escola Básica N.º 1 de Nogueira e Jardim de Infância"" in Braga, Portugal, is part of a larger school group called Agrupamento de Escolas Alberto Sampaio (AESAS).

The official website for AESAS, which includes information about ""Escola Básica N.º 1 de Nogueira, com Jardim de Infância,"" is: http://www.esas.pt"
34941,Escola Básica e Jardim de Infância de Fraião,Fraião,Braga,Jardim de Infância,https://aesas.pt/,yes,domain doesn't match institution name,"The Escola Básica e Jardim de Infância de Fraião is part of the Agrupamento de Escolas Alberto Sampaio (AESAS) in Braga, Portugal.

The official website for the Agrupamento de Escolas Alberto Sampaio, which includes information about the Escola Básica e Jardim de Infância de Fraião, is: https://aesas.pt/"
34942,Jardim de Infância de Outeiro,Outiz,Vila Nova de Famalicão,Jardim de Infância,not found,,,"The ""Jardim de Infância de Outeiro"" in Outiz, Portugal, is part of the Agrupamento de Escolas de Gondifelos.

Here is the URL for the Agrupamento de Escolas de Gondifelos, which includes information about the Jardim de Infância de Outiz (another name for the same institution):

https://aegondifelos.pt/ji-de-outiz/"
34945,Escola Básica de Cambeses,Cambeses Bcl,Monção,Jardim de Infância,https://gmail.com,yes,domain doesn't match institution name,"The ""Escola Básica de Cambeses"" is part of the ""Agrupamento de Escolas de Vale D'Este"" in Barcelos, Portugal. Therefore, its official information, including contacts and possibly a dedicated page, can be found through the agrupamento's website.

The official website for the ""Agrupamento de Escolas de Vale D'Este"" is not explicitly stated in the search results, but an email address associated with it is ""agrupamentoviatodos@gmail.com"". The search results also indicate that the ""Escola Básica de Cambeses"" has a contact email: ""eb1.estradacambeses@escolas.min-edu.pt"" and ""horizontesdoeste@aeiou.pt"".

Given that the request is to return *only* the URL, and a direct, independent official website URL for ""Escola Básica de Cambeses"" was not found, the response is ""not found""."
34948,Escola Básica de Rio Covo - Santa Eulália,Rio Covo Sta. Eulália,Barcelos,Jardim de Infância,not found,,,not found
34949,Escola Básica de São Lázaro,Braga,Braga,Jardim de Infância,https://www.aeandresoares.pt,yes,domain doesn't match institution name,"The Escola Básica de São Lázaro in Braga, Portugal, belongs to the Agrupamento de Escolas André Soares.

The official website for the Agrupamento de Escolas André Soares, which includes Escola Básica de São Lázaro, is: https://www.aeandresoares.pt"
34950,Escola Básica da Ponte Pedrinha,Braga,Braga,Jardim de Infância,not found,,,http://eb1-ponte-pedrinha.rcts.pt
34951,Escola Básica de Vizela,São Paio Vizela,Vizela,Jardim de Infância,https://aesbvizela.edu.gov.pt/,,,"The ""Escola Básica de Vizela"" in São Paio Vizela, Portugal, is part of the Agrupamento de Escolas de S. Bento, Vizela. The official website for this agrupamento (grouping of schools) is https://aesbvizela.edu.gov.pt/."
34952,Escola Básica de Infias,Ínfias Viz,Vizela,Jardim de Infância,not found,,,"The ""Escola Básica de Infias"" in Ínfias Viz, Portugal, is part of the ""Agrupamento de Escolas de S. Bento, Vizela"".

The official website for the agrupamento (group of schools) that includes Escola Básica de Infias is: https://www.aesbvizela.pt"
34953,Escola Básica de Tagilde,Tagilde,Vizela,Jardim de Infância,not found,,,"The ""Escola Básica de Tagilde"" is part of the ""Agrupamento de Escolas de S. Bento, Vizela"". The official website for the Agrupamento de Escolas de S. Bento, Vizela is https://www.aesbento.pt. While the Escola Básica de Tagilde does not appear to have a separate official website, its information is integrated into the agrupamento's site."
34954,Escola Básica do Ave,Taíde,Póvoa de Lanhoso,Jardim de Infância,https://aepl.edu.pt,yes,domain doesn't match institution name,"The Escola Básica do Ave in Taíde, Portugal, is part of the Agrupamento de Escolas de Póvoa de Lanhoso. The official website for the Agrupamento de Escolas de Póvoa de Lanhoso, which includes Escola Básica do Ave, is aepl.edu.pt."
34955,Jardim de Infância de Travassos,Travassos,Póvoa de Lanhoso,Jardim de Infância,https://iol.pt,yes,domain doesn't match institution name,"It appears there are several institutions named ""Jardim de Infância de Travassos"" in different municipalities in Portugal (Fafe, Póvoa de Lanhoso, and Marco de Canaveses).

One of them, ""Jardim de Infância da Associação Cultural e Recreativa de Travassos"" in Fafe, has an email address listed as ""acrtravassos@iol.pt"" and a phone number 253506293. Another ""Jardim de Infância de Travassos"" in Póvoa de Lanhoso is part of the ""Agrupamento de Escolas de Póvoa de Lanhoso"". There's also a ""Jardim de Infância de Travassos"" in Marco de Canaveses.

Based on the search results, an official, independent website for a specific ""Jardim de Infância de Travassos"" in Travassos, Portugal (which is a locality within different municipalities) cannot be definitively identified. Some listings are for a ""Jardim de Infância da Associação Cultural Recreativa de Travassós"" in Fafe with an email provided, but no direct website. Other listings are for public schools that are part of larger school groups (agrupamentos de escolas) or listed on educational directories without a dedicated website.

Therefore, the URL for an official website for ""Jardim de Infância de Travassos"" in Travassos, Portugal, is not found."
34957,Jardim de Infância de Garfe,Garfe-Póvoa de Lanhoso,Póvoa de Lanhoso,Jardim de Infância,not found,,,not found
34958,Escola Básica de Arões - São Romão,Arões (São Romão),Fafe,Jardim de Infância,https://ae-fafe.pt,yes,domain doesn't match institution name,"The Escola Básica de Arões - São Romão is part of the Agrupamento de Escolas de Fafe.

The official website for the Agrupamento de Escolas de Fafe, which includes the Escola Básica de Arões - São Romão, is not directly provided in the search results. However, contact information is available:

Email: geral@ae-fafe.pt
Phone: 253 491 037

Given that the request was to return only the URL or ""not found,"" and a direct URL for ""Escola Básica de Arões - São Romão"" as an independent entity was not found, the answer is ""not found""."
34959,Escola Básica de Fareja,Fareja,Fafe,Jardim de Infância,https://www.ae-fafe.pt/,yes,domain doesn't match institution name,"The ""Escola Básica de Fareja"" in Fareja, Portugal, is part of the Agrupamento de Escolas de Fafe (Schools Grouping of Fafe). Therefore, its official information can be found on the agrupamento's website.

https://www.ae-fafe.pt/"
34960,Escola Básica de Cepães,Cepães,Fafe,Jardim de Infância,https://ae-fafe.pt,yes,domain doesn't match institution name,"The ""Escola Básica de Cepães"" in Cepães, Portugal, is part of the Agrupamento de Escolas de Fafe (Schools Group of Fafe). Its official website is likely integrated within the Agrupamento's website. The website for Agrupamento de Escolas de Fafe is ae-fafe.pt."
34961,Escola Básica dos Enxertos,Vizela,Vizela,Jardim de Infância,not found,,,"The Escola Básica dos Enxertos in Vizela, Portugal, is part of the Agrupamento de Escolas de Caldas de Vizela. The official website for this agrupamento (grouping of schools) is https://www.aecv.edu.pt."
34962,Escola Básica Maria de Lurdes Sampaio de Melo,Santo Adrião Vizela,Vizela,Jardim de Infância,https://aevizela.edu.pt,yes,domain doesn't match institution name,"The Escola Básica Maria de Lurdes Sampaio de Melo in Santo Adrião Vizela, Portugal, is part of the Agrupamento de Escolas de Caldas de Vizela, Vizela.

The official website for the Agrupamento de Escolas de Caldas de Vizela is aevizela.edu.pt."
34963,Escola Básica de Lagoas,Caldas de Vizela,Vizela,Jardim de Infância,https://www.aevizela.edu.pt/,yes,domain doesn't match institution name,"The Escola Básica de Lagoas in Caldas de Vizela, Portugal, is part of the Agrupamento de Escolas de Caldas de Vizela. The official website for this cluster of schools is https://www.aevizela.edu.pt/."
34964,Jardim de Infância de Campo da Vinha,Santa Eulália Viz,Vizela,Jardim de Infância,not found,,,"The official website for ""Jardim de Infância de Campo da Vinha"" in Santa Eulália Viz, Portugal, is part of the ""Agrupamento de Escolas de Caldas de Vizela"". The relevant URL is:

https://www.aevizela.edu.pt/escolas/campo-da-vinha"
34965,Escola Básica de Monte,Santa Eulália Viz,Vizela,Jardim de Infância,not found,,,not found
34966,Escola Básica de Antas,Vila Nova de Famalicão,Vila Nova de Famalicão,Jardim de Infância,https://cedeantas.weebly.com,,,https://cedeantas.weebly.com
34968,Escola Básica de Lagoa,Lagoa Vnf,Gavião,Jardim de Infância,not found,,,"It appears there are several schools named ""Escola Básica de Lagoa"" in Portugal, located in different municipalities (Lagoa, Mira, Trofa, and Lagoa in the Azores). To provide the correct URL, more specific information about ""Lagoa Vnf"" is needed.

However, based on the search results, here are the official websites found for ""Escola Básica Integrada de Lagoa"" (which is a common designation for basic schools in Portugal):

*   **Escola Básica Integrada de Lagoa (Azores):** http://srec.azores.gov.pt/dre/sd/115121030500/ and https://ebilagoa.azores.gov.pt/
*   **Escola Básica de Lagoa (Mira):** https://aemira.edu.pt/contactos/eb-de-lagoa/
*   **Escola Básica de Lagoa (Trofa):** https://www.aet.edu.pt/escolas/escola-basica-de-lagoa/
*   **Escola Básica de Lagoa (Vila Nova de Famalicão):** https://www.aeccb.pt/eb-lagoa/

Since ""Lagoa Vnf"" likely refers to Vila Nova de Famalicão, the most probable official website for ""Escola Básica de Lagoa"" in that location is from the Agrupamento de Escolas Camilo Castelo Branco.

https://www.aeccb.pt/eb-lagoa/"
34975,Escola Básica Luís de Camões,Vila Nova de Famalicão,Vila Nova de Famalicão,Jardim de Infância,https://aeccb.pt,yes,domain doesn't match institution name,"The ""Escola Básica Luís de Camões"" in Vila Nova de Famalicão, Portugal, is part of the ""Agrupamento de Escolas Camilo Castelo Branco"". The official website for this agrupamento (group of schools) is aeccb.pt.

While there is an ""Agrupamento de Escolas Luís de Camões"" with a website aeluisdecamoes.net, this grouping is located in Lisbon, not Vila Nova de Famalicão.

Therefore, the relevant official website is for the Agrupamento de Escolas Camilo Castelo Branco.

aeccb.pt"
37109,Escola Básica de Crespos,Crespos,Braga,Jardim de Infância,not found,,,"The Escola Básica de Crespos is part of the Agrupamento de Escolas Sá de Miranda. The official website for the Agrupamento de Escolas Sá de Miranda, which includes Escola Básica de Crespos, is https://vertexaisearch.cloud.google.com/grounding-api-redirect/AUZIYQEx2BsBsbHhZUET5VPQfxxencxuXeQRbkIISE4HjOS0oRsQLx-eZ-7IOz0VH9CKIhcoMrZwSq5Ad5Y7xTGyfh13cEUDtRa7yBBZFwdv9smWsrPUXOwVKLLdBb5gvuV8UkE=."
37110,Escola Básica de Pousada,Pousada,Braga,Jardim de Infância,not found,,,not found
37111,Jardim de Infância de Pomares,Sta Lucrécia,Braga,Jardim de Infância,not found,,,"The ""Jardim de Infância de Pomares"" in Sta Lucrécia, Portugal, is part of the Agrupamento de Escolas Sá de Miranda.

The official website for the Agrupamento de Escolas Sá de Miranda, which includes the Jardim de Infância de Santa Lucrécia (also referred to as Jardim de Infância de Pomares), is sa-miranda.net."
37112,Escola Básica de Presa,Adaúfe,Braga,Jardim de Infância,not found,,,"The ""Escola Básica de Presa"" in Adaúfe, Braga, Portugal, is part of the Agrupamento de Escolas Sá de Miranda. Its official website can be found at:

https://www.sa-miranda.net/eb-de-presa"
37113,Escola Básica de Bracara Augusta,Assento,Braga,Jardim de Infância,not found,,,"The ""Escola Básica de Bracara Augusta"" is part of the ""Agrupamento de Escolas Sá de Miranda"".

The official website for the ""Agrupamento de Escolas Sá de Miranda"" is not found in the search results. Therefore, the direct official website for ""Escola Básica de Bracara Augusta"" is also not found. However, it is mentioned that it is associated with the Agrupamento de Escolas Sá de Miranda.

not found"
37114,Jardim de Infância de Coucinheiro,Coucinheiro,Braga,Jardim de Infância,not found,,,not found
37115,Escola Básica de Dume,Dume,Braga,Jardim de Infância,https://www.kekkofornarelli.com/,yes,domain doesn't match institution name,"Escola Básica de Dume is part of the Agrupamento de Escolas Sá de Miranda. The official website for the Agrupamento de Escolas Sá de Miranda is https://www.kekkofornarelli.com/. However, this domain appears to be compromised and redirects to an online slot game site as of April 24, 2026.

There is also a website specifically for the school's library: https://bibliotecadume.wixsite.com/biblioteca-dume."
37116,Jardim de Infância de Adaúfe,Romil,Braga,Jardim de Infância,not found,,,"The ""Jardim de Infância de Adaúfe"" is part of the Agrupamento de Escolas Sá de Miranda (Sá de Miranda School Group) in Braga, Portugal.

Here is the official website for the Agrupamento de Escolas Sá de Miranda, where information about Jardim de Infância de Adaúfe can be found:
https://sa-miranda.net"
37600,Jardim de Infância de Mosteiro,Mosteiro,Vila Nova de Famalicão,Jardim de Infância,not found,,,"The official website for ""Jardim de Infância de Mosteiro"" in Mosteiro, Portugal is https://vertexaisearch.cloud.google.com/grounding-api-redirect/AUZIYQFRKeSXwDEVQCx5d8Vnb7wmdIi05f_sNGj9GyWottkddRSHg7FhWLlWitcy9yORbodSu5lFOgVooUGN67PYtPZTXTbVOaqpNHpcAdcraK8JaKtehTUZ_pKnD4P-PB0JdJg8zzVX."
38233,Escola Básica Conde de Arnoso,Arnoso,Vila Nova de Famalicão,Jardim de Infância,http://www.agrupamentodmariaii.pt,yes,domain doesn't match institution name,"The Escola Básica Conde de Arnoso is part of the Agrupamento de Escolas D. Maria II in Vila Nova de Famalicão, Portugal. The official website for the Agrupamento de Escolas D. Maria II is where you can find information related to Escola Básica Conde de Arnoso.

Here is the URL: http://www.agrupamentodmariaii.pt"
38718,Escola Básica de Silvares São Clemente,Silvares São Clemente,Fafe,Jardim de Infância,not found,,,"The official website for ""Escola Básica de Silvares São Clemente"" is not found. The school is part of the ""Agrupamento de Escolas Professor Carlos Teixeira"" in Fafe, Portugal. While the individual school doesn't appear to have a standalone website, the agrupamento (school cluster) may have one. However, no direct link to an official website for the agrupamento was found in the search results."
38796,Escola Básica de Estalagem,Vermoim,Vila Nova de Famalicão,Jardim de Infância,https://aepbs.net,yes,domain doesn't match institution name,"Escola Básica de Estalagem in Vermoim, Portugal, is part of the Agrupamento de Escolas de Padre Benjamim Salgado (AEPBS). The official website for this educational group is aepbs.net."
39216,Jardim de Infância de Minhotães,Minhotães,Barcelos,Jardim de Infância,not found,,,"The Jardim de Infância de Minhotães in Minhotães, Portugal, does not appear to have a standalone official website.

It is part of the Agrupamento de Escolas de Vale D'Este, Barcelos. You can find contact information for the Jardim de Infância de Minhotães on the Agrupamento de Escolas de Vale D'Este website. The municipality of Barcelos also lists it as ""JI DE MINHOTÃES"" and provides a phone number."
4291,Jardim de Infância Nossa Senhora de Fátima,Macedo de Cavaleiros,Macedo de Cavaleiros,Creche e Jardim de Infância,https://mail.telepac.pt,yes,domain doesn't match institution name; combined tipo — may have split pages,"The ""Jardim de Infância Nossa Senhora de Fátima"" in Macedo de Cavaleiros, Portugal, is part of the ""Centro Social Nossa Senhora de Fátima"".

The official website for the ""Centro Social Nossa Senhora de Fátima"" is not explicitly provided in the search results. However, contact information is available, including an email address (csnsfatima@mail.telepac.pt) and phone numbers (278426311 and 278426689). It is also listed as an ""Associação de Solidariedade Social"" (Association of Social Solidarity).

Therefore, the direct URL for ""Jardim de Infância Nossa Senhora de Fátima"" is not found."
4300,Lar Nosso Senhor da Misericórdia,Miranda do Douro,Miranda do Douro,Creche e Jardim de Infância,https://www.scmmd.pt/,yes,domain doesn't match institution name; combined tipo — may have split pages,"The ""Lar Nosso Senhor da Misericórdia"" in Miranda do Douro, Portugal, is a valency of the Santa Casa da Misericórdia de Miranda do Douro.

Therefore, its official website is: https://www.scmmd.pt/"
4304,Centro Paroquial de Assistência de Freixo de Espada,Freixo de Espada à Cinta,Freixo de Espada à Cinta,Creche e Jardim de Infância,not found,,,not found
4311,Jardim de Infância Centro Paroquial de Assistência Torre de Moncorvo,Torre de Moncorvo,Torre de Moncorvo,Creche e Jardim de Infância,not found,,,"Based on the search results, an official website for ""Jardim de Infância Centro Paroquial de Assistência Torre de Moncorvo"" was not found. The institution is part of the ""Centro Paroquial de Assistência Torre de Moncorvo"", which is a social solidarity institution (IPSS). Contact information such as address, phone number (279253038), and email (centro.paroquialdeassistencia@gmail.com) are available. It appears the municipality of Torre de Moncorvo lists ""Centro Paroquial de Torre de Moncorvo"" in its directories for childcare services."
4328,Centro Social do Sagrado Coração de Jesus,Bragança,Bragança,Creche e Jardim de Infância,https://www.cscjb.com,yes,domain doesn't match institution name; combined tipo — may have split pages,"The official website for ""Centro Social do Sagrado Coração de Jesus"" in Bragança, Portugal is www.cscjb.com."
4333,Jardim de Infância Centro Social Nossa Senhora do Amparo,Mirandela,Mirandela,Creche e Jardim de Infância,https://www.colegioamparo.org,yes,combined tipo — may have split pages,"The official website for ""Jardim de Infância Centro Social Nossa Senhora do Amparo"" in Mirandela, Portugal is www.colegioamparo.org."
4357,Jardim de Infância Flor de Liz de Vila Flor,Vila Flor,Vila Flor,Creche e Jardim de Infância,https://www.misericordiavilaflor.com,yes,combined tipo — may have split pages,"The ""Jardim de Infância Flor de Liz de Vila Flor"" is part of the Santa Casa da Misericórdia de Vila Flor. Their official website is:

https://www.misericordiavilaflor.com"
4359,Equip. Soc. Santa Casa Misericórdia Carrazeda de Ansiães,Carrazeda de Ansiães,Carrazeda de Ansiães,Creche e Jardim de Infância,not found,,,"The official website for ""Equip. Soc. Santa Casa Misericórdia Carrazeda de Ansiães"" is https://misericordiacarrazedadeansiaes.pt/."
4372,Centro Infantil de Alfândega da Fé,Alfândega da Fé,Alfândega da Fé,Creche e Jardim de Infância,not found,,,"The official website for ""Centro Infantil de Alfândega da Fé"" is part of the Santa Casa da Misericórdia de Alfândega da Fé website: https://www.scm-alfandegadafe.pt/infantario."
4379,"Centro Infantil ""O Miminho""",Mirandela,Mirandela,Creche e Jardim de Infância,not found,,,"The official website for ""Centro Infantil ""O Miminho"""" in Mirandela, Portugal, is not found. It is an establishment of Santa Casa da Misericórdia de Mirandela, but a specific, standalone website for ""O Miminho"" was not identified in the search results. Information about the center is available through the Junta de Freguesia de Mirandela website."
4380,Centro Infantil Arco Íris,Mirandela,Mirandela,Creche e Jardim de Infância,https://infantarios.pt,yes,domain doesn't match institution name; combined tipo — may have split pages,"The official website for ""Centro Infantil Arco Íris"" in Mirandela, Portugal is not found. However, it is listed as part of the Santa Casa da Misericórdia de Mirandela. There is a general listing for the institution on infantarios.pt. There is also a website for ""Escuela Infantil Arco Iris"" (infantilarcoiris.com), but this appears to be a Spanish institution, not the one in Mirandela, Portugal."
4399,Centro Infantil da Coxa,Bragança,Bragança,Creche e Jardim de Infância,not found,,,"The official website for ""Centro Infantil da Coxa"" in Bragança, Portugal is not found. However, it is associated with the Santa Casa da Misericórdia de Bragança, which has its own website."
4400,Centro Infantil São João de Deus,Bragança,Bragança,Creche e Jardim de Infância,https://www.scm-braganca.pt,yes,domain doesn't match institution name; combined tipo — may have split pages,"The ""Centro Infantil São João de Deus"" in Bragança, Portugal, is part of the Santa Casa da Misericórdia de Bragança. Therefore, its official website is likely integrated within the Santa Casa da Misericórdia de Bragança's website.

https://www.scm-braganca.pt"
5302,Jardim de Infância Nuclisol Jean Piaget,Macedo Cavaleiros,Macedo de Cavaleiros,Creche e Jardim de Infância,https://www.nuclisol.org/respostas-sociais-e-educativas/macedo-de-cavaleiros/,yes,combined tipo — may have split pages,"The official website for ""Jardim de Infância Nuclisol Jean Piaget"" in Macedo Cavaleiros, Portugal, is part of the larger NucliSol Jean Piaget organization. You can find information about the Macedo de Cavaleiros branch on their website.

https://www.nuclisol.org/respostas-sociais-e-educativas/macedo-de-cavaleiros/"
5303,Nuclisol Jean Piaget,Mirandela,Mirandela,Creche,https://www.nuclisol.org/respostas-sociais-e-educativas/mirandela,,,"The official website for ""Nuclisol Jean Piaget"" in Mirandela, Portugal is part of the larger NucliSol Jean Piaget organization. The specific Mirandela unit has information available on the main NucliSol Jean Piaget website.

https://www.nuclisol.org/respostas-sociais-e-educativas/mirandela"
11183,Casa da Criança Mirandesa,Sendim,Miranda do Douro,Creche,https://casacriancamirandesa.pt/,,,"The official website for ""Casa da Criança Mirandesa"" in Sendim, Portugal is https://casacriancamirandesa.pt/."
15144,Centro Infantil Cinderella,Bragança,Bragança,Creche e Jardim de Infância,https://www.scm-braganca.pt,yes,domain doesn't match institution name; combined tipo — may have split pages,"The ""Centro Infantil Cinderella"" in Bragança, Portugal, appears to be affiliated with the Santa Casa da Misericórdia de Bragança.

The official website for Santa Casa da Misericórdia de Bragança is: https://www.scm-braganca.pt

On this website, you can find information related to their ""Centro Infantil"" and ""Atividades de Tempos Livres"" (After-School Activities), which includes the ""ATL Cinderela""."
15149,Caritas Diocesana de Bragança - Miranda,Bragança,Bragança,Creche e Jardim de Infância,https://www.caritasbraganca.pt,yes,combined tipo — may have split pages,"The official website for ""Cáritas Diocesana de Bragança-Miranda"" is www.caritasbraganca.pt."
19142,Jardim Infantil da Santa Casa da Misericórdia de Vinhais,Vinhais,Vinhais,Creche e Jardim de Infância,not found,,,"The ""Jardim Infantil da Santa Casa da Misericórdia de Vinhais"" is part of the Santa Casa da Misericórdia de Vinhais. The official website for the Santa Casa da Misericórdia de Vinhais is misericordiavinhais.com."
24103,Creche de São Bento e São Francisco,Bragança,Bragança,Creche,not found,,,not found
24605,Creche - Centro Social Santa Clara,Bragança,Bragança,Creche e Jardim de Infância,https://gmail.com,yes,domain doesn't match institution name; combined tipo — may have split pages,"The official website for ""Creche - Centro Social Santa Clara"" in Bragança, Portugal is not found through direct search results. While several listings provide contact information and details about the institution, a dedicated official website URL is not explicitly stated. It is an ""Instituição Particular de Solidariedade Social (IPSS)"" (Private Institution of Social Solidarity) and is overseen by the Congregation of the Reparative Franciscan Servants of Jesus Sacramentado.

The institution offers daycare, preschool, and a leisure activity center. It has a cooperation agreement with the Institute of Social Security, IP/District Center of Bragança.

Contact information found includes:
*   **Address:** Bairro São João de Brito, Rua de S. João de Brito, 5300-261 Bragança.
*   **Phone:** 273 300 200
*   **Email:** colegiodesantaclara@gmail.com"
24861,Centro Social Padre Miguel,Bragança,Bragança,Creche,https://www.ospadremiguel.pt,,,www.ospadremiguel.pt
25531,Creche João Lopes da Silva,Mogadouro,Mogadouro,Creche,https://misericordiamogadouro.com,yes,domain doesn't match institution name,"The official website for ""Creche João Lopes da Silva"" is part of the Santa Casa da Misericórdia de Mogadouro website: https://misericordiamogadouro.com."
34096,Creche - O Cantinho dos Afetos,Vimioso,Vimioso,Creche,https://mvimioso.pt,yes,domain doesn't match institution name,"""Creche - O Cantinho dos Afetos"" in Vimioso, Portugal, is part of the Santa Casa da Misericórdia de Vimioso. Therefore, its official website is the website for Santa Casa da Misericórdia de Vimioso.

https://mvimioso.pt"
4316,Obra Kolping da Diocese de Bragança-Miranda,Bragança,Bragança,Jardim de Infância,not found,,,www.obrakolping.org.pt
4327,Centro Comunitário do Santo Condestável,Bragança,Bragança,Jardim de Infância,https://www.stocondestavel.pt/,yes,domain doesn't match institution name,"The official website for ""Centro Comunitário do Santo Condestável"" in Bragança, Portugal is www.stocondestavel.pt/."
4338,Equip. Soc. Centro Social Paroquial Santos Mártires,Bragança,Bragança,Jardim de Infância,https://www.santosmartires.pt,,,www.santosmartires.pt
15159,Equip. Soc. da Santa Casa da Misericórdia de Freixo de Espada Cinta,Freixo de Espada Cinta,Freixo de Espada à Cinta,Jardim de Infância,https://www.scmfec.pt,yes,domain doesn't match institution name,"The official website for ""Equip. Soc. da Santa Casa da Misericórdia de Freixo de Espada Cinta"" is www.scmfec.pt."
29402,Jardim Infantil da Stª Casa da Misericórdia,Mogadouro,Mogadouro,Jardim de Infância,https://www.misericordiamogadouro.com,yes,domain doesn't match institution name,"The official website for ""Jardim Infantil da Stª Casa da Misericórdia"" in Mogadouro, Portugal, is part of the broader Santa Casa da Misericórdia de Mogadouro website: https://www.misericordiamogadouro.com."
29576,Colégio do Sagrado Coração de Jesus,Bragança,Bragança,Jardim de Infância,https://www.cscjb.com,yes,domain doesn't match institution name,"The official website for ""Colégio do Sagrado Coração de Jesus"" in Bragança, Portugal is www.cscjb.com."
29892,Jardim de Infância de Carviçais,Carviçais,Torre de Moncorvo,Jardim de Infância,not found,,,"The ""Jardim de Infância de Carviçais"" does not appear to have a dedicated, independent official website. However, it is listed on the website of the Carviçais Parish Council (Junta de Freguesia de Carviçais), which is part of the Municipality of Torre de Moncorvo.

The relevant information regarding the ""Jardim de Infância de Carviçais"" can be found on the following page:

https://www.carvicais.pt"
29893,Jardim de Infância de Cabanas de Baixo,Cabanas de Baixo,Torre de Moncorvo,Jardim de Infância,not found,,,not found
29902,Jardim de Infância de Avidagos,Avidagos,Mirandela,Jardim de Infância,not found,,,not found
29904,Jardim de Infância de Mirandela,Mirandela,Mirandela,Jardim de Infância,not found,,,https://www.jf-mirandela.pt/rede-escolar/
29914,Escola Básica Visconde de Vila Maior,Torre de Moncorvo,Torre de Moncorvo,Jardim de Infância,http://www.aetmoncorvo.com/,yes,domain doesn't match institution name,"The ""Escola Básica Visconde de Vila Maior"" in Torre de Moncorvo, Portugal, is part of the ""Agrupamento de Escolas Dr. Ramiro Salgado"".

The official website for the ""Agrupamento de Escolas Dr. Ramiro Salgado"" is http://www.aetmoncorvo.com/."
30470,Escola Básica de Carrazeda de Ansiães,Carrazeda de Ansiães,Carrazeda de Ansiães,Jardim de Infância,https://aecansiaes.pt,yes,domain doesn't match institution name,"The official website for ""Escola Básica de Carrazeda de Ansiães"" is aecansiaes.pt."
30569,Escola Básica N.º 1 de Vimioso,Vimioso,Vimioso,Jardim de Infância,https://www.aevimioso.pt,,,"The ""Escola Básica N.º 1 de Vimioso"" is part of the ""Agrupamento de Escolas de Vimioso"" (School Grouping of Vimioso). The official website for the Agrupamento de Escolas de Vimioso is: https://www.aevimioso.pt."
30692,Escola Básica da Sé,Bragança (Sé),Bragança,Jardim de Infância,not found,,,not found
30693,Jardim de Infância de Santiago,Bragança,Bragança,Jardim de Infância,https://gmail.com,yes,domain doesn't match institution name,"The ""Jardim de Infância de Santiago"" in Bragança, Portugal, does not appear to have an independent official website. It is part of the ""Agrupamento de Escolas Emídio Garcia, Bragança"". While direct links to the kindergarten's own official website were not found, several directories and information portals list its contact details and mention its affiliation with the Agrupamento de Escolas Emídio Garcia.

The email address provided for the institution is aeemidiogarcia@gmail.com or ji.santiago@escolas.min-edu.pt, suggesting communication through the larger school group. There is also a mention of ""Colégio Santiago"" which has a ""Jardim de Infância"" section with its own website, but its location is not specified as Bragança, making it a different institution. Another ""Jardim de Infância de Santiago"" is listed in Matosinhos, not Bragança."
30821,Escola Básica de Macedo de Cavaleiros,Macedo de Cavaleiros,Macedo de Cavaleiros,Jardim de Infância,http://www.agescmacedo.edu.pt/,,,"The ""Escola Básica de Macedo de Cavaleiros"" is part of the ""Agrupamento de Escolas de Macedo de Cavaleiros"" (AEMC).

The official website for the Agrupamento de Escolas de Macedo de Cavaleiros is: http://www.agescmacedo.edu.pt/"
30824,Jardim de Infância de Morais,Morais,Macedo de Cavaleiros,Jardim de Infância,https://www.aemc.pt/,yes,domain doesn't match institution name,"The ""Jardim de Infância de Morais"" is part of the Agrupamento de Escolas de Macedo de Cavaleiros.

Therefore, its official website is likely the website for the larger school group: https://www.aemc.pt/"
30838,Escola Básica Guerra Junqueiro,,Freixo de Espada à Cinta,Jardim de Infância,https://www.freixoespcinta.pt,yes,domain doesn't match institution name,www.freixoespcinta.pt
31369,Escola Básica de Mogadouro,Mogadouro,Mogadouro,Jardim de Infância,https://bemogadouro.wixsite.com/website,,,"There appear to be a few related institutions in Mogadouro.

For ""Escola Básica e Secundária do Mogadouro"", the website is https://bemogadouro.wixsite.com/website.

The ""Agrupamento de Escolas de Mogadouro"" (Group of Schools of Mogadouro) also has a website: https://aemogadouro.edu.gov.pt/. Another related website for Agrupamento de Escolas de Mogadouro is https://aemogadouro.webnode.page/.

The ""Escola Básica e Jardim de Infância de Mogadouro"" (Elementary School and Kindergarten of Mogadouro) has contact information on the Mogadouro Municipality website and Eco-Escolas website, but not a distinct official website listed. It is part of the ""Agrupamento: Escolas de Mogadouro"".

Given that ""Escola Básica de Mogadouro"" can refer to different levels of basic education within the ""Agrupamento de Escolas de Mogadouro"", the most comprehensive official website for the overall school group would be https://aemogadouro.edu.gov.pt/."
31462,Jardim de Infância de Palaçoulo,Palaçoulo,Miranda do Douro,Jardim de Infância,not found,,,not found
31463,Jardim de Infância N.º 1 de Sendim,Sendim,Miranda do Douro,Jardim de Infância,not found,,,"The ""Jardim de Infância N.º 1 de Sendim"" is part of the ""Agrupamento de Escolas de Miranda do Douro"" (School Grouping of Miranda do Douro). The official website for this grouping is not explicitly provided in the search results, however, one result from the Matosinhos municipality website lists an email and a website for ""EB de Sendim - EB1/JI"" which appears to be a different institution, but also mentions the ""Agrupamento de Escolas Irmãos Passos"".

Based on the available information, a direct, standalone official website for ""Jardim de Infância N.º 1 de Sendim"" was not found. The institution is part of a larger school grouping.

not found"
31464,Escola Básica de Miranda do Douro,Miranda do Douro,Miranda do Douro,Jardim de Infância,https://aemd.pt,yes,domain doesn't match institution name,"The ""Escola Básica de Miranda do Douro"" is part of the ""Agrupamento de Escolas de Miranda do Douro"" (School Group of Miranda do Douro). The official website for the school group is aemd.pt."
31491,Jardim de Infância de Alfândega da Fé,,Alfândega da Fé,Jardim de Infância,not found,,,"The official website for Jardim de Infância de Alfândega da Fé is http://www.eb23-alfandega-fe.rcts.pt. This institution is part of the Agrupamento de Escolas de Alfândega da Fé, which includes pre-school education at Jardim de Infância de Alfândega da Fé."
31492,Jardim de Infância de Sambade,Sambade,Alfândega da Fé,Jardim de Infância,https://gmail.com,yes,domain doesn't match institution name,"The ""Jardim de Infância de Sambade"" in Sambade, Portugal, does not appear to have a standalone official website. It is part of the Agrupamento de Escolas de Alfândega da Fé.

Therefore, the URL for the institution's general information is likely through the Agrupamento de Escolas de Alfândega da Fé website. However, a specific direct URL for Jardim de Infância de Sambade is not readily available. 

Here are some relevant contacts and information:
*   **Agrupamento de Escolas de Alfândega da Fé:**
    *   Website: The search results indicate ""School"" as a general domain, but don't provide a direct URL for the agrupamento itself.
    *   Email: escolaalfandegafe@gmail.com
    *   Phone: 279460010
*   **Jardim de Infância de Sambade (general contact information):**
    *   Address: Alameda Professor João Vilares 5350-312 Sambade (also listed as Rua Dr. Telmo Moreno 5350 312 Alfândega da Fé)
    *   Phone: 279479447"
31504,Jardim de Infância de Ervedosa,Ervedosa,Vinhais,Jardim de Infância,not found,,,"The official website for ""Jardim de Infância de Ervedosa"" in Ervedosa, Portugal, was not found.

However, there are a few institutions with similar names or in the same area:

*   **Agrupamento de Escolas D. Afonso III, Vinhais** has a page for ""Ervedosa"" under their ""Jardins de Infância"" section.
*   **Associação para a Infância e Terceira Idade de Ervedosa do Douro (AITIED)**, located in Ervedosa do Douro, São João da Pesqueira, offers a creche (childcare) called ""Creche Palácio da Fantasia"". Their website is aitied.sapo.pt.
*   There's also a listing for ""Jardim de Infância de Ervedosa, Vinhais"" on a public services directory, but it doesn't provide a direct website."
31718,Jardim de Infância de Santa Comba de Rossas,Santa Comba de Rossas,Bragança,Jardim de Infância,not found,,,not found
31719,Jardim de Infância de Bragança,,Bragança,Jardim de Infância,not found,,,not found
31776,Escola Básica de Santa Maria,Bragança (Santa Maria),Bragança,Jardim de Infância,not found,,,"The ""Escola Básica de Santa Maria"" in Bragança (Santa Maria), Portugal, is part of the Agrupamento de Escolas Miguel Torga, Bragança.

The official website for the Agrupamento de Escolas Miguel Torga is https://www.aemigueltorga.pt/
There does not appear to be a separate official website specifically for the ""Escola Básica de Santa Maria"" within that agrupamento. However, it is listed on the agrupamento's website with contact information."
31777,Jardim de Infância de Gimonde,Gimonde,Bragança,Jardim de Infância,not found,,,"The ""Jardim de Infância de Gimonde"" is part of the Agrupamento de Escolas Miguel Torga.

The Agrupamento de Escolas Miguel Torga has an official website, and while there isn't a separate one specifically for the ""Jardim de Infância de Gimonde,"" information about it can be found on the agrupamento's site.

https://www.aemigueltorga.pt/ (Based on previous searches for similar institutions, this is the most likely official website for the agrupamento that the Jardim de Infância is part of)."
32059,Jardim de Infância de Vinhais,Vinhais,Vinhais,Jardim de Infância,not found,,,"The ""Jardim de Infância de Vinhais"" is part of the Agrupamento de Escolas D. Afonso III, Vinhais.

The official website for the Agrupamento de Escolas D. Afonso III, Vinhais, which includes the Jardim de Infância de Vinhais, is: https://www.aevinhais.pt"
32060,Jardim de Infância de Vilar de Lomba,Vilar de Lomba,Vinhais,Jardim de Infância,not found,,,not found
32064,Jardim de Infância de Rebordelo,Rebordelo,Vinhais,Jardim de Infância,not found,,,not found
32065,Jardim de Infância de Agrochão,Agrochão,Vinhais,Jardim de Infância,not found,,,not found
32355,Jardim de Infância do Romeu,Romeu,Mirandela,Jardim de Infância,not found,,,not found
32385,"Escola Básica 1,2 de Torre Dona Chama",Torre Dona Chama,Mirandela,Jardim de Infância,not found,,,not found
32424,Escola Básica de Frechas,Frechas,Mirandela,Jardim de Infância,not found,,,"""Escola Básica de Frechas"" is part of the ""Agrupamento de Escolas de Mirandela"" (School Group of Mirandela). While there doesn't appear to be a dedicated, separate website for Escola Básica de Frechas, information about it can be found through the Agrupamento de Escolas de Mirandela.

not found"
33287,Jardim de Infância de Cardanha,,Torre de Moncorvo,Jardim de Infância,not found,,,not found
33296,"Jardim de Infância de Carvalhal, Felgar",,Torre de Moncorvo,Jardim de Infância,not found,,,not found
33297,Jardim de Infância de Felgar,,Torre de Moncorvo,Jardim de Infância,not found,,,not found
34495,Jardim de Infância de Chacim,Chacim,Macedo de Cavaleiros,Jardim de Infância,https://www.aemc.pt,yes,domain doesn't match institution name,"The ""Jardim de Infância de Chacim"" is part of the Agrupamento de Escolas de Macedo de Cavaleiros (School Group of Macedo de Cavaleiros). While there isn't a dedicated website solely for the ""Jardim de Infância de Chacim,"" information about it can be found on the Agrupamento de Escolas de Macedo de Cavaleiros website.

Therefore, the most relevant official website is for the larger school group: https://www.aemc.pt"
34970,Escola Básica de Santa Comba de Vilariça,Santa Comba de Vilariça,Vila Flor,Jardim de Infância,not found,,,"The ""Escola Básica de Santa Comba de Vilariça"" in Santa Comba de Vilariça, Portugal, does not appear to have a standalone official website. It is part of the ""Agrupamento de Escolas de Vila Flor"".

While some search results provide an email address (info@eb1-sta-comba-vilarica.rcts.pt) and phone number (278536030) for the school, a dedicated website for ""Escola Básica de Santa Comba de Vilariça"" was not found. The school is listed on directories like Mapa Social and DirectorioEscolas.eu."
34973,Escola Básica Dr. Artur Pimentel - Vila Flor,Vila Flor,Vila Flor,Jardim de Infância,https://www.escolasvilaflor.net,,,"The Escola Básica Dr. Artur Pimentel - Vila Flor is part of the ""Agrupamento de Escolas de Vila Flor"" (School Group of Vila Flor). Therefore, its official website is the one for the Agrupamento de Escolas de Vila Flor.

The official website for ""Agrupamento de Escolas de Vila Flor"" is www.escolasvilaflor.net."
34974,Escola Básica de Bemposta,Bemposta Mgd,Mogadouro,Jardim de Infância,https://aebemposta.com/,,,https://aebemposta.com/
34977,Jardim de Infância de Benlhevai,Benlhevai,Vila Flor,Jardim de Infância,not found,,,"The ""Jardim de Infância de Benlhevai"" is part of the ""Agrupamento de Escolas de Vila Flor"". While there isn't a dedicated website for the Jardim de Infância de Benlhevai, the Agrupamento de Escolas de Vila Flor has an email address associated with it: ji.benlhevai@escolas.min-edu.pt.

Not found."
34978,Jardim de Infância de Freixiel,Freixiel,Vila Flor,Jardim de Infância,not found,,,not found
34979,Escola Básica de Samões,Samões,Vila Flor,Jardim de Infância,not found,,,"The Escola Básica de Samões in Samões, Portugal, is part of the Agrupamento de Escolas de Vila Flor. While there isn't a direct official website for ""Escola Básica de Samões,"" information and a blog for the school can be found through the Agrupamento de Escolas Vila Flor website.

https://escolasvilaflor.pt/blogues-de-apoio/"
34980,Escola Básica de Izeda,Izeda,Bragança,Jardim de Infância,https://www.aeabadebacal.pt/index.php/,yes,domain doesn't match institution name,The Escola Básica de Izeda is part of the Agrupamento de Escolas Abade de Baçal. The official website for the agrupamento (grouping of schools) is https://www.aeabadebacal.pt/index.php/.
34981,Escola Básica de Parada,Parada Bgc,Bragança,Jardim de Infância,not found,,,not found
34995,"Escola Básica de Rebordãos,",Rebordãos,Bragança,Jardim de Infância,https://www.aeemidiogarcia.pt,yes,domain doesn't match institution name,"The Escola Básica de Rebordãos is part of the Agrupamento de Escolas Emídio Garcia in Bragança, Portugal. The official website for the agrupamento (group of schools) is:

https://www.aeemidiogarcia.pt"
37601,Escola Básica de Pereira,Pereira,Mirandela,Jardim de Infância,not found,,,"It appears there are a few schools named ""Escola Básica de Pereira"" in Portugal. To provide the correct URL, I need to know which specific municipality ""Pereira"" refers to.

Based on the search results, here are two possibilities:

*   **Escola Básica de Pereira in Montemor-o-Velho:** This school is part of the ""Agrupamento de Escolas de Montemor-o-Velho."" The email provided is aemontemor.dir@mail.telepac.pt, but no direct website for the Pereira school itself is listed in the results. However, one result shows a listing for ""Escola Básica Integrada de Pereira"" in Pereira, Montemor-o-Velho, with a phone number but no website listed.
*   **Escola Básica de Pereira in Miranda do Corvo:** This school has an email address info@eb1-pereira.rcts.pt but also no direct website listed in the results. It is associated with the ""Agrupamento de Escolas de Miranda do Corvo"".

Since an official website directly for ""Escola Básica de Pereira"" in Pereira, Portugal, that unambiguously identifies the institution, is not readily available in the search results, I cannot provide a definitive URL."
37602,Escola Básica do Convento,Mirandela,Mirandela,Jardim de Infância,https://aemirandela.pt,yes,domain doesn't match institution name,https://aemirandela.pt
37603,Escola Básica do Fomento,Mirandela,Mirandela,Jardim de Infância,http://www.aemirandela.pt/,yes,domain doesn't match institution name,"The Escola Básica do Fomento in Mirandela, Portugal, does not appear to have its own independent official website. It is listed as part of the ""Rede Escolar"" (School Network) on the Junta de Freguesia de Mirandela (Parish Council of Mirandela) website.

The school is also identified as belonging to the ""Agrupamento de Escolas de Mirandela"" (School Cluster of Mirandela). The official website for the Agrupamento de Escolas de Mirandela is http://www.aemirandela.pt/."
1316,Santa Casa da Misericórdia de Sobreira Formosa,Sobreira Formosa,Proença-a-Nova,Creche,https://www.santacasasobreiraformosa.com,,,www.santacasasobreiraformosa.com
1319,Equip. Soc. do Centro Paroquial de Assistência Nossa Senhora das Dores,Paúl,Covilhã,Creche e Jardim de Infância,https://larsenhoradores.wixsite.com/centroparoquialpaul,yes,combined tipo — may have split pages,https://larsenhoradores.wixsite.com/centroparoquialpaul
1341,"Creche e Jardim de Infância ""O Cortiço""",Proença-A-Nova,Proença-a-Nova,Creche e Jardim de Infância,not found,,,"The official website for ""Creche e Jardim de Infância ""O Cortiço"""" is not found. However, it is part of the Santa Casa da Misericórdia de Proença-a-Nova, which has a contact page with information for the childcare institution."
1345,Lar I,Vila Velha de Rodão,Vila Velha de Ródão,Creche,not found,,,"""Lar I"" in Vila Velha de Rodão is known as ""Ernestina Ferreira Pinto"" and is part of the Santa Casa da Misericórdia de Vila Velha de Ródão.

The official website for Santa Casa da Misericórdia de Vila Velha de Ródão is currently displaying an error message about being blocked due to being categorized as a ""Parked Domain"". Therefore, an official, functioning website URL cannot be provided at this time.

not found"
1349,Equip. Soc. Centro Social e Cultural de Santo Aleixo,Unhais da Serra,Covilhã,Creche,not found,,,not found
1352,Creche e Jardim de Infância da Santa Casa da Misericórdia de Alpedrinha,Alpedrinha,Fundão,Creche,https://sapo.pt,yes,domain doesn't match institution name,"The official website for ""Creche e Jardim de Infância da Santa Casa da Misericórdia de Alpedrinha"" is not found. However, information about the institution, including contact details and a general email address (scmalpedrinha@sapo.pt), can be found on several directory sites. The Santa Casa da Misericórdia de Alpedrinha, the owning entity, also has a presence on ""pai.pt"" and a Blogger page which appears to be for the overall institution, not specifically the childcare facility."
1364,"Creche, Pré-Escolar e CATL ""O Pinheirinho""",Sertã,Sertã,Creche e Jardim de Infância,https://www.misericordiadaserta.pt,yes,domain doesn't match institution name; combined tipo — may have split pages,"The official website for ""Creche, Pré-Escolar e CATL ""O Pinheirinho"""" in Sertã, Portugal is www.misericordiadaserta.pt."
1371,Equip.soc.centro de Apoio a Crianças e Idosos de Cortes,Cortes do Meio,Covilhã,Creche,not found,,,"The official website for ""Equip.soc.centro de Apoio a Crianças e Idosos de Cortes"" is https://centrocortes.pt/."
1372,Centro de Assistência Social do Tortosendo,Tortosendo,Covilhã,Creche e Jardim de Infância,https://castortosendo.pt/,yes,combined tipo — may have split pages,"The official website for ""Centro de Assistência Social do Tortosendo"" is https://castortosendo.pt/."
1373,"Infantário ""O Meu Cantinho""",Teixoso,Covilhã,Creche e Jardim de Infância,not found,,,"The ""Infantário O Meu Cantinho"" in Teixoso, Portugal, is part of the Santa Casa da Misericórdia da Covilhã.

Here is the official website: https://vertexaisearch.cloud.google.com/grounding-api-redirect/AUZIYQHTYp7Tc5QIz39W7ywhUG965Zs-Tl-gAdxsTNy34dMydSJE-jzlFVYpqWfmFpH-ynwzup8rzrUh5MB-acEhbDEVSxwoomTHxZZseKOG_v_cjGClpVFC8CSjzHBVZFVB74BH2w="
1375,Equip. Socialdo Centro Social Nossa Senhora das Necessidades de Alcaria,Alcaria,Fundão,Creche,not found,,,not found
1380,Santa Casa da Misericórdia de Idanha-A-Nova,Idanha-A-Nova,Idanha-a-Nova,Creche e Jardim de Infância,https://idanha-misericordia.pt/,yes,domain doesn't match institution name; combined tipo — may have split pages,https://idanha-misericordia.pt/
1390,Santa Casa da Misericórdia de Vila de Rei,Vila de Rei,Vila de Rei,Creche,https://www.scmviladerei.pt,,,"The official website for ""Santa Casa da Misericórdia de Vila de Rei"" is www.scmviladerei.pt."
1391,Equip. Soc. do Centro Social São Nuno de Santa Maria,Cernache do Bonjardim,Sertã,Creche e Jardim de Infância,https://www.casadapoesia.pt,yes,domain doesn't match institution name; combined tipo — may have split pages,"The official website for ""Equip. Soc. do Centro Social São Nuno de Santa Maria"" in Cernache do Bonjardim, Portugal is www.casadapoesia.pt."
1396,Capuchinho Vermelho,Tortosendo,Covilhã,Creche e Jardim de Infância,https://www.misericordiacovilha.pt/,yes,domain doesn't match institution name; combined tipo — may have split pages,"The ""Centro Infantil De Tortosendo – “Capuchinho Vermelho”"" (Capuchinho Vermelho in Tortosendo) is part of the Santa Casa da Misericórdia da Covilhã. While there isn't a dedicated website specifically for ""Capuchinho Vermelho,"" you can find information about it on the Santa Casa da Misericórdia da Covilhã website.

https://www.misericordiacovilha.pt/"
1397,Infantário da Associação Centro Social Sagrado Coração de Maria,Ferro,Covilhã,Creche e Jardim de Infância,http://www.acsscmf.pt/,yes,domain doesn't match institution name; combined tipo — may have split pages,"The official website for ""Infantário da Associação Centro Social Sagrado Coração de Maria"" in Ferro, Portugal is http://www.acsscmf.pt/."
2002,Equip. Social da Associação de Solidariedade Social da Freguesia de Silvares,Silvares,Guimarães,Creche,https://assfsilvares.pt,,,"The official website for ""Equip. Social da Associação de Solidariedade Social da Freguesia de Silvares"" is https://assfsilvares.pt."
2012,O Pimpão - Centro de Educação para a Infância,Castelo Branco,Mogadouro,Creche e Jardim de Infância,https://sapo.pt,yes,domain doesn't match institution name; combined tipo — may have split pages,"Not found.

While ""O Pimpão - Centro de Educação para a Infância"" is a recognized institution in Castelo Branco, Portugal, with a physical address and contact numbers, an official website specifically for the institution could not be found through the search. Several business directories and local information sites list the institution and its details, some even including ""Website"" and ""Facebook"" links in their ""O Pimpão na Internet"" sections, but without providing actual URLs. One entry shows an email address ""opimpao@sapo.pt""."
2017,Colégio Nossa Senhora do Rosário,Castelo Branco,Mogadouro,Creche e Jardim de Infância,https://www.cspadresredentoristas.pt/,yes,domain doesn't match institution name; combined tipo — may have split pages,"The official website for ""Colégio Nossa Senhora do Rosário"" in Castelo Branco, Portugal is part of the Centro Social Padres Redentoristas.

https://www.cspadresredentoristas.pt/"
2019,Obra de Santa Zita - Castelo Branco,Castelo Branco,Castelo Branco,Creche e Jardim de Infância,https://www.osz.pt/centros-osz/castelo-branco/,yes,domain doesn't match institution name; combined tipo — may have split pages,https://www.osz.pt/centros-osz/castelo-branco/
2021,Abrigo dos Pequeninos de Nossa Senhora da Conceição,Covilhã,Covilhã,Creche e Jardim de Infância,not found,,,not found
2023,Equip. Soc. Centro Paroquial de Bem-Estar Social de Valverde,Valverde,Fundão,Creche e Jardim de Infância,https://centroparoquialvalverde.pt,yes,combined tipo — may have split pages,"The official website for ""Equip. Soc. Centro Paroquial de Bem-Estar Social de Valverde"" is centroparoquialvalverde.pt."
2025,Equip. Soc. do Centro Social Paroquial de Alcaide,Alcaide,Fundão,Creche e Jardim de Infância,not found,,,not found
2031,Centro Infantil Guardado Moreira,Castelo Branco,Mogadouro,Creche e Jardim de Infância,https://www.scmcastelobranco.pt/,yes,domain doesn't match institution name; combined tipo — may have split pages,"The ""Centro Infantil Guardado Moreira"" is part of the Santa Casa da Misericórdia de Castelo Branco. You can find information about it on the Santa Casa's website.

Here is the URL: https://www.scmcastelobranco.pt/"
2036,Equip. Soc. do Centro Paroquial de Assistência das Donas,Donas,Fundão,Creche e Jardim de Infância,https://www.cpadonas.pt,yes,combined tipo — may have split pages,https://www.cpadonas.pt
2040,Obra de Santa Zita - Covilhã,Covilhã,Covilhã,Creche e Jardim de Infância,https://www.osz.pt/centros/covilha/,yes,domain doesn't match institution name; combined tipo — may have split pages,"The official website for Obra de Santa Zita - Covilhã is part of the larger ""Obra de Santa Zita"" institution. The specific page for the Covilhã center can be found at: https://www.osz.pt/centros/covilha/."
2045,"Centro Social Padres Redentoristas - Infantário ""O Raposinho""",Castelo Branco,Mogadouro,Creche e Jardim de Infância,https://www.cspadresredentoristas.pt,yes,combined tipo — may have split pages,"The official website for ""Centro Social Padres Redentoristas - Infantário ""O Raposinho"""" in Castelo Branco, Portugal is www.cspadresredentoristas.pt."
2052,Fundação Imaculada Conceição,Covilhã,Covilhã,Creche e Jardim de Infância,https://doroteiascovilha.net,yes,domain doesn't match institution name; combined tipo — may have split pages,https://doroteiascovilha.net
2054,"Infantário ""Mundo da Fantasia""",Covilhã,Covilhã,Creche e Jardim de Infância,not found,,,"The ""Infantário Mundo da Fantasia"" in Covilhã, Portugal, is part of the Santa Casa da Misericórdia da Covilhã. While it does not have an independent official website, information about it can be found on the Santa Casa da Misericórdia da Covilhã website.

The relevant page on their website is:
https://www.misericordiacovilha.pt/respostas-sociais/creche-e-pre-escolar-mundo-da-fantasia/"
2058,Jardim de Infância Girassol,Caria,Moimenta da Beira,Creche e Jardim de Infância,http://www.capcaria.pt/jardiminfantil.html,yes,domain doesn't match institution name; combined tipo — may have split pages,"The official website for ""Jardim de Infância Girassol"" in Caria, Portugal, is part of the Centro de Assistência Paroquial de Caria website.

http://www.capcaria.pt/jardiminfantil.html"
2063,Jardim Infantil Maria Augusta Silva,Oleiros,Oleiros,Creche e Jardim de Infância,https://sapo.pt,yes,domain doesn't match institution name; combined tipo — may have split pages,"The ""Jardim Infantil Maria Augusta Silva"" in Oleiros, Portugal, does not appear to have a dedicated official website. It is associated with the Santa Casa da Misericórdia de Oleiros.

You can find contact information for the institution through these directories:
*   **Mapa Social:** Provides the address (Praça da República, 6160-408 Oleiros), phone number (272682551), and email (santacasaoleiros@sapo.pt).
*   **InfantariosPT:** Lists the address (Praça República, Oleiros, 6160-408 OLEIROS) and phone number (272682551)."
2065,Creche e Jardim-De-Infância da Santa Casa da Misericórdia do Fundão,Fundão,Fundão,Creche e Jardim de Infância,not found,,,"The official website for ""Creche e Jardim-De-Infância da Santa Casa da Misericórdia do Fundão"" is part of the Santa Casa da Misericórdia do Fundão's main website. The relevant pages are:

https://www.scmfundao.pt/creche/
https://www.scmfundao.pt/jardim-de-infancia/"
4435,Jardim Escola João de Deus de Castelo Branco,Castelo Branco,Mogadouro,Creche e Jardim de Infância,https://www.castelobranco.escolasjoaodeus.pt,yes,combined tipo — may have split pages,https://www.castelobranco.escolasjoaodeus.pt
4448,Casa Nossa Senhora de Fátima,Aldeia Nova do Cabo,Fundão,Creche e Jardim de Infância,not found,,,www.casasenhoradefatima.pt
4452,"Jardim de Infância da Associação Nossa Senhora da Esperança - Infantário "" O Amiguinho""",Belmonte,Belmonte,Creche e Jardim de Infância,not found,,,"The official website for ""Jardim de Infância da Associação Nossa Senhora da Esperança - Infantário "" O Amiguinho"""" in Belmonte, Portugal, is not found. However, there is a page for ""Infantário O Amiguinho - Associação Nossa Senhora da Esperança"" which includes contact information and documents."
4455,Equip. Soc. do Movimento de Apoio e Solidariedade Colectiva ao Ladoeiro,Ladoeiro,Idanha-a-Nova,Creche e Jardim de Infância,not found,,,not found
11178,Casa Menino Jesus,Covilhã,Covilhã,Creche e Jardim de Infância,https://www.casameninojesus.pt,yes,combined tipo — may have split pages,www.casameninojesus.pt
12321,Centro Social Jesus Maria José - Covilhã,Dominguiso,Covilhã,Creche,not found,,,"The ""Centro Social Jesus Maria José - Covilhã"" in Dominguiso, Portugal, does not appear to have its own independent official website. It is part of the larger ""Instituto Jesus Maria José"", which has its headquarters in Ovar.

Information about the Covilhã center can be found on:

*   **Mapa Social:** https://vertexaisearch.cloud.google.com/grounding-api-redirect/AUZIYQG6596lHQo25lqvemShy8O6a8pVxIdWSEtMk3DjG21Tl5fK6xrjyT8Quj2pZQBE_Wi8ylp13fN9FqU2VWX6iUzqUxfnQTVEy6iv6qjye_psJGKjxwRRrdWAoiSnJexQhcvb3PAL4NHusHAKnQ0g-rfSzUFqG68Y5jUY3OnAQuNHz6UqSuA=
*   **CSJMJ - Viseu:** https://vertexaisearch.cloud.google.com/grounding-api-redirect/AUZIYQFiur65yqp93D2MYQLsNC8YlxtpdIRd5j0PDMeGuDsGxDH8rsJfM4NztcOOcmYtiTGg8ucBuLzz8VLT12INleIIKOIfoiEwtn3Z3mgXZSwKtcI= (This website appears to be for the larger Instituto, but has a dedicated section for the Covilhã center)

Therefore, the most relevant URL directly providing information about the Covilhã institution itself (beyond just a listing) would be the CSJMJ - Viseu page dedicated to it. However, as it's not a standalone website, the most accurate answer is ""not found"" for an *official independent website*."
19182,Jardim de Infância o Cordeirinho - SCM Belmonte,Belmonte,Belmonte,Creche e Jardim de Infância,https://scmbelmonte.wordpress.com,yes,combined tipo — may have split pages,"The ""Jardim de Infância o Cordeirinho - SCM Belmonte"" is part of the Santa Casa da Misericórdia de Belmonte (SCM Belmonte). The official website for Santa Casa da Misericórdia de Belmonte is https://scmbelmonte.wordpress.com."
19205,Equip. Soc. da Misericórdia de Penamacor,Penamacor,Penamacor,Creche e Jardim de Infância,https://www.scmpenamacor.pt,yes,combined tipo — may have split pages,"The official website for ""Equip. Soc. da Misericórdia de Penamacor"" is actually the website for the Santa Casa da Misericórdia de Penamacor. ""Equip. Soc. da Misericórdia de Penamacor"" is listed as an entity owned by Santa Casa da Misericórdia de Penamacor.

The URL is: www.scmpenamacor.pt"
19210,CACFF - Centro Assistencial Cultural e Formativo do Fundão,Fundão,Fundão,Creche,not found,,,not found
29014,Centro Infantil Alberto Trindade (Antigo Centro Infantil de Castelo Branco I),Castelo Branco,Mogadouro,Creche e Jardim de Infância,not found,,,"The ""Centro Infantil Alberto Trindade (Antigo Centro Infantil de Castelo Branco I)"" is one of the childcare institutions managed by the Santa Casa da Misericórdia de Castelo Branco.

The official website for the Santa Casa da Misericórdia de Castelo Branco, which includes information about the Centro Infantil Alberto Trindade, is: https://www.scmcbranco.pt/"
29015,Centro Infantil Jacqueline Albert (Antigo Centro Infantil de Castelo Branco II),Castelo Branco,Mogadouro,Creche e Jardim de Infância,https://www.scmcastelobranco.pt,yes,combined tipo — may have split pages,"The ""Centro Infantil Jacqueline Albert (Antigo Centro Infantil de Castelo Branco II)"" is part of the Santa Casa da Misericórdia de Castelo Branco. You can find information about it, and contact details, on the Santa Casa da Misericórdia de Castelo Branco website.

https://www.scmcastelobranco.pt"
34098,Creche em Amor,Castelo Branco,Mogadouro,Creche,not found,,,not found
36545,Centro Infantil do Lar Major Rato,Alcains,Castelo Branco,Creche e Jardim de Infância,https://www.lar-major-rato.pt,yes,combined tipo — may have split pages,www.lar-major-rato.pt
39046,Creche em Amor - Granja Park,Castelo Branco,Mogadouro,Creche,not found,,,not found
39130,Creche Saudável II,Canhoso,Covilhã,Creche,not found,,,"A ""Creche Saudável II"" in Canhoso, Portugal, does not appear to have an independent official website. However, it is listed on the Mapa Social platform, which provides its contact details including an email address (crechesaudavel2@hotmail.com) and phone number (966105173). Another entry for ""Creche Saudável"" (possibly related or an earlier iteration) mentions a Facebook page: https://www.facebook.com/creche.saudavel.chcb/."
29558,Conservatório Regional de Música da Covilhã,Covilhã,Covilhã,Jardim de Infância,not found,,,www.conservatoriomusicacovilha.pt
30022,Jardim de Infância de Canhoso,Canhoso,Covilhã,Jardim de Infância,not found,,,"""Jardim de Infância de Canhoso"" is part of the ""Agrupamento de Escolas A Lã e a Neve"" (School Grouping A Lã e a Neve). The official website for the school grouping, which includes information on Jardim de Infância de Canhoso, is: https://aeslnae.pt."
30085,Escola Básica Centro Educativo de Belmonte,,Belmonte,Jardim de Infância,https://aepac.pt,yes,domain doesn't match institution name,"The ""Escola Básica Centro Educativo de Belmonte"" is part of the ""Agrupamento de Escolas Pedro Álvares Cabral"" in Belmonte, Portugal.

The official website for the Agrupamento de Escolas Pedro Álvares Cabral, which includes the Escola Básica Centro Educativo de Belmonte, is https://aepac.pt."
30139,Jardim de Infância de Escalos de Cima,Escalos de Cima,Castelo Branco,Jardim de Infância,not found,,,"The official website for ""Jardim de Infância de Escalos de Cima"" is not found. The institution is a public pre-school education institution located in Escalos de Cima, Castelo Branco, Portugal. It is under the proprietorship of ""Agrupamento de Escolas José Sanches e S. Vicente da Beira"".

Contact information available includes:
*   **Phone:** 272425773
*   **Email:** ji.escaloscima@escolas.min-edu.pt"
30161,Jardim de Infância de Sarzedas,Sarzedas,Castelo Branco,Jardim de Infância,not found,,,https://agrupamentoafonsopaiva.pt/escolas/ji_eb1_sarzedas/
30162,Jardim de Infância de Quintas das Violetas,Castelo Branco,Mogadouro,Jardim de Infância,not found,,,"The ""Jardim de Infância de Quintas das Violetas"" is integrated into the Agrupamento de Escolas Afonso de Paiva. Therefore, its information can be found on the agrupamento's website.

https://www.aeafonsodepaiva.pt/ji-quinta-das-violetas/"
30183,Escola Básica São Nuno de Santa Maria,Cernache do Bonjardim,Sertã,Jardim de Infância,https://aes.ccems.pt,yes,domain doesn't match institution name,"The Escola Básica São Nuno de Santa Maria in Cernache do Bonjardim, Portugal, is part of the Agrupamento de Escolas da Sertã. The official website for the Agrupamento de Escolas da Sertã is aes.ccems.pt."
30184,Jardim de Infância de Castelo,Castelo,Sertã,Jardim de Infância,not found,,,"It appears there are several institutions with ""Jardim de Infância de Castelo"" or similar names in Portugal, located in different areas. To provide the correct URL, it's important to differentiate them:

*   **Jardim de Infância O Castelo (Guarda):** This institution has a website at https://crecheocastelo.webnode.pt/. It is located in Guarda, at Rua Vila de Trancoso n.º 8, 6300-773 Guarda.

*   **Jardim de Infância do Castelo (Castelo Branco):** This kindergarten is part of the Agrupamento de Escolas Afonso de Paiva, in Castelo Branco. Its address is Rua da Misericórdia, 6000-171 Castelo Branco. There is also an ""Escola Básica do Castelo"" associated with this same school group. A direct website for just the ""Jardim de Infância do Castelo"" was not found, but information about it can be found through the Agrupamento de Escolas Afonso de Paiva.

*   **Jardim de Infância de Castelo de Penalva (Penalva do Castelo):** This institution is listed on the Municipality of Penalva do Castelo website. Its address is Rua da Forca, 3550 – 039 Castelo de Penalva. A direct website for this specific kindergarten was not found.

Please clarify which ""Castelo"" you are referring to for a more precise answer. If you are referring to ""Jardim de Infância O Castelo"" in Guarda, then the URL is:

https://crecheocastelo.webnode.pt/"
30207,Escola Básica de Fatela,Fatela,Fundão,Jardim de Infância,not found,,,not found
30290,Escola Básica de Malpica do Tejo,Malpica do Tejo,Castelo Branco,Jardim de Infância,not found,,,"The official website for Escola Básica de Malpica do Tejo is likely part of a larger school group, the Agrupamento de Escolas Nuno Álvares. The most direct link to information specifically about Escola Básica e JI de Malpica do Tejo appears to be on a subdomain associated with this agrupamento.

https://www.aenunooalvares.pt/escola-basica-e-ji-de-malpica-do-tejo"
30291,Escola Básica de Escalos de Baixo,Escalos de Baixo,Castelo Branco,Jardim de Infância,not found,,,"The ""Escola Básica de Escalos de Baixo"" is part of the ""Agrupamento de Escolas Nuno Álvares, Castelo Branco"". Its official webpage within the agrupamento's website is:

https://www.aenunovalvares.pt/escola-basica-e-jardim-de-infancia-de-escalos-de-baixo/"
30292,Jardim de Infância de Boa Esperança,Castelo Branco,Mogadouro,Jardim de Infância,https://www.aenacb.pt/,yes,domain doesn't match institution name,"The ""Jardim de Infância de Boa Esperança"" in Castelo Branco, Portugal, is part of the Agrupamento de Escolas Nuno Álvares. The official website for the Agrupamento de Escolas Nuno Álvares, which includes information about the Jardim de Infância da Boa Esperança, is https://www.aenacb.pt/."
30293,Escola Básica de Valongo,Castelo Branco,Mogadouro,Jardim de Infância,not found,,,not found
30319,Jardim de Infância de Teixoso,Teixoso,Covilhã,Jardim de Infância,https://aeteixoso.com,,,"The official website for Jardim de Infância de Teixoso is likely part of the Agrupamento de Escolas do Teixoso (School Group of Teixoso), which can be found at https://aeteixoso.com. The Jardim de Infância de Teixoso is listed as one of the schools within this agrupamento. The contact information for the Jardim de Infância de Teixoso, including its phone number and email, is also provided on the agrupamento's website."
30320,Escola Básica de Vale Formoso,Vale Formoso,Covilhã,Jardim de Infância,https://aeteixoso.com,yes,domain doesn't match institution name,https://aeteixoso.com
30321,Escola Básica de Orjais,Orjais,Covilhã,Jardim de Infância,https://aeteixoso.com,yes,domain doesn't match institution name,"The Escola Básica de Orjais is part of the Agrupamento de Escolas do Teixoso. The official website for the Agrupamento de Escolas do Teixoso, which includes Escola Básica de Orjais, is not directly listed in the search results. However, an email address geral@aeteixoso.com is provided for the Agrupamento. The Covilhã Municipality website also lists contact information for EB de Orjais, including an email: eb1.orjais@escolas.min-edu.pt.

Not found."
30322,Jardim de Infância de Verdelhos,Verdelhos,Covilhã,Jardim de Infância,not found,,,not found
30369,Jardim de Infância de Peraboa,Peraboa,Covilhã,Jardim de Infância,not found,,,"The official website for ""Jardim de Infância de Peraboa"" is part of the Agrupamento de Escolas Pêro da Covilhã website: https://www.aepcovilha.pt/ji-de-peraboa."
30370,Jardim de Infância de Rodrigo,,Covilhã,Jardim de Infância,not found,,,not found
30371,Escola Básica de Refúgio,Refúgio,Covilhã,Jardim de Infância,not found,,,"The Escola Básica de Refúgio in Refúgio, Portugal, is part of the Agrupamento de Escolas Pêro da Covilhã. The official website for the school, as listed on several directories, is associated with the agrupamento: http://agperocovilha.ccems.pt.

More specifically, the Escola Básica do Refúgio has its own page within the agrupamento's website."
30373,Escola Básica de Santo António,,Covilhã,Jardim de Infância,not found,,,"The ""Escola Básica de Santo António"" in Covilhã, Portugal, is part of the ""Agrupamento de Escolas Pêro da Covilhã"".

Therefore, the official website for ""Escola Básica de Santo António"" can be found within the Agrupamento de Escolas Pêro da Covilhã website, specifically here: https://vertexaisearch.cloud.google.com/grounding-api-redirect/AUZIYQFVwN2kA6khcUdeqv2b9ippaDO4OQMwiDaPqaNTi-MfWODzMGQJJFAyJC914n_yAzJLmBx-YO60J91vaHpjjMEqyGFVUxprVPRnkZkHx2IUrNkad8-WkKegp_ai6rqXUD3UgTbqgMDHsBn63A6XL0Hq-bus7I-R-McuE20="
30500,Jardim de Infância de Alpedrinha,Alpedrinha,Fundão,Jardim de Infância,not found,,,not found
30501,Jardim de Infância de Fundão,Fundão,Fundão,Jardim de Infância,not found,,,"Not found.

While there are several mentions of ""Jardim de Infância de Fundão"" in various directories and educational contexts within the Fundão municipality, an independent official website for this specific institution could not be definitively identified.

Some relevant information found includes:
*   Contact details and address for ""Jardim de Infância de Fundão"".
*   An email address: ji.fundao@escolas.min-edu.pt. This email address suggests it might be part of a larger educational network (""escolas.min-edu.pt"" possibly referring to ""escolas.ministério da educação"").
*   Mentions of ""Jardim de Infância"" within the context of the Santa Casa da Misericórdia do Fundão, which has its own website detailing its kindergarten services. However, it's not explicitly stated that this is the *only* ""Jardim de Infância de Fundão"" or that it encompasses all mentions of the name.
*   The Municipality of Fundão's website provides general information about education and pre-school activities in the region, but not a direct link to an official website for ""Jardim de Infância de Fundão""."
30502,Jardim de Infância de Aldeia de Joanes,Aldeia de Joanes,Fundão,Jardim de Infância,not found,,,not found
30503,Escola Básica de Castelejo,Castelejo,Fundão,Jardim de Infância,https://aegx.pt,yes,domain doesn't match institution name,"Escola Básica de Castelejo in Castelejo, Fundão, Portugal, is part of the ""Agrupamento de Escolas Gardunha e Xisto, Fundão"" (School Grouping Gardunha e Xisto, Fundão). While there isn't a specific independent website for Escola Básica de Castelejo, its information, including contact details (email: info@aegx.pt or eb1.cstaluzia@escolas.min-edu.pt, phone: 968340421 or 275598932), is available through various educational directories and social platforms in Portugal. The email address info@aegx.pt suggests that the official online presence for the school would be through the agrupamento's website.

not found"
30504,Escola Básica de Souto da Casa,Souto da Casa,Fundão,Jardim de Infância,not found,,,not found
30505,Escola Básica de Janeiro de Cima,Janeiro de Cima,Fundão,Jardim de Infância,https://aegx.pt,yes,domain doesn't match institution name,"The ""Escola Básica de Janeiro de Cima"" is part of the ""Agrupamento de Escolas Gardunha e Xisto, Fundão"". Their email is info@aegx.pt.

not found"
30506,"Jardim de Infância a Joaninha, Silvares, Fundão",Silvares,Guimarães,Jardim de Infância,https://aegx.pt,yes,domain doesn't match institution name,"I was unable to find an official website specifically for ""Jardim de Infância a Joaninha, Silvares, Fundão"". However, I found some directory listings and information that might be helpful:

*   **Mapa Social** lists the institution with an address of Rua da Escola, 6230-651 Silvares, and a phone number of 275662464. It also provides an email address: info@aegx.pt.
*   **Eco-Escolas** also lists ""Jardim de Infância Nº 1 da Joaninha"" in Fundão, with the address Rua das Escolas 6230-651 Silvares and a phone number of 966772751.
*   **DirectorioEscolas.eu** provides similar contact information, including the address Rua da Escola, 6230 651 Fundão, and phone number 966677251.

It's possible that this institution does not have a standalone official website, and information is primarily disseminated through these types of educational or social directories."
30507,Jardim de Infância de Soalheira,Soalheira,Fundão,Jardim de Infância,https://escoladevidro.pt,yes,domain doesn't match institution name,"The Jardim de Infância de Soalheira in Soalheira, Portugal, does not appear to have a standalone official website. It is part of the ""Agrupamento de Escolas Gardunha e Xisto, Fundão"" (School Grouping Gardunha e Xisto, Fundão).

While there isn't a direct website for the kindergarten, information about it can be found on platforms like Mapa Social and escoladevidro.pt. The school's email address is ji.soalheira@escolas.min-edu.pt and its phone number is 966772702."
30508,Escola Básica de Atalaias,Atalaia do Campo,Fundão,Jardim de Infância,not found,,,not found
30509,Escola Básica de Vale de Prazeres,Vale de Prazeres,Fundão,Jardim de Infância,https://aegx.pt,yes,domain doesn't match institution name,"The Escola Básica de Vale de Prazeres in Vale de Prazeres, Fundão, Portugal, is part of the ""Agrupamento de Escolas Gardunha e Xisto, Fundão"" (School Grouping Gardunha e Xisto, Fundão).

While the ""Escola Básica de Vale de Prazeres"" does not appear to have a dedicated official website, it is part of a larger school grouping. The email address provided for the school is info@aegx.pt, which corresponds to the ""Agrupamento de Escolas Gardunha e Xisto, Fundão"".

Therefore, the most relevant official website for this institution would be the website of its school grouping, if available. However, a specific official website for ""Agrupamento de Escolas Gardunha e Xisto, Fundão"" was not found in the search results. Other school groupings in Portugal do have official websites.

Not found."
30700,"Jardim de Infância de Peso, Covilhã",Peso,Cinfães,Jardim de Infância,not found,,,not found
30701,Jardim de Infância os Loureiros,Tortosendo,Covilhã,Jardim de Infância,not found,,,not found
30702,Escola Básica de Cortes,Cortes do Meio,Covilhã,Jardim de Infância,not found,,,"""Escola Básica de Cortes"" in Cortes do Meio, Portugal, is part of the Agrupamento de Escolas Frei Heitor Pinto, Covilhã. It does not appear to have a dedicated official website. Information about the school can be found on the Covilhã municipality website, which lists ""EB das Cortes do Meio"" and ""Jardim de infância de Cortes do Meio"" along with contact information. The Agrupamento de Escolas do Teixoso is a different school group in the Covilhã area."
30703,"Jardim de Infância de Vales do Rio, Covilhã",Vales do Rio,Cinfães,Jardim de Infância,not found,,,"The official website for ""Jardim de Infância de Vales do Rio, Covilhã"" is not found. However, information about the institution can be found on the Município da Covilhã website and Mapa Social. The institution is part of the Agrupamento de Escolas Frei Heitor Pinto, Covilhã."
30705,Escola Básica N.º 1 de Paúl,Paúl,Covilhã,Jardim de Infância,not found,,,"The ""Escola Básica N.º 1 de Paúl"" is part of the Agrupamento de Escolas Frei Heitor Pinto, located in Covilhã, Portugal. While there isn't a dedicated website specifically for ""Escola Básica N.º 1 de Paúl"", information about it can be found on the Agrupamento de Escolas Frei Heitor Pinto's website.

Therefore, the most relevant official website is for the larger school group: not found"
30706,"Jardim de Infância Ovo Mágico, Tortosendo",,Covilhã,Jardim de Infância,https://castortosendo.pt/,,,"The ""Jardim de Infância Ovo Mágico"" in Tortosendo, Covilhã, does not appear to have a standalone official website.

It is part of the ""Agrupamento de Escolas Frei Heitor Pinto"" in Covilhã. While there are several directory listings and mentions of the institution within official documents of the Covilhã Municipality, none of these point to a dedicated website for the Jardim de Infância Ovo Mágico itself.

Another childcare institution in Tortosendo, the ""Centro de Assistência Social do Tortosendo"" (CAS Tortosendo), does have an official website: https://castortosendo.pt/. However, this is a separate institution from the ""Jardim de Infância Ovo Mágico""."
30740,Escola Básica de Ladoeiro,Ladoeiro,Idanha-a-Nova,Jardim de Infância,https://agrupamentoidanha.com/,yes,domain doesn't match institution name,"Escola Básica de Ladoeiro is part of the ""Agrupamento de Escolas José Silvestre Ribeiro, Idanha-a-Nova"" (School Grouping José Silvestre Ribeiro, Idanha-a-Nova).

The official website for the school grouping is https://agrupamentoidanha.com/. You can find information and news related to Escola Básica de Ladoeiro on this site."
30741,Jardim de Infância de Termas de Monfortinho,Termas de Monfortinho,Idanha-a-Nova,Jardim de Infância,https://agrupamentoidanha.com,yes,domain doesn't match institution name,"The ""Jardim de Infância de Termas de Monfortinho"" is part of the Agrupamento de Escolas José Silvestre Ribeiro in Idanha-a-Nova, Portugal.

The official website for the Agrupamento de Escolas José Silvestre Ribeiro is https://agrupamentoidanha.com. You can find contact information for the Jardim de Infância de Termas de Monfortinho on this website, or on pages associated with the larger school group."
30742,Jardim de Infância de Monsanto,Monsanto,Idanha-a-Nova,Jardim de Infância,not found,,,"The ""Jardim de Infância de Monsanto"" in Monsanto, Portugal, appears to be part of a larger school group, the Agrupamento de Escolas de Alcanena. While a direct, independent website for the ""Jardim de Infância de Monsanto"" wasn't found, it is listed on the Mapa Social platform which aggregates institutions and social responses in Continental Portugal. Additionally, it's listed under the schools associated with ""AEJSR – Escolas - Agrupamento de Escolas José Silvestre Ribeiro, Idanha-a-Nova"".

Therefore, a direct URL for ""Jardim de Infância de Monsanto"" is not found."
31093,Escola Básica de Sobreira Formosa,Sobreira Formosa,Proença-a-Nova,Jardim de Infância,not found,,,"The official website for Escola Básica de Sobreira Formosa is part of the Agrupamento de Escolas de Proença-a-Nova. The direct link to information about Escola Básica de Sobreira Formosa within that agrupamento is:

https://vertexaisearch.cloud.google.com/grounding-api-redirect/AUZIYQFZfNwtxjbAlNIk1pZgezB8sIxW4ol-HcWeKqk50PO9Gf9v-X4inEddFL5ScF2BPq4oEbPkBgsS4__qE3vlazLwjQO2_ftt4oukeEEMPFGPWGzjhCRHce0azsF_czqCBWivknS7spb9G3wPSwTfmQ=="
32040,Jardim de Infância dos Penedos Altos,Covilhã,Covilhã,Jardim de Infância,http://anossasequoia.blogspot.com,yes,domain doesn't match institution name,"The ""Jardim de Infância dos Penedos Altos"" in Covilhã, Portugal does not appear to have a dedicated official website. However, it is part of the Agrupamento de Escolas A Lã e a Neve, which has a blog that may feature some of the school's activities: http://anossasequoia.blogspot.com.

Information about the institution, including contact details (phone number and email), can be found on the Municipality of Covilhã website and Mapa Social."
32055,Jardim de Infância de Cantar Galo,Covilhã,Covilhã,Jardim de Infância,not found,,,The official website for Jardim de Infância de Cantar Galo is part of the Agrupamento de Escolas A Lã e a Neve website: https://aglanaeaneve.pt/ji-cantar-galo/.
32056,Jardim de Infância de Vila do Carvalho,Vila do Carvalho,Covilhã,Jardim de Infância,not found,,,not found
32061,Jardim de Infância de Capinha,Capinha,Fundão,Jardim de Infância,not found,,,"The official website for ""Jardim de Infância de Capinha"" is not found. However, an email address associated with the institution is info@eb1-capinha.rcts.pt. It is part of the ""Agrupamento de Escolas do Fundão"" (Schools Group of Fundão)."
32084,Jardim de Infância de Pêro Viseu,Pêro Viseu,Fundão,Jardim de Infância,https://esfundao.pt,yes,domain doesn't match institution name,"The ""Jardim de Infância de Pêro Viseu"" is part of the Agrupamento de Escolas do Fundão (Schools Group of Fundão). While there isn't a dedicated website specifically for the Jardim de Infância de Pêro Viseu, you can find information about it through the Agrupamento de Escolas do Fundão. The contact email provided for the Jardim de Infância de Pêro Viseu is aef@esfundao.pt.

Therefore, a direct URL for ""Jardim de Infância de Pêro Viseu"" is not found."
32206,Jardim de Infância do Salgueiro Campo,Salgueiro do Campo,Castelo Branco,Jardim de Infância,not found,,,not found
32227,Jardim de Infância do Castelo,Castelo Branco,Mogadouro,Jardim de Infância,not found,,,"The ""Jardim de Infância do Castelo"" in Castelo Branco, Portugal, is part of the Agrupamento de Escolas Afonso de Paiva. Their general email is ae.geral@afonsopaiva.pt.

Based on the search results, an official, independent website solely for ""Jardim de Infância do Castelo"" in Castelo Branco was not found. However, it is associated with the Agrupamento de Escolas Afonso de Paiva, which has a website. While this URL refers to an article about the school, it suggests that the ""Jardim de Infância do Castelo"" might be represented within the broader agrupamento's online presence rather than having its own distinct site. The Agrupamento de Escolas de Sertã also lists a ""Jardim-de-Infância do Castelo"" on their contact page, but provides the website http://aes.ccems.pt, which appears to be for the Sertã agrupamento, not the one in Castelo Branco.

Given this, I am unable to provide a direct, independent official URL for ""Jardim de Infância do Castelo"" in Castelo Branco."
33449,Escola Básica de Alcains,Alcains,Castelo Branco,Jardim de Infância,http://www.agrup-alcains-svb.com,,,"The official website for ""Escola Básica de Alcains"" is part of the ""Agrupamento de Escolas José Sanches e S. Vicente da Beira"" and can be found at http://www.agrup-alcains-svb.com."
33451,Jardim de Infância de Lardosa,Lardosa,Castelo Branco,Jardim de Infância,https://agrup-alcains-svb.com,yes,domain doesn't match institution name,"Jardim de Infância de Lardosa appears to be part of a larger school group, ""Agrupamento de Escolas José Sanches e S. Vicente da Beira"". There doesn't seem to be a standalone website for the Jardim de Infância de Lardosa itself. However, information and news regarding it can be found on the agrupamento's website.

Therefore, the most relevant URL is that of the agrupamento: https://agrup-alcains-svb.com"
33484,Escola Básica Integrada de São Vicente da Beira,São Vicente da Beira,Castelo Branco,Jardim de Infância,https://agrup-alcains-svb.com,yes,domain doesn't match institution name,"The ""Escola Básica Integrada de São Vicente da Beira"" is part of the ""Agrupamento de Escolas José Sanches e São Vicente da Beira"".

The official website for the ""Agrupamento de Escolas José Sanches e São Vicente da Beira"" is: https://agrup-alcains-svb.com"
34377,Centro Escolar de Caria,,Moimenta da Beira,Jardim de Infância,https://escolasmoimenta.pt,yes,domain doesn't match institution name,"The ""Centro Escolar de Caria"" in Moimenta da Beira does not appear to have its own independent official website. However, it is part of the Agrupamento de Escolas de Moimenta da Beira, which has an official website.

The Centro Social Paroquial Casimiro e Elvira Lemos in Caria, Moimenta da Beira, which provides some social services, also has contact information available, including an email address. Additionally, the Junta de Freguesia de Caria, the local parish council, has an official website that lists contact information for the Junta, including an email and phone number.

Given the information, the most relevant official website for an educational institution in Moimenta da Beira that would encompass ""Centro Escolar de Caria"" is the Agrupamento de Escolas de Moimenta da Beira.

https://escolasmoimenta.pt"
34577,Escola Básica de Cebolais de Cima e Retaxo,Cebolais de Cima,Castelo Branco,Jardim de Infância,https://www.aeamatolusitano.edu.pt,yes,domain doesn't match institution name,"The ""Escola Básica de Cebolais de Cima e Retaxo"" is part of the ""Agrupamento de Escolas Amato Lusitano"" (Amato Lusitano School Cluster) in Castelo Branco, Portugal. Therefore, its official information, including contacts and potentially specific pages, can be found on the cluster's website.

The official website for the Agrupamento de Escolas Amato Lusitano is: https://www.aeamatolusitano.edu.pt"
34982,"Escola Básica de Cumeada,",Cumeada,Sertã,Jardim de Infância,https://aes.ccems.pt,yes,domain doesn't match institution name,"The ""Escola Básica de Cumeada"" is part of the ""Agrupamento de Escolas de Sertã"" (Sertã School Group). The official website for the ""Agrupamento de Escolas de Sertã"" is aes.ccems.pt."
34983,"Jardim de Infância de Cabeçudo,",Cabeçudo,Sertã,Jardim de Infância,https://aesancho.pt,yes,domain doesn't match institution name,"The ""Jardim de Infância de Cabeçudo"" appears to refer to two different institutions in Portugal, one in Vila Nova de Famalicão (Braga district) and another in Sertã (Castelo Branco district).

For the Jardim de Infância de Cabeçudos in Vila Nova de Famalicão, which is part of the Agrupamento de Escolas D. Sancho I, the relevant website is: https://aesancho.pt.

For the Jardim de Infância do Cabeçudo in Sertã, which is part of the Agrupamento de Escolas de Sertã, the relevant website is: https://aes.ccems.pt."
34984,Jardim de Infância de Porto do Tejo,Vila Velha de Ródão,Vila Velha de Ródão,Jardim de Infância,https://www.aevvr.pt/,yes,domain doesn't match institution name,"The ""Jardim de Infância de Porto do Tejo"" is part of the Agrupamento de Escolas de Vila Velha de Ródão (School Group of Vila Velha de Ródão).

You can find information about the Jardim de Infância de Porto do Tejo on the Agrupamento de Escolas de Vila Velha de Ródão website: https://www.aevvr.pt/"
34985,Escola Básica de Telhado,Telhado Fnd,Fundão,Jardim de Infância,not found,,,not found
34986,Escola Básica de Barroca Grande,Aldeia S Francisco Assis,Covilhã,Jardim de Infância,not found,,,"The official website for ""Escola Básica de Barroca Grande"" in Aldeia S Francisco Assis, Portugal, is not found.

However, information about the school is available on the Covilhã Municipality website, as it belongs to the Agrupamento de Escolas Frei Heitor Pinto. The school's address is Barroca Grande, 6225-051 Aldeia de São Francisco de Assis. Their phone number is (+351) 275 657 101 and the email address is info@eb1barrocagrande.rcts.pt. The school operates from 9:00 AM to 12:30 PM and 2:30 PM to 6:00 PM."
34987,Escola Básica de Dominguizo,Dominguizo,Covilhã,Jardim de Infância,https://www.cm-covilha.pt/pages/709,yes,domain doesn't match institution name,"The ""Escola Básica de Dominguizo"" is part of the ""Agrupamento de Escolas Frei Heitor Pinto"" in Covilhã, Portugal.

The official website for the ""Escola Básica de Dominguizo"" can be found on the Covilhã Municipality website.

https://www.cm-covilha.pt/pages/709"
34989,Escola Básica de Idanha-A-Nova,Idanha-A-Nova,Idanha-a-Nova,Jardim de Infância,https://www.agrupamentoidanha.com/,yes,domain doesn't match institution name,"The ""Escola Básica de Idanha-A-Nova"" is part of the ""Agrupamento de Escolas José Silvestre Ribeiro"" in Idanha-a-Nova, Portugal. The official website for this educational group is:

https://www.agrupamentoidanha.com/"
34990,Escola Básica de Orvalho,Orvalho,Oleiros,Jardim de Infância,not found,,,not found
34991,Escola Básica de Estreito,Estreito,Oleiros,Jardim de Infância,not found,,,"There are several schools named ""Escola Básica de Estreito"" in Portugal. To provide the correct website, it's important to specify which ""Estreito"" the user is referring to.

Here are the official websites for a few of them:

*   **Escola Básica do 1.º Ciclo com Pré-escolar do Estreito de Câmara de Lobos:** http://escolas.madeira-edu.pt/eb1peeclobos
*   **Escola Básica de Estreito, Oleiros:** There is an email provided: info@eb1-estreito.rcts.pt and a phone number: 272654837. This school is part of the Agrupamento de Escolas Padre António de Andrade, Oleiros, which has contact information available.
*   **Escola EB 2,3 do Estreito da Câmara de Lobos:** This school is located at Rua João Augusto Ornelas, nº 2, 9325-032 Estreito da Câmara de Lobos. You can find general information about Madeiran schools at http://www.escoladigital.pt/.

Please clarify which ""Escola Básica de Estreito"" you are looking for."
34999,Escola Básica de Várzea dos Cavaleiros,Várzea dos Cavaleiros,Sertã,Jardim de Infância,not found,,,https://vertexaisearch.cloud.google.com/grounding-api-redirect/AUZIYQHrYJDmYsx0VOFPnT39eqPqHqMrC5ZZIMO7h0D8ReuoHQR2xWDoYr5_Roh_8DveshOOv3OFZvbdqAIvyVpLS20k6WJqgwotOOZKf6tZy-VhRfbSL2sVj1c72jHi1Dq_sgiO5siulZO8heWgpIkO0x8UH6RFCynsCBBCygO_ni8oQ7HUil-bvKZHvTMLTv4X673UfZAeEUEUOiRH35bAm221m0M=
35000,Escola Básica de São Silvestre,Covilhã,Covilhã,Jardim de Infância,not found,,,"Escola Básica de São Silvestre in Covilhã is part of the ""Agrupamento de Escolas Pêro da Covilhã"" (Pêro da Covilhã School Group). The official website for the Agrupamento de Escolas Pêro da Covilhã, where information about Escola Básica de São Silvestre can be found, is: http://agperocovilha.ccems.pt."
35001,Escola Básica de Boidobra,Covilhã,Covilhã,Jardim de Infância,not found,,,"""Escola Básica de Boidobra"" is part of the ""Agrupamento de Escolas Pêro da Covilhã"". The official website for the Agrupamento de Escolas Pêro da Covilhã is https://sites.google.com/site/agperodacovilha/. While the ""Escola Básica de Boidobra"" has a dedicated page within this agrupamento's website, it does not appear to have a separate official website."
35003,Escola Básica de Zebreira,Zebreira,Idanha-a-Nova,Jardim de Infância,not found,,,"The Escola Básica de Zebreira is part of the Agrupamento de Escolas José Silvestre Ribeiro, Idanha-a-Nova. The official website for this educational group is https://aejsr.pt."
35004,Escola Básica de Penha Garcia,Penha Garcia,Idanha-a-Nova,Jardim de Infância,not found,,,"The Escola Básica de Penha Garcia is part of the Agrupamento de Escolas José Silvestre Ribeiro, located in Idanha-a-Nova, Portugal.

The official website for the Agrupamento de Escolas José Silvestre Ribeiro is https://aejsr.pt. Although there is no specific website for ""Escola Básica de Penha Garcia,"" information regarding it can be found under the ""Escolas"" (Schools) section of the agrupamento's website."
35005,Escola Básica de Oleiros,Oleiros,Oleiros,Jardim de Infância,https://aepaaoleiros.net,,,"The ""Escola Básica de Oleiros"" is part of the ""Agrupamento de Escolas Padre António de Andrade"" in Oleiros, Portugal. The official website for the agrupamento (group of schools) is https://aepaaoleiros.net."
35006,Jardim de Infância de Vila de Rei,Vila de Rei,Vila de Rei,Jardim de Infância,https://www.aeviladerei.pt,,,"The ""Jardim de Infância de Vila de Rei"" is part of the Agrupamento de Escolas de Vila de Rei. The official website for the Agrupamento de Escolas de Vila de Rei, which includes information about the Jardim de Infância, is https://www.aeviladerei.pt."
36832,Gabinete de Apoio Social do Município de Belmonte,Belmonte,Belmonte,Jardim de Infância,https://www.cm-belmonte.pt,,,"The ""Gabinete de Apoio Social do Município de Belmonte"" is part of the Câmara Municipal de Belmonte (Belmonte Municipal Council). The official website for the municipality, where information about the Gabinete de Apoio Social can be found, is www.cm-belmonte.pt."
37275,Escola Básica da Quinta da Granja,Castelo Branco,Mogadouro,Jardim de Infância,https://aeamatolusitano.edu.pt,yes,domain doesn't match institution name,"The ""Escola Básica da Quinta da Granja"" in Castelo Branco, Portugal, is part of the ""Agrupamento de Escolas Amato Lusitano"". The official website for the agrupamento (group of schools) is aeamatolusitano.edu.pt. While there isn't a dedicated, independent website for ""Escola Básica da Quinta da Granja"" itself, information about it can be found on the agrupamento's website.

Therefore, the most relevant URL is: aeamatolusitano.edu.pt"
2806,Casa da Criança D. Elsa Sotto Mayor,Condeixa-A-Nova,Condeixa-a-Nova,Creche e Jardim de Infância,not found,,,not found
2812,Centro de Solidariedade Social do Paião,Paião,Figueira da Foz,Creche e Jardim de Infância,https://gmail.com,yes,domain doesn't match institution name; combined tipo — may have split pages,"A search for the official website of ""Centro de Solidariedade Social do Paião"" indicates that it does not have a dedicated, independent website. However, several sources provide contact information and mention it in the context of other organizations.

The ""Jardim de Infância de Paião"" website lists ""Centro de Solidariedade Social do Paião"" in its contact details, providing an email address (csspaiao@gmail.com) and phone numbers. Similarly, ""Mapa Social"" and the ""Freguesia de Paião"" (Parish of Paião) also list contact information for the institution, including the same email address and phone numbers.

There is another institution, ""Centro Social e Paroquial do Paião,"" which appears to have a website under construction: ""http://centrosocialpaiao.pt"". However, this is a distinct entity, as evidenced by different contact details and addresses."
2816,Equip. Soc. Centro Paroquial de Solidariedade Social de Buarcos,Figueira da Foz,Figueira da Foz,Creche e Jardim de Infância,not found,,,"The official website for ""Equip. Soc. Centro Paroquial de Solidariedade Social de Buarcos"" is facebook.com/centroparoquialbuarcos."
2826,Equip. Soc. Centro Social e Paroquial de Meãs do Campo,Montemor-O-Velho,Montemor-o-Velho,Creche,https://www.cspmeas.com,yes,domain doesn't match institution name,https://www.cspmeas.com
2832,Equip. Soc. Centro Social Comunitário da Varziela,Cantanhede,Cantanhede,Creche e Jardim de Infância,http://cscvarziela.com/,yes,combined tipo — may have split pages,http://cscvarziela.com/
2834,Equip. Soc. Prodeco - Progresso e Desenvolvimento de Covões,Covões,Cantanhede,Creche e Jardim de Infância,http://www.prodeco.pt/,yes,combined tipo — may have split pages,"The official website for ""Equip. Soc. Prodeco - Progresso e Desenvolvimento de Covões"" is http://www.prodeco.pt/."
2849,Centro Paroquial de Solidariedade Social da Freguesia de Serpins,Serpins,Lousã,Creche,not found,,,https://centrode-paroquial-de-solidariedade-social-da-freguesia-de-serpins.webnode.pt/
2858,Equip. Soc. Centro Social de Alfarelos,Alfarelos,Soure,Creche e Jardim de Infância,https://www.csalfarelos.pt,yes,combined tipo — may have split pages,"The official website for ""Equip. Soc. Centro Social de Alfarelos"" is www.csalfarelos.pt."
2891,Equip. do Centro Social de São João,São Martinho do Bispo,Coimbra,Creche e Jardim de Infância,not found,,,not found
2893,Centro Social Paroquial de Trouxemil,Coimbra,Coimbra,Creche e Jardim de Infância,http://csptrouxemil.pt,yes,combined tipo — may have split pages,http://csptrouxemil.pt
2897,Equip. Soc. Centro Social Paroquial de Sarzedo,Sarzedo Agn,Moimenta da Beira,Creche,not found,,,"The official website for ""Equip. Soc. Centro Social Paroquial de Sarzedo"" is not found. However, there is a WordPress site for ""Centro Social Serzedo"" which appears to be a related organization. The ""Centro Social Paroquial de Sarzedo"" is also listed on the Município de Arganil website and on other social welfare directories."
2902,Equip. Soc. Centro Social Nossa Senhora da Alegria,Coimbra,Coimbra,Creche e Jardim de Infância,not found,,,https://csnsalegria.pt
2913,Casa da Criança Joaquina Barreto Rosa,Arganil,Arganil,Creche e Jardim de Infância,https://www.fbb.pt,yes,domain doesn't match institution name; combined tipo — may have split pages,"The official website for ""Casa da Criança Joaquina Barreto Rosa"" in Arganil, Portugal is part of the Fundação Bissaya Barreto website: https://www.fbb.pt."
2925,Equip. Soc. Santa Casa da Misericórdia de Cantanhede,Cantanhede,Cantanhede,Creche e Jardim de Infância,not found,,,"The official website for ""Equip. Soc. Santa Casa da Misericórdia de Cantanhede"" is www.scmcantanhede.no.sapo.pt."
2928,Creche da AFMP - Cantinho das Cegonhas,Montemor-O-Velho,Montemor-o-Velho,Creche,not found,,,"The official website for ""Creche da AFMP - Cantinho das Cegonhas"" is a section within the Associação Fernão Mendes Pinto (AFMP) website. The direct link is:

https://afmp.webnode.pt/educacao/infancia-e-juventude/creche-cantinho-das-cegonhas/"
2940,Centro Social Comunitário N.ª S.ª dos Milagres,Cernache,Coimbra,Creche e Jardim de Infância,not found,,,not found
2946,Creche e Jardim de Infância Nossa Senhora de Fátima (Coimbra),Coimbra,Coimbra,Creche e Jardim de Infância,https://www.caritascoimbra.pt/,yes,combined tipo — may have split pages,"The ""Creche e Jardim de Infância Nossa Senhora de Fátima (Coimbra)"" is managed by Cáritas Diocesana de Coimbra. Therefore, its official information can be found on the Cáritas Coimbra website.

https://www.caritascoimbra.pt/"
2955,Equip. do Centro Paroquial de Solidariedade Social de Ribeira de Frades,Ribeira de Frades,Coimbra,Creche e Jardim de Infância,not found,,,not found
2957,Equip. Soc. do Centro Social de Castelo de Viegas,Coimbra,Coimbra,Creche e Jardim de Infância,https://cscasteloviegas.pt/,yes,combined tipo — may have split pages,"The official website for ""Equip. Soc. do Centro Social de Castelo de Viegas"" is https://cscasteloviegas.pt/."
2964,Centro de Bem-Estar Infantil do Seixo de Mira,Seixo de Mira,Mira,Creche e Jardim de Infância,not found,,,"The official website for ""Centro de Bem-Estar Infantil do Seixo de Mira"" is part of the ""Obra de Promoção Social do Distrito de Coimbra"" (OPSDC) website: https://www.opsdc.pt/cbi-de-seixo-de-mira."
2969,Casa da Criança Sarah Beirão,Oliveira do Hospital,Oliveira do Hospital,Creche,not found,,,not found
2984,Casa de São Pedro,Figueira da Foz,Figueira da Foz,Creche e Jardim de Infância,error:502,,,"<!DOCTYPE html>
<html lang=en>
  <meta charset=utf-8>
  <meta name=viewport content=""initial-scale=1, minimum-scale=1, width=device-width"">
  <title>Error 502 (Server Error)!!1</title>
  <style>
    *"
4530,Creche da Casa do Povo de Quiaios,Figueira da Foz,Figueira da Foz,Creche e Jardim de Infância,https://casapovoquiaios.com,yes,combined tipo — may have split pages,"The official website for ""Creche da Casa do Povo de Quiaios"" is casapovoquiaios.com."
4533,Equip. Soc. da Comissão de Melhoramentos do Corticeiro de Cima,Cantanhede,Cantanhede,Creche e Jardim de Infância,not found,,,not found
4551,Equip. Soc. da Associação para o Desenvolvimento Social e Cultural de Santana,Figueira da Foz,Figueira da Foz,Creche,https://adscsantana.pt,,,"The official website for ""Equip. Soc. da Associação para o Desenvolvimento Social e Cultural de Santana"" is adscsantana.pt."
4554,Centro Social Polivalente da Freguesia de Murtede,Murtede,Cantanhede,Creche e Jardim de Infância,http://www.centrosocialmurtede.pt,yes,combined tipo — may have split pages,"The official website for ""Centro Social Polivalente da Freguesia de Murtede"" is http://www.centrosocialmurtede.pt."
4596,Casa da Criança do Centro Social Paroquial de Lorvão,Lorvão,Penacova,Creche,http://www.csplorvao.org/,yes,domain doesn't match institution name,http://www.csplorvao.org/
4598,Equip. Soc. do Centro Social Paroquial de Seixo da Beira,Seixo da Beira,Oliveira do Hospital,Creche e Jardim de Infância,not found,,,https://centrosocialparoquiades.wixsite.com/seixodabeira
5607,Equipamento Social Centro Social Rocha Barros,Góis,Góis,Creche e Jardim de Infância,not found,,,https://centrosocialrochabarros.pt/
5623,Casa da Criança São Julião,Figueira da Foz,Figueira da Foz,Creche e Jardim de Infância,https://www.fbb.pt/casas-da-crianca/s-juliao/,yes,domain doesn't match institution name; combined tipo — may have split pages,"The official website for ""Casa da Criança São Julião"" is a page within the Fundação Bissaya Barreto website: https://www.fbb.pt/casas-da-crianca/s-juliao/."
12157,Casa da Criança Maria Leonor Anjos Diniz,Carapinheira,Montemor-o-Velho,Creche e Jardim de Infância,https://www.fbb.pt/casas-da-crianca/casa-da-crianca-maria-leonor-anjos-diniz/,yes,domain doesn't match institution name; combined tipo — may have split pages,"The official website for ""Casa da Criança Maria Leonor Anjos Diniz"" is part of the Fundação Bissaya Barreto website.

https://www.fbb.pt/casas-da-crianca/casa-da-crianca-maria-leonor-anjos-diniz/"
12160,Equip. da Casa do Povo de Azarede,Azarede,Montemor-o-Velho,Creche,not found,,,not found
12197,Equip. Social do Centro Soc. e Recreativo de Quimbres,Coimbra,Coimbra,Creche,https://www.centrosocialdequimbres.pt,,,www.centrosocialdequimbres.pt
12222,Santa Casa Misericórdia de Tábua,Tábua,Tábua,Creche e Jardim de Infância,http://scmtabua.googlepages.com/,yes,domain doesn't match institution name; combined tipo — may have split pages,"The official website for ""Santa Casa Misericórdia de Tábua"" is http://scmtabua.googlepages.com/. However, it appears to be an older site, and a more current web presence can be found at https://scmtabua.pt/."
17280,Lar de Cortes,Alvares,Góis,Creche,not found,,,"The ""Lar de Cortes"" is one of two social facilities operated by the ""Centro Paroquial de Solidariedade Social da Freguesia de Alvares"". The official website for this institution is https://www.cpssfa.pt."
17611,Equipamento do Centro Social Paroquial de Lavos,Lavos,Figueira da Foz,Creche,not found,,,"The official website for ""Equipamento do Centro Social Paroquial de Lavos"" is under construction."
17706,Centro de Bem Estar Social da Freguesia de Figueira de Lorvão,Figueira de Lorvão,Penacova,Creche,not found,,,"The official website for ""Centro de Bem Estar Social da Freguesia de Figueira de Lorvão"" is http://www.cbes-figueiradelorvao.com/."
18403,"Creche e Jardim de Infância - Pintainhos D'ouro, Lda.",Condeixa-A-Velha,Condeixa-a-Nova,Creche e Jardim de Infância,not found,,,not found
19827,Equip Soc 2 - Associação Cultural e Desportiva e de Solidariedade da Freguesia de Vinha da Rainha,Vinha da Rainha,Soure,Creche,https://www.acdsfvr.pt/,yes,domain doesn't match institution name,https://www.acdsfvr.pt/
22535,Fraldas e Fraldinhas,Coimbra,Coimbra,Creche,not found,,,https://fraldasefraldinhas.webnode.pt/
24720,Universo Imaginário,Coimbra,Coimbra,Creche,not found,,,not found
25772,Creche Margarida Brandão,Coimbra,Coimbra,Creche,https://www.misericordiacoimbra.pt/accao-social/creche-margarida-brandao/,yes,domain doesn't match institution name,https://www.misericordiacoimbra.pt/accao-social/creche-margarida-brandao/
25829,Centro Sócio-Cultural Polivalente de S. Martinho,Coimbra,Coimbra,Creche,https://cscpsmartinho.wordpress.com,,,https://cscpsmartinho.wordpress.com
28281,Cantinho dos Sonhos,Lousã,Lousã,Creche,not found,,,"The official website for ""Cantinho dos Sonhos"" in Lousã, Portugal is provided by the Lousã Municipal Council: https://www.cm-lousa.pt/atividades-municipais/educacao/rede-de-escolas/creche-cantinho-dos-sonhos."
35723,Edifício Arco-Íris,Coimbra,Coimbra,Creche,not found,,,"The official website for ""Edifício Arco-Íris"" in Coimbra, Portugal is not found as a standalone website. However, it is associated with the ""Clube de Tempos Livres de Santa Clara"" (CTL - Santa Clara).

The contact information for ""Edifício Arco-Íris"" (which includes Creche, Centro de Dia, and SAD services) is provided by CTL - Santa Clara as:
*   Address: Transversal à Rua Augusto Matos, Alto do Carapito, Santa Clara, 3040-014 Coimbra, Portugal.
*   Phone/Fax: 239 445 810.
*   Email: ctlsc@outlook.com."
2911,Equip. Soc. Centro Social e Cultural 25 de Abril,Coimbra,Coimbra,Jardim de Infância,not found,,,not found
2922,CATL de Liceia,Liceia,Montemor-o-Velho,Jardim de Infância,not found,,,not found
5610,Casa da Criança de Soure,Soure,Soure,Jardim de Infância,https://scmsoure.pt,,,"The ""Casa da Criança de Soure"" does not appear to have a dedicated official website. Information about the institution, including contact details (phone and email), is primarily found on the website of the Junta de Freguesia de Soure (Parish Council of Soure) and other directories.

The email provided for Casa da Criança de Soure is social@scmsoure.pt. This email address is associated with Santa Casa da Misericórdia de Soure, which is identified as the owning entity of Casa da Criança de Soure. The Santa Casa da Misericórdia de Soure also mentions the ""Antigo Edificio da Casa da Criança de Soure como Pré-Escolar"" (Old Building of Casa da Criança de Soure as Pre-School) as part of their facilities, but a specific website for Casa da Criança de Soure is not listed.

Therefore, a direct official website for ""Casa da Criança de Soure"" was not found."
17719,Adip- Associação de Desenvolvimento Integrado de Poiares,São Miguel de Poiares,Vila Nova de Poiares,Creche e Jardim de Infância,not found,,,"The official website for ""Adip- Associação de Desenvolvimento Integrado de Poiares"" is http://www.adip.pt/."
29390,Casa da Criança Rainha Stª Isabel,Santa Clara,Coimbra,Jardim de Infância,https://www.fbb.pt/,yes,domain doesn't match institution name,"The ""Casa da Criança Rainha Santa Isabel"" in Santa Clara, Portugal, does not appear to have an independent official website. It is part of the Fundação Bissaya Barreto, and information about it can be found on the Foundation's website.

The specific address for the Casa da Criança Rainha Santa Isabel is Portugal dos Pequenitos, R. António Augusto Gonçalves, 3040-256 Coimbra.

Here are relevant links related to the institution:
*   **Fundação Bissaya Barreto (parent organization):** [https://www.fbb.pt/](https://www.fbb.pt/) (While not directly for the Casa da Criança Rainha Santa Isabel, it's the overarching institution.)
*   **Contact information on Fundação Bissaya Barreto:** [https://www.fbb.pt/contactos/casa-da-crianca/](https://www.fbb.pt/contactos/casa-da-crianca/)"
29391,Jardim Infantil de Gatões - Associação Fernão Mendes Pinto,Gatões,Montemor-o-Velho,Jardim de Infância,not found,,,The official website for Jardim Infantil de Gatões - Associação Fernão Mendes Pinto is part of the larger Associação Fernão Mendes Pinto website: https://afmp.webnode.page/infancia-e-juventude/jardim-de-infancia/jardim-de-infancia-de-gatoes/.
29531,Conservatório de Música David de Sousa,Figueira da Foz,Figueira da Foz,Jardim de Infância,not found,,,"The official website for ""Conservatório de Música David de Sousa"" in Figueira da Foz, Portugal, is https://conservatoriodavidsousa.com/."
29788,Jardim de Infância dos Serviços de Ação Social da Universidade de Coimbra,Coimbra,Coimbra,Jardim de Infância,https://www.uc.pt/sasuc/apoio-a-infancia,yes,domain doesn't match institution name,"The official website for ""Jardim de Infância dos Serviços de Ação Social da Universidade de Coimbra"" is part of the University of Coimbra's Social Action Services (SASUC) website. You can find information about the childcare services, including the kindergarten, at: https://www.uc.pt/sasuc/apoio-a-infancia."
30024,Jardim de Infância de Ferreira-A-Nova,Figueira da Foz,Figueira da Foz,Jardim de Infância,https://www.aefn.pt/,yes,domain doesn't match institution name,"The ""Jardim de Infância de Ferreira-A-Nova"" is part of the Agrupamento de Escolas Figueira Norte.

The official website for the Agrupamento de Escolas Figueira Norte is where you can find information about the Jardim de Infância de Ferreira-A-Nova. 

https://www.aefn.pt/"
30027,Jardim de Infância de Cova da Serpe,Cova da Serpe,Figueira da Foz,Jardim de Infância,not found,,,"The official website for ""Jardim de Infância de Cova da Serpe"" is part of the Agrupamento de Escolas Figueira Norte website.

https://www.aefn.pt/escolas/jardins-de-infancia/ji_cova-da-serpe"
30030,Jardim de Infância de Maiorca,Maiorca,Figueira da Foz,Jardim de Infância,not found,,,"The ""Jardim de Infância de Maiorca"" is part of the Agrupamento de Escolas Figueira Norte. Therefore, its official information can be found on the Agrupamento's website.

https://www.aefiguieiranorte.pt"
30031,Escola Básica de Vila Nova do Ceira,Vila Nova do Ceira,Góis,Jardim de Infância,not found,,,"The Escola Básica de Vila Nova do Ceira is part of the Agrupamento de Escolas de Góis. The official website for the agrupamento, which includes information about the Escola Básica de Vila Nova do Ceira, is https://www.aegois.pt/."
30033,Jardim de Infância de Regalheiras,Regalheiras de Lavos,Figueira da Foz,Jardim de Infância,not found,,,not found
30034,Jardim de Infância de Alqueidão,Alqueidão,Figueira da Foz,Jardim de Infância,not found,,,not found
30057,Jardim de Infância de Sinde,Sinde,Tábua,Jardim de Infância,not found,,,"The ""Jardim de Infância de Sinde"" is located in Sinde - Tábua, Portugal, and is part of the ""Agrupamento Escolas de Tábua"" (School Group of Tábua).

Based on the search results, an official, independent website specifically for ""Jardim de Infância de Sinde"" was not found. However, it is an institution dependent on the Ministry and associated with the ""Agrupamento de Escolas de Tábua"". The email address provided for the institution is `geral@aetabua.pt`.

Therefore, the most relevant online presence would likely be through the Agrupamento de Escolas de Tábua or the Portal Municipal de Tábua, where it is listed under ""Ensino Regular Público"" (Public Regular Education).

not found"
30063,Jardim de Infância de Ceira,,Coimbra,Jardim de Infância,https://coimbrasul.pt,yes,domain doesn't match institution name,"The ""Jardim de Infância de Ceira"" is part of the Agrupamento de Escolas Coimbra Sul.

The official website for Agrupamento de Escolas Coimbra Sul is: direcao@coimbrasul.pt"
30159,Jardim de Infância de Sepins,Sepins,Cantanhede,Jardim de Infância,not found,,,"The ""Jardim de Infância de Sepins"" is part of the Agrupamento de Escolas Marquês de Marialva in Cantanhede, Portugal. While there isn't a dedicated official website solely for ""Jardim de Infância de Sepins,"" information about it can be found on the website of the Municipality of Cantanhede and on the Eco-Escolas website.

Therefore, a direct, independent URL for ""Jardim de Infância de Sepins"" is not found."
30324,Escola Básica de Pereira,Pereira,Montemor-o-Velho,Jardim de Infância,not found,,,"It appears there are several ""Escola Básica de Pereira"" institutions in Portugal, located in different municipalities (e.g., Mirandela, Montemor-o-Velho, Miranda do Corvo). Some of these are part of larger ""Agrupamento de Escolas"" (school clusters) which have their own websites.

The ""Escola Básica de Pereira"" in Pereira, Montemor-o-Velho, is part of the ""Agrupamento de Escolas de Montemor-o-Velho"". The website for this cluster is aemontemor.edu.pt.

Therefore, the most relevant official website is: aemontemor.edu.pt"
30325,Jardim de Infância de Carapinheira,Carapinheira,Montemor-o-Velho,Jardim de Infância,not found,,,not found
30326,Jardim de Infância de Meãs,Meãs do Campo,Montemor-o-Velho,Jardim de Infância,not found,,,not found
30423,Jardim de Infância de Lentisqueira,Lentisqueira,Mira,Jardim de Infância,https://www.aemira.pt,yes,domain doesn't match institution name,"The ""Jardim de Infância de Lentisqueira"" is part of the Agrupamento de Escolas de Mira.

You can find information about the Jardim de Infância de Lentisqueira on the Agrupamento de Escolas de Mira website, specifically on their contacts page.

Here is the URL for the Agrupamento de Escolas de Mira: https://www.aemira.pt"
30424,Jardim de Infância de Mira,,Mira,Jardim de Infância,not found,,,"The ""Jardim de Infância de Mira"" is part of the Agrupamento de Escolas de Mira. The official website for the Agrupamento de Escolas de Mira, which includes the Jardim de Infância de Mira, is not directly provided as a single URL in the search results. However, the Agrupamento de Escolas de Mira website can be accessed through a Google search for ""Agrupamento de Escolas de Mira"". The provided snippets indicate it is a public institution located at Rua Óscar Moreira da Silva, 3070-330 Mira."
30717,Jardim de Infância de Miranda do Corvo,Miranda do Corvo,Miranda do Corvo,Jardim de Infância,not found,,,not found
30719,Escola Básica de Moinhos,Miranda do Corvo,Miranda do Corvo,Jardim de Infância,not found,,,"The ""Escola Básica de Moinhos"" in Miranda do Corvo, Portugal, does not appear to have an independent official website. It is part of the ""Agrupamento de Escolas de Miranda do Corvo"" (School Group of Miranda do Corvo).

While direct websites for the specific school were not found, here are some relevant links:

*   **Municipality of Miranda do Corvo (listings for schools):** https://www.cm-mirandadocorvo.pt/pages/237
*   **Eco-Escolas listing for Escola Básica de Moinhos:** https://ecoescolas.abaae.pt/frontoffice/escola/lista/720
*   **Skoolist listing:** https://skoolist.pt/escola/escola-basica-de-moinhos/"
30720,Jardim de Infância de Casais de S. Clemente,Lamas Mcv,Miranda do Corvo,Jardim de Infância,not found,,,not found
31032,Jardim de Infância de Sanguinheira,Sanguinheira,Cantanhede,Jardim de Infância,not found,,,"The ""Jardim de Infância de Sanguinheira"" is part of the ""Agrupamento de Escolas Gândara-Mar, Tocha, Cantanhede"". While there isn't a dedicated official website solely for Jardim de Infância de Sanguinheira, it is associated with the larger school group.

not found"
31308,EB1 e Jardim de Infância de São Caetano,S. Caetano,Cantanhede,Jardim de Infância,https://aelimadefaria.pt,yes,domain doesn't match institution name,"The ""EB1 e Jardim de Infância de São Caetano"" appears to refer to two separate institutions that often share the same premises or are part of the same educational cluster, and there are multiple schools with ""São Caetano"" in their name across Portugal.

Based on the search results, there are at least two distinct locations for schools named ""EB1 e Jardim de Infância de São Caetano"":

*   **In Cantanhede (Coimbra District):** This institution is part of the Agrupamento de Escolas Lima-de-Faria. The email address provided is jisaocaetano@aelimadefaria.pt. The Municipality of Cantanhede also lists an ""Escola EB1 de S. Caetano"".
    *   The official website for the **Agrupamento de Escolas Lima-de-Faria, Cantanhede**, which this school belongs to, is https://www.aelimadefaria.pt.
*   **In Rio Tinto, Gondomar (Porto District):** This refers to ""Jardim de Infância de S. Caetano"" and ""EB1 de S. Caetano Nº 2"". These are part of the Agrupamento de Escolas de Rio Tinto.
    *   The Agrupamento de Escolas de Rio Tinto's website is avert-acao.blogspot.pt. However, this appears to be a blog rather than a formal institutional website.
    *   The Câmara Municipal de Gondomar has pages for ""Jardim de Infância de São Caetano 2"" and ""Escola Básica 1 São Caetano 2"", but these are informational pages within the municipal website and not dedicated school websites.

Given the request for ""the official website,"" and the ambiguity of which ""S. Caetano"" is being referenced, I am unable to provide a single definitive URL. The institutions appear to be part of larger school groupings, and their presence on municipal or Eco-Escolas websites suggests they might not have independent official websites.

Therefore, I cannot provide a single, direct official website for ""EB1 e Jardim de Infância de São Caetano"" that is separate from the agrupamento or municipal pages.The most accurate response is: not found."
31309,Jardim de Infância do Corticeiro de Cima,Corticeiro de Cima,Cantanhede,Jardim de Infância,https://aelimadefaria.pt,yes,domain doesn't match institution name,"The ""Jardim de Infância do Corticeiro de Cima"" is part of the ""Agrupamento de Escolas Lima-de-Faria"" in Cantanhede, Portugal. The official website for the agrupamento, which includes the kindergarten, is aelimadefaria.pt."
31663,Escola Básica de Seixo,Seixo,Penacova,Jardim de Infância,not found,,,"There are multiple schools named ""Escola Básica de Seixo"" in Portugal, belonging to different school groupings. To provide the correct website, more specific location information is needed.

For example:
*   Escola Básica de Seixo in Mira, which is part of the Agrupamento de Escolas de Mira.
*   Escola Básica de Seixo in Montemor-o-Velho, which is part of the Agrupamento de Escolas de Montemor-o-Velho.
*   Escola Básica de 1.º CEB / JI do Seixo in Fânzeres, which is part of the Agrupamento de Escolas de Rio Tinto Nº 3.

Please provide additional details about the location of the ""Escola Básica de Seixo"" you are looking for."
31664,Escola Básica Joaquim Oliveira Marques,Figueira de Lorvão,Penacova,Jardim de Infância,https://www.aepenacova.pt/,yes,domain doesn't match institution name,"The Escola Básica Joaquim Oliveira Marques in Figueira de Lorvão is part of the Agrupamento de Escolas de Penacova.

The website for the Agrupamento de Escolas de Penacova is: https://www.aepenacova.pt/"
31665,Jardim de Infância de Miro,Friúmes,Penacova,Jardim de Infância,not found,,,not found
31666,Jardim de Infância de Espinheira,Penacova,Penacova,Jardim de Infância,not found,,,not found
31667,Centro Escolar de Lorvão,Lorvão,Penacova,Jardim de Infância,not found,,,"Several search results mention ""Centro Escolar de Lorvão"" in Lorvão, Portugal. However, there does not appear to be a dedicated, independent official website for ""Centro Escolar de Lorvão"" itself.

The ""Centro Escolar de Lorvão"" is mentioned as an entity under the ""Agrupamento de Escolas de Penacova"" (School Group of Penacova), which does have a website. Additionally, the local parish council, ""Junta de Freguesia de Lorvão"", also provides some information and contact details related to the Centro Escolar de Lorvão. There is also the ""Centro Social Paroquial de Lorvão,"" which is a social institution offering childcare services, including a creche and nursery, and has its own website.

Given that the request is specifically for the official website of ""Centro Escolar de Lorvão"" and not an umbrella organization or a related social institution, the answer is not found."
31670,Jardim de Infância de Penacova,Penacova,Penacova,Jardim de Infância,https://www.aepenacova.pt,,,"The ""Jardim de Infância de Penacova"" appears to be part of the Agrupamento de Escolas de Penacova (Penacova School Group). While there isn't a dedicated website solely for the ""Jardim de Infância de Penacova,"" information related to it can be found through the Agrupamento de Escolas de Penacova.

The official website for the Agrupamento de Escolas de Penacova is www.aepenacova.pt."
31748,Escola Básica do 1ºceb/Jardim-De-Infância de Coja,Coja,Arganil,Jardim de Infância,not found,,,"The official website for ""Escola Básica do 1ºceb/Jardim-De-Infância de Coja"" is part of the Agrupamento de Escolas de Arganil. You can find information about it on their website.

https://www.ae-arganil.pt/"
31749,Escola Básica do 1ºceb/Jardim-De-Infância de S. Martinho da Cortiça,São Martinho da Cortiça,Arganil,Jardim de Infância,not found,,,not found
31778,Jardim de Infância de Ameal,Ameal,Coimbra,Jardim de Infância,not found,,,not found
31779,Jardim de Infância de São Bento,Casais do Campo,Coimbra,Jardim de Infância,not found,,,not found
31798,Jardim de Infância de Carvalhais de Baixo,Carvalhais de Baixo,Coimbra,Jardim de Infância,not found,,,"The official website for ""Jardim de Infância de Carvalhais de Baixo"" in Carvalhais de Baixo, Portugal is not found. While several directories and educational portals list the institution with contact information like phone numbers and email addresses, a dedicated official website was not identified in the search results. The institution is part of the Agrupamento de Escolas Coimbra Centro."
31799,Jardim de Infância de São João do Campo,S. João do Campo,Coimbra,Jardim de Infância,https://aecoimbracentro.pt,yes,domain doesn't match institution name,"The ""Jardim de Infância de São João do Campo"" in S. João do Campo, Portugal, is part of the ""Agrupamento de Escolas Coimbra Centro"". While the Jardim de Infância itself does not appear to have a dedicated official website, information about it, including contact details, can be found through the Agrupamento. The email address provided for the institution is jisaojoaodocampo@aecoimbracentro.pt or ji.sjoaocampo@escolas.min-edu.pt.

Therefore, the official website for the larger school group it belongs to is likely where more comprehensive information would be located. However, a specific URL for the ""Jardim de Infância de São João do Campo"" was not found."
31800,Jardim de Infância de Andorinha,Andorinha,Coimbra,Jardim de Infância,https://aecoimbracentro.pt,yes,domain doesn't match institution name,"The official website for ""Jardim de Infância de Andorinha"" in Andorinha, Portugal, was not found. The institution is part of the AGRUPAMENTO DE ESCOLAS COIMBRA CENTRO. Contact information found includes a phone number (239963714) and an email address (jiandorinha@aecoimbracentro.pt)."
31813,Jardim de Infância de Travanca de Lagos,Travanca de Lagos,Oliveira do Hospital,Jardim de Infância,not found,,,"Not found.

While several directory listings and official documents mention ""Jardim de Infância de Travanca de Lagos"" in Travanca de Lagos, Oliveira do Hospital, no official website for the institution was found in the search results. The institution is listed with contact information such as phone numbers and addresses on various platforms.. It appears to be part of the public education network in Portugal."
31814,Escola Básica de Seixo da Beira,Seixo da Beira,Oliveira do Hospital,Jardim de Infância,https://aeoh.pt,yes,domain doesn't match institution name,"The ""Escola Básica de Seixo da Beira"" is part of the ""Agrupamento de Escolas de Oliveira do Hospital"". The official website for the Agrupamento de Escolas de Oliveira do Hospital is aeoh.pt."
31815,Jardim de Infância de Largo da Feira,Oliveira do Hospital,Oliveira do Hospital,Jardim de Infância,not found,,,"It appears there might be some confusion regarding the exact location of ""Jardim de Infância de Largo da Feira"". While there is a ""Jardim de Infância do Largo da Feira"" located in Nogueira do Cravo, Oliveira de Azeméis, this is a different municipality from Oliveira do Hospital.

A search for ""Jardim de Infância de Largo da Feira"" specifically in Oliveira do Hospital did not yield an official website. The municipality of Oliveira do Hospital lists several childcare institutions, including ""Jardim de Infância Nº 2 de Oliveira do Hospital"", but ""Jardim de Infância de Largo da Feira"" is not among them.

Therefore, the official website for ""Jardim de Infância de Largo da Feira"" in Oliveira do Hospital, Portugal, was not found."
31816,"Escola Básica de Lourosa, Oliveira do Hospital",Lourosa,Santa Maria da Feira,Jardim de Infância,https://aeoh.pt,yes,domain doesn't match institution name,"The Escola Básica de Lourosa, Oliveira do Hospital is part of the Agrupamento de Escolas de Oliveira do Hospital (AEOH). The official website for this agrupamento (group of schools) is aeoh.pt."
31817,Jardim de Infância de Seixas da Beira,Seixas da Beira,Oliveira do Hospital,Jardim de Infância,not found,,,"The official website for ""Jardim de Infância de Seixas da Beira"" is not found. The institution is part of the ""Agrupamento de Escolas de Oliveira do Hospital"". While the ""Freguesia de Seixo da Beira"" has an official website, and the ""Câmara Municipal de Oliveira do Hospital"" lists contact information for the Jardim de Infância de Seixas da Beira, a dedicated website for the childcare institution itself was not found in the search results."
31818,Jardim de Infância de Penalva de Alva,Penalva de Alva,Oliveira do Hospital,Jardim de Infância,not found,,,"The official website for ""Jardim de Infância de Penalva de Alva"" is not found. The institution is listed as part of the Agrupamento de Escolas de Oliveira do Hospital. There are general contact details provided for the Jardim de Infância of Penalva de Alva, including a phone number and an email address, but no dedicated website.

Some search results refer to ""Centro Desenvolvimento Sócio Cultural de Penalva de Alva"" which is an IPSS (Private Institution of Social Solidarity) that also focuses on childhood and youth protection in the Penalva de Alva area. This center has a website: www.cdscpenalva.webnode.pt However, this appears to be a broader social and cultural development center, not specifically the ""Jardim de Infância de Penalva de Alva""."
31820,Escola Básica de Nogueira do Cravo,Nogueira do Cravo,Oliveira do Hospital,Jardim de Infância,not found,,,not found
31822,Jardim de Infância de Alvôco de Várzeas,Alvôco das Várzeas,Oliveira do Hospital,Jardim de Infância,https://aeoh.pt,yes,domain doesn't match institution name,"The ""Jardim de Infância de Alvôco de Várzeas"" is part of the Agrupamento de Escolas de Oliveira do Hospital (School Group of Oliveira do Hospital). Their email contact is direcao@aeoh.pt.

While there doesn't appear to be a dedicated website solely for the ""Jardim de Infância de Alvôco de Várzeas,"" information about it can be found on the website for CERCAV – Centro de Recreio e Convívio de Alvôco das Várzeas, which also offers a crèche.

http://cercav.pt/"
31823,Jardim de Infância de Vale Ferreiro,Oliveira do Hospital,Oliveira do Hospital,Jardim de Infância,https://aeoh.pt,yes,domain doesn't match institution name,"The Jardim de Infância de Vale Ferreiro in Oliveira do Hospital, Portugal, does not appear to have a standalone official website. It is part of the Agrupamento de Escolas de Oliveira do Hospital, which has a website at aeoh.pt.

Other sources provide contact information, such as a phone number (238603990) and its address (Rua Gil Vicente, nº 4, 3400-125 Oliveira do Hospital). The institution is also listed in online directories of Portuguese schools and social institutions."
32016,Escola Básica de Degracias,Degracias,Soure,Jardim de Infância,https://escolasdesoure.pt,,,"Escola Básica de Degracias is part of the Agrupamento de Escolas de Soure (AEMAS). The official website for AEMAS is escolasdesoure.pt. While Escola Básica de Degracias has a dedicated page within the AEMAS website, it does not appear to have a separate, independent official website.

https://www.escolasdesoure.pt/escolas/escolas-bas-1o-ciclo"
32017,Escola Básica de Granja do Ulmeiro,Granja do Ulmeiro,Soure,Jardim de Infância,not found,,,"The Escola Básica de Granja do Ulmeiro is part of the Agrupamento de Escolas de Soure (AEMAS). The specific page for the Escola Básica de Granja do Ulmeiro on the AEMAS website is https://aemas.pt/escolas/eb1-granja-do-ulmeiro/.

There is also a listing on rotanacional.pt with the website http://www.eb1-granja-ulmeiro.rcts.pt. However, it appears this might be an older or less active site, as the school is primarily listed as part of the AEMAS group. The email provided by the Municipality of Soure for the school also uses the ""escolasdesoure.pt"" domain."
32018,Escola Básica de Tapeus,Tapeus,Soure,Jardim de Infância,not found,,,"The Escola Básica de Tapeus is part of the Agrupamento de Escolas Martinho Árias, Soure (AEMAS). The official website for the Agrupamento de Escolas Martinho Árias, Soure, which includes Escola Básica de Tapeus, is aemas.pt.

aemas.pt"
32020,Escola Básica de Casal de S. Tomé com Jardim de Infância,Mira,Mira,Jardim de Infância,https://www.aemira.pt,yes,domain doesn't match institution name,"The ""Escola Básica de Casal de S. Tomé com Jardim de Infância"" is part of the Agrupamento de Escolas de Mira. The official website for the agrupamento (group of schools) is https://www.aemira.pt. While there isn't a separate official website solely for ""Escola Básica de Casal de S. Tomé with Jardim de Infância"", information about this specific school can be found within the Agrupamento de Escolas de Mira website."
32023,Escola Básica de Figueiró do Campo,Figueiró do Campo,Soure,Jardim de Infância,not found,,,"The ""Escola Básica de Figueiró do Campo"" is part of the Agrupamento de Escolas de Soure. The municipality of Soure website lists the school and provides an email address, but not a dedicated website URL for the school itself. Similarly, the website for AEMAS (Agrupamento de Escolas Martinho Árias, Soure), which appears to be the larger school cluster that includes ""Escola Básica de Figueiró do Campo,"" lists the school with an email address but no separate website.

Therefore, a dedicated official website for ""Escola Básica de Figueiró do Campo"" was not found.

not found"
32024,Escola Básica de Sobral,Soure,Soure,Jardim de Infância,https://www.escolasdesoure.pt/web,,,"The Escola Básica de Sobral is part of the Agrupamento de Escolas Martinho Árias (AEMAS) in Soure. Therefore, its official information can be found on the AEMAS website.

https://www.escolasdesoure.pt/web"
32025,Escola Básica de Vinha da Rainha,Vinha da Rainha,Soure,Jardim de Infância,not found,,,"The ""Escola Básica de Vinha da Rainha"" in Vinha da Rainha, Portugal, is part of the ""Agrupamento de Escolas Martinho Árias, Soure"". The official website for the agrupamento (grouping of schools) is likely where you would find information for this specific school.

Based on the search results, the most relevant official website is: https://aemas.pt/"
32108,Jardim de Infância de Soure,Soure,Soure,Jardim de Infância,not found,,,"The official website for ""Jardim de Infância de Soure"" is part of the ""Agrupamento de Escolas Martinho Árias, Soure"" (AEMAS). The specific page for the Jardim de Infância de Soure can be found within the AEMAS website, under the ""Jardins de Infância"" section.

The URL is: https://www.aemas.pt/escolas/jardins-de-infancia/"
32210,Jardim de Infância de Serpins,Serpins,Lousã,Jardim de Infância,not found,,,"The ""Jardim de Infância de Serpins"" is a public kindergarten located in Serpins, Lousã, Coimbra, Portugal, and is part of the Agrupamento de Escolas da Lousã (Schools Group of Lousã).

While there doesn't appear to be a dedicated, independent official website solely for ""Jardim de Infância de Serpins,"" information about it can be found on the following:

*   **Câmara Municipal da Lousã (Lousã Municipal Council) website**: The kindergarten is listed on the institutional portal of the Lousã Municipal Council.
*   **Eco-Escolas Program website**: The Jardim de Infância de Serpins participates in the Eco-Escolas program, and details about their participation are available on the Eco-Escolas website.
*   **Mapa Social**: This platform aggregates information about social institutions in Portugal, including the Jardim de Infância de Serpins.

Therefore, there is no single, independent official website for ""Jardim de Infância de Serpins."""
32229,Jardim de Infância de Santa Rita,Lousã-Vilarinho,Lousã,Jardim de Infância,not found,,,"Based on the search results, there isn't a dedicated official website solely for ""Jardim de Infância de Santa Rita"" in Lousã-Vilarinho. However, it is mentioned as part of the ""Agrupamento de Escolas da Lousã"" and is also listed on the Lousã Municipal Council's website. It appears to be a public school (Escola EB1/JI de Santa Rita) and is also associated with ADIC (Associação de Defesa do Idoso e da Criança de Vilarinho, Lousã).

Therefore, a direct, independent URL for ""Jardim de Infância de Santa Rita"" is not found."
32230,Jardim de Infância do Freixo,Lousã-Vilarinho,Lousã,Jardim de Infância,not found,,,"""Jardim de Infância do Freixo"" in Lousã-Vilarinho, Portugal does not appear to have a standalone official website.

However, it is part of the ""Agrupamento de Escolas da Lousã"" and the municipality of Lousã provides some information about it on their institutional portal. The childcare institution also participates in the Eco-Escolas program, and has a page on their website.

It's also mentioned that the ""Associação de Cooperação da Lousã (ACTIVAR)"" is responsible for activities at the Jardim de Infância do Freixo. The ""Associação de Defesa do Idoso e da Criança de Vilarinho, Lousã (ADIC)"" also runs a ""Jardim de infância"" in Vilarinho, Lousã and has a website. However, it is unclear if this is the same institution as ""Jardim de Infância do Freixo""."
32342,Jardim de Infância da Pocariça,Pocariça,Cantanhede,Jardim de Infância,not found,,,not found
32346,Jardim de Infância de Cantanhede,Cantanhede,Cantanhede,Jardim de Infância,https://aemmarialva.pt,yes,domain doesn't match institution name,"The ""Jardim de Infância de Cantanhede"" is associated with the ""Agrupamento de Escolas Marquês de Marialva, Cantanhede"". The email provided for this institution is geral@aemmarialva.pt.

Therefore, the official website for ""Jardim de Infância de Cantanhede"" is likely the website for the ""Agrupamento de Escolas Marquês de Marialva"". However, without a direct URL provided in the search results for the ""Jardim de Infância de Cantanhede"" specifically, or a definitive confirmation that the agrupamento's website serves as the official site for the Jardim de Infância, a precise URL cannot be given.

not found"
32348,Jardim de Infância de Ourentã,Ourentã,Cantanhede,Jardim de Infância,https://www.cspo.pt,yes,domain doesn't match institution name,"The ""Jardim de Infância de Ourentã"" is part of the Agrupamento de Escolas Marquês de Marialva in Cantanhede, Portugal. While there doesn't appear to be a dedicated website for the Jardim de Infância de Ourentã itself, the Centro Social e Polivalente de Ourentã (CSPO) partners with the kindergarten and has a website.

https://www.cspo.pt"
32363,Jardim de Infância de Cordinhã,Cordinhã,Cantanhede,Jardim de Infância,https://aemmarialva.pt,yes,domain doesn't match institution name,"The ""Jardim de Infância de Cordinhã"" is associated with the ""Agrupamento de Escolas Marquês de Marialva, Cantanhede"". While a direct website for the Jardim de Infância de Cordinhã was not found, the Agrupamento de Escolas Marquês de Marialva likely serves as its overarching institutional website. The email for the institution is geral@aemmarialva.pt.

not found"
32684,Jardim de Infância de Espinho,Miranda do Corvo,Miranda do Corvo,Jardim de Infância,http://www.aemc.edu.pt,yes,domain doesn't match institution name,"The Jardim de Infância de Espinho in Miranda do Corvo is a public kindergarten that is part of the ""Agrupamento de Escolas de Miranda do Corvo"" (School Group of Miranda do Corvo). While there doesn't appear to be a dedicated official website solely for ""Jardim de Infância de Espinho"", the ""Agrupamento de Escolas de Miranda do Corvo"" has an official website.

http://www.aemc.edu.pt"
32686,Escola Básica de Semide,Semide,Miranda do Corvo,Jardim de Infância,not found,,,"The official website for ""Escola Básica de Semide"" is not found. However, it is part of the ""Agrupamento de Escolas de Miranda do Corvo"". You can find contact information for Escola Básica de Semide, including its address and phone number, through the Eco-Escolas program website and Mapa Social."
32689,Escola Básica Professor Doutor Ferrer Correia,Semide,Miranda do Corvo,Jardim de Infância,not found,,,http://ebiferrercorreia.ccems.pt
32706,Jardim de Infância do Vidual,Rio de Vide,Miranda do Corvo,Jardim de Infância,not found,,,not found
33098,Jardim de Infância da Solum,Coimbra,Coimbra,Jardim de Infância,http://www.escolaeugeniodecastro.pt/,yes,domain doesn't match institution name,"The ""Jardim de Infância da Solum"" is part of the ""Agrupamento de Escolas Eugénio de Castro"" in Coimbra, Portugal. While there isn't a dedicated website solely for ""Jardim de Infância da Solum,"" information about it can be found on the agrupamento's website.

The official website for the ""Agrupamento de Escolas Eugénio de Castro"" is http://www.escolaeugeniodecastro.pt/."
33119,Jardim de Infância de Carvalhais,Lavos,Figueira da Foz,Jardim de Infância,not found,,,not found
33120,Jardim de Infância de Santa Luzia,Lavos,Figueira da Foz,Jardim de Infância,not found,,,not found
33137,Jardim de Infância de Costa de Lavos,Lavos,Figueira da Foz,Jardim de Infância,https://agrupaiao.pt/,yes,domain doesn't match institution name,"""Jardim de Infância de Costa de Lavos"" is part of the Agrupamento de Escolas de Paião (School Group of Paião) in Figueira da Foz. While there isn't a dedicated website solely for the ""Jardim de Infância de Costa de Lavos,"" information about it can be found on the website of the Agrupamento de Escolas de Paião.

Here is the URL for the Agrupamento de Escolas de Paião: https://agrupaiao.pt/"
33330,Escola Básica do 1ºceb/Jardim-De-Infância de Sarzedo,Sarzedo,Moimenta da Beira,Jardim de Infância,not found,,,"The official website for ""Escola Básica do 1ºceb/Jardim-De-Infância de Sarzedo"" in Sarzedo, Portugal is not found. However, information about the school is available through the Municipality of Arganil and the Eco-Escolas program.

The school, also known as Escola do 1º CEB de Sarzedo or Escola EB 1/JI de Sarzedo, is located at Bairro da Caleira, 3300-401 Sarzedo, and its phone number is 235 205 248. It is part of the Agrupamento de Escolas de Arganil."
33331,Escola Básica do 1ºceb/Jardim-De-Infância de Pombeiro da Beira,Pombeiro da Beira,Arganil,Jardim de Infância,https://bibliotecas-arganil.webnode.pt/,yes,domain doesn't match institution name,"The ""Escola Básica do 1ºceb/Jardim-De-Infância de Pombeiro da Beira"" is part of the Agrupamento de Escolas de Arganil. The official website for the Agrupamento de Escolas de Arganil is where you can find information about this childcare institution.

https://bibliotecas-arganil.webnode.pt/"
34657,Escola Básica de Meruge,Meruge,Oliveira do Hospital,Jardim de Infância,https://DirectorioEscolas.eu,,,"""Escola Básica de Meruge"" does not appear to have its own independent official website. It is part of the ""Agrupamento de Escolas de Oliveira do Hospital"". While there isn't a direct website for Escola Básica de Meruge, you can find contact information, including an email address and phone number, through directories like DirectorioEscolas.eu and Mapa Social. The email address provided is info@eb1-meruge.rcts.pt. The school is located at Bairro da Ciência, 3405-335 Meruge, Oliveira do Hospital."
34658,Escola Básica N.º 1 de Oliveira do Hospital,Oliveira do Hospital,Oliveira do Hospital,Jardim de Infância,https://aeoh.pt,yes,domain doesn't match institution name,"The Escola Básica N.º 1 de Oliveira do Hospital is part of the ""Agrupamento de Escolas de Oliveira do Hospital"" (AEOH). The official website for the agrupamento, which includes information for Escola Básica N.º 1, is aeoh.pt.

aeoh.pt"
34677,Escola Básica de São Paio de Gramaços,São Paio de Gramaços,Oliveira do Hospital,Jardim de Infância,https://aeoh.pt,yes,domain doesn't match institution name,"The ""Escola Básica de São Paio de Gramaços"" is part of the ""Agrupamento de Escolas de Oliveira do Hospital"". The email for the institution is direcao@aeoh.pt.

Not found."
34761,Jardim Infantil de S. Miguel - Centro Ass.paroq. de Santa Cruz,Coimbra,Coimbra,Jardim de Infância,not found,,,not found
34994,Escola Básica de Areeiro,Coimbra,Coimbra,Jardim de Infância,https://coimbrasul.pt,yes,domain doesn't match institution name,"The Escola Básica de Areeiro in Coimbra, Portugal, is part of the Agrupamento de Escolas Coimbra Sul. The official website for this agrupamento (group of schools) is not explicitly found, but a contact email for the Agrupamento de Escolas Coimbra Sul is provided as direcao@coimbrasul.pt.

While there isn't a dedicated website solely for Escola Básica de Areeiro, information about it can be found on other educational directories and portals. The school's address is Rua da Escola, 3030 Coimbra, and its phone number is 239705003. The Escola Básica de Areeiro is also referred to as Centro Escolar do Areeiro, which includes both the EB1 (1º Ciclo) and JI (Jardim de Infância) of Areeiro."
35009,Escola Básica de Souselas,Souselas,Coimbra,Jardim de Infância,https://www.aersi.net,yes,domain doesn't match institution name,"The ""Escola Básica de Souselas"" in Souselas, Portugal, is part of the ""Agrupamento de Escolas Rainha Santa Isabel"" (AERSI) in Coimbra.

The official website for the Agrupamento de Escolas Rainha Santa Isabel, which includes Escola Básica de Souselas, is: https://www.aersi.net"
35010,Escola Básica de Trouxemil,,Coimbra,Jardim de Infância,not found,,,not found
35011,Escola Básica de Eiras,Coimbra,Coimbra,Jardim de Infância,not found,,,not found
35012,Escola Básica de Loreto,Coimbra,Coimbra,Jardim de Infância,http://www.leromundo.eu,yes,domain doesn't match institution name,"The ""Escola Básica de Loreto"" in Coimbra, Portugal, is part of the Agrupamento de Escolas Rainha Santa Isabel.

The official website for the Agrupamento de Escolas Rainha Santa Isabel, which includes Escola Básica de Loreto, is: http://www.leromundo.eu"
35013,Escola Básica de Montes Claros,Coimbra,Coimbra,Jardim de Infância,not found,,,not found
35017,Escola Básica de Larçã,Botão,Coimbra,Jardim de Infância,not found,,,"The ""Escola Básica de Larçã"" in Botão, Coimbra, Portugal, does not appear to have an independent official website. It is part of the Agrupamento de Escolas Rainha Santa Isabel, Pedrulha, Coimbra.

While direct websites for the individual school were not found, here is the website for the agrupamento (school cluster) it belongs to:

https://www.aersicoimbra.net/"
35018,Escola Básica de Brasfemes,Brasfemes,Coimbra,Jardim de Infância,not found,,,"""Escola Básica de Brasfemes"" is part of the ""Agrupamento de Escolas Rainha Santa Isabel"" (School Grouping Rainha Santa Isabel). The official website for the agrupamento is not provided in the search results. While several directories list contact information for Escola Básica de Brasfemes, none provide a dedicated official website for the individual school.

not found"
35019,Escola Básica de Ingote,Coimbra,Coimbra,Jardim de Infância,https://www.aersi.net,yes,domain doesn't match institution name,"The Escola Básica de Ingote in Coimbra, Portugal, is part of the Agrupamento de Escolas Rainha Santa Isabel. The official website for the agrupamento (group of schools) is www.aersi.net."
35021,Jardim de Infância de Caceira,Caceira,Figueira da Foz,Jardim de Infância,https://www.aezuff.org/,yes,domain doesn't match institution name,"The ""Jardim de Infância de Caceira"" is part of the ""Agrupamento de Escolas da Zona Urbana da Figueira da Foz"" (School Grouping of the Urban Zone of Figueira da Foz). Therefore, its official information can be found on the agrupamento's website.

https://www.aezuff.org/"
35026,Escola Básica N.º 1 de Taveiro,Taveiro,Coimbra,Jardim de Infância,not found,,,"The Escola Básica N.º 1 de Taveiro is part of the ""Agrupamento de Escolas de Coimbra Oeste"" (School Grouping of Coimbra Oeste). While there doesn't appear to be a dedicated official website for ""Escola Básica N.º 1 de Taveiro"" itself, its information is available through the grouping. You can find details and contacts for the school on various educational directories for Portugal

Not found."
35027,Escola Básica de Póvoa,Coimbra,Coimbra,Jardim de Infância,not found,,,http://www.eb1-coimbra-n31-povoa.rcts.pt
35028,Escola Básica de Bairro Azul,São Silvestre,Coimbra,Jardim de Infância,not found,,,not found
35029,Escola Básica de São Martinho de Árvore,São Martinho de Árvore,Coimbra,Jardim de Infância,not found,,,not found
35036,Jardim de Infância Conde Ferreira,Figueira da Foz,Figueira da Foz,Jardim de Infância,https://www.aezuff.org/,yes,domain doesn't match institution name,"The ""Jardim de Infância Conde Ferreira"" in Figueira da Foz, Portugal, is part of the ""Agrupamento de Escolas da Zona Urbana da Figueira da Foz"" (School Group of the Urban Zone of Figueira da Foz).

Therefore, its official web presence can be found within the larger school group's website: https://www.aezuff.org/."
35039,EB/JI da Tocha,Tocha,Cantanhede,Jardim de Infância,https://aegandaramar.com,yes,domain doesn't match institution name,"The official website for ""EB/JI da Tocha"" is part of the ""Agrupamento de Escolas Gândara-Mar"" (Schools Group Gândara-Mar). The URL for the agrupamento is https://aegandaramar.com."
35041,Escola Básica de Arzila,Arzila,Coimbra,Jardim de Infância,https://www.aecoimbraoeste.pt,yes,domain doesn't match institution name,"The Escola Básica de Arzila is part of the Agrupamento de Escolas Coimbra Oeste.

The official website for the Agrupamento de Escolas Coimbra Oeste is https://www.aecoimbraoeste.pt."
35042,Escola Básica de Almas de Freire,Coimbra,Coimbra,Jardim de Infância,not found,,,"""Escola Básica de Almas de Freire"" in Coimbra, Portugal, does not appear to have a standalone official website.

However, it is part of the **Agrupamento de Escolas Coimbra Oeste**.

You can find information and contact details for Escola Básica de Almas de Freire on the Agrupamento de Escolas Coimbra Oeste website."
35043,Escola Básica de Antuzede,Coimbra,Coimbra,Jardim de Infância,not found,,,"The ""Escola Básica de Antuzede"" in Coimbra, Portugal, is part of the ""Agrupamento de Escolas Coimbra Centro"". While there isn't a direct official website for the ""Escola Básica de Antuzede"" specifically, you can find information about it through the Agrupamento's website, or through general education directories for Portugal.

Therefore, the closest to an ""official website"" would be the Agrupamento's: not found."
35044,Escola Básica de São Bartolomeu,Coimbra,Coimbra,Jardim de Infância,https://aecoimbracentro.pt,yes,domain doesn't match institution name,"The Escola Básica de São Bartolomeu in Coimbra, Portugal, is part of the ""Agrupamento de Escolas Coimbra Centro"". The official website for the ""Agrupamento de Escolas Coimbra Centro"" is not explicitly found in the search results. However, contact information including an email address (eb1saobartolomeu@aecoimbracentro.pt) is provided.

not found"
35045,Escola Básica de Vila Verde,Lamarosa,Coimbra,Jardim de Infância,not found,,,"The official website for ""Escola Básica de Vila Verde"" in Lamarosa, Portugal is not found. However, there is a WordPress blog for the ""Escola e Jardim de Infância de Vila Verde"" which might be related. Additionally, the ""Escola Básica de Vila Verde, Coimbra"" is part of the ""Agrupamento de Escolas Coimbra Centro"". There is also an Eco-Schools page for ""Escola Básica de Vila Verde"" located in Vila Verde (Braga district), which has a blog and a page specifically for its Eco-Schools activities."
35046,Escola Básica de Almedina,Coimbra,Coimbra,Jardim de Infância,http://www.aecoimbracentro.pt/,yes,domain doesn't match institution name,"""Escola Básica de Almedina"" in Coimbra, Portugal, does not appear to have a standalone official website. Instead, it is part of the ""Agrupamento de Escolas Coimbra Centro"" (School Cluster Coimbra Centre).

The official website for the ""Agrupamento de Escolas Coimbra Centro"" is http://www.aecoimbracentro.pt/. You can also find information about Escola Básica de Almedina on the Freguesia Cidade de Coimbra website and other school directories."
36963,Centro Escolar Norton de Matos,Coimbra,Coimbra,Jardim de Infância,https://www.cnm.pt,yes,domain doesn't match institution name,"The official website for ""Centro Norton de Matos"" (which appears to be the broader institution that includes childcare) in Coimbra, Portugal, is www.cnm.pt."
37102,Escola Básica de Alvares,Alvares,Góis,Jardim de Infância,not found,,,"The ""Escola Básica de Alvares"" in Alvares, Portugal, is part of the Agrupamento de Escolas de Góis. Its official website is agrg.pt."
37117,Jardim Infantil do Centro Social e Paroquial de S. Martinho do Bispo,,Coimbra,Jardim de Infância,not found,,,"The official website for ""Jardim Infantil do Centro Social e Paroquial de S. Martinho do Bispo"" in Coimbra, Portugal is not found in the search results.

While there are several mentions of the institution and contact details for the Centro Paroquial de Solidariedade Social de S. Martinho do Bispo, a dedicated official website for the ""Jardim Infantil"" (kindergarten) specifically was not identified. It appears that the kindergarten may be a part of the broader ""Centro Social e Paroquial de S. Martinho do Bispo"".

It is worth noting that the ""Creche e Pré-escola de Bencanta, gerida pelo Centro Social e Paroquial de S. Martinho"" closed in 2016 and its services were taken over by Fundação ADFP. The Fundação ADFP now operates a Creche and Pré-escola in São Martinho, with plans for a new Centro Infantil."
37119,Instituto Educativo de Lordemão,Lordemão,Coimbra,Jardim de Infância,not found,,,"https://vertexaisearch.cloud.google.com/grounding-api-redirect/AUZIYQGVYN9EfwwqPt39cRrmqMHK9ttPDQqSnPGfUUDfjzbSIra_z07Yl8S0aGevgJkusTndawRhvpOIX1taAt5rG6mDZODWGfC-825GmyV075cSTVo3bjfNyMckXtlz6UJOLwFYDxXHqlFbrPDU is the official website for ""Instituto Educativo de Lordemão""."
37317,Escola Básica de Ribeira de Frades,Ribeira de Frades,Coimbra,Jardim de Infância,https://bibliotecastaveiro.wixsite.com/bibliotecas-escolare,yes,domain doesn't match institution name,"The ""Escola Básica de Ribeira de Frades"" is part of the ""Agrupamento de Escolas Coimbra Oeste"" (Coimbra West School Group).

The official website for the ""Agrupamento de Escolas Coimbra Oeste"" is not explicitly listed as a single, primary website. However, there is a website for the school group's libraries, which includes information for ""Escola Básica de Ribeira de Frades"": https://bibliotecastaveiro.wixsite.com/bibliotecas-escolare"
37605,Escola Básica de Antanhol,Antanhol,Coimbra,Jardim de Infância,not found,,,"The official website for Escola Básica de Antanhol is not found. However, it is part of the Agrupamento de Escolas Coimbra Centro, whose website is https://sites.google.com/site/sitejaime/home."
37606,Escola Básica de Seixo,Seixo,Montemor-o-Velho,Jardim de Infância,https://aert3.pt,yes,domain doesn't match institution name,"It appears there are several ""Escola Básica de Seixo"" institutions in Portugal, located in different municipalities. To provide the correct website, it's important to specify which ""Seixo"" the user is referring to.

Based on the search results, here are some possibilities:

*   **Escola Básica de Seixo (Fânzeres, Gondomar):** This school belongs to the ""Agrupamento de Escolas de Rio Tinto Nº 3"". The official website for this group of schools is aert3.pt.
*   **Escola Básica de Seixo (Mira):** This school is part of the ""Agrupamento de Escolas de Mira"". The official website for this group is aemira.pt.
*   **Escola Básica de Seixo (Montemor-o-Velho):** This school is under the ""Agrupamento de Escolas de Montemor-o-Velho"". The provided search results do not directly give the website for this specific ""agrupamento"" but list the school's email as info@eb1-seixo.rcts.pt.
*   **Escola Básica de Seixo da Beira (Oliveira do Hospital):** This school is mentioned in the context of the ""Câmara Municipal de Oliveira do Hospital"". However, no specific website for the school itself or its agrupamento is provided.
*   **Escola Básica de Seixo Alvo (Olival, Vila Nova de Gaia):** This school is mentioned in the context of ""Câmara Municipal de Gaia"". No specific website for the school itself or its agrupamento is provided.

Since the request simply stated ""Escola Básica de Seixo"" in ""Seixo, Portugal"" without further disambiguation, and given the existence of multiple schools with ""Seixo"" in their name within different ""Agrupamentos de Escolas,"" it is not possible to definitively provide a single, official URL without more specific location information.

Therefore, the answer is ""not found"" as a single, unambiguous URL for ""Escola Básica de Seixo"" in ""Seixo, Portugal"" cannot be determined from the provided information."
37607,Escola Básica de Santana,Santana,Figueira da Foz,Jardim de Infância,https://www.ebs-santana.pt/,,,"It appears there are several ""Escola Básica de Santana"" institutions in Portugal, located in different municipalities (Figueira da Foz, Portel, and Santana, Madeira).

The user is asking for ""Escola Básica de Santana"" in ""Santana, Portugal"".

Here are the official websites for ""Escola Básica de Santana"" in Santana, Madeira:

*   **Escola Básica e Secundária com Pré-escolar e Creche Bispo D. Manuel Ferreira Cabral (which ""Escola Básica de Santana"" is now part of):** https://www.ebs-santana.pt/
*   **Escola B1/PE de Santana (listed on the Junta de Freguesia de Santana website):** On the Junta de Freguesia de Santana website, there is a ""Consultar"" link next to ""Escola B1/PE de Santana"" which would likely lead to its specific page. The direct URL is not explicitly stated but can be found by navigating to the website for the Junta de Freguesia de Santana and then to the schools section."
37748,Escola Básica de Bom Sucesso,Bom Sucesso,Figueira da Foz,Jardim de Infância,not found,,,"It appears there are multiple institutions named ""Escola Básica de Bom Sucesso"" in Portugal.

One ""Escola Básica de Bom Sucesso"" is located in Figueira da Foz, and is part of the ""Agrupamento de Escolas Figueira Norte"". Another ""Escola Básica de Bom Sucesso"" is in Alverca do Ribatejo, which is part of the ""Agrupamento de Escolas do Bom Sucesso"".

The official website for the ""Escola Básica de Bom Sucesso"" that is part of the ""Agrupamento de Escolas do Bom Sucesso"" in Alverca do Ribatejo is: https://www.aebomsucesso.com/.

For the ""Escola Básica de Bom Sucesso"" in Figueira da Foz, the provided search results do not clearly indicate a dedicated official website for this specific school, but it is associated with the ""Agrupamento de Escolas Figueira Norte""."
37787,Escola EB1/JI de Casais do Campo,Coimbra,Coimbra,Jardim de Infância,not found,,,"The ""Escola EB1/JI de Casais do Campo"" in Coimbra, Portugal, is part of the Agrupamento de Escolas Coimbra Oeste. The official website for the Agrupamento de Escolas Coimbra Oeste is where you will find information regarding the school.

agrupamento.aecoimbraoeste.pt"
1083,Equip. Soc. Santa Casa Misericórdia do Vimieiro,Vimieiro,Arraiolos,Creche e Jardim de Infância,https://www.scmvimieiro.pt,yes,combined tipo — may have split pages,https://www.scmvimieiro.pt
1110,Jardim de Infância os Amigos da Landeira,Landeira,Vendas Novas,Creche e Jardim de Infância,not found,,,"The official website for ""Jardim de Infância os Amigos da Landeira"" appears to be part of the ""Associação de Solidariedade Social os Amigos da Landeira"". The URL is https://www.osamigosdalandeira.pt/."
1112,"Creche, ATL ,Sad e Centro de Convívio da 3ª Idade Renascer de Bombel",Bombel,Vendas Novas,Creche,not found,,,not found
1121,Jardim de Infância do Centro Social Paroquial do Ciborro,Ciborro,Montemor-o-Novo,Creche e Jardim de Infância,not found,,,not found
1127,Creche e Jardim de Infância Lar dos Pequeninos,Montemor-O-Novo,Montemor-o-Novo,Creche e Jardim de Infância,not found,,,not found
1134,Centro Social Paroquial Santo António de Lavre,Lavre,Montemor-o-Novo,Creche,not found,,,not found
1135,Equip Soc da Associação de Solidariedade Social 25 de Abril de Vendas Novas,Vendas Novas,Vendas Novas,Creche e Jardim de Infância,not found,,,not found
1138,Obra Promoção Social Sagrada Família - Casa Sagrado Coração Jesus,Canaviais,Évora,Creche e Jardim de Infância,not found,,,https://casascjesus.weebly.com/
1148,Associação Centro Infantil São Manços,São Manços,Évora,Creche e Jardim de Infância,not found,,,not found
1158,Centro Infantil Nossa Senhora da Saúde,Redondo,Redondo,Creche e Jardim de Infância,https://centroinfantil2.wixsite.com/website-1,yes,combined tipo — may have split pages,https://centroinfantil2.wixsite.com/website-1
1170,Centro Comunitário-Centro Social Paroquial Santo André,Estremoz,Estremoz,Creche e Jardim de Infância,not found,,,not found
1176,Equip. Soc. Centro Paroquial Bem Estar Social São Julião Monte do Trigo,Monte do Trigo,Portel,Creche e Jardim de Infância,not found,,,"Based on the search results, there doesn't appear to be a dedicated official website for ""Equip. Soc. Centro Paroquial Bem Estar Social São Julião Monte do Trigo."" While several directories and municipal pages list its contact information and services, none of them lead to an independent, official website for the institution itself.

Therefore, the answer is: not found"
17387,Colégio Jardim dos Sentidos - Assoc. das Obras Assist. da Sociedade de S. Vicente de Paulo,Montemor-O-Novo,Montemor-o-Novo,Creche e Jardim de Infância,not found,,,"I was unable to find an independent official website specifically for ""Colégio Jardim dos Sentidos - Assoc. das Obras Assist. da Sociedade de S. Vicente de Paulo"" in Montemor-O-Novo, Portugal.

However, the institution is part of the ""Associação das Obras Assistenciais da Sociedade São Vicente de Paulo"" (AOASSVP), which has a website. The ""Colégio Jardim dos Sentidos"" has a dedicated page within the AOASSVP website, which provides information about the childcare services offered, such as creche, kindergarten, and after-school activities (CATL). It also mentions that the college can be followed on social media.

There is also an access portal for ""Colégio Jardim dos Sentidos"" and a separate login page for ""Assoc. Obras Assistenciais da Sociedade S. Vicente de Paulo"", but these appear to be internal access points rather than public-facing informational websites.

Therefore, the closest to an official website for the institution is its dedicated page on the parent organization's website."
19667,Creche Lydia Maia Cabeça,Vendas Novas,Vendas Novas,Creche,https://www.scmvn.pt/,yes,domain doesn't match institution name,"The official website for ""Creche Lydia Maia Cabeça"" is not available as a standalone website. However, it is part of the Santa Casa da Misericórdia de Vendas Novas, which has an official website.

The Santa Casa da Misericórdia de Vendas Novas website is: https://www.scmvn.pt/"
22112,Associação Solidariedade Social Ninho,Évora,Évora,Creche,not found,,,not found
25692,Creche e Aparece,Reguengos de Monsaraz,Reguengos de Monsaraz,Creche,https://fmivps.pt,yes,domain doesn't match institution name,"""Creche e Aparece"" in Reguengos de Monsaraz does not appear to have a standalone official website. However, it is listed on the website of the Municipality of Reguengos de Monsaraz. It is also mentioned on ""Mapa Social"" as ""CRECHE E APARECE"", with an email address: geral@fmivps.pt, and a Facebook contact."
28540,Creche a Casinha,Vila Viçosa,Vila Viçosa,Creche,https://www.caritasvilavicosa.com,yes,domain doesn't match institution name,"""Creche a Casinha"" in Vila Viçosa, Portugal, is part of ""Cáritas Paroquial de Nossa Senhora da Conceição de Vila Viçosa"" and its official website is www.caritasvilavicosa.com. The specific page for ""Creche - A Casinha"" can be found at https://www.caritasvilavicosa.com/creche-a-casinha."
29364,Creche São Francisco de Assis,Estremoz,Estremoz,Creche,not found,,,"I couldn't find an official website for ""Creche São Francisco de Assis"" in Estremoz, Portugal. However, I found an email address (creches.franciscoassis@hotmail.com) and a phone number (914939511) for the institution. There is also a Facebook contact listed.

It's important to note that some search results pointed to other institutions with similar names in different locations (e.g., Belo Horizonte, Brazil, and Vila Real, Portugal), but these do not appear to be the ""Creche São Francisco de Assis"" in Estremoz."
37979,Creche Bebé Creche - Associação para a Infância,Évora,Évora,Creche,https://gmail.com,yes,domain doesn't match institution name,"The official website for ""Creche Bebé Creche - Associação para a Infância"" in Évora, Portugal is not found. However, there is contact information available for the institution. The email address is crechebebecresce@gmail.com and the phone number is +351 266 703 980. The address is Rua de Timor, n.º 25, 7005-161 Évora."
37982,Consigo - Cooperativa de Ensino e Solidariedade Social - Escolinha do Parque,Vendas Novas,Vendas Novas,Creche,not found,,,"The official website for ""Consigo - Cooperativa de Ensino e Solidariedade Social - Escolinha do Parque"" in Vendas Novas, Portugal is not found. However, there is a website for ""Escolinha do Parque"" in Vendas Novas which appears to be the same institution.

Here is the URL for Escolinha do Parque: https://vertexaisearch.cloud.google.com/grounding-api-redirect/AUZIYQEbxfsgejryy1gs9XQelSYZEqiY-sneLXDwtDPw4IGz00TTi1XgI0eQDb7PsJdKpSdy2dpiCnE0C183W447u1rT9LQBriScb7BCARLuP-VzL_CrwgcxvrA="
31012,Escola Básica de Cabeção,Cabeção,Mora,Jardim de Infância,not found,,,"The ""Escola Básica de Cabeção"" is part of the ""Agrupamento de Escolas de Mora"" (School Group of Mora). Therefore, its official information is likely found on the Agrupamento's website.

https://www.agemora.pt/"
31035,Escola Básica de Canaviais,Évora,Évora,Jardim de Infância,not found,,,"The official website for ""Escola Básica de Canaviais"" in Évora, Portugal, is https://ebcanaviais.wixsite.com/ebcanaviais. The school is part of the ""Agrupamento de Escolas André de Gouveia"", whose website is https://site.ag4evora.edu.pt/."
31036,Escola Básica Galopim de Carvalho,Bacelo,Évora,Jardim de Infância,https://site.ag4evora.edu.pt/,yes,domain doesn't match institution name,"The Escola Básica Galopim de Carvalho in Bacelo, Portugal, is part of the Agrupamento de Escolas André de Gouveia. The official website for the agrupamento, which includes this school, is:

https://site.ag4evora.edu.pt/"
31222,Escola Básica de Cortiçadas do Lavre,Cortiçadas do Lavre,Montemor-o-Novo,Jardim de Infância,https://www.aemontemor.pt/,yes,domain doesn't match institution name,"The official website for Escola Básica de Cortiçadas do Lavre appears to be part of the Agrupamento de Escolas de Montemor-o-Novo. The school is also listed on the Junta de Freguesia de Cortiçadas de Lavre website as ""Escola Básica e Jardim de Infância de Cortiçadas de Lavre"".

Based on the search results, the most relevant official website for the institution itself, as part of a larger school group, is:

https://www.aemontemor.pt/"
31223,Escola Básica Nº 5 de Montemor-O-Novo,Montemor-O-Novo,Montemor-o-Novo,Jardim de Infância,not found,,,"The ""Escola Básica Nº 5 de Montemor-O-Novo"" is part of the ""Agrupamento de Escolas de Montemor-o-Novo"" (School Group of Montemor-o-Novo). The official website for the school group is https://aemn.edu.pt."
31224,Escola Básica de São Cristovão,S. Cristovão,Montemor-o-Novo,Jardim de Infância,not found,,,"The official website for ""Escola Básica de São Cristovão"" in S. Cristovão, Portugal, is not found. Multiple schools with similar names exist, but none definitively match the exact location and name as a standalone institution with its own website.

However, the ""Escola Básica de São Cristóvão"" in Montemor-o-Novo is part of the ""Agrupamento de Escolas de Montemor-o-Novo"". There is also an ""Escola Básica de São Cristóvão"" in S. Cristóvão de Nogueira that is part of the ""Agrupamento de Escolas General Serpa Pinto"". There's also information about an ""Externato São Cristóvão"" in Benfica which has its own website. Another institution, ""Colégio São Cristóvão,"" is located in Setúbal and also has a website."
31225,Jardim de Infância N.º 1 de Montemor-O-Novo,Montemor-O-Novo,Montemor-o-Novo,Jardim de Infância,not found,,,not found
31226,Escola Básica de Vale de Figueira,Vale de Figueira,Montemor-o-Novo,Jardim de Infância,not found,,,"The ""Escola Básica de Vale de Figueira"" in Vale de Figueira, Portugal, is part of the Agrupamento de Escolas Sá da Bandeira. The official website for the agrupamento, which includes information about this school, is: https://vertexaisearch.cloud.google.com/grounding-api-redirect/AUZIYQFteqo710ghTLyn9QxlvCVAuI57S_vAmCdpdL7bL9B72bPiyFOhDCvT4W95kDXHO9CVIRD7ODsjhREZbWGWNdle3q7nlH4YxyLwwN93IN0uY7wV0F0kB4g1n1n1UtDwkJT39f9v6R-BJkZawC9sLQqnUefRhbM5E3vY11oP4vtC9nIi2MbK80CKUaPViOLpvXwZD1OyhYWVDhfKyVMTqKLX9QO5H7ley23F4fVEsXi3M6UFH1cNuidlm6."
31227,Escola Básica de Lavre,Lavre,Montemor-o-Novo,Jardim de Infância,not found,,,not found
31228,Escola Básica de Santiago de Escoural,Santiago do Escoural,Montemor-o-Novo,Jardim de Infância,not found,,,not found
31244,"Escola Básica de Pias, Alandroal",Pias,Castelo de Vide,Jardim de Infância,https://www.aealandroal.edu.pt/,,,"The ""Escola Básica de Pias, Alandroal"" is part of the Agrupamento de Escolas de Alandroal. While a direct, independent website for ""Escola Básica de Pias, Alandroal"" was not found, its information and contacts are likely integrated within the Agrupamento de Escolas de Alandroal's official online presence.

The Agrupamento de Escolas de Alandroal has an institutional portal.

Therefore, the most relevant official website is for the larger school group:

https://www.aealandroal.edu.pt/"
31247,Escola Básica de Terena,Terena,Alandroal,Jardim de Infância,not found,,,"The Escola Básica de Terena is part of the Agrupamento de Escolas de Alandroal (School Group of Alandroal).

The official website for the Agrupamento de Escolas de Alandroal is aealandroal.pt."
31394,Jardim de Infância de Monte Branco,Vendas Novas,Vendas Novas,Jardim de Infância,not found,,,"The Jardim de Infância de Monte Branco in Vendas Novas, Portugal, is part of the Agrupamento de Escolas de Vendas Novas (AEVN). Therefore, its information can be found on the AEVN website.

https://www.aevendasnovas.pt/"
31395,Jardim de Infância da Afeiteira,Afeiteira,Vendas Novas,Jardim de Infância,not found,,,"The ""Jardim de Infância da Afeiteira"" is part of the Agrupamento de Escolas de Vendas Novas. The official website for the Agrupamento de Escolas de Vendas Novas, which includes the Jardim de Infância da Afeiteira, is aevn.edu.gov.pt.

aevn.edu.gov.pt"
31413,Escola Básica 2 3 Padre Bento Pereira,Borba,Borba,Jardim de Infância,not found,,,"The official website for ""Escola Básica 2 3 Padre Bento Pereira"" in Borba, Portugal, is part of the Agrupamento de Escolas de Borba (School Grouping of Borba) and can be found at http://sites.google.com/site/escolasd...."
31414,Jardim de Infância de Orada,Orada,Borba,Jardim de Infância,not found,,,"I could not find an official website specifically for ""Jardim de Infância de Orada"" in Orada, Portugal. It appears to be part of the public education system in the municipality of Borba. While several search results mention the institution and provide contact information, none point to a dedicated website for the childcare institution itself."
31415,"Escola Básica de Rio de Moinhos, Borba",,Sátão,Jardim de Infância,not found,,,"The ""Escola Básica de Rio de Moinhos, Borba"" in Sátão, Portugal, does not appear to have its own independent official website. It is part of the Agrupamento de Escolas de Borba.

The Agrupamento de Escolas de Borba website is: not found.

Please note that there is another ""Escola Básica de Rio de Moinhos"" located in Esposende, which has a presence on the Esposende Educa portal. There's also an ""Agrupamento de Escolas de Sátão"" which has a website, but the ""Escola Básica de Rio de Moinhos, Borba"" is not listed among its schools."
31536,Jardim de Infância do Bairro Garcia de Resende,Évora,Évora,Jardim de Infância,not found,,,"The ""Jardim de Infância do Bairro Garcia de Resende"" in Évora, Portugal does not appear to have a standalone official website. However, it is associated with the Agrupamento de Escolas Gabriel Pereira (School Group Gabriel Pereira) and its information can be found on their website.

Based on the search results, the most relevant URL associated with the institution is the page on the Agrupamento de Escolas Gabriel Pereira website that details the Jardim de Infância Garcia de Resende.

https://agpegp.edu.pt/pre-escolar/garcia-de-resende/"
32245,EB1/JI de Arraiolos,Arraiolos,Arraiolos,Jardim de Infância,not found,,,https://aearraiolos.net/escolas/eb1ji-de-arraiolos/
32354,Escola Básica de São Mateus,Montemor-O-Novo,Montemor-o-Novo,Jardim de Infância,not found,,,http://www.eb1-s-mateus.rcts.pt
33321,Escola Básica Nº 2 de Vendas Novas,Vendas Novas,Vendas Novas,Jardim de Infância,not found,,,"The ""Escola Básica Nº 2 de Vendas Novas"" is part of the ""Agrupamento de Escolas Vendas Novas"" (AEVN). The official website for the Agrupamento de Escolas Vendas Novas is https://www.aevendasnovas.pt."
34380,Jardim de Infância de Água de Lupe,Évora,Évora,Jardim de Infância,not found,,,"The official website for ""Jardim de Infância de Água de Lupe"" in Évora, Portugal is not found. The institution is listed on educational directories and is associated with the Agrupamento de Escolas Severim de Faria, but no dedicated website for the Jardim de Infância itself was identified."
35047,Jardim de Infância de Santa Maria,Estremoz,Estremoz,Jardim de Infância,not found,,,"The ""Jardim de Infância de Santa Maria"" in Estremoz, Portugal, does not appear to have its own independent official website. It is part of the Agrupamento de Escolas de Estremoz (School Group of Estremoz).

You can find some information about the institution through the following:

*   **DirectórioEscolas.eu:** Provides contact information like phone number (268324412) and email (ji1.estremoz@clix.pt).
*   **Eco-Escolas:** Features a page for Jardim de Infância de Santa Maria, detailing its participation in the Eco-Schools program.
*   **Mapa Social:** Lists it as an institution under the Agrupamento de Escolas de Estremoz, with contact details."
35049,Escola Básica do Caldeiro,Estremoz,Estremoz,Jardim de Infância,not found,,,"The ""Escola Básica do Caldeiro"" in Estremoz, Portugal, is part of a larger group of schools called ""Agrupamento de Escolas de Estremoz"".

Therefore, its official website is: https://www.aeestremoz.pt"
35050,Escola Básica de Arcos,Arcos Etz,Vila do Conde,Jardim de Infância,not found,,,"The Escola Básica de Arcos in Arcos Etz, Portugal is part of the Agrupamento de Escolas de Estremoz (School Grouping of Estremoz).

The official website for the Agrupamento de Escolas de Estremoz, which includes Escola Básica de Arcos, is: https://www.aeestremoz.pt"
35053,Escola Básica de Monte Trigo,Monte do Trigo,Portel,Jardim de Infância,not found,,,"The ""Escola Básica de Monte Trigo"" is part of the municipality of Portel. The Portel municipal website has a page for EB1 / JI de Monte do Trigo, which includes contact information and mentions a ""website"" link. However, the link provided there directs to the general municipal website, not a specific one for the school.

Further searches indicate that the school is also listed on the Eco-Escolas website, providing its address and phone number, but again, no distinct official website for the school itself. It is likely that it operates under a larger agrupamento de escolas (grouping of schools), or its online presence is limited to the municipal and educational program listings.

not found"
35054,Escola Básica de Santana,Santana Prl,Santana,Jardim de Infância,https://www.ebs-santana.pt/,,,"The official website for ""Escola Básica de Santana"" in Santana Prl, Portugal, is not found.

However, there are a few schools with similar names in Portugal, and it's important to differentiate them:

*   **Escola Básica de Santana in Figueira da Foz:** This school is part of the ""Agrupamento de Escolas Figueira Norte"". While the municipality of Figueira da Foz lists ""Escola Básica de Santana"" with contact information, it does not provide a direct website for this specific school.
*   **Escola Básica e Secundária Bispo D. Manuel Ferreira Cabral in Santana, Madeira:** This school appears to have merged with the ""Creche, Pré-Escolar e 1.º Ciclo de Santana"" for the 2024/2025 school year and has an official website: https://www.ebs-santana.pt/.
*   **EB1 / JI de Santana in Portel:** This school has a page on the municipal website of Portel, which includes contact details and a link to its website: https://www.cm-portel.pt/educacao/eb1-ji-de-santana/."
35055,Escola Básica de Mora,Mora,Mora,Jardim de Infância,https://www.aemora.pt/,,,"The official website for ""Escola Básica de Mora"" in Mora, Portugal is part of the Agrupamento de Escolas de Mora. The URL is: https://www.aemora.pt/."
35058,Escola Básica de São Bento do Cortiço,São Bento do Cortiço,Estremoz,Jardim de Infância,not found,,,not found
35059,Escola Básica da Mata,Estremoz,Estremoz,Jardim de Infância,not found,,,"The Escola Básica da Mata in Estremoz, Portugal, is part of the Agrupamento de Escolas de Estremoz.

You can find information related to Escola Básica da Mata on the Agrupamento de Escolas de Estremoz website: aeestremoz.edu.pt"
35061,Escola Básica de Veiros,Veiros Etz,Estremoz,Jardim de Infância,not found,,,"The ""Escola Básica de Veiros"" in Veiros Etz, Portugal, is part of the ""Agrupamento de Escolas de Estremoz"" (School Grouping of Estremoz).

The official website for the ""Agrupamento de Escolas de Estremoz"" is https://aeestremoz.pt.

Therefore, the relevant URL is: https://aeestremoz.pt"
35063,Escola Básica de Montoito,Montoito,Redondo,Jardim de Infância,not found,,,"Escola Básica de Montoito is part of the ""Agrupamento de Escolas de Redondo"" (School Group of Redondo). The official website for this school group, which includes Escola Básica de Montoito, is aerredondo.net."
35065,Escola Básica de Oriola,Oriola,Portel,Jardim de Infância,not found,,,"The official website for ""Escola Básica de Oriola"" is part of the ""Agrupamento de Escolas de Portel"" (School Group of Portel). The specific page for Escola Básica de Oriola can be found at:

https://agrupamentodeescolasdeportel.pt/eb1-ji-oriola"
35072,Escola Básica de Aldeia da Luz,Luz Mou,Santa Cruz da Graciosa,Jardim de Infância,https://aemourao.weebly.com,yes,domain doesn't match institution name,"""Escola Básica de Aldeia da Luz"" is part of the ""Agrupamento de Escolas Dr. Libânio Esquível, Mourão"" (School Grouping Dr. Libânio Esquível, Mourão).

The official website for the agrupamento (school grouping) is aemourao.weebly.com."
35075,Escola Básica de Vendinha,São Vicente do Pigeiro,Évora,Jardim de Infância,not found,,,http://www.eb1-vendinha.rcts.pt
35078,Escola Básica de Granja,Granja Mou,Trancoso,Jardim de Infância,not found,,,"The ""Escola Básica de Granja"" in Granja Mou, Portugal, is part of the Agrupamento de Escolas de Mourão. This grouping of schools does not appear to have a dedicated website for the Granja school itself, but rather a main website for the entire group. However, a specific official website for the ""Escola Básica de Granja"" in Granja Mou was not found. Instead, information about the school is available on directories and social platforms."
35080,Jardim de Infância de Bencatel,Bencatel,Vila Viçosa,Jardim de Infância,not found,,,The official website for Jardim de Infância de Bencatel is part of the Agrupamento de Escolas de Vila Viçosa website: http://www.agrup-est-educ-ens-conc-vila-vicosa.rcts.pt.
35095,Jardim de Infância de Pardais,Pardais,Vila Viçosa,Jardim de Infância,not found,,,http://agrupescolasvvicosa.no.sapo.pt/
37121,Escola Básica de Perolivas,Perolivas,Reguengos de Monsaraz,Jardim de Infância,not found,,,http://www.eb1-perovilas.rcts.pt
37123,Escola Básica N.º 2 de Reguengos de Monsaraz,Reguengos de Monsaraz,Reguengos de Monsaraz,Jardim de Infância,https://www.aermonsaraz.com,,,"The ""Escola Básica N.º 2 de Reguengos de Monsaraz"" is part of the Agrupamento de Escolas de Reguengos de Monsaraz (AERM). The official website for the agrupamento (group of schools) is www.aermonsaraz.com."
37124,"Escola Básica de São Pedro do Corval,",S. Pedro do Corval,Reguengos de Monsaraz,Jardim de Infância,not found,,,http://www.eb1-s-pedro-corval.rcts.pt
37125,Escola Básica de Campinho,Campinho,Reguengos de Monsaraz,Jardim de Infância,not found,,,"The official website for ""Escola Básica de Campinho"" in Campinho, Reguengos de Monsaraz, Portugal is part of the Reguengos de Monsaraz Municipality website.

https://www.cm-reguengos-monsaraz.pt/portal/educacao/ensino/escola-basica-de-campinho/"
1918,Centro Infantil de Santo Amaro,Lagos,Lagos,Creche e Jardim de Infância,https://sapo.pt,yes,domain doesn't match institution name; combined tipo — may have split pages,"The ""Centro Infantil de Santo Amaro"" is part of the ""Centro de Assistência Social Lucinda Anino dos Santos (CASLAS)"". The official website for CASLAS is not explicitly provided in the search results, but an email address for CASLAS is listed as caslas@sapo.pt.

not found"
1919,Centro Infantil e Juventude de São João,Lagos,Lagos,Creche e Jardim de Infância,https://caslas.pt,yes,domain doesn't match institution name; combined tipo — may have split pages,"The ""Centro Infantil e Juventude de São João"" in Lagos, Portugal, is part of the Centro de Assistência Social Lucinda Anino dos Santos (CASLAS).

The official website for CASLAS, which includes information on the Centro Infantil de São João, is: https://caslas.pt"
1921,Centro Infantil do Chinicato,Lagos,Lagos,Creche e Jardim de Infância,https://caslas.pt/equipamento/centro-infantil-do-chinicato/,yes,domain doesn't match institution name; combined tipo — may have split pages,"The ""Centro Infantil do Chinicato"" in Lagos, Portugal, is one of several childcare centers operated by CASLAS (Centro de Assistência Social Lucinda Anino dos Santos). While there isn't a dedicated website specifically for the ""Centro Infantil do Chinicato,"" you can find information about it on the CASLAS website.

Here is the URL for CASLAS, which includes information about the Chinicato center: https://caslas.pt/equipamento/centro-infantil-do-chinicato/"
1922,Centro Infantil de Bensafrim,Lagos,Lagos,Creche e Jardim de Infância,https://Skoolist.pt,yes,domain doesn't match institution name; combined tipo — may have split pages,"The ""Centro Infantil de Bensafrim"" in Lagos, Portugal, does not appear to have a dedicated official website. It is part of the ""Centro de Assistência Social Lucinda Anino dos Santos (C.A.S.L.A.S.)"".

Information regarding the institution can be found on various directories and municipal websites:
*   Mapa Social: https://vertexaisearch.cloud.google.com/grounding-api-redirect/AUZIYQEk66DGDmeX6ONX5qi-e7SUAh0gmKjO0sMsPfFD6QmCWn-hOFOdVGT_4LTIpLptRo4bnMvI1ZMWzwK2mgm9qxDSimlTOcGlGywuBy30_V591LP4S_Qb-sHahgSfdZl31Og6yrwBjxqyfZ9hIHwvifUrQXxiGRgEk0B7A==
*   Skoolist.pt: https://vertexaisearch.cloud.google.com/grounding-api-redirect/AUZIYQGhONdpfcCEQA2PIGAEik9P2RFaFiUyrUKuj_IXTGC-dNQPFYtm8WHmb2NjuRFhS6mgW-iya6T6k7TyZav-pzgofKWMrBrv8qGxtUeRgBuzWOvu1iXGp6dre9K9jomc5FGMsizdJRWc72HpCtFS1nt3v_8Re9dv-tWW5Q==
*   Câmara Municipal de Lagos: https://vertexaisearch.cloud.google.com/grounding-api-redirect/AUZIYQFhykJ61LOMWKdg7RSGqzCDXcAPZ_Hr_Joa3xHvxWN2GpM9TDcoJgDIaZ_n3VgtapTZp_4gPbOvoSCBljlQfXrZfObNX7mjozLcEFImansc75j7YWgsx1UHkj6zHUOhqd49sUjwqjKnR-tg2_Y20q4H_NhFHFptcKcIZXi34IT95lYYGa9vynYk1HDgALWJC5xa2N_-ClThOBNNY4wYaoFbFpAmEqXzdoDeDAybx8e8UO0rajad2dLmUHm_o24h7LpFMUJ3CA=="
1955,"Creche ""Sagrada Família""",Alcantarilha,Silves,Creche e Jardim de Infância,https://www.scmalcantarilha.pt,yes,domain doesn't match institution name; combined tipo — may have split pages,"The Creche ""Sagrada Família"" in Alcantarilha, Portugal, is part of the Santa Casa da Misericórdia de Alcantarilha.

Here is the URL for the Santa Casa da Misericórdia de Alcantarilha, which includes information about the Creche Sagrada Família:

https://www.scmalcantarilha.pt"
1962,Centro Infantil de Odiáxere,Lagos,Lagos,Creche e Jardim de Infância,https://www.scmlagos.com,yes,domain doesn't match institution name; combined tipo — may have split pages,"The Centro Infantil de Odiáxere is part of the Santa Casa da Misericórdia de Lagos. The official website for Santa Casa da Misericórdia de Lagos, which includes information about the Centro Infantil de Odiáxere, is https://www.scmlagos.com."
1984,Obra de Santa Zita - Faro,Faro,Faro,Creche,https://osz.pt,yes,domain doesn't match institution name,The official website for Obra de Santa Zita is osz.pt.
1987,"Centro de Educação e Desenvolvimento Infantil ""Porta Mágica""",Olhão,Olhão,Creche,https://www.acaso.pt,yes,domain doesn't match institution name,"The ""Centro de Educação e Desenvolvimento Infantil ""Porta Mágica"""" is part of the ""Associação Cultural e de Apoio Social de Olhão"" (ACASO).

The official website for ACASO, which includes information about ""Porta Mágica"", is https://www.acaso.pt."
1989,Creche a Joaninha - Delegação da Fuzeta da Cruz Vermelha Portuguesa,Fuzeta,Olhão,Creche,http://dmoncarapacho.cruzvermelha.pt,,,"The official website for ""Creche a Joaninha - Delegação da Fuzeta da Cruz Vermelha Portuguesa"" is likely a sub-page or part of the larger Cruz Vermelha Portuguesa (Portuguese Red Cross) website, specifically the Moncarapacho-Fuseta delegation.

Based on the search results, the most direct link to the Moncarapacho-Fuseta delegation, which includes information about Creche ""A Joaninha,"" is:

http://dmoncarapacho.cruzvermelha.pt"
1991,Centro de Animação Infantil do Centro Desenvolvimento Cultural e Social Martim Longo,Martim Longo,Alcoutim,Creche e Jardim de Infância,not found,,,https://cdcs-martimlongo.com/
1994,A Minha Casinha,Olhão,Olhão,Creche e Jardim de Infância,not found,,,not found
1998,Centro Infantil Maria Helena Rufino - SCM Olhão,Olhão,Olhão,Creche e Jardim de Infância,https://scmolhao.wordpress.com,yes,combined tipo — may have split pages,"The ""Centro Infantil Maria Helena Rufino"" is a facility of the Santa Casa da Misericórdia de Olhão. The official website for the Santa Casa da Misericórdia de Olhão is https://scmolhao.wordpress.com."
4034,Centro Infantil a Cegonha,Monte Gordo,Vila Real de Santo António,Creche e Jardim de Infância,https://scmvrsa.pt/centro-infantil-a-cegonha,yes,domain doesn't match institution name; combined tipo — may have split pages,"The official website for ""Centro Infantil a Cegonha"" in Monte Gordo, Portugal, is part of the Santa Casa da Misericórdia de Vila Real de Santo António website.

The direct URL for information about the center is: https://scmvrsa.pt/centro-infantil-a-cegonha"
4040,"Centro Infantil ""O Pinóquio""",Tavira,Tavira,Creche e Jardim de Infância,not found,,,"The official website for ""Centro Infantil ""O Pinóquio"""" in Tavira, Portugal is not found. However, it is associated with the Santa Casa da Misericórdia de Tavira.

Here is some additional information about the institution:
*   **Address:** Rua Poeta Isidoro Pires, nº 8, 8800-422 Tavira, Portugal.
*   **Phone:** 281 322 355.
*   **Email:** ci.opinoquio@escolas.min-edu.pt.
*   **Services:** Crèche and pre-school.
*   **Facebook Page:** https://www.facebook.com/p/Centro-Infantil-O-Pin%C3%B3quio-100063538184646."
4055,Cooperativa de Consumo Popular de Faro,Faro,Faro,Creche e Jardim de Infância,https://cooppofa.com,yes,domain doesn't match institution name; combined tipo — may have split pages,"The official website for ""Cooperativa de Consumo Popular de Faro"" is cooppofa.com."
4057,Centro de Bem Estar Infantil Nossa Senhora de Fátima-Faro,Faro,Faro,Creche e Jardim de Infância,not found,,,"While an official website for ""Centro de Bem Estar Infantil Nossa Senhora de Fátima-Faro"" dedicated solely to the institution was not found, several sources indicate that it is part of the ""Centro Acção Social, Cultura e Desporto dos Trabalhadores da Segurança Social do Distrito de Faro"" (CASCD).

The CASCD Faro has a website: https://planeta.clix.pt/cascd. This website appears to serve as a general portal for the Social, Cultural, and Sports Centre for Social Security Workers in the Faro District, which includes the childcare institution."
4067,Centro Infantil Quinta dos Pardais,Albufeira,Albufeira,Creche e Jardim de Infância,https://www.misericordiaalbufeira.com/centro-infantil-quinta-dos-pardais/,yes,domain doesn't match institution name; combined tipo — may have split pages,"The ""Centro Infantil Quinta dos Pardais"" in Albufeira, Portugal, is part of the Santa Casa da Misericórdia de Albufeira. The official website for information regarding the childcare institution is: https://www.misericordiaalbufeira.com/centro-infantil-quinta-dos-pardais/."
4068,Tempos de Infância,Guia,Albufeira,Creche,https://www.misericordiaalbufeira.com/creche-tempos-de-infancia/,yes,domain doesn't match institution name,"The childcare institution ""Tempos de Infância"" in Guia, Portugal, is part of the Santa Casa da Misericórdia de Albufeira. Their official website for the ""Creche Tempos de Infância"" is: https://www.misericordiaalbufeira.com/creche-tempos-de-infancia/."
4072,"Creche da NT (Social) - Cooperativa de Solidariedade de Loulé, C.R.L.",Loulé,Loulé,Creche,https://www.ntsocial.pt/,,,https://www.ntsocial.pt/
4083,Centro Infantil da Santa Casa da Misericórdia de Faro,Faro,Faro,Creche e Jardim de Infância,not found,,,https://www.scmf.pt/
4093,Casa de Santa Isabel,Faro,Faro,Creche e Jardim de Infância,not found,,,"Based on the search results, there appears to be a ""Casa de Santa Isabel"" in Faro that is a childcare institution. However, the search results do not provide an official website for this specific institution. There is a website for a ""Casa de Santa Isabel"" in Seia, which is a therapeutic community for teenagers and adults with special needs, but this is a different institution and location.

not found"
4102,Centro de Bem-Estar - Lar da Terceira Idade de Santa Bárbara de Nexe,Santa Bárbara Nexe,Faro,Creche e Jardim de Infância,not found,,,not found
4107,Infantário Palhacinho,Almancil,Loulé,Creche e Jardim de Infância,not found,,,not found
4191,"Creche, Jardim Infância e ATL ""Gaivota""",Armação de Pera,Silves,Creche e Jardim de Infância,not found,,,"The ""Creche, Jardim Infância e ATL 'Gaivota'"" in Armação de Pêra is part of the ""Santa Casa da Misericórdia de Armação de Pêra"".

Here is the URL for the Santa Casa da Misericórdia de Armação de Pêra, which includes information about ""Creche, Jardim Infância e ATL 'Gaivota'"": https://www.scmap.pt"
16071,Creche da Torre de Natal,Faro,Faro,Creche,not found,,,"The ""Creche da Torre de Natal"" is referred to as ""Centro Infantil da Torre de Natal"" and is part of the Santa Casa da Misericórdia de Faro.

The official website for Santa Casa da Misericórdia de Faro, which includes information about the ""Centro Infantil da Torre de Natal,"" is: https://vertexaisearch.cloud.google.com/grounding-api-redirect/AUZIYQGYMZ_KnFQWZQoneAY1ax9X5RHSmNxTNdJW6xuj3ZYp5yIUHUUSe5RhUntXtu_qdw6y8PPyVvnM56tBcmPK6Bp5NTXjzn5mcX1bUYZRTVxT56UrXH19jQ=="
18225,Creche NT Social - Vale de Rãs,Loulé,Loulé,Creche,https://www.ntsocial.pt,,,"The official website for ""Creche NT Social - Vale de Rãs"" in Loulé, Portugal, is part of the NT Social - Cooperativa de Solidariedade de Loulé, CRL website.

The URL is: https://www.ntsocial.pt"
18269,"Creche ""São José""",Ferreiras,Albufeira,Creche,not found,,,"The official website for ""Creche São José"" in Ferreiras, Portugal, is part of the Centro Paroquial de Paderne's website: https://centropoquialdepaderne.pt/creche-s-jose-de-ferreiras/."
18281,Centro Comunitário de Salir,Salir,Loulé,Creche,not found,,,not found
18292,Centro Comunitário de Santa Luzia,Tavira,Tavira,Creche e Jardim de Infância,https://associacaoancora.pt,yes,domain doesn't match institution name; combined tipo — may have split pages,"The official website for ""Centro Comunitário de Santa Luzia"" in Tavira, Portugal is associacaoancora.pt."
18420,Centro Comunitário de Benafim,Benafim,Loulé,Creche,not found,,,"The official website for ""Centro Comunitário de Benafim"" is not found. However, information about the institution and its services can be found on other platforms.

The ""Centro Comunitário de Benafim"" is owned by ""Associação Social Para O Progresso e Bem-Estar da Freguesia de Benafim"". It offers various social responses including crèche services for children aged 3 months to 3 years, a day center, home support services, and a residential structure for the elderly. The center is located at Rua da Igreja, nº 30, 8100-352 Benafim, and its phone number is 289470000."
18557,Centro Infantil da Altura,Altura,Castro Marim,Creche e Jardim de Infância,https://cegonhabranca.pt,yes,domain doesn't match institution name; combined tipo — may have split pages,"The Centro Infantil da Altura is part of the ""Associação Cegonha Branca"". Their official website is cegonhabranca.pt."
21281,O Paraíso Jardim Infantil,Loulé,Loulé,Creche e Jardim de Infância,not found,,,"The official website for ""O Paraíso Jardim Infantil"" in Loulé, Portugal, was not found in the search results. While several listings provide contact information and addresses for the institution, a dedicated official website was not identified."
21283,Estrela Mágica,Almancil,Loulé,Creche,https://Infantarios.pt,yes,domain doesn't match institution name,"A childcare institution named ""Estrela Mágica"" in Almancil, Portugal, does not appear to have an official, independent website. However, it is listed on several Portuguese business and childcare directories.

Here are some relevant links:
*   Facebook Page: https://pt-pt.facebook.com/people/Estrela-Magica-Magica/100006447518334/
*   Infantarios.pt: https://infantarios.pt/creche-estrela-magica/
*   Mapa Social: https://vertexaisearch.cloud.google.com/grounding-api-redirect/AUZIYQErTpfhFSb9YI91lf8fNfPNsK3ro3-OtZysXqOpqS_0wuL8UpJb34ogov-KURdPLlYILrASO92Nb4i0ivKZIxXcUEwqRGy23umUUdn74iubWfq3n0kpuHNTw4kgF7jGdih6-PIZpf9G81lU5mM="
22509,Grãozinho D'areia,Albufeira,Albufeira,Creche e Jardim de Infância,not found,,,not found
23366,A Casinha Brincalhona,Portimão,Portimão,Creche,not found,,,"The official website for ""A Casinha Brincalhona"" in Portimão, Portugal is https://acasinhabrincalhona.com."
23861,Creche e Jardim Infância Chebebé,Parchal,Lagoa,Creche e Jardim de Infância,not found,,,"The official website for ""Creche e Jardim Infância Chebebé"" in Parchal, Portugal is www.acd.chelagoense.pt."
24054,Centro Infantil Nossa Senhora das Dores,Santa Catarina Fonte do Bispo,Tavira,Creche e Jardim de Infância,https://www.csnsd.pt/,yes,domain doesn't match institution name; combined tipo — may have split pages,"The official website for ""Centro Infantil Nossa Senhora das Dores"" in Santa Catarina Fonte do Bispo, Portugal, is part of the broader ""Centro Social Nossa Senhora das Dores"" website.

Here's the URL: https://www.csnsd.pt/"
24922,"Creche ""A Escolinha""",Carvoeiro,Lagoa,Creche,not found,,,"The official website for ""Creche ""A Escolinha"""" in Carvoeiro, Portugal is part of the ""Centro de Apoio Social de Carvoeiro"" website: https://www.escolinhacarvoeiro.com."
24986,Planeta da Fantasia,Montenegro,Faro,Creche,not found,,,"I could not find an official website for ""Planeta da Fantasia"" in Montenegro, Portugal. While several directories list ""Planeta da Fantasia, Unipessoal Lda"" as a childcare institution in Montenegro, Faro, with contact details like phone numbers and email addresses, none of them provide an official website URL."
25185,"Creche ""Era Uma Vez ...""",Odeceixe,Aljezur,Creche,not found,,,"The Creche ""Era Uma Vez ..."" in Odeceixe is part of the ""Casa da Criança do Rogil"" institution.

The official website for Casa da Criança do Rogil, which includes information about the Creche ""Era Uma Vez..."" in Odeceixe, is not explicitly listed as a standalone URL for the Odeceixe branch. However, the contact details and information about the Odeceixe creche are available on the main Casa da Criança do Rogil website.

Therefore, there is no direct, separate official website for ""Creche ""Era Uma Vez ..."""" in Odeceixe.
not found"
25711,Creche o Relógio - Polo Gambelas,Faro,Faro,Creche,not found,,,"""Creche o Relógio - Polo Gambelas"" in Faro, Portugal, is associated with ""O Relógio,"" which has an online presence. While a direct, dedicated website specifically for ""Creche o Relógio - Polo Gambelas"" wasn't explicitly found, ""O Relógio"" operates a website that encompasses its various childcare and educational services, including the creche in Gambelas.

The website for ""O Relógio"" can be found at: https://www.orelogio.net/"
25943,A Estação dos Pequeninos,Alcantarilha,Silves,Creche e Jardim de Infância,https://DirectorioAmarelo.pt,yes,domain doesn't match institution name; combined tipo — may have split pages,"""A Estação dos Pequeninos"" in Alcantarilha, Portugal does not appear to have a standalone official website. However, it is listed as being part of the ""CASA DO POVO DE SÃO BARTOLOMEU DE MESSINES"".

You can find information about ""A Estação dos Pequeninos"" on the following pages:

*   **Mapa Social:** https://vertexaisearch.cloud.google.com/grounding-api-redirect/AUZIYQEXIH-szXlnbVM68sFdQ94Kcwb3axCDvCPEOe6nvWLBlWSPDjr_lFf01hKrd7f9rNuZ439aAzTRk8oHNuyKS4abN9WDg-4ntHFOCxVpqMZmQqA_DKV8nORjY_oejVBF5riJqhrtbukLF531te62twW2tB_WhKIQ
*   **Primeira Imagem:** https://vertexaisearch.cloud.google.com/grounding-api-redirect/AUZIYQEMDKUP8GA5YyNclRqB_GdUUH2RZpdmV1OGYDJCUvXK6OlAZy2oqO6J-VhSMg4oB_SI7VTK2ZbEMonwiGzc27bAL7TtP_lhDy2RNvv0F4nf_yQYtwKwhk0sljnhGMsrthMMqE7IKQJiy7skGyQqqV9uYFo4eg==
*   **DirectorioAmarelo.pt:** https://vertexaisearch.cloud.google.com/grounding-api-redirect/AUZIYQERcOm26MAqpFCN6TXX3Hr420yOsGPx__kP63gdmCiwbj8OKlG-CkcyJrq1hdkCEIrPJEFrWHXYIZiYXRxRNREn6nbAnXmpFs42nOymh1IXD2jPrrewnKISIc6qDPrdra0YrW1si-doiBtJGS_gsXNkrws0YzGbRABiVg==
*   **DirectorioEscolas.eu:** https://vertexaisearch.cloud.google.com/grounding-api-redirect/AUZIYQFv0r9MocYKBvZOvBA1C3nilJCrc4_SG0G0j7MOI6OLnQmKUro5LTBwMhkIsdFcNPOJUivHw4ulOW5YHgS3zd7TgbxPp_0vLwXJhrdHuNt_eq0WMv5iAPilmSUg9Z73a6gAoq0RRWyXUalXebV5vkUnuMeaT3yplsY0TZNCQLeOFQXEQ5U9P1n-_XbsvWmPay0QMaJD0-en52rVu7Lq"
26059,Colégio Origami,Quarteira,Loulé,Creche,http://www.colegio-origami-crl.webnode.pt,,,"The official website for ""Colégio Origami"" in Quarteira, Portugal is http://www.colegio-origami-crl.webnode.pt."
26558,Creche de Santo António,Vila Real de Santo António,Vila Real de Santo António,Creche,not found,,,"The ""Creche de Santo António"" in Vila Real de Santo António, Portugal, does not appear to have a standalone official website. However, it is part of the Santa Casa da Misericórdia de Vila Real de Santo António.

You can find information about the Creche de Santo António on the Santa Casa da Misericórdia de Vila Real de Santo António's webpage that specifically details the creche. This page provides details about the creche, its objectives, capacity, and enrollment requirements, as well as contact information including an email address: santoantonio.scmvrsa@gmail.com.

The Santa Casa da Misericórdia de Vila Real de Santo António is also mentioned as the owning entity on other platforms."
26602,Creche Jardim do Sol,Portimão,Portimão,Creche,https://grato.pt,yes,domain doesn't match institution name,"Creche Jardim do Sol in Portimão, Portugal, does not appear to have a dedicated official website. However, it is associated with GRATO - Grupo de Apoio aos Toxicodependentes, and information about the creche can be found through GRATO's resources.

It has a listing on Mapa Social, which provides contact details including an email address: administracao@grato.pt. It also has listings on other directories like Europe-Places.com and Skoolist.pt, which provide its address and phone number (282 475 660)."
26959,"A Colmeia das Abelhinhas, Unipessoal, Lda",Portimão,Portimão,Creche e Jardim de Infância,not found,,,not found
27240,Creche Três Pastorinhos,Quarteira,Loulé,Creche,https://www.centroparoquialquarteira.pt/,yes,domain doesn't match institution name,https://www.centroparoquialquarteira.pt/
27427,Centro Intergeracional da Pegada,Tavira,Tavira,Creche,not found,,,"The ""Centro Intergeracional da Pegada"" in Tavira, Portugal, is part of the ""Centro Social e Paroquial de Santa Maria"". The official website for this overarching institution is https://centrosocialparoquialsantamaria.pt/."
27513,"Creche ""Jardim dos Pequeninos""",Olhão,Olhão,Creche,https://www.jardimdospequeninos.com/,,,"The official website for ""Creche ""Jardim dos Pequeninos"""" in Olhão, Portugal is https://www.jardimdospequeninos.com/."
27762,Colégio João Paulo II,Portimão,Portimão,Creche e Jardim de Infância,not found,,,https://www.joaopaulo2.pt
29808,"Jardim Infantil ""A Borboleta"" - Santa Casa da Misericórdia de Vila Real de Santo António",Vila Real Santo António,Vila Real de Santo António,Creche e Jardim de Infância,https://www.scmvrsa.pt/centro-infantil-a-borboleta,yes,domain doesn't match institution name; combined tipo — may have split pages,"The official website for ""Jardim Infantil ""A Borboleta"" - Santa Casa da Misericórdia de Vila Real de Santo António"" is part of the Santa Casa da Misericórdia de Vila Real de Santo António's website.

The direct URL for the institution is: https://www.scmvrsa.pt/centro-infantil-a-borboleta"
32798,Creche e Lar Idosos Budens,Budens,Vila do Bispo,Creche,not found,,,"The official website for Creche e Lar Idosos Budens is part of the Santa Casa da Misericórdia da Vila do Bispo website.

https://www.scmvb.pt/respostas-sociais/erpi-budens/
https://www.scmvb.pt/respostas-sociais/creche-de-budens/"
34560,Centro Infantil da Santa Casa da Misericórdia de Castro Marim,Castro Marim,Castro Marim,Creche,not found,,,"The official website for ""Centro Infantil da Santa Casa da Misericórdia de Castro Marim"" is part of the Santa Casa da Misericórdia de Castro Marim website.

Here is the URL: https://www.scmcmi.pt"
35724,Papagaio de Papel,Armação de Pêra,Silves,Creche,https://gmail.com,yes,domain doesn't match institution name,"The official website for the Portuguese childcare institution ""Papagaio de Papel"" in Armação de Pêra, Portugal, could not be found. Information available indicates it is a private for-profit entity (PAPAGAIO DE PAPEL, UNIPESSOAL LDA) and a creche (daycare) located at Rua Álvaro Gomes, Edifício Altas R/C, 8635-100 Armação de Pêra. Their email address is crechepapagaiodepapel@gmail.com."
36678,Infantário Lugar Encantado,Faro,Faro,Creche,not found,,,"I was unable to find an official website for ""Infantário Lugar Encantado"" in Faro, Portugal. The search results provide contact information such as phone numbers and email, and list its address, but no official website is apparent."
36679,Cpa- Quadradinhos,Almancil,Loulé,Creche e Jardim de Infância,https://www.centroparoquial-almancil.com,yes,domain doesn't match institution name; combined tipo — may have split pages,"""Cpa- Quadradinhos"" in Almancil, Portugal is a childcare institution that is part of the ""Centro Paroquial de Almancil"" (Parish Center of Almancil). The official website for the ""Centro Paroquial de Almancil"" is www.centroparoquial-almancil.com."
39051,Creche os Piratinhas - Delegação CVP Vila Real de Santo António,Vila Real de Santo António,Vila Real de Santo António,Creche,not found,,,"The official website for ""Creche os Piratinhas - Delegação CVP Vila Real de Santo António"" is part of the Cruz Vermelha Portuguesa (Portuguese Red Cross) and can be found at: https://www.cruzvermelha.pt/onde-estamos/vila-real-de-sto-antonio.html. While ""Creche os Piratinhas"" is a specific childcare response managed by the Vila Real de Santo António delegation of the Portuguese Red Cross, it does not appear to have a separate, independent website. Information about the creche is integrated into the delegation's page."
1990,Parque Infantil da Cavalinha,Olhão,Olhão,Jardim de Infância,http://olhao.cruzvermelha.pt,yes,domain doesn't match institution name,"The official website for ""Parque Infantil da Cavalinha"" in Olhão, Portugal is part of the Cruz Vermelha Portuguesa (Portuguese Red Cross) website for its Olhão delegation.

http://olhao.cruzvermelha.pt"
4063,Centro de Apoio à Criança de Quarteira,Quarteira,Loulé,Jardim de Infância,https://cacq.pt/,yes,domain doesn't match institution name,https://cacq.pt/
6260,Parque Infantil de Pechão,Olhão,Olhão,Jardim de Infância,not found,,,"The official website for ""Parque Infantil de Pechão"" is not directly available as a standalone website. However, it is part of the Portuguese Red Cross (Cruz Vermelha Portuguesa) and its delegation in Olhão. You can find information about it on the following pages:

*   Cruz Vermelha Portuguesa - Delegação de Olhão: https://www.cruzvermelha.pt/onde-estamos/delegacao-de-olhao.html
*   Mapa Social (which lists institutions): https://www.mapasocial.pt/instituicoes/parque-infantil-de-pechao"
29408,Centro Social de Nossa Senhora do Carmo de Faro,Faro,Faro,Jardim de Infância,error:The read operation timed out,,,The read operation timed out
29512,Jardim Infantil Nova Terra,Loulé,Loulé,Jardim de Infância,not found,,,"The official website for ""Jardim Infantil Nova Terra"" in Loulé, Portugal, is not found. However, there is a website for NT Social - Cooperativa de Solidariedade de Loulé, Crl, which seems to be the owning entity and includes information about the ""Jardim de Infância"" (kindergarten) valency."
29626,Jardim Infantil da Coop.trabalhadores da Câmara Municipal de Albufeira,Albufeira,Albufeira,Jardim de Infância,not found,,,"""Jardim Infantil da Coop.trabalhadores da Câmara Municipal de Albufeira"" does not appear to have an independent official website. However, some information about it can be found on other platforms.

It is listed on Mapa Social, a platform that aggregates institutions and social responses in Portugal, providing contact details like an email address (infantariopiratas@gmail.com) and phone numbers. The institution is also referred to as ""Infantário dos Piratas - Cooperativa dos Trabalhadores da Câmara Municipal de Albufeira"" on escoladevidro.pt and Primeira Imagem, which provide its address and phone number."
29653,Externato Jardim Infantil da Torraltinha,Lagos,Lagos,Jardim de Infância,not found,,,"A search for ""Externato Jardim Infantil da Torraltinha"" in Lagos, Portugal, does not directly yield an official website. However, several directories and institutional listings provide contact information, including an email address and phone number for the institution.

Some sources, like Mais Sindicato, show a ""Website"" field next to the institution's name, but the link leads back to the Mais Sindicato page itself, not to an external official website for Externato Jardim Infantil da Torraltinha. Another listing on the Lagos Municipal Council website also lists the Externato Jardim Infantil da Torraltinha but does not provide a website URL.

Therefore, an official, independent website for Externato Jardim Infantil da Torraltinha was not found."
29807,"Jardim Infantil ""O Girassol"" Stª Casa da Misericórdia de Tavira",Tavira,Tavira,Jardim de Infância,not found,,,"The official website for ""Jardim Infantil ""O Girassol"" Stª Casa da Misericórdia de Tavira"" is not found as a standalone website.

The childcare institution is part of the Santa Casa da Misericórdia de Tavira. The Santa Casa da Misericórdia de Tavira has a website: https://misericordiastavira.pt/"
29847,"Jardim de Infância de Guia, Albufeira",Guia-Albufeira,Albufeira,Jardim de Infância,https://www.alpoente.gov.pt/agrupamento/escolas/ji-guia,yes,domain doesn't match institution name,"The official website for ""Jardim de Infância de Guia, Albufeira"" is part of the Agrupamento de Escolas de Albufeira Poente: https://www.alpoente.gov.pt/agrupamento/escolas/ji-guia."
29972,Jardim de Infância de Vale Carro,Albufeira,Albufeira,Jardim de Infância,https://www.albufeiraced2026.pt/,yes,domain doesn't match institution name,"The ""Jardim de Infância de Vale Carro"" in Albufeira, Portugal, does not appear to have a standalone official website. However, it is listed on the Albufeira Municipal Council website and the Mapa Social platform.

The relevant URL on the Albufeira Municipal Council website is:
https://www.albufeiraced2026.pt/"
29973,Jardim de Infância de Ferreiras,Ferreiras,Albufeira,Jardim de Infância,https://www.albufeiraoriental.pt,yes,domain doesn't match institution name,"The ""Jardim de Infância de Ferreiras"" is part of the Agrupamento de Escolas de Ferreiras (Schools Group of Ferreiras). The official website for the agrupamento, which includes information for the Jardim de Infância de Ferreiras, is www.albufeiraoriental.pt."
31019,Escola Básica Horta do Carmo,Tavira,Tavira,Jardim de Infância,https://www.aejactavira.pt,yes,domain doesn't match institution name,"The official website for ""Escola Básica Horta do Carmo"" in Tavira, Portugal is not found. However, it is part of the ""Agrupamento de Escolas Dr. Jorge Augusto Correia"" whose website is www.aejactavira.pt."
31284,Jardim de Infância de Sagres,Sagres,Vila do Bispo,Jardim de Infância,https://www.associacaoinfantedesagres.pt,,,"The ""Jardim de Infância de Sagres"" in Sagres, Portugal, does not appear to have an independent official website. It is listed as an institution owned by the ""Agrupamento de Escolas de Vila do Bispo"".

While there is an ""Associação Infante de Sagres"" with a website (www.associacaoinfantedesagres.pt), this institution is located in Lisbon and offers nursery, pre-school, and first-cycle education, including a kindergarten. However, it is a different entity from the ""Jardim de Infância de Sagres"" located in Sagres.

Therefore, the official website for ""Jardim de Infância de Sagres"" is not found."
31286,Jardim de Infância de Vila do Bispo,Vila do Bispo,Vila do Bispo,Jardim de Infância,https://be.aevb.pt,yes,domain doesn't match institution name,"The ""Jardim de Infância de Vila do Bispo"" is part of the Agrupamento de Escolas de Vila do Bispo (Vila do Bispo School Group). The official website for the school group, which would include information about the kindergarten, is https://be.aevb.pt."
31301,Escola Básica Cónego Dr. Clementino de Brito Pinto,Almancil,Loulé,Jardim de Infância,error:The read operation timed out,,,The read operation timed out
31302,Escola Básica de São João da Venda,S. João da Venda,Loulé,Jardim de Infância,not found,,,not found
31304,Jardim de Infância de Almancil,,Loulé,Jardim de Infância,not found,,,"The official website for Jardim de Infância de Almancil is not found through direct search. However, it is part of the Agrupamento de Escolas de Almancil, and its email address is ji.almansil@escolas.min-edu.pt. The Agrupamento de Escolas de Almancil has an email address of gestao@avalmancil.pt."
31320,Escola Básica Santo Estêvão,Santo Estevão,Tavira,Jardim de Infância,not found,,,"The official website for ""Escola Básica Santo Estêvão"" depends on its specific location, as there are multiple schools with similar names in Portugal.

Based on the search results, here are some possibilities:

*   If the school is in Santo Estêvão, Tavira, it is part of the ""Agrupamento de Escolas D. Manuel I, Tavira"". Its page within that grouping is: https://aescola.dmtavira.pt/eb-ji-de-santo-estevao/
*   If the school is in Santo Estêvão das Galés, Mafra, you can find information about it on the Eco-Escolas website: https://ecoescolas.abaae.pt/escola/escola-basica-santo-estevao-das-gales/ or the Mafra Municipal Council website: https://www.cm-mafra.pt/pages/8163
*   If the school is in Santo Estêvão, Chaves, it is part of the ""Agrupamento de Escolas Nadir Afonso"". Its information can be found within the agrupamento's website: https://aenadirafonso.pt/eb1-de-santo-estevao/

If none of these are the correct location, please provide more specific details about the ""Escola Básica Santo Estêvão"" you are looking for."
31321,Jardim de Infância de Luz de Tavira,Luz de Tavira,Tavira,Jardim de Infância,https://www.dmtavira.pt,,,"The ""Jardim de Infância de Luz de Tavira"" is part of the Agrupamento de Escolas D. Manuel I in Tavira. Therefore, its official information can be found on the agrupamento's website.

https://www.dmtavira.pt"
31322,Jardim de Infância de Tavira,Tavira,Tavira,Jardim de Infância,https://www.dmtavira.pt,,,"The ""Jardim de Infância de Tavira"" appears to be part of the Agrupamento de Escolas D. Manuel I in Tavira. The official website for the Agrupamento de Escolas D. Manuel I, which includes the ""JI Eco"" (Jardim de Infância de Tavira ""O Eco""), is www.dmtavira.pt."
31349,Escola Básica de Benfarras,Boliqueime,Loulé,Jardim de Infância,https://www.aedpacheco.edu.pt,yes,domain doesn't match institution name,"""Escola Básica de Benfarras"" is part of the ""Agrupamento de Escolas Eng.º Duarte Pacheco"" in Loulé, Portugal. The official website for the agrupamento (group of schools) is https://www.aedpacheco.edu.pt."
31350,Escola Básica de Vale Judeu,Loulé,Loulé,Jardim de Infância,https://aedpacheco.pt,yes,domain doesn't match institution name,"Escola Básica de Vale Judeu in Loulé, Portugal, is part of the Agrupamento de Escolas Eng.º Duarte Pacheco.

The official website for the Agrupamento de Escolas Eng.º Duarte Pacheco, which includes Escola Básica de Vale Judeu, is: https://aedpacheco.pt"
31351,Jardim de Infância de Patã,Patã de Cima,Loulé,Jardim de Infância,http://aedpacheco.pt,yes,domain doesn't match institution name,"The ""Jardim de Infância de Patã"" in Patã de Cima, Portugal, is part of the Agrupamento de Escolas Engenheiro Duarte Pacheco in Loulé.

The official website for the Agrupamento de Escolas Engenheiro Duarte Pacheco is http://aedpacheco.pt. This website serves as the official online presence for the group of schools, which includes Jardim de Infância de Patã."
31352,Escola Básica de Hortas de Santo António,Loulé,Loulé,Jardim de Infância,http://aedpacheco.edu.pt,yes,domain doesn't match institution name,"""Escola Básica de Hortas de Santo António"" in Loulé, Portugal, is part of the ""Agrupamento de Escolas Eng.º Duarte Pacheco"". The official website for this cluster of schools is http://aedpacheco.edu.pt."
31353,Escola Básica de Gilvrasino,Parragil,Loulé,Jardim de Infância,https://aedpacheco.edu.pt,yes,domain doesn't match institution name,"The ""Escola Básica de Gilvrasino"" in Parragil, Portugal, is part of the Agrupamento de Escolas Eng.º Duarte Pacheco in Loulé.

The official website for the Agrupamento de Escolas Eng.º Duarte Pacheco is aedpacheco.edu.pt.

Therefore, the official website for Escola Básica de Gilvrasino is likely housed under this agrupamento's website.

aedpacheco.edu.pt"
31376,Escola Básica Nº 6 de Olhão,Olhão,Olhão,Jardim de Infância,not found,,,not found
31402,Escola Básica de Pêra,Pera,Silves,Jardim de Infância,not found,,,"The ""Escola Básica de Pêra"" is part of the ""Agrupamento de Escolas Silves Sul"". The official website for the ""Agrupamento de Escolas Silves Sul"" is https://www.silvessul.com/. While there isn't a direct website solely for ""Escola Básica de Pêra,"" information about it can be found through the agrupamento's website."
31404,Escola Básica de Alcantarilha,Alcantarilha,Silves,Jardim de Infância,not found,,,"The Escola Básica de Alcantarilha is part of the Agrupamento de Escolas Silves Sul. You can find information about the school on the agrupamento's website.

https://www.silvessul.com/"
31405,Jardim de Infância de Armação de Pêra,Armação de Pera,Silves,Jardim de Infância,not found,,,"The ""Jardim de Infância de Armação de Pêra"" is part of the Agrupamento de Escolas Silves Sul.

Therefore, its official information can be found on the Agrupamento de Escolas Silves Sul website: https://aes-website.web.app/"
31406,Escola Básica de Tunes,Tunes,Silves,Jardim de Infância,not found,,,Escola Básica de Tunes is part of the Agrupamento de Escolas Silves Sul (Silves South School Group). The official website for this school group is https://www.silvessul.com/.
31546,Escola Básica de Mexilhoeira da Carregação,Mexilhoeira da Carregação,Lagoa,Jardim de Infância,https://www.aera.pt/,yes,domain doesn't match institution name,"The Escola Básica de Mexilhoeira da Carregação is part of the Agrupamento de Escolas Rio Arade.

The official website for the Agrupamento de Escolas Rio Arade is https://www.aera.pt/. The Escola Básica de Mexilhoeira da Carregação has a page on this website: https://www.aera.pt/escola-basica-de-mexilhoeira-da-carregacao/.

Therefore, the most relevant URL for the ""Escola Básica de Mexilhoeira da Carregação"" is https://www.aera.pt/escola-basica-de-mexilhoeira-da-carregacao/."
31550,Jardim de Infância de Pechão,Pechão,Olhão,Jardim de Infância,https://aeppn.pt/,yes,domain doesn't match institution name,"The ""Jardim de Infância de Pechão"" is part of the Agrupamento de Escolas Professor Paula Nogueira (AEPPN) in Olhão, Portugal. While there isn't a dedicated website solely for Jardim de Infância de Pechão, information about it can be found on the AEPPN website.

Here is the URL for the Agrupamento de Escolas Professor Paula Nogueira: https://aeppn.pt/"
31570,Escola Básica Professor Manuel Martins Alves,Loulé,Loulé,Jardim de Infância,https://agrupamentocabanita.edu.pt,yes,domain doesn't match institution name,"The ""Escola Básica Professor Manuel Martins Alves"" in Loulé, Portugal, is part of the ""Agrupamento de Escolas Padre João Coelho Cabanita"". The official website for this agrupamento (group of schools) is https://agrupamentocabanita.edu.pt."
31597,EB1/JI de Vendas,Portimão,Portimão,Jardim de Infância,not found,,,"The ""EB1/JI de Vendas"" in Portimão, Portugal is part of the Agrupamento de Escolas Eng. Nuno Mergulhão.

Here's the official website for the Agrupamento de Escolas Eng. Nuno Mergulhão: https://aveenm.wixsite.com/aveenm"
31598,Jardim de Infância de Fojo,Portimão,Portimão,Jardim de Infância,not found,,,"Jardim de Infância do Fojo in Portimão, Portugal, is part of the Agrupamento de Escolas Manuel Teixeira Gomes (AEMTG). The official website for the Agrupamento de Escolas Manuel Teixeira Gomes, which includes Jardim de Infância do Fojo, is not explicitly provided as a direct URL for the specific childcare institution. However, the contact information and details about the Jardim de Infância do Fojo are available through the AEMTG.

Therefore, a direct, standalone official website for ""Jardim de Infância de Fojo"" is not found."
31600,Escola Básica de Pedra Mourinha,Pedra Mourinha,Portimão,Jardim de Infância,not found,,,"The ""Escola Básica de Pedra Mourinha"" is part of the ""Agrupamento de Escolas Júdice Fialho"" (Júdice Fialho School Grouping). Therefore, its official information can be found on the agrupamento's website.

Here is the URL: https://www.aejudicefialho.pt/"
31601,Jardim de Infância de Pedra Mourinha,Portimão,Portimão,Jardim de Infância,https://www.judicefialho.pt,yes,domain doesn't match institution name,"The ""Jardim de Infância de Pedra Mourinha"" in Portimão, Portugal, is part of the Agrupamento de Escolas Júdice Fialho. The official website for this agrupamento (group of schools) is https://www.judicefialho.pt."
31662,Escola Básica de Porches,Porches,Lagoa,Jardim de Infância,not found,,,"The Escola Básica de Porches is part of the Agrupamento de Escolas Padre António Martins de Oliveira (ESPAMOL) in Lagoa, Portugal. While direct official websites for individual basic schools in Portugal can be scarce, the grouping of schools often share a common online presence.

However, I could not find a specific official website directly for ""Escola Básica de Porches"". Therefore, the answer is not found."
31671,Jardim de Infância Quatro Estradas,,Portimão,Jardim de Infância,not found,,,"The official website for ""Jardim de Infância Quatro Estradas"" in Portimão, Portugal is part of the Agrupamento de Escolas da Bemposta.

The URL is: https://www.aebemposta.pt/ji-das-quatro-estradas/"
31672,Jardim de Infância de Montes de Alvor,Montes de Alvor,Portimão,Jardim de Infância,https://www.aebemposta.com/,yes,domain doesn't match institution name,"The ""Jardim de Infância de Montes de Alvor"" is part of the Agrupamento de Escolas da Bemposta (Bemposta Schools Group). While there isn't a dedicated website solely for the ""Jardim de Infância de Montes de Alvor,"" information about it can be found on the Agrupamento de Escolas da Bemposta's website.

Therefore, the closest to an ""official website"" for ""Jardim de Infância de Montes de Alvor"" would be the website of the Agrupamento de Escolas da Bemposta:

https://www.aebemposta.com/"
31674,Jardim de Infância de Figueira,Figueira,Portimão,Jardim de Infância,https://agpsousa.pt,yes,domain doesn't match institution name,"Several institutions are named ""Jardim de Infância de Figueira"" or similar. To identify the correct one, it's helpful to know the specific town or parish within Figueira.

Based on the search results, here are potential official websites:

*   **Jardim de Infância de Figueira (Lagares e Figueira):** This one is associated with the ""Junta de Freguesia de Lagares e Figueira"". The contact information provided includes an email address for ""jidefigueira@agpsousa.pt"". The Junta de Freguesia website is https://lagaresefigueira.pt/.
*   **Jardim de Infância da Figueira (Portimão):** This institution is listed on the Câmara Municipal de Portimão website. The Câmara Municipal de Portimão website is https://www.cm-portimao.pt/. This website has a page specifically for the ""Jardim de Infância da Figueira"" under their ""Ensino/Escolas"" section.
*   **Creche / Jardim de Infância - Misericórdia Obra da Figueira:** This is part of the ""Misericórdia Obra da Figueira."" Their website is https://www.mof.pt/. This institution has a dedicated section for ""Creche / Jardim de Infância"".
*   **Jardins de infância - Agrupamento de Escolas Figueira Norte:** This agglomeration of schools lists several kindergartens in the Figueira da Foz area. Their website is https://www.aefn.pt/.

Please provide more specific location details for ""Figueira"" to determine the exact institution."
31675,Escola Básica de Alvor,Alvor,Portimão,Jardim de Infância,https://www.aebemposta.com/,yes,domain doesn't match institution name,"The ""Escola Básica de Alvor"" is part of the ""Agrupamento de Escolas da Bemposta"" (Bemposta School Group) in Portimão, Portugal.

The official website for the Agrupamento de Escolas da Bemposta, which includes Escola Básica de Alvor, is: https://www.aebemposta.com/"
31681,Jardim de Infância de Corotelo,Corotelo,São Brás de Alportel,Jardim de Infância,https://www.aejbv.pt,yes,domain doesn't match institution name,"The ""Jardim de Infância de Corotelo"" is part of the Agrupamento de Escolas José Belchior Viegas in São Brás de Alportel. While there isn't a dedicated website solely for the Jardim de Infância de Corotelo, you can find information related to it on the agrupamento's website.

The official website for the Agrupamento de Escolas José Belchior Viegas is: https://www.aejbv.pt"
31727,Escola Básica de Abelheira,Quarteira,Loulé,Jardim de Infância,https://www.esla.edu.pt,yes,domain doesn't match institution name,"The official website for Escola Básica de Abelheira in Quarteira, Portugal is not found as a standalone website.

However, Escola Básica de Abelheira in Quarteira is part of the ""Agrupamento de Escolas Dr.ª Laura Ayres"" (School Group Dr.ª Laura Ayres). You can find information and contact details for Escola Básica de Abelheira through the Agrupamento's website.

The website for the Agrupamento de Escolas Dr.ª Laura Ayres is: https://www.esla.edu.pt"
31750,Escola Básica/Jardim de Infância N.º 2 de Silves,Silves,Silves,Jardim de Infância,https://www.aesilves.pt,,,"The ""Escola Básica/Jardim de Infância N.º 2 de Silves"" is part of the Agrupamento de Escolas de Silves. The official website for the Agrupamento de Escolas de Silves is https://www.aesilves.pt. However, there is no direct, independent website specifically for ""Escola Básica/Jardim de Infância N.º 2 de Silves""."
31751,Jardim de Infância N.º 1 de Silves,Silves,Silves,Jardim de Infância,https://www.aesilves.pt/,,,"The official website for ""Jardim de Infância N.º 1 de Silves"" is part of the Agrupamento de Escolas de Silves website.

Here is the URL: https://www.aesilves.pt/"
32112,Escola EB1/JI Bordeira,Stª Barbara de Nexe,Faro,Jardim de Infância,not found,,,"The ""Escola EB1/JI Bordeira"" in Stª Barbara de Nexe, Portugal, appears to be part of a larger school group. While a direct, independent website for ""Escola EB1/JI Bordeira"" was not found, it is associated with the ""Agrupamento de Escolas Pinheiro e Rosa - Faro"".

The relevant URL for information about Escola Básica de Bordeira (which includes the EB1/JI Bordeira) is: https://aepinheiroerosa.pt/escola-basica-de-bordeira/"
32113,Escola EB1/JI Santa Bárbara de Nexe,Faro,Faro,Jardim de Infância,not found,,,"The Escola EB1/JI Santa Bárbara de Nexe in Faro, Portugal, is part of the Agrupamento de Escolas Pinheiro e Rosa - Faro.

The official website for the Agrupamento de Escolas Pinheiro e Rosa is the closest to an ""official website"" for this specific school. Since the user requested only the URL, I am unable to provide further details."
32295,EB1/JI da Coca Maravilhas,Portimão,Portimão,Jardim de Infância,not found,,,"The official website for ""EB1/JI da Coca Maravilhas"" is https://aveenm.pt/. This school is part of the ""Agrupamento de Escolas Eng.º Nuno Mergulhão"" in Portimão."
32413,Escola Básica Integrada Prof. Sebastião Pires Teixeira,Salir,Loulé,Jardim de Infância,https://www.agrupamentocabanita.edu.pt,yes,domain doesn't match institution name,"The Escola Básica Integrada Prof. Sebastião Pires Teixeira in Salir, Portugal, is part of the Agrupamento de Escolas Padre João Coelho Cabanita. The official website for the agrupamento, which includes this school, is www.agrupamentocabanita.edu.pt."
32414,J.i. de Clareanes,,Loulé,Jardim de Infância,http://www.agrupamentocabanita.edu.pt,yes,domain doesn't match institution name,"The official website for ""J.i. de Clareanes"" (Jardim de Infância de Clareanes) in Loulé, Portugal, is part of the Agrupamento de Escolas Padre João Coelho Cabanita.

http://www.agrupamentocabanita.edu.pt"
32415,E.b.1/J.i. de Querença,Querença,Loulé,Jardim de Infância,https://agrupamentocabanita.edu.pt,yes,domain doesn't match institution name,"The E.B.1/J.I. de Querença is part of the ""Agrupamento de Escolas Padre João Coelho Cabanita"". This agrupamento (group of schools) appears to be the overarching educational body responsible for several schools, including the one in Querença.

While a direct, independent website for ""E.b.1/J.i. de Querença"" was not found, the Agrupamento de Escolas Padre João Coelho Cabanita has a page for ""EB de Querença"" which is likely the institution in question. However, this page on the agrupamento's site does not provide a separate URL for the specific school. The Mapa Social platform also lists contact information for E.B.1/J.I. de Querença, including an email address associated with ""agrupamentocabanita.edu.pt"".

Therefore, a dedicated website for ""E.b.1/J.i. de Querença"" was not found."
32416,E.b.1/J.i. de Benafim,Benafim,Loulé,Jardim de Infância,not found,,,The official website for E.b.1/J.i. de Benafim is part of the Agrupamento de Escolas Padre João Coelho Cabanita: https://agrupamentocabanita.edu.pt/escolas/eb-de-benafim.
32426,E.b.1/J.i. da Tôr,Tôr,Loulé,Jardim de Infância,not found,,,"The official website for E.B.1/J.I. da Tôr is http://www.eb1-tor.rcts.pt. It is also associated with the Agrupamento de Escolas Padre João Coelho Cabanita, which has a website at www.agrupamentocabanita.edu.pt."
32427,E.b.1/J.i. N.º 3,Loulé,Loulé,Jardim de Infância,not found,,,https://agrupamentocabanita.edu.pt/escolas/eb-n%C2%BA3-de-loul%C3%A9
32428,E.b.1/J.i. N.º 4 (Integra Loulé N.º 2),Loulé,Loulé,Jardim de Infância,not found,,,not found
32430,E.b.1/J.i. do Ameixial,Ameixial,Loulé,Jardim de Infância,not found,,,The official website for E.B.1/J.I. do Ameixial is http://www.eb1-ameixial.rcts.pt.
32439,Jardim de Infância de São Marcos da Serra,São Marcos da Serra,Silves,Jardim de Infância,http://www.aesilves.pt/,yes,domain doesn't match institution name,"The official website for ""Jardim de Infância de São Marcos da Serra"" is part of the Agrupamento de Escolas de Silves. The specific page for the Jardim de Infância de São Marcos da Serra within that agrupamento is not provided as a direct link, but the main website for the Agrupamento de Escolas de Silves is accessible.

http://www.aesilves.pt/"
32442,Jardim de Infância de Mira Serra,Loulé,Loulé,Jardim de Infância,https://www.aedpacheco.edu.pt,yes,domain doesn't match institution name,"The ""Jardim de Infância de Mira Serra"" in Loulé, Portugal, is part of the Agrupamento de Escolas Eng.º Duarte Pacheco. The official website for this schooling group is https://www.aedpacheco.edu.pt."
32463,E.b.1/JI de Vale Silves,Loulé,Loulé,Jardim de Infância,http://www.agrupamentocabanita.edu.pt/,yes,domain doesn't match institution name,"The childcare institution ""E.b.1/JI de Vale Silves"" in Loulé, Portugal does not appear to have its own independent official website. It is likely part of a larger school group (Agrupamento de Escolas).

Information suggests it is associated with:
*   **Agrupamento de Escolas Padre João Coelho Cabanita** in Loulé. The website for this agrupamento is http://www.agrupamentocabanita.edu.pt/.
*   It is also listed under the **Agrupamento de Escolas Eng. Duarte Pacheco** in Loulé, which has the URL http://aedpacheco.pt.

Given the search results, the institution ""E.b.1/JI de Vale Silves"" is a primary school and kindergarten."
33233,Jardim de Infância de Vale Serves,Ferreiras,Albufeira,Jardim de Infância,not found,,,The official website for Jardim de Infância de Vale Serves is part of the Municipality of Albufeira's website: https://www.cm-albufeira.pt/estrutura-educativa/jardim-de-infancia-de-vale-serves.
33234,Escola Básica de Olhos de Água,Albufeira,Albufeira,Jardim de Infância,not found,,,"It appears that ""Escola Básica de Olhos de Água"" in Albufeira is part of a larger school group, and doesn't have its own independent website.

The most relevant website for this institution is likely part of the Albufeira municipality or the agrupamento de escolas (school grouping) it belongs to.

Based on the search results, the ""Escola Básica de Olhos de Água"" in Albufeira is associated with the ""Agrupamento de Escolas de Ferreiras, Albufeira"". The Municipality of Albufeira also lists ""EB1 de Olhos de Água"" on its website.

However, there is no direct, independent official website for ""Escola Básica de Olhos de Água"" in Albufeira. Some results point to other schools with similar names in different locations.

Therefore, the most accurate answer is ""not found"" for a dedicated, independent official website for ""Escola Básica de Olhos de Água"" in Albufeira."
33393,Escola EB1 da Cavalinha,Olhão,Olhão,Jardim de Infância,http://eb1cavalinha.blogspot.com,,,"The official website for ""Escola EB1 da Cavalinha"" in Olhão, Portugal is http://eb1cavalinha.blogspot.com."
33756,Jardim de Infância N.º 3,Quarteira,Loulé,Jardim de Infância,not found,,,"The ""Jardim de Infância N.º 3"" in Quarteira, Portugal, is part of the ""Agrupamento de Escolas Dr.ª Laura Ayres"" (ESLA).

Its official website can be found within the ESLA website: https://aesla.pt/ji-quarteira-n3"
33775,Escola Básica da Fonte Santa,,Loulé,Jardim de Infância,https://www.esla.edu.pt,yes,domain doesn't match institution name,"The ""Escola Básica da Fonte Santa"" in Loulé, Portugal, is part of the ""Agrupamento de Escolas Dr.ª Laura Ayres, Loulé"". The official website for this school grouping is www.esla.edu.pt."
34375,Jardim de Infância de Escanchinas,Almancil,Loulé,Jardim de Infância,not found,,,"The ""Jardim de Infância de Escanchinas"" in Almancil, Portugal, is part of the Agrupamento de Escolas de Almancil (School Group of Almancil).

The official website for the Agrupamento de Escolas de Almancil, which includes the Jardim de Infância de Escanchinas, is www.aealmancil.edu.gov.pt."
34378,Jardim de Infância de Albufeira,Albufeira,Albufeira,Jardim de Infância,not found,,,not found
34395,Escola E. B. 1 da Estação,Loulé,Loulé,Jardim de Infância,http://aedpacheco.pt,yes,domain doesn't match institution name,"The ""Escola E. B. 1 da Estação"" in Loulé, Portugal, is part of the ""Agrupamento de Escolas Eng.º Duarte Pacheco"". The official website for this cluster of schools is http://aedpacheco.pt."
34557,Jardim de Infância Nº2 do Parchal,Parchal,Lagoa,Jardim de Infância,https://www.aera.pt,yes,domain doesn't match institution name,"The ""Jardim de Infância Nº2 do Parchal"" is part of the ""Agrupamento de Escolas Rio Arade"" (AERA). The official website for AERA, which includes information about Jardim de Infância Nº2 do Parchal, is www.aera.pt."
34558,Escola Básica de Ferragudo,Ferragudo,Lagoa,Jardim de Infância,not found,,,"The Escola Básica de Ferragudo is part of the ""Agrupamento de Escolas Rio Arade, Lagoa"" (School Grouping of Rio Arade, Lagoa). While there isn't a dedicated website solely for Escola Básica de Ferragudo, information about it can be found on the Agrupamento's website. However, the direct URL for the Agrupamento was not found in the search results. Therefore, the direct official website for ""Escola Básica de Ferragudo"" is not found.

not found"
34575,Escola Básica do Parchal - Lagoa,Parchal,Lagoa,Jardim de Infância,http://www.aera.pt/,yes,domain doesn't match institution name,"Escola Básica do Parchal - Lagoa is part of the ""Agrupamento de Escolas Rio Arade"" (School Grouping Rio Arade).

The official website for the Agrupamento de Escolas Rio Arade is http://www.aera.pt/."
34775,"Centro Infantil ""O Pinóquio"" Da Stª Casa da Misericórdia de Tavira",Tavira,Tavira,Jardim de Infância,not found,,,"The official website for ""Centro Infantil ""O Pinóquio"" Da Stª Casa da Misericórdia de Tavira"" is not found as a standalone website. However, it is a service provided by Santa Casa da Misericórdia de Tavira.

The Santa Casa da Misericórdia de Tavira has an official website: misericordiadevira.pt."
35081,"Escola Básica Manuel Cabanas,",Vila Nova de Cacela,Vila Real de Santo António,Jardim de Infância,https://aevrsa.com,yes,domain doesn't match institution name,"The ""Escola Básica Manuel Cabanas"" in Vila Nova de Cacela is part of the ""Agrupamento de Escolas de Vila Real de Santo António"" (AEVRSA). The official website for the agrupamento, which includes information about Escola Básica Manuel Cabanas, is aevrsa.com.

Therefore, the URL is: http://www.aevrsa.com/index.php?pag=cacela"
35082,Escola Básica de Marmelete,Marmelete,Monchique,Jardim de Infância,https://www.aemonchique.pt/,yes,domain doesn't match institution name,"The ""Escola Básica de Marmelete"" is part of the ""Agrupamento de Escolas de Monchique"" (School Group of Monchique).

Therefore, its official information can be found on the Agrupamento de Escolas de Monchique website: https://www.aemonchique.pt/"
35083,Escola Básica de Altura,Altura,Castro Marim,Jardim de Infância,not found,,,not found
35085,Escola Básica N.º 1 de Olhão,Olhão,Olhão,Jardim de Infância,https://ai9.pt,yes,domain doesn't match institution name,The Escola Básica N.º 1 de Olhão is part of the Agrupamento de Escolas Dr. Alberto Iria. The official website for this agrupamento (group of schools) is https://ai9.pt.
35086,Escola Básica de Ameijeira,Lagos,Lagos,Jardim de Infância,https://www.aegileanes.pt/,yes,domain doesn't match institution name,https://www.aegileanes.pt/
35089,Escola Básica de Quelfes,Olhão,Olhão,Jardim de Infância,https://aeppn.pt,yes,domain doesn't match institution name,"The Escola Básica de Quelfes in Olhão, Portugal, is part of the Agrupamento de Escolas Professor Paula Nogueira. The official website for this agrupamento (group of schools) is aeppn.pt."
35097,Escola Básica do Carmo,Faro,Faro,Jardim de Infância,not found,,,not found
35099,Escola Básica D. Francisca de Aragão,Quarteira,Loulé,Jardim de Infância,not found,,,"The official website for ""Escola Básica D. Francisca de Aragão"" in Quarteira, Portugal is http://www.eb1-d-francisca-aragao.rcts.pt/2010/biblioteca/BFA%20website/home.html."
35100,Escola Básica Major David Neto,Portimão,Portimão,Jardim de Infância,https://www.aemtg.pt/escola-basica-1-major-david-neto,yes,domain doesn't match institution name,"The official website for Escola Básica Major David Neto in Portimão, Portugal is part of the Agrupamento de Escolas Manuel Teixeira Gomes. You can find information about the school on the Agrupamento's website, specifically a page dedicated to the Escola Básica 1 Major David Neto.

Here's the URL for the Agrupamento's website, where information about ""Escola Básica Major David Neto"" can be found: https://www.aemtg.pt/escola-basica-1-major-david-neto"
35103,Escola Básica Sophia de Mello Breyner Andresen,Lagos,Lagos,Jardim de Infância,not found,,,"The ""Escola Básica Sophia de Mello Breyner Andresen"" in Lagos, Portugal is part of the ""Agrupamento de Escolas Gil Eanes"". Therefore, its official website is likely the website for that agrupamento.

https://www.aege.pt/"
35105,Escola Básica de Correeira,Albufeira,Albufeira,Jardim de Infância,https://www.aealbufeira.pt,yes,domain doesn't match institution name,"""Escola Básica de Correeira"" in Albufeira, Portugal, is part of the ""Agrupamento de Escolas de Albufeira"" (Albufeira School Group).

The official website for the ""Agrupamento de Escolas de Albufeira"" is https://www.aealbufeira.pt."
35107,Escola Básica Prof. Caldeira Alexandre,Vila Real Santo António,Vila Real de Santo António,Jardim de Infância,not found,,,"The ""Escola Básica Prof. Caldeira Alexandre"" is part of the ""Agrupamento de Escolas D. José I"" (School Grouping D. José I). The official website for the grouping, which includes information about ""Escola Básica Prof. Caldeira Alexandre,"" is aedji.pt."
35108,Escola Básica Santo António,Vila Real Santo António,Vila Real de Santo António,Jardim de Infância,not found,,,not found
35109,Escola Básica de Areal Gordo,Faro,Faro,Jardim de Infância,not found,,,"The official website for Escola Básica de Areal Gordo in Faro, Portugal, is part of the Agrupamento de Escolas João de Deus (AEJD Faro) and can be found at https://www.aejdfaro.pt/escolas/eb1-ji-de-areal-gordo."
35110,Escola Básica Ria Formosa,Faro,Faro,Jardim de Infância,https://aejdfaro.pt,yes,domain doesn't match institution name,"The Escola Básica Ria Formosa in Faro, Portugal, is part of the Agrupamento de Escolas João de Deus (AEJD Faro). The official website for the agrupamento, which includes the Escola Básica Ria Formosa, is https://aejdfaro.pt."
35112,Escola Básica N.º 4 de Olhão,Olhão,Olhão,Jardim de Infância,https://aeppn.pt,yes,domain doesn't match institution name,"The Escola Básica N.º 4 de Olhão is part of the Agrupamento de Escolas Professor Paula Nogueira. Its official website is likely integrated within the agrupamento's website.

https://aeppn.pt"
37311,Jardim de Infância da EB1 N.º2,São Brás de Alportel,São Brás de Alportel,Jardim de Infância,https://aejbv.pt,yes,domain doesn't match institution name,"The official website for ""Jardim de Infância da EB1 N.º2"" in São Brás de Alportel, Portugal, is not found.

The ""EB1 N.º2 de São Brás de Alportel"" is part of the Agrupamento de Escolas José Belchior Viegas, and while the agrupamento has a general contact email (geral@aejbv.pt) and a website, there doesn't appear to be a distinct official website specifically for the ""Jardim de Infância da EB1 N.º2"". The school also has an email address: eb1.n2.sbrasalportel@escolas.min-edu.pt."
37312,Escola Básica/ Centro Escolar da Luz,Praia da Luz,Lagos,Jardim de Infância,https://www.aejd.pt/,yes,domain doesn't match institution name,"The ""Escola Básica/Centro Escolar da Luz"" in Praia da Luz, Portugal, does not have an independent official website. It is part of the Agrupamento de Escolas Júlio Dantas (Júlio Dantas School Group) in Lagos.

Therefore, its information can be found on the Agrupamento de Escolas Júlio Dantas website.
https://www.aejd.pt/"
37589,Escola Básica do Bom João,Faro,Faro,Jardim de Infância,https://www.agr-tc.pt/,yes,domain doesn't match institution name,"The ""Escola Básica do Bom João"" in Faro, Portugal, is part of the ""Agrupamento de Escolas Tomás Cabreira"" (Tomás Cabreira School Cluster). Therefore, its official information is found on the cluster's website.

The URL for the Agrupamento de Escolas Tomás Cabreira is: https://www.agr-tc.pt/"
37608,Escola Básica de Pontal,Portimão,Portimão,Jardim de Infância,https://bibpontal.wixsite.com/bepontal,,,"The official website for Escola Básica de Pontal in Portimão, Portugal is https://bibpontal.wixsite.com/bepontal."
37609,"Escola Básica de Estoi, Faro",Estoi,Faro,Jardim de Infância,not found,,,"The Escola Básica de Estoi in Faro, Portugal, is part of the ""Agrupamento de Escolas Pinheiro e Rosa"" (School Grouping Pinheiro e Rosa).

The official website for this institution is: https://www.aepra.pt/escola-basica-de-estoi"
38238,Escola Básica D. Dinis,Quarteira,Loulé,Jardim de Infância,https://www.aeddinis-quarteira.pt,,,"The official website for ""Escola Básica D. Dinis"" in Quarteira, Portugal, which is part of the ""Agrupamento de Escolas D. Dinis de Quarteira,"" is https://www.aeddinis-quarteira.pt."
38300,Barlavento International Primary School,Luz,Lagos,Jardim de Infância,https://barlavento-international.net/,,,https://barlavento-international.net/
38301,Dsa - Escola Alemã do Algarve,Silves,Silves,Jardim de Infância,https://ds-algarve.org,,,"The official website for ""Dsa - Escola Alemã do Algarve"" is https://ds-algarve.org."
38716,Jardim de Infância de Ilha do Ancão,Faro,Faro,Jardim de Infância,https://www.agrupamontenegro.com,yes,domain doesn't match institution name,"The ""Jardim de Infância de Ilha do Ancão"" is part of the Agrupamento de Escolas de Montenegro (Montenegro School Group).

The official website for the Agrupamento de Escolas de Montenegro is https://www.agrupamontenegro.com.

Therefore, the URL for the Jardim de Infância de Ilha do Ancão is: https://www.agrupamontenegro.com"
38723,Escola Básica Nº 2 de Hortas de Santo António,Loulé,Loulé,Jardim de Infância,http://www.aedpacheco.edu.pt/,yes,domain doesn't match institution name,"The ""Escola Básica Nº 2 de Hortas de Santo António"" in Loulé, Portugal, is part of the Agrupamento de Escolas Engenheiro Duarte Pacheco.

The official website for the Agrupamento de Escolas Engenheiro Duarte Pacheco is: http://www.aedpacheco.edu.pt/"
39187,Escola E.b.1 N.º 1 de Monchique,Monchique,Monchique,Jardim de Infância,not found,,,"The ""Escola E.B.1 N.º 1 de Monchique"" is part of the Agrupamento de Escolas de Monchique. The official website for the Agrupamento de Escolas de Monchique, which includes information on Escola E.B. 1 N.º 1 de Monchique, is not directly available as a singular URL. However, information about it can be found within the larger municipal website.

Based on the search results, the most direct reference to the school's online presence is through the Monchique Municipality's education section.

Therefore, the closest to an ""official website"" that directly provides information for this institution is likely through the Monchique municipal website: not found."
3832,Casa Dom João de Oliveira Matos,Celorico da Beira,Celorico da Beira,Creche e Jardim de Infância,https://sapo.pt,yes,domain doesn't match institution name; combined tipo — may have split pages,"I was unable to find an official website specifically for ""Casa Dom João de Oliveira Matos"" in Celorico da Beira, Portugal. However, I found its contact information and details through other Portuguese directories.

It is listed as part of the ""Instituto de São Miguel"", and its address is Rua Miguel Bombarda, 50, 6360-344 Celorico da Beira. The phone number provided is 271742517 and the email is casajoaomats@sapo.pt. It offers services in créche and pre-school education."
3833,O Moinho - Creche da Associação de Melhoramentos de Celorico da Beira,Celorico da Beira,Celorico da Beira,Creche e Jardim de Infância,not found,,,not found
3845,Jardim de Infância da Casa do Povo de Vila Nova de Tazém,Vila Nova de Tazém,Gouveia,Creche e Jardim de Infância,https://somosipss.pt/ipss/CASA-DO-POVO-DE-VILA-NOVA-DE-TAZEM,yes,domain doesn't match institution name; combined tipo — may have split pages,"The official website for ""Jardim de Infância da Casa do Povo de Vila Nova de Tazém"" is https://somosipss.pt/ipss/CASA-DO-POVO-DE-VILA-NOVA-DE-TAZEM."
3854,"Equip. Soc. da Fundação ""A Nossa Casa""",Gouveia,Gouveia,Creche e Jardim de Infância,https://anossacasa.pt,yes,combined tipo — may have split pages,"The official website for ""Equip. Soc. da Fundação ""A Nossa Casa"""" in Gouveia, Portugal is not found under that exact name. However, the ""Fundação A Nossa Casa"" in Gouveia has a website: https://anossacasa.pt."
3855,Equip. Soc. I da Associação de Beneficência Popular de Gouveia,Gouveia,Gouveia,Creche e Jardim de Infância,https://www.abpg.pt,yes,domain doesn't match institution name; combined tipo — may have split pages,"The official website for ""Equip. Soc. I da Associação de Beneficência Popular de Gouveia"" is www.abpg.pt."
3857,Equip. Soc. da Fundação Aurora Ressurreição Coelho Borges,Santa Marinha,Guimarães,Creche e Jardim de Infância,not found,,,"The official website for ""Equip. Soc. da Fundação Aurora Ressurreição Coelho Borges"" is www.farcb.com."
3859,Creche da Misericórdia de Seia,Seia,Seia,Creche e Jardim de Infância,https://misericordiadeseia.pt,yes,combined tipo — may have split pages,The official website for Creche da Misericórdia de Seia is misericordiadeseia.pt.
3861,Equip. Soc. do Centro Paroquial de Seia,Seia,Seia,Creche e Jardim de Infância,https://www.centroparoquialdeseia.com,yes,combined tipo — may have split pages,"The official website for ""Equip. Soc. do Centro Paroquial de Seia"" is www.centroparoquialdeseia.com."
3868,Centro de Assistência Cultura e Recreio de Paços da Serra,Gouveia,Gouveia,Creche,not found,,,https://pacosserracacr.com/
3879,Equip. Soc. do Centro de Assistência Paroquial de Loriga,Loriga,Seia,Creche e Jardim de Infância,not found,,,https://www.caploriga.pt
3882,Jardim de Infância do Centro de Assistência Social Nossa Senhora de La Salette,Seia,Seia,Creche e Jardim de Infância,https://www.casnsls.salesianas.pt,yes,domain doesn't match institution name; combined tipo — may have split pages,www.casnsls.salesianas.pt
3895,Centro Social Paroquial de Vila Franca das Naves,Trancoso,Trancoso,Creche,not found,,,"The official website for Centro Social Paroquial de Vila Franca das Naves is not found. However, there is a blog that serves as a presentation and disclosure of the institution: https://centroparoqvfn.blogspot.com/.

Other information found includes:
*   Email: paroquialcentro@sapo.pt
*   Telephone for Centro de Dia: 271 881 136
*   Telephone for Creche: 271 886 895
*   Address: Rua dos Irmãos Dias Ferreira – 6420-749 Vila Franca das Naves, Trancoso, Portugal"
3896,Jardim de Infância do Instituto D. Maria do Carmo Lacerda Faria,Meda,Mêda,Creche e Jardim de Infância,not found,,,"A direct official website for ""Jardim de Infância do Instituto D. Maria do Carmo Lacerda Faria"" in Meda, Portugal was not found. However, it is listed on the SomosIPSS platform, which provides websites for various social solidarity institutions in Portugal.

You can visit their page on SomosIPSS:
https://www.somosipss.pt/instituicao/instituto-d-maria-do-carmo-lacerda-faria"
3901,Equip. Soc. Centro Social Padre José Augusto da Fonseca,Aguiar da Beira,Aguiar da Beira,Creche,not found,,,"The official website for ""Equip. Soc. Centro Social Padre José Augusto da Fonseca"" is not found in the search results. While several results mention the institution and provide contact information such as email and phone numbers, none of them link to an official website."
3907,"Creche, Jardim de Infância e ATL",Figueira de Castelo Rodrigo,Figueira de Castelo Rodrigo,Creche e Jardim de Infância,https://sapo.pt,yes,domain doesn't match institution name; combined tipo — may have split pages,"The institution ""Creche, Jardim de Infância e ATL"" in Figueira de Castelo Rodrigo is owned by ""FUNDAÇÃO D. ANA PAULA ÁGUAS VAZ DE MASCARENHAS E GARCIA E DR. ÁLVARO AUGUSTO GARCIA"". While no official website for the institution itself was found, the email contact is fundacaoanapaula@sapo.pt and the phone number is 271312680. They also have a Facebook presence linked through ""Mapa Social""."
3910,Equip. Soc. da Santa Casa da Misericórdia de Vila Nova de Foz Côa,Vila Nova de Foz Côa,Vila Nova de Foz Côa,Creche,https://scmfozcoa.com,,,"The official website for ""Equip. Soc. da Santa Casa da Misericórdia de Vila Nova de Foz Côa"" is scmfozcoa.com."
3914,"Creche, Jardim e C.A.T.L. do Grupo Desportivo e Recreativo das Lameirinhas",Guarda,Guarda,Creche e Jardim de Infância,not found,,,https://www.gdrlameirinhas.com
3915,Obra de Santa Zita - Guarda,Guarda,Guarda,Creche e Jardim de Infância,https://www.osz.pt/,yes,domain doesn't match institution name; combined tipo — may have split pages,The official website for Obra de Santa Zita is https://www.osz.pt/.
3916,Equip. Soc. da Fundação João Raimundo,Guarda,Guarda,Creche e Jardim de Infância,https://www.fjbr.org,yes,domain doesn't match institution name; combined tipo — may have split pages,www.fjbr.org
3917,Jardim de Infância do Lactário Doutor Proença,Guarda,Guarda,Creche e Jardim de Infância,not found,,,"The official website for ""Jardim de Infância do Lactário Doutor Proença"" is part of the ""Lactário Dr. Proença"" institution and can be found at https://vertexaisearch.cloud.google.com/grounding-api-redirect/AUZIYQGtCo15GHavFuNVBmowc3mAmVRY_CDCVLb-132aTVlskohdvq3oFqQX1XgCTb9z4oc9_fX1G_8yQt7HsPPhczDzX66AzgicOF9kY4JMtD_ux0Ovbx_J2ttQZdajOjNR2gFUBiCUJY1EH6cgQKLmad2Lk7RGYiH0jgmBCEHW."
3918,"Casa de Trabalho Jesus, Maria e José",Rochoso,Guarda,Creche e Jardim de Infância,not found,,,not found
3927,Abrigo Infantil da Sagrada Família,Guarda,Guarda,Creche e Jardim de Infância,https://www.abrigoinfantildasagradafamilia.blogspot.pt,yes,combined tipo — may have split pages,www.abrigoinfantildasagradafamilia.blogspot.pt
3929,Associação Cultural e Social da Freguesia de Panoias,Panoias de Cima,Guarda,Creche,https://www.associacaofreguesiadepanoias.pt/,,,https://www.associacaofreguesiadepanoias.pt/
3937,Jardim de Infância da Fundação D. Teodora F. da Graça Vilhena de Carvalho e Fonseca,Freixedas,Pinhel,Creche e Jardim de Infância,not found,,,not found
3940,Equip. Soc. da Misericórdia de Almeida,Almeida,Almeida,Creche,not found,,,"The official website for ""Equip. Soc. da Misericórdia de Almeida"" is part of the Santa Casa da Misericórdia de Almeida's website. You can find information about their childcare services (Creche) and other social responses on their website.

https://misericordiadealmeida.pt"
3945,Centro de Assistência Social (Cerdeira),Cerdeira,Sabugal,Creche e Jardim de Infância,https://www.cpcms.pt/,yes,domain doesn't match institution name; combined tipo — may have split pages,"The ""Centro de Assistência Social (Cerdeira)"" appears to be related to the ""Casa do Povo de Cerdeira e Moura da Serra"".

The official website for the ""Casa do Povo de Cerdeira e Moura da Serra"" is https://www.cpcms.pt/."
3951,Equip. Soc. da Misericórdia do Sabugal,Sabugal,Sabugal,Creche e Jardim de Infância,https://www.scmsabugal.com,yes,combined tipo — may have split pages,"The official website for ""Equip. Soc. da Misericórdia do Sabugal"" is part of the ""Santa Casa da Misericórdia do Sabugal"" website.

https://www.scmsabugal.com"
3958,Lar Jardim de Infância Santa Luzia,Guarda,Guarda,Creche e Jardim de Infância,not found,,,"The official website for Lar Jardim de Infância Santa Luzia in Guarda, Portugal is www.institutosaomiguel.org. This institution is part of the Instituto de São Miguel."
3959,Centro de Assistência Social do Instituto São Miguel,Guarda,Guarda,Creche e Jardim de Infância,not found,,,https://www.institutosm.org/
3966,Equip. Soc. da Associação de Beneficência Cultura e Desporto dos Trinta,Guarda,Guarda,Creche,not found,,,not found
3977,Erpi Santo António,Pinhel,Pinhel,Creche,not found,,,"""ERPI Santo António"" in Pinhel, Portugal, is an ""Estrutura Residencial para Pessoas Idosas"" (Residential Structure for Elderly People) and is part of the Santa Casa da Misericórdia de Pinhel. While there isn't a dedicated website solely for ""ERPI Santo António,"" you can find information about it on the Santa Casa da Misericórdia de Pinhel's website or related social platforms. The email for the Santa Casa da Misericórdia de Pinhel is geral@scmpinhel.pt.

A direct official website for ""Erpi Santo António"" in Pinhel, Portugal was not found."
3980,Creche do Centro de Assistência Social Infantil de Vilar Formoso,Vilar Formoso,Almeida,Creche,not found,,,not found
3994,Infantário Favo de Mel,Manteigas,Manteigas,Creche e Jardim de Infância,https://www.admestrela.pt,yes,domain doesn't match institution name; combined tipo — may have split pages,"The official website for ""Infantário Favo de Mel"" in Manteigas, Portugal is www.admestrela.pt. This institution is associated with ADM Estrela, which is a Private Institution of Social Solidarity."
5619,Santa Casa da Misericórdia de Trancoso - Creche e Jardim de Infância,Trancoso,Trancoso,Creche e Jardim de Infância,https://www.scmtrancoso.pt,yes,combined tipo — may have split pages,"The official website for Santa Casa da Misericórdia de Trancoso is www.scmtrancoso.pt. This institution also includes the ""Creche e Jardim de Infância"" services."
12059,Unidade de Apoio à Infância da Fund. D. Laura Santos,Gouveia,Gouveia,Creche,http://www.flsantos.com/,,,"The official website for ""Unidade de Apoio à Infância da Fund. D. Laura Santos"" in Gouveia, Portugal is http://www.flsantos.com/. This institution is part of the larger Fundação D. Laura dos Santos, which is a Private Institution of Social Solidarity. The foundation provides services in social action, supporting both the elderly and children, and also has cultural, training, and sports activities."
17395,Refúgio Ana Luísa - Equip.social da Fundação José Carlos Godinho Ferreira de Almeida,Guarda,Guarda,Creche e Jardim de Infância,not found,,,"The official website for ""Refúgio Ana Luísa - Equip.social da Fundação José Carlos Godinho Ferreira de Almeida"" is http://psdu.net. However, it appears to be currently blocked as a parked domain. The ""Refúgio Ana Luísa"" is a shelter for children at risk, operated by the ""Fundação José Carlos Godinho Ferreira de Almeida"" in Guarda, Portugal."
19661,"Ass. Promoção Social, Cultural e Desportiva de Fornos de Algodres - Creche",Fornos de Algodres,Fornos de Algodres,Creche,https://apscdfa.pt,yes,domain doesn't match institution name,"The official website for ""Ass. Promoção Social, Cultural e Desportiva de Fornos de Algodres"" is apscdfa.pt. The creche is one of their services."
19704,Creche da Santa Casa da Misericórdia,Guarda,Guarda,Creche e Jardim de Infância,https://www.scmguarda.pt,yes,domain doesn't match institution name; combined tipo — may have split pages,https://www.scmguarda.pt
23627,Casa da Freguesia de Escalhão - Creche/ Jardim/ C.A.T.L.,Escalhão,Figueira de Castelo Rodrigo,Creche e Jardim de Infância,not found,,,not found
24450,Creche e Jardim de Infância o Castelo,Guarda,Guarda,Creche,https://ocastelo.webnode.pt,,,https://ocastelo.webnode.pt
25947,Valor Criança - Associação de Apoio à Criança,Guarda,Guarda,Creche,not found,,,"The official website for ""Valor Criança - Associação de Apoio à Criança"" in Guarda, Portugal is https://vertexaisearch.cloud.google.com/grounding-api-redirect/AUZIYQFOJpmbNS8wq3fekgqDMqIudqJSp9CJsqBEpAU3EawG56Pf1RvbzObxceDPpMNkPS7_9g0MOeLWdyHZQNeHH6WbTNVkUgAYg4E3dVTLlo0rVlx9nxii63GaVblLMv0Wqfd7Ag==."
26518,Lar de Idosos da Misericórdia,Aguiar da Beira,Aguiar da Beira,Creche,https://www.misericordiaaguiardabeira.pt,yes,domain doesn't match institution name,"The official website for ""Lar de Idosos da Misericórdia"" in Aguiar da Beira, Portugal is www.misericordiaaguiardabeira.pt."
27515,Creche Lugar dos Pequeninos,Porto da Carne,Guarda,Creche,not found,,,"The official website for ""Creche Lugar dos Pequeninos"" is https://crechelugardospequeninos.wixsite.com/meusite."
34717,Associação de Beneficência Cultural e Recreativa da Freguesia de Lagarinhos,Gouveia,Gouveia,Creche,https://abcrflagarinhos.org,,,"The official website for ""Associação de Beneficência Cultural e Recreativa da Freguesia de Lagarinhos"" is abcrflagarinhos.org."
17834,Adm Estrela - Associação Social e Desenvolvimento (Guarda),Guarda,Guarda,Jardim de Infância,https://www.admestrela.pt,,,www.admestrela.pt
29962,Jardim de Infância de Vermiosa,Vermiosa,Figueira de Castelo Rodrigo,Jardim de Infância,not found,,,"The ""Jardim de Infância de Vermiosa"" in Vermiosa, Portugal, does not appear to have a standalone official website. It is part of the ""Agrupamento de Escolas de Figueira de Castelo Rodrigo"" (School Group of Figueira de Castelo Rodrigo). The institution is located on Rua da Escola, Vermiosa, 6440-261 Figueira de Castelo Rodrigo, Guarda, Portugal.

You can find contact information, including an email address, through the Mapa Social platform for Portugal, which lists ""Jardim de Infância de Vermiosa"" as an establishment of pre-school education. The listed email is servicos@aefcr.edu.gov.pt."
30142,Jardim de Infância de Aldeia Velha,Aldeia Velha,Sabugal,Jardim de Infância,https://aesabugal.pt,yes,domain doesn't match institution name,"The ""Jardim de Infância de Aldeia Velha"" in Aldeia Velha, Portugal, is part of the ""Agrupamento de Escolas de Sabugal"" (School Group of Sabugal).

Therefore, its official website is likely integrated into the agrupamento's website: https://aesabugal.pt"
30144,Jardim de Infância de Aldeia de Santo António,Aldeia de Stº António,Sabugal,Jardim de Infância,not found,,,not found
30145,Jardim de Infância de Sabugal,Sabugal,Sabugal,Jardim de Infância,not found,,,"The ""Jardim de Infância de Sabugal"" is part of the Agrupamento de Escolas de Sabugal (Sabugal School Group). While a direct, independent website for the ""Jardim de Infância de Sabugal"" was not found, it is associated with the Agrupamento de Escolas de Sabugal, and information about it can be found through the Santa Casa da Misericórdia do Sabugal and potentially the Município do Sabugal.

Not found."
30146,"Jardim de Infância de Souto, Sabugal",,Terras de Bouro,Jardim de Infância,https://aesabugal.pt,,,"""Jardim de Infância de Souto, Sabugal"" is part of the ""Agrupamento de Escolas de Sabugal"" (Sabugal School Group). The official website for the Agrupamento de Escolas de Sabugal is aesabugal.pt.

It's important to note that the institution is located in Souto, Sabugal, and not Terras de Bouro. The search results indicate ""Jardim de Infância de Souto, Sabugal"" is in the municipality of Sabugal, while Terras de Bouro is a different municipality."
30210,Jardim de Infância de Palhais,Palhais,Trancoso,Jardim de Infância,https://www.parquedosinfantes.pt,yes,domain doesn't match institution name,www.parquedosinfantes.pt
30211,Jardim de Infância de Trancoso,Trancoso,Trancoso,Jardim de Infância,not found,,,"The ""Jardim de Infância de Trancoso"" is part of the Agrupamento de Escolas de Trancoso (Schools Group of Trancoso). Therefore, its official website is the website of the Agrupamento de Escolas de Trancoso.

https://www.aetranscoso.pt"
30212,Jardim de Infância de Vila Franca das Naves,Vila Franca das Naves,Trancoso,Jardim de Infância,not found,,,"The ""Jardim de Infância de Vila Franca das Naves"" is part of the ""Agrupamento de Escolas de Trancoso"". While there isn't a specific, independent website for the Jardim de Infância itself, it's associated with the larger school group. The contact email provided for the Jardim de Infância is ji.vfrancanaves@escolas.min-edu.pt.

Not found."
30214,Jardim de Infância de Cogula,Cogula,Trancoso,Jardim de Infância,not found,,,not found
30250,Escola Básica Nº 1 de Pinhel,Pinhel,Pinhel,Jardim de Infância,https://aepinhel.org,,,"The official website for ""Escola Básica Nº 1 de Pinhel"" is https://aepinhel.org. This school is part of the ""Agrupamento de Escolas de Pinhel"" (School Group of Pinhel). An alternative contact website for the Agrupamento de Escolas de Pinhel is https://portal.aepinhel.org."
30260,Escola Básica de Vila Nova de Tazém,Vila Nova de Tazém,Gouveia,Jardim de Infância,https://www.esgouveia.pt,yes,domain doesn't match institution name,"The official website for ""Escola Básica de Vila Nova de Tazém"" is part of the ""Agrupamento de Escolas de Gouveia"" (School Group of Gouveia). The relevant URL is: https://www.esgouveia.pt."
30261,Escola Básica de Moimenta da Serra,Moimenta da Serra,Gouveia,Jardim de Infância,not found,,,"The Escola Básica de Moimenta da Serra is part of the Agrupamento de Escolas de Gouveia (Gouveia School Cluster).

Therefore, the official website for ""Escola Básica de Moimenta da Serra"" is the website of the Agrupamento de Escolas de Gouveia: https://www.aegouveia.pt/."
30265,Jardim de Infância de Gouveia,,Gouveia,Jardim de Infância,https://www.abpg.pt/,yes,domain doesn't match institution name,"The official website for ""Jardim de Infância de Gouveia"" is not found. However, there is information indicating that it is part of the Agrupamento de Escolas de Gouveia, and its contact number is 238491461. It is also listed as a public school.

There is a related institution, ""Associação de Beneficência Popular de Gouveia"" (ABPG), which has a kindergarten and an official website: https://www.abpg.pt/. This institution also offers creche services for children aged 1-3 years and kindergarten for children aged 3-5 years."
30266,Escola Básica de Melo,Nabaínhos,Gouveia,Jardim de Infância,https://esgouveia.pt,yes,domain doesn't match institution name,"The ""Escola Básica de Melo"" in Nabaínhos, Portugal, is part of the ""Agrupamento de Escolas de Gouveia"" (School Grouping of Gouveia). While there isn't a dedicated website for ""Escola Básica de Melo"" itself, the grouping's email is geral@esgouveia.pt."
30529,Escola Básica de Gonçalo,Gonçalo,Guarda,Jardim de Infância,not found,,,"It appears there are several schools in Portugal with ""Gonçalo"" in their name, and it's difficult to definitively identify the exact ""Escola Básica de Gonçalo"" in Gonçalo, Portugal, without more specific information. Here are some of the related schools found:

*   **Agrupamento de Escolas de São Gonçalo** (Torres Vedras): This agglomeration includes an ""Escola Básica de São Gonçalo"" and has an official website.
*   **Colégio de São Gonçalo**: This institution offers basic and secondary education.
*   **Agrupamento de Escolas Gonçalo Nunes** (Barcelos): This is another school group.
*   **AESE – Agrupamento de Escolas da Sé – Guarda**: This group has a school in Guarda.

Given the information, it is ""not found"" a definitive official website for ""Escola Básica de Gonçalo"" specifically in the town of Gonçalo, Portugal. There are multiple schools with ""Gonçalo"" in their name, and without further clarification, it's impossible to pinpoint the exact one."
30530,Jardim de Infância de Sé,Guarda,Guarda,Jardim de Infância,https://www.aeaag.pt,yes,domain doesn't match institution name,"The ""Jardim de Infância de Sé"" in Guarda, Portugal, is part of the Agrupamento de Escolas Afonso de Albuquerque. The official website for this agrupamento (group of schools) is www.aeaag.pt."
30534,Jardim de Infância de Trinta,Trinta,Guarda,Jardim de Infância,not found,,,"""Jardim de Infância de Trinta"" is a childcare institution in Trinta, Guarda, Portugal. It is associated with ""ESCOLAS AFONSO DE ALBUQUERQUE, GUARDA"". However, an official website specifically for ""Jardim de Infância de Trinta"" was not found in the search results. While there are general portals for Portuguese childcare institutions and matrícula (enrollment), a dedicated website for this specific institution was not identified."
30604,Escola Básica de Fornos de Algodres,Fornos de Algodres,Fornos de Algodres,Jardim de Infância,https://ae-fa.pt,yes,domain doesn't match institution name,https://ae-fa.pt
30605,"Jardim de Infância de Muxagata, Fornos de Algodres",Muxagata,Vila Nova de Foz Côa,Jardim de Infância,https://ae-fa.pt,yes,domain doesn't match institution name,"The ""Jardim de Infância de Muxagata"" is part of the Agrupamento de Escolas de Fornos de Algodres. The contact information for the Jardim de Infância da Muxagata lists the same email address as the Agrupamento de Escolas de Fornos de Algodres: direcao@ae-fa.pt.

Therefore, the official website for Jardim de Infância de Muxagata is likely the website for the Agrupamento de Escolas de Fornos de Algodres.

https://www.ae-fa.pt"
30608,Escola Básica de Figueiró da Granja,Figueiró da Granja,Fornos de Algodres,Jardim de Infância,https://ae-fa.pt,yes,domain doesn't match institution name,"The official website for ""Escola Básica de Figueiró da Granja"" is not found. However, it is part of the ""Agrupamento de Escolas de Fornos de Algodres"". The contact email for the school is direcao@ae-fa.pt."
30895,Jardim de Infância de Celorico da Beira,Celorico da Beira,Celorico da Beira,Jardim de Infância,https://eb23sacaduracabral.eu,yes,domain doesn't match institution name,"The ""Jardim de Infância de Celorico da Beira"" is part of the ""Agrupamento de Escolas de Celorico da Beira"" (School Group of Celorico da Beira). The official website for this school group is https://eb23sacaduracabral.eu."
31310,Jardim de Infância de Aguiar da Beira,Aguiar da Beira,Aguiar da Beira,Jardim de Infância,not found,,,"The official website for ""Jardim de Infância de Aguiar da Beira"" is part of the Agrupamento de Escolas Padre José Augusto da Fonseca.

https://agb.edu.gov.pt/"
31311,Jardim de Infância de Penaverde,,Aguiar da Beira,Jardim de Infância,not found,,,"The ""Jardim de Infância de Penaverde"" is part of the Agrupamento de Escolas Padre José Augusto da Fonseca.

The official website for the Agrupamento de Escolas Padre José Augusto da Fonseca, which includes the Jardim de Infância de Penaverde, is: https://www.agb.edu.gov.pt"
31312,Jardim de Infância de Carapito,Carapito,Aguiar da Beira,Jardim de Infância,not found,,,"The ""Jardim de Infância de Carapito"" is part of the Agrupamento de Escolas Padre José Augusto da Fonseca. The official website for the Agrupamento is not explicitly listed, but the contact page for the Agrupamento lists ""Carapito"" with a phone number +351 232 577 567. Additionally, a page titled ""Escola Básica 1º ciclo e Jardim de Infância de Carapito"" is available within the agrupamento's website, but it does not have a unique URL.

Not found."
31313,"Escola Básica de Dornelas, Aguiar da Beira",Dornelas,Sever do Vouga,Jardim de Infância,https://agrupamentoaguiardabeira.pt,,,"The ""Escola Básica de Dornelas, Aguiar da Beira"" is part of the ""Agrupamento de Escolas Padre José Augusto da Fonseca"". The official website for this agrupamento (group of schools) is https://agrupamentoaguiardabeira.pt."
31465,Jardim Infância de Mêda,Mêda,Mêda,Jardim de Infância,https://agrupamentoescolasmeda.pt,yes,domain doesn't match institution name,"The ""Jardim Infância de Mêda"" is associated with the ""Agrupamento de Escolas de Mêda"" (School Group of Mêda). The official website for the ""Agrupamento de Escolas de Mêda"" is https://agrupamentoescolasmeda.pt."
31650,Escola Básica de Seia,Seia,Seia,Jardim de Infância,https://aeseia.pt/,,,"The official website for ""Escola Básica de Seia"" is part of the Agrupamento de Escolas de Seia, and its URL is https://aeseia.pt/. You can also find information about ""Escola Básica Dr. Guilherme Correia de Carvalho, Seia"" at http://www.aegcc.com/."
31734,Jardim de Infância de Santiago,Santiago,Seia,Jardim de Infância,https://infantarios.pt,yes,domain doesn't match institution name,"It appears there are several childcare institutions in Portugal named ""Jardim de Infância de Santiago"" across different locations.

Based on the search results, here are some of the ""Jardim de Infância de Santiago"" and their associated websites or relevant information:

*   **Jardim de Infância de Santiago (Seia):** This institution is part of the ""Agrupamento de Escolas de Seia"". While a direct website for the Jardim de Infância itself isn't explicitly listed, you might find information on the agrupamento's website if it exists. A phone number is available: 238315093.
*   **Jardim de Infância Santiago (Penafiel):** This one is listed on infantarios.pt.
*   **Jardim de Infância de Santiago (Matosinhos):** This institution is listed on Eco-Escolas.
*   **Creche e Jardim de Infância de Santiago da Barra (Viana do Castelo):** This one has a website listed as part of its Coverflex profile: geral@scmviana.pt (this appears to be an email address, not a website) and a phone number 258822350.
*   **Jardim De Infância De Santiago da Guarda (Ansião):** Listed on InfantariosPT with a phone number 236679889.
*   **Colégio Santiago (Carnaxide):** This institution has a dedicated website for its creche and ""Jardim de Infância"".
    *   Website: https://www.colegiosantiago.pt/
*   **Jardim de Infância do Centro Educativo de Santiago Maior (Beja):** This is part of Eco-Escolas and lists a phone number 284341683.

Due to the ambiguity of ""Santiago, Portugal"" as there are many places named Santiago in Portugal, and multiple childcare institutions sharing the same name, it's not possible to definitively provide one single official website.

Therefore, ""not found""."
31825,Escola Básica de Porto da Carne,Porto da Carne,Guarda,Jardim de Infância,not found,,,"The official website for ""Escola Básica de Porto da Carne"" is not found as a standalone website. However, it is part of the ""Agrupamento de Escolas da Sé"". The ""Escola Básica de Porto da Carne/Centro Escolar do Vale do Mondego"" is listed as one of the 11 basic schools within this group.

You can find information related to the school, including contact details and its integration into the educational cluster, through the Agrupamento de Escolas da Sé website."
31826,Escola Básica de Sequeira,Guarda,Guarda,Jardim de Infância,https://www.aese.edu.pt,yes,domain doesn't match institution name,"The ""Escola Básica de Sequeira"" in Guarda, Portugal, is part of the ""Agrupamento de Escolas da Sé, Guarda"" (School Grouping of Sé, Guarda).

The official website for the Agrupamento de Escolas da Sé, Guarda is: https://www.aese.edu.pt"
31827,Jardim de Infância de Póvoa do Mileu,,Guarda,Jardim de Infância,not found,,,"The ""Jardim de Infância de Póvoa do Mileu"" in Guarda, Portugal, does not appear to have a standalone official website. It is part of the Agrupamento de Escolas da Sé, Guarda.

You can find contact information for the Jardim de Infância de Póvoa do Mileu, including an email address (ji.povoamileu@escolas.min-edu.pt) and phone number (271222935), on the escoladevidro.pt website."
31828,Jardim de Infância de Vila Fernando,Vila Fernando,Guarda,Jardim de Infância,not found,,,not found
31834,Jardim de Infância de Guarda-Gare,Guarda-Gare,Guarda,Jardim de Infância,not found,,,"Jardim de Infância de Guarda-Gare is part of the ""Agrupamento de Escolas da Sé, Guarda"". While direct official website for ""Jardim de Infância de Guarda-Gare"" was not found, it is linked to the ""Agrupamento de Escolas da Sé, Guarda"". You can try contacting them via email at ji.guardagare@escolas.min-edu.pt or by phone at 271238762."
31837,Jardim de Infância de Bairro da Luz,,Guarda,Jardim de Infância,https://escoladevidro.pt,yes,domain doesn't match institution name,"The ""Jardim de Infância de Bairro da Luz"" in Guarda, Portugal, is part of the ""Agrupamento de Escolas da Sé, Guarda"" (School Grouping of Sé, Guarda). While there isn't a dedicated official website solely for the ""Jardim de Infância de Bairro da Luz"", information about it can be found through the grouping it belongs to.

Therefore, the most relevant official website is likely that of the ""Agrupamento de Escolas da Sé, Guarda."" However, a direct URL for this specific grouping was not explicitly found. Information about the Jardim de Infância do Bairro da Luz is available on other platforms, such as Mapa Social, escoladevidro.pt, and the Freguesia da Guarda website.

not found"
31838,Jardim de Infância de Alfarazes,Alfarazes,Guarda,Jardim de Infância,https://aese.pt,yes,domain doesn't match institution name,"The Jardim de Infância de Alfarazes is part of the Agrupamento de Escolas da Sé, Guarda. The official website for the Agrupamento de Escolas da Sé, Guarda, which includes information about Jardim de Infância de Alfarazes, is aese.pt."
31839,Jardim de Infância de Panóias de Cima,Panoias de Cima,Guarda,Jardim de Infância,not found,,,not found
32163,Jardim de Infância de Almeida,Almeida,Almeida,Jardim de Infância,not found,,,"It appears that ""Jardim de Infância de Almeida"" in Almeida, Portugal, does not have an independent official website. However, it is listed as an institution under the ""Agrupamento de Escolas de Almeida"" (Almeida School Cluster).

You can find contact information and details about ""Jardim de Infância de Almeida"" on the Mapa Social website.

Therefore, there is no direct URL for an independent official website for ""Jardim de Infância de Almeida""."
32752,Escola Básica de São Romão,São Romão,Seia,Jardim de Infância,not found,,,"The official website for ""Escola Básica de São Romão"" depends on its specific location within Portugal, as there are multiple schools with this name.

Based on the search results, here are some possibilities:

*   **Escola Básica de São Romão in Guimarães:** This school is part of the ""Agrupamento de Escolas Santos Simões"" and its information can be found on their website.
    *   URL: https://www.santossimoes.edu.pt/ (This is the agrupamento's website, where the school's information is located).
*   **Escola Básica de São Romão in Seia:** This school is associated with the ""Agrupamento de Escolas Dr. Guilherme Correia de Carvalho, Seia.""
    *   A direct official website for this specific school was not found, but you can likely find information through the agrupamento's website.
*   **Escola Básica de Arões - São Romão in Fafe:** This school is part of the ""Agrupamento de Escolas de Fafe"".
    *   URL: https://www.ae-fafe.pt/ (This is the agrupamento's website, where the school's information is located).

Given the ambiguity of ""São Romão, Portugal"" without a more specific district or municipality, providing a single definitive URL is not possible. However, the most prominent result is for the school in Guimarães.

Therefore, the most likely relevant URL is: https://www.santossimoes.edu.pt/"
32765,"Escola Básica Dr. Reis Leitão, Loriga","Loriga, Seia Guarda",Seia,Jardim de Infância,not found,,,not found
33875,Escola Básica de Paços da Serra,,Gouveia,Jardim de Infância,https://esgouveia.pt,yes,domain doesn't match institution name,"The ""Escola Básica de Paços da Serra"" in Gouveia, Portugal, is part of the Agrupamento de Escolas de Gouveia. The official website for the Agrupamento de Escolas de Gouveia is https://esgouveia.pt. While there isn't a separate official website specifically for ""Escola Básica de Paços da Serra"", information about it can be found through the Agrupamento's website, or on pages like the Eco-Escolas program, which lists the school's contact details and address."
34476,Jardim de Infância de Vilar Formoso,Vilar Formoso,Almeida,Jardim de Infância,not found,,,"The ""Jardim de Infância de Vilar Formoso"" is part of the ""Agrupamento de Escolas de Almeida"" (Almeida School Group).

The official website for the ""Agrupamento de Escolas de Almeida"" is https://www.agrupamentodeescolasdealmeida.pt."
35091,Escola Básica e Secundária Tenente Coronel Adão Carrapatoso,Vila Nova de Foz Côa,Vila Nova de Foz Côa,Jardim de Infância,not found,,,https://agrupamento-escolas-adao-carrapatoso.pt
35092,Escola Básica de Manteigas,Manteigas,Manteigas,Jardim de Infância,not found,,,http://escolasdemanteigas.com/wp/
35114,Escola Básica N.º 1 de Figueira de Castelo Rodrigo,Figueira Castelo Rodrigo,Figueira de Castelo Rodrigo,Jardim de Infância,https://www.aefcr.pt/moodle,yes,domain doesn't match institution name,"The ""Escola Básica N.º 1 de Figueira de Castelo Rodrigo"" is part of the ""Agrupamento de Escolas de Figueira de Castelo Rodrigo"" (School Group of Figueira de Castelo Rodrigo). The official website for this school group is https://www.aefcr.pt/moodle."
37610,Escola Básica Dr. Abranches Ferrão,Seia,Seia,Jardim de Infância,not found,,,"The ""Escola Básica Dr. Abranches Ferrão"" in Seia, Portugal, is part of the Agrupamento de Escolas de Seia. The official website for this agrupamento (group of schools) is: http://www.aesseia.pt"
37828,Escola Básica Tourias/Paranhos,Tourais,Seia,Jardim de Infância,http://www.aeseia.pt,yes,domain doesn't match institution name,The Escola Básica Tourais/Paranhos is part of the Agrupamento de Escolas de Seia. The official website for the Agrupamento de Escolas de Seia is http://www.aeseia.pt.
39209,Jardim de Infância de Lageosa do Mondego,Lageosa do Mondego,Celorico da Beira,Jardim de Infância,https://alss.org.pt,yes,domain doesn't match institution name,"The official website for ""Jardim de Infância de Lageosa do Mondego"" is part of the Associação Lageosense de Solidariedade Social (ALSS) and can be found at https://alss.org.pt."
2074,Creche e Jardim de Infância do Arrabal,Arrabal,Leiria,Creche e Jardim de Infância,https://larsocialdoarrabal.pt,yes,combined tipo — may have split pages,"The ""Creche e Jardim de Infância do Arrabal"" is part of the ""Fundação Santa Margarida do Arrabal"". The official website for the foundation is not explicitly stated in the search results, however, one result refers to ""larsocialdoarrabal.pt"" as a website for ""Lar Social do Arrabal"" which also includes contact information for the institution.

Therefore, the closest match for an official website based on the provided information is:

http://larsocialdoarrabal.pt"
2075,Centro Social Paroquial de Santa Catarina da Serra,Santa Catarina da Serra,Leiria,Creche,https://centrosocialscs.org.pt,yes,domain doesn't match institution name,"The official website for ""Centro Social Paroquial de Santa Catarina da Serra"" is not explicitly listed as a single, independent URL in the search results. However, there is a reference to ""geral@centrosocialscs.org.pt"" as an email address. One of the search results also mentions ""Cspserra.udipss.org - Centro Social e Paroquial da Serra"" as a website for a similar institution, but it refers to ""Centro Social e Paroquial da Serra,"" not specifically ""Centro Social Paroquial de Santa Catarina da Serra.""

Given the information, an independent official website for ""Centro Social Paroquial de Santa Catarina da Serra"" was not found."
2078,Centro Social Cultural da Paróquia do Souto da Carpalhosa,Souto da Carpalhosa,Leiria,Creche e Jardim de Infância,https://centrosocialdosouto.wordpress.com,yes,combined tipo — may have split pages,https://centrosocialdosouto.wordpress.com
2080,Centro de Assistência Paroquial de Carvide,Carvide,Leiria,Creche e Jardim de Infância,https://capc.pt,yes,domain doesn't match institution name; combined tipo — may have split pages,https://capc.pt
2081,Centro Social Paroquial dos Pousos,Leiria,Leiria,Creche e Jardim de Infância,https://www.csppousos.com,yes,combined tipo — may have split pages,www.csppousos.com
2089,Centro de Bem-Estar Infantil de Monte Real,Monte Real,Leiria,Creche e Jardim de Infância,https://www.cbeimontereal.pt,yes,combined tipo — may have split pages,https://www.cbeimontereal.pt
2090,Bambi - Creche e Jardim de Infância,Leiria,Leiria,Creche,https://bambinfancia.pt,,,"The official website for ""Bambi - Creche e Jardim de Infância"" in Leiria, Portugal is bambinfancia.pt."
2096,Colégio Infantil Chi-Coração,Leiria,Leiria,Creche e Jardim de Infância,not found,,,"Not found. While several directories list contact information for ""Colégio Infantil Chi-Coração"" in Leiria, including phone numbers and email addresses, an official website for the institution was not found in the search results. There is a website for ""Xi-Coração"" which seems to be a childcare institution with similar values, but it's not explicitly stated to be the official website for ""Colégio Infantil Chi-Coração"" in Leiria."
2097,Creche e Jardim de Infância da Sismaria - O Pinóquio,Leiria,Leiria,Creche e Jardim de Infância,not found,,,not found
2104,Casbi - Centro de Convívio e Apoio Social Bidoeirense,Bidoeira de Cima,Leiria,Creche,not found,,,not found
2110,Centro Social Paroquial Paulo VI,Leiria,Leiria,Creche e Jardim de Infância,https://www.csppvi.pt,yes,combined tipo — may have split pages,"The official website for ""Centro Social Paroquial Paulo VI"" in Leiria, Portugal is www.csppvi.pt."
2120,Academia Cultural e Social de Maceira,Maceira Lra,Torres Vedras,Creche,https://www.academiademaceira.com/,,,https://www.academiademaceira.com/
2122,Creche Santa Cecília,Alvaiázere,Alvaiázere,Creche,not found,,,"The official website for Creche Santa Cecília in Alvaiázere, Portugal, is part of the Santa Casa da Misericórdia de Alvaiázere website.

The direct URL for information about Creche Santa Cecília is: https://www.scmalvaiazere.pt/index.php/infancia/creche-santa-cecilia"
2126,Centro Paroquial de Solidariedade Social de Castanheira de Pera,Castanheira de Pera,Castanheira de Pêra,Creche,not found,,,http://www.centroparoquialcastpera.org
2131,Centro de Bem Estar Social Chão de Couce - Jardim de Infância,Chão de Couce,Ansião,Creche e Jardim de Infância,not found,,,"""Centro de Bem Estar Social Chão de Couce"" is an Institution of Private Social Solidarity (IPSS) in Chão de Couce, Portugal, offering both a creche and Jardim de Infância (kindergarten). While a direct official website for the ""Centro de Bem Estar Social Chão de Couce - Jardim de Infância"" was not found, there is contact information available for the ""Centro de Bem Estar Social de Chão de Couce"".

The contact information is:
Email: cbes.couce@sapo.pt
Phone: 926 449 616 or 968 247 110
Address: Lg. Dr. João Lopes Costa Rego, nº 60, 3240-467 Chão de Couce, CHÃO DE COUCE or Lg. Dr. João Lopes Costa Rego, nº 60, CP: 3240-467 Chão de Couce"
2132,Santa Casa da Misericórdia de Ansião,Ansião,Ansião,Creche e Jardim de Infância,https://www.scmansiao.pt,yes,domain doesn't match institution name; combined tipo — may have split pages,www.scmansiao.pt
2133,Centro Social Paroquial da Ilha - Obra Social da Sagrada Família,Ilha Pbl,Pombal,Creche,not found,,,https://www.facebook.com/Centro-Social-Paroquial-da-Ilha-
2150,Jardim de Infância da Santa Casa da Misericórdia de Pedrógão Grande,Pedrógão Grande,Pedrógão Grande,Creche e Jardim de Infância,https://www.scmpg.pt,yes,domain doesn't match institution name; combined tipo — may have split pages,"The official website for ""Jardim de Infância da Santa Casa da Misericórdia de Pedrógão Grande"" is www.scmpg.pt."
2156,"Jardim Escola Primeiro Degrau, Lda",Pombal,Pombal,Creche e Jardim de Infância,not found,,,not found
2157,A Falinha Infantário,Pombal,Pombal,Creche e Jardim de Infância,not found,,,"Not found.

While ""A Falinha Infantário"" in Pombal, Portugal, is listed in several directories with contact information like email addresses (geral@afalinha.pt and afalinha@hotmail.com) and phone numbers (236218333 and 236211071), an official website for the institution was not found in the search results."
2159,Jardim de Infância da Santa Casa da Misericórdia de Porto de Mós,Porto de Mós,Porto de Mós,Creche e Jardim de Infância,https://www.santacasa-portodemos.pt,yes,combined tipo — may have split pages,"The official website for ""Jardim de Infância da Santa Casa da Misericórdia de Porto de Mós"" is www.santacasa-portodemos.pt."
2160,Centro de Bem Estar Infantil S. José - Juncal,Juncal,Porto de Mós,Creche e Jardim de Infância,not found,,,not found
2163,Apepi - Associação de Pais Educadores para Infância,Pombal,Pombal,Creche e Jardim de Infância,https://www.apepi.pt,yes,combined tipo — may have split pages,www.apepi.pt
2166,Casa da Criança Maria Rita Patrocínio da Costa,Monte Redondo Lra,Redondo,Creche e Jardim de Infância,not found,,,https://casadacrianca.fbb.pt/
2167,Associação de Promoção Social -Jardim dos Pequeninos,Vieira de Leiria,Marinha Grande,Creche e Jardim de Infância,https://jardimdospequeninos.com,yes,combined tipo — may have split pages,jardimdospequeninos.com
2170,Associação de Bem-Estar dos Parceiros,Leiria,Leiria,Creche e Jardim de Infância,https://www.abep.pt/,yes,domain doesn't match institution name; combined tipo — may have split pages,https://www.abep.pt/
2184,Creche e Jardim de Infância - Santa Casa da Misericórdia de Figueiró dos Vinhos,Figueiró dos Vinhos,Figueiró dos Vinhos,Creche e Jardim de Infância,https://www.scmfigueirodosvinhos.pt,yes,combined tipo — may have split pages,"The official website for ""Creche e Jardim de Infância - Santa Casa da Misericórdia de Figueiró dos Vinhos"" is www.scmfigueirodosvinhos.pt."
2191,Acurede - Infantáriojavascript:dosubmit('save'),Guia Pbl,Pombal,Creche,https://acurede.pt,,,https://acurede.pt
2200,Abrigo Familiar Casa de São José,Mira de Aire,Porto de Mós,Creche,https://www.abrigofamiliar.pt,,,www.abrigofamiliar.pt
2591,Centro de Bem Estar Infantil,Avelar,Ansião,Creche,not found,,,"The official website for ""Centro de Bem Estar Infantil"" in Avelar, Portugal, is part of the ""Fundação Nossa Senhora da Guia"".

https://www.fnsg-avelar.com/"
3203,"Centro Infantil ""Arco Íris""",Marinha Grande,Marinha Grande,Creche,http://www.santacasamg.pt,yes,domain doesn't match institution name,"The official website for ""Centro Infantil ""Arco Íris"""" in Marinha Grande, Portugal is part of the Santa Casa da Misericórdia da Marinha Grande's website.

http://www.santacasamg.pt"
3206,Centro de Assistência Paroquial de Pataias,Pataias,Alcobaça,Creche,not found,,,https://cappataias.com/
3207,Confraria Nossa Senhora da Nazaré,Nazaré,Nazaré,Creche,not found,,,https://www.cnsn.pt
3215,Equip Soc do Centro Social Paroquial de Alfeizerão,Alfeizerão,Alcobaça,Creche,https://centrosocialparoquialalfeizerao.pt,,,centrosocialparoquialalfeizerao.pt
3217,Centro de Bem-Estar Social da Maiorga,Maiorga,Alcobaça,Creche,https://www.cbesmaiorga.pt/,,,https://www.cbesmaiorga.pt/
3220,Centro Paroquial de Assistência de Nª Srª D'ajuda,Vestiaria,Alcobaça,Creche,not found,,,https://www.centroparoquialdavestiaria.pt
3222,Casa do Povo de Óbidos,Óbidos,Óbidos,Creche,https://www.cpobidos.com/,yes,domain doesn't match institution name,https://www.cpobidos.com/
3227,Santa Casa da Misericórdia do Vimeiro,Vimeiro Acb,Lourinhã,Creche,https://www.santacasavimeiro.pt,,,https://www.santacasavimeiro.pt
3229,Centro Social Padre Fernando Diogo - Creche e Jardim de Infância,Bombarral,Bombarral,Creche,not found,,,"The official website for ""Centro Social Padre Fernando Diogo - Creche e Jardim de Infância"" in Bombarral, Portugal is https://centrosocialpdiogo.wixsite.com/inicio."
3230,Santa Casa da Misericórdia de Peniche,Peniche,Peniche,Creche e Jardim de Infância,https://www.scmpeniche.pt/,yes,combined tipo — may have split pages,https://www.scmpeniche.pt/
3232,Centro Infantil - O Traquinas,Peniche,Peniche,Creche e Jardim de Infância,not found,,,"""Centro Infantil - O Traquinas"" in Peniche, Portugal does not appear to have a standalone official website. However, it is associated with the Santa Casa da Misericórdia de Peniche, which has a website. ""O Traquinas"" is listed as one of their services, specifically for Creche (nursery) and Educação Pré-Escolar (preschool education).

Here are some relevant links:

*   **Mapa Social entry for Centro Infantil - O Traquinas:** This page provides contact information (phone and email) and details about their services.
*   **Santa Casa da Misericórdia de Peniche website:** This is the parent organization. You can find information about ""O Traquinas"" under their ""Infância"" (Childhood) section, specifically for Creche."
3234,Centro Infantil Moinho de Vento,Batalha,Batalha,Creche e Jardim de Infância,not found,,,http://www.apdrb.com
3238,Santa Casa da Misericórdia de Óbidos,Óbidos,Óbidos,Creche,https://www.misericordiaobidos.pt,yes,domain doesn't match institution name,https://www.misericordiaobidos.pt
3240,Centro Paroquial de Bem-Estar Social de Atouguia da Baleia,Atouguia da Baleia,Peniche,Creche e Jardim de Infância,https://www.cpbesab.pt/,yes,domain doesn't match institution name; combined tipo — may have split pages,"The official website for ""Centro Paroquial de Bem-Estar Social de Atouguia da Baleia"" is https://www.cpbesab.pt/."
3248,Centro Social de Valado dos Frades,Valado dos Frades,Nazaré,Creche e Jardim de Infância,not found,,,https://centrosocialvaladodosfrades.webnode.pt
3253,Centro Social Paroquial de Caldas da Rainha,Caldas da Rainha,Caldas da Rainha,Creche e Jardim de Infância,https://www.cspcr.com/,yes,domain doesn't match institution name; combined tipo — may have split pages,https://www.cspcr.com/
3255,Fundação Manuel Francisco Clérigo,São Martinho do Porto,Alcobaça,Creche e Jardim de Infância,https://www.fundacaoclerigo.com,yes,domain doesn't match institution name; combined tipo — may have split pages,www.fundacaoclerigo.com
3257,Equip. Social do Centro Cénico e de Bem-Estar Social de Cela,Cela Acb,Alcobaça,Creche e Jardim de Infância,https://cccela.pt,yes,combined tipo — may have split pages,"The official website for ""Equip. Social do Centro Cénico e de Bem-Estar Social de Cela"" is cccela.pt."
3258,Centro Social Paroquial do Bárrio,Bárrio Acb,Alcobaça,Creche e Jardim de Infância,https://www.cspbarrio.pt,yes,domain doesn't match institution name; combined tipo — may have split pages,"The official website for ""Centro Social Paroquial do Bárrio"" is www.cspbarrio.pt."
3262,Centro Social Paroquial da Benedita,Benedita,Alcobaça,Creche e Jardim de Infância,http://www.cspbenedita.pt/,yes,combined tipo — may have split pages,http://www.cspbenedita.pt/
3263,"Infancoop - Creche e Pre-Escolar ""Girassol""",Caldas da Rainha,Caldas da Rainha,Creche e Jardim de Infância,not found,,,not found
3268,Centro Social Paroquial de Santa Catarina,Santa Catarina,Vagos,Creche e Jardim de Infância,https://www.cspsc.org,yes,domain doesn't match institution name; combined tipo — may have split pages,"The official website for ""Centro Social Paroquial de Santa Catarina"" in Santa Catarina, Caldas da Rainha, Portugal is www.cspsc.org."
3271,Fundação Maria e Oliveira,Alcobaça,Alcobaça,Creche e Jardim de Infância,https://www.fundacaomariaeoliveira.com/,yes,combined tipo — may have split pages,https://www.fundacaomariaeoliveira.com/
3276,Centro Paroquial de Assistência do Reguengo do Fetal,Reguengo do Fétal,Batalha,Creche e Jardim de Infância,http://www.cparf.pt,yes,domain doesn't match institution name; combined tipo — may have split pages,http://www.cparf.pt
3277,Centro Social e Cultural para o Desenvolvimento do Olho Marinho,Olho Marinho,Óbidos,Creche,https://csolhomarinho.pt,,,"The official website for ""Centro Social e Cultural para o Desenvolvimento do Olho Marinho"" is csolhomarinho.pt."
3282,"Nuclisol Jean Piaget - Associação P/ o Desenvolvimento da Criança, Integração e Solidariedade",Caldas da Rainha,Caldas da Rainha,Creche e Jardim de Infância,https://www.nuclisol.org,yes,combined tipo — may have split pages,"The official website for ""Nuclisol Jean Piaget - Associação P/ o Desenvolvimento da Criança, Integração e Solidariedade"" is https://www.nuclisol.org."
3889,Centro Social Paroquial de Turquel,Turquel,Alcobaça,Creche e Jardim de Infância,https://www.cspturquel.pt,yes,combined tipo — may have split pages,https://www.cspturquel.pt
4464,Associação Jardim Infantil de Ferrel,Ferrel,Peniche,Creche e Jardim de Infância,not found,,,jardiminfantildeferrel.pt
12257,"O Brinquinho - Colégio, Lda.",Vidais,Caldas da Rainha,Creche e Jardim de Infância,not found,,,https://colegio-obrinquinho.pt
12260,Centro Social e Cultural da Paróquia de São Mamede,São Mamede,Batalha,Creche,https://cscpsm.pt/,yes,domain doesn't match institution name,"The official website for ""Centro Social e Cultural da Paróquia de São Mamede"" is https://cscpsm.pt/."
12262,"""O Dominó"" - Infantário e Jardim de Infância, Lda",Leiria,Leiria,Creche e Jardim de Infância,not found,,,"Not found.

While several directories and business information sites list ""O Dominó"" - Infantário e Jardim de Infância, Lda in Leiria, Portugal, and provide contact details like phone numbers and email addresses, an official website for the institution was not found in the search results."
12267,Centro Comunitário de Aljubarrota,Aljubarrota (S. Vicente),Alcobaça,Creche e Jardim de Infância,not found,,,"The ""Centro Comunitário de Aljubarrota"" is part of the ""Irmandade da Santa Casa da Misericórdia de Aljubarrota"". Their website is: not found"
18325,Centro Social do Carriço,Carriço,Pombal,Creche,https://www.centrosocialdocarrico.pt,yes,domain doesn't match institution name,https://www.centrosocialdocarrico.pt
18326,Associação de Desenvolvimento Social da Loureira,Santa Catarina da Serra,Leiria,Creche,https://adsloureira.pt,,,"The official website for ""Associação de Desenvolvimento Social da Loureira"" is https://adsloureira.pt."
18329,Jardim de Infância Mouzinho de Albuquerque,Batalha,Batalha,Creche,https://www.cjma.pt,yes,domain doesn't match institution name,www.cjma.pt
18330,Jardim de Infância de Serra D'el-Rei,Serra D'el-Rei,Peniche,Creche e Jardim de Infância,https://gmail.com,yes,domain doesn't match institution name; combined tipo — may have split pages,"The ""Jardim de Infância de Serra D'el-Rei"" does not appear to have its own independent official website. However, it is listed on several Portuguese institutional and directory websites.

Here are some relevant links:

*   **Freguesia de Serra D'El Rei (Parish Council website):** This site lists the ""Associação do Jardim de Infância de Serra D'El-Rei"" under its ""Rede Escolar"" (School Network) section. It provides contact information including an email address (jardimserra@gmail.com) and phone number (262 909 854). (While the Freguesia website itself has a URL, it's a directory listing for the childcare institution, not the institution's independent website).
*   **Mapa Social:** This platform lists Portuguese institutions and their social responses. It has a page for ""Jardim de Infância de Serra D'EL-REI"" with address, phone number, and email.
*   **SomosIPSS:** This website also features a page for ""Jardim de Infância de Serra D'El-Rei"" that outlines its mission and provides access to official documents like budgets and financial statements."
18333,Associação Social e Cultural Paradense,Caldas da Rainha,Caldas da Rainha,Creche e Jardim de Infância,https://www.ascparadense.pt,yes,combined tipo — may have split pages,www.ascparadense.pt
18334,Centro de Amizade e Animação Social de Santiago da Guarda,Santiago da Guarda,Ansião,Creche,https://caas-santiagodaguarda.pt,,,https://caas-santiagodaguarda.pt
18338,Casa - Centro de Apoio Social de Azoia,Azoia,Leiria,Creche,https://www.casazoia.com,,,www.casazoia.com
18341,Centro Social de Vila Cã,Vila Cã,Pombal,Creche,https://csvilaca.pt,,,"The official website for ""Centro Social de Vila Cã"" is https://csvilaca.pt."
18345,"Os Traquinas dos Milagres - Creche e Infantário, Unipessoal Lda.",Leiria,Leiria,Creche e Jardim de Infância,https://www.ostraquinas.pt,yes,combined tipo — may have split pages,"The official website for ""Os Traquinas dos Milagres - Creche e Infantário, Unipessoal Lda."" in Leiria, Portugal is www.ostraquinas.pt."
18346,Os Kanitos,Marinha Grande,Marinha Grande,Creche,not found,,,not found
18352,O Jardim da Isabel,Batalha,Batalha,Creche e Jardim de Infância,not found,,,www.jardimisabel.pt
18654,"Os Traquininhas - Creche, Jardim Infantil e ATL",Caranguejeira,Leiria,Creche e Jardim de Infância,not found,,,https://www.facebook.com/ostraquininhas/
19421,"Colégio Infantil ""O Saltitão""",Leiria,Leiria,Creche e Jardim de Infância,not found,,,"The official website for ""Colégio Infantil ""O Saltitão"""" in Leiria, Portugal is not found. However, it does have an Instagram presence which functions as a de facto website."
19448,"""Tentativa""- Centro Educativo de Leiria, Lda",Leiria,Leiria,Creche,https://sapo.pt,yes,domain doesn't match institution name,"""Tentativa""- Centro Educativo de Leiria, Lda does not appear to have an official website. However, several business directories and social platforms list their contact information and services. The email address provided is tentativa-leiria@sapo.pt.

The institution is located at R. Dr. José Pedro Dias Júnior (Viv.gaby)-Cruz da Areia, 2410-054 Leiria, Portugal. They offer creche (nursery), pre-school, and after-school activities for the first, second, and third cycles, as well as secondary education."
19470,Vida Plena - Associação de Solidariedade Social de Leiria,Leiria,Leiria,Creche,not found,,,"The official website for ""Vida Plena - Associação de Solidariedade Social de Leiria"" is http://work.bizlab.pt/vidaplena/."
20981,"Escola Pátio da Inês, Lda.",Marinha Grande,Marinha Grande,Creche,https://www.escolapatiodaines.pt/,,,"The official website for ""Escola Pátio da Inês, Lda."" in Marinha Grande, Portugal is https://www.escolapatiodaines.pt/."
21001,"Toquinha dos Miminhos, Lda",Leiria,Leiria,Creche,https://www.toquinha.pt,,,"The official website for ""Toquinha dos Miminhos, Lda"" in Leiria, Portugal is www.toquinha.pt."
21025,Lugar dos Príncipes - Creche e Jardim de Infância,Leiria,Leiria,Creche,not found,,,not found
21026,"Infantim, Sociedade de Educação Infantil, Lda.",Marinha Grande,Marinha Grande,Creche,not found,,,"""not found"""
21027,Creche os Pequenos Moinhos,Parceiros,Leiria,Creche,not found,,,not found
21042,Equip Soc Centro Social da Freguesia de Famalicão,Famalicão,Nazaré,Creche,https://csfamalicao.org/,yes,domain doesn't match institution name,"The official website for ""Equip Soc Centro Social da Freguesia de Famalicão"" is https://csfamalicao.org/."
21102,"Os Meninos da Tátá - Acção Social para Infância e Juventude, Lda.",Amor,Leiria,Creche,not found,,,not found
21122,Jardim-Escola João de Deus - Alcobaça,Alcobaça,Alcobaça,Creche,not found,,,"The official website for ""Jardim-Escola João de Deus - Alcobaça"" is not found. However, there are several resources that provide information about the institution, including contact details and its address.

You can find information about ""Jardim Escola João de Deus - Alcobaça"" on the União das Freguesias de Alcobaça e Vestiaria website, which lists its address as Praça João de Deus Ramos Alcobaça, 2460-055, and provides the contact number 262 582 453 and email alcobaca@escolasjoaodeus.pt. Additionally, the institution is listed on Eco-Escolas Portugal, identifying it as an IPSS (Private Institution of Social Solidarity) for pre-school and 1st cycle education."
21263,"Caixinha de Cores - Creche, Infantário e CATL",Colmeias,Leiria,Creche,https://caixinhadecores.pt,,,https://caixinhadecores.pt
21365,Centro Social Paroquial de Regueira de Pontes,Regueira de Pontes,Leiria,Creche,https://centrosocialrp.pt,yes,domain doesn't match institution name,https://centrosocialrp.pt
21502,Casa da Criança de Pombal,Pombal,Pombal,Creche,not found,,,"Not found.

While ""Casa da Criança de Pombal"" is frequently mentioned in various directories and educational program listings, no independent official website URL for the institution was found in the search results. Information available includes its address, contact number, and email, and its affiliation with Santa Casa da Misericórdia de Pombal."
21562,Centro Social Paroquial de Pelariga,Pelariga,Pombal,Creche,https://csppelariga.pt/,,,"The official website for ""Centro Social Paroquial de Pelariga"" is https://csppelariga.pt/."
22756,Sininho Azul - Creche e Jardim de Infância,Marrazes,Leiria,Creche,https://www.sininhoazul.pt,,,https://www.sininhoazul.pt
23343,Fonte Santa / Centro Social da Serra do Bouro,Serra do Bouro,Caldas da Rainha,Creche,not found,,,"The official website for ""Fonte Santa / Centro Social da Serra do Bouro"" is fontesanta.pt."
23388,Creche - Casa Sanches,Leiria,Leiria,Creche,https://www.misericordiadeleiria.pt/servicos/creche-casa-sanches,yes,domain doesn't match institution name,"Creche - Casa Sanches is a childcare institution that is part of the Santa Casa da Misericórdia de Leiria. Therefore, its information can be found on the Santa Casa da Misericórdia de Leiria website.

Here is the URL: https://www.misericordiadeleiria.pt/servicos/creche-casa-sanches"
24017,Associação o Socorro Gaeirense - Creche das Gaeiras,Gaeiras,Óbidos,Creche,not found,,,"The official website for ""Associação o Socorro Gaeirense - Creche das Gaeiras"" is part of the larger ""Associação O Socorro Gaeirense"" website: https://www.socorrogaeirense.com."
24019,Centro Social de Carnide,Carnide,Pombal,Creche,https://www.cspcarnide.pt,,,"There appear to be two institutions with similar names that could be referred to as ""Centro Social de Carnide"":

*   **Centro Social e Paroquial de Carnide** in Lisbon, Portugal. Their website is https://www.cspcarnide.pt. This institution provides support for the elderly and children, including a crèche, kindergarten, and after-school activities.

*   **Centro Social de Carnide** located in Carnide, Pombal, Portugal. Their website is https://centrosocialcarnide.com/. This center offers services for the elderly (residential care, day care, home support) and a crèche for children.

Given the ambiguity, I cannot definitively provide a single URL. Please clarify which ""Carnide"" location you are referring to."
24455,"""Aprender & Companhia""",Louriçal,Pombal,Creche,not found,,,not found
24458,"""O Sobreirinho""",Pombal,Pombal,Creche e Jardim de Infância,not found,,,https://sobreirinho.com/
24465,"O Jardim dos Fraldinhas, Lda",Leiria,Leiria,Creche e Jardim de Infância,https://jardimdofraldinhas.pt,yes,combined tipo — may have split pages,"The official website for ""O Jardim dos Fraldinhas, Lda"" in Leiria, Portugal is jardimdofraldinhas.pt."
24469,"Creche ""O Crescer""",Leiria,Leiria,Creche,not found,,,"The official website for ""Creche ""O Crescer"" in Leiria, Portugal is part of the Académico de Leiria website: https://www.academicleiria.com/o-crescer."
24762,Creche da Acredem,Maçãs de Dona Maria Avz,Alvaiázere,Creche,https://sapo.pt,yes,domain doesn't match institution name,"The official website for ""Creche da Acredem"" in Maçãs de Dona Maria Avz, Portugal is not found.

However, ""Creche da Acredem"" is part of ACREDEM – Associação Social Cultural, Recreativa e Desportiva de Maçãs de Dona Maria. While ACREDEM does not appear to have a dedicated website, information about them, including contact details (email: acredem@sapo.pt, phones: 236 641 154, 922 213 544), and address (Rua Manuel Ferreira da Costa nº6/8, 3250-294 Maçãs D. Maria), can be found on other platforms."
24763,Centro de Bem Estar Infantil de Alcobaça,Alcobaça,Alcobaça,Creche e Jardim de Infância,not found,,,"The ""Centro de Bem Estar Infantil de Alcobaça"" is part of the Portuguese Province of the Sisters of St. Joseph of Cluny (Província Portuguesa das Irmãs de São José de Cluny).

The official website for the institution can be found under the ""Província Portuguesa das Irmâs de São José de Cluny"" website:

https://www.cluny.pt/cbei-alcobaca"
25038,Colégio o Picapau Amarelo,Caldas da Rainha,Caldas da Rainha,Creche e Jardim de Infância,not found,,,"A search for ""Colégio o Picapau Amarelo"" in Caldas da Rainha, Portugal, did not yield an official website. Several directory listings and social service sites provide contact information, but no dedicated website URL was found. One search result mentioned ""Sítio do Pica Pau Amarelo"" with a website, but it does not appear to be directly associated with the ""Colégio o Picapau Amarelo"" in Caldas da Rainha."
25472,Santa Maria,Peniche,Peniche,Creche e Jardim de Infância,not found,,,"https://www.cspbastos.pt/

The ""Creche de Santa Maria"" (Santa Maria Childcare) in Peniche, Portugal, is part of the Centro Social Padre Bastos. The official website for Centro Social Padre Bastos is https://www.cspbastos.pt/."
25948,Supercoop-Cooperativa de Solidariedade Social,Leiria,Leiria,Creche e Jardim de Infância,https://superninho.pt,yes,domain doesn't match institution name; combined tipo — may have split pages,"Based on the search results, ""Supercoop-Cooperativa de Solidariedade Social"" in Leiria, Portugal, operates a childcare institution called ""Superninho - Creche e Jardim de Infância"".

The official website for ""Superninho - Creche e Jardim de Infância"" is: https://superninho.pt"
26438,Centro Social Júlio Antunes - Creche,Vermoil,Pombal,Creche,https://www.csja.pt/,yes,domain doesn't match institution name,https://www.csja.pt/
26641,Creche o Pedrinho,Albergaria dos Doze,Pombal,Creche,not found,,,"The official website for ""Creche o Pedrinho"" in Albergaria dos Doze, Portugal is part of the ""Associação Centro Social do S. Pedro"" website. The direct URL for the creche's information is: https://acsspedro.pt/creche/"
26711,Puro Mimo,Marinha Grande,Marinha Grande,Creche,not found,,,"""not found"""
26742,Reino dos Sonhos,Leiria,Leiria,Creche e Jardim de Infância,not found,,,not found
26758,Lar da Felicidade (Edifício Lua Nova),Meirinhas,Pombal,Creche,https://webcraft.pt,yes,domain doesn't match institution name,"The official website for ""Lar da Felicidade (Edifício Lua Nova)"" in Meirinhas, Portugal, is not found. However, there is a website for ""Lar da Felicidade - Associação de Solidariedade Social"" which lists contact information and details about their services, including the ""Creche Lua Nova"".

The URL for Lar da Felicidade - Associação de Solidariedade Social is not explicitly provided as a simple domain, but the contact page containing relevant information is found within a webcraft.pt domain."
26980,Creche dos Pequenitos,Leiria,Leiria,Creche,not found,,,not found
28376,Lindos Carinhos Unipessoal Lda,Marinha Grande,Marinha Grande,Creche,not found,,,not found
28646,Colégio Infantil Cubo Mágico,Leiria,Leiria,Creche,https://www.cubomagico.pt,,,"The official website for ""Colégio Infantil Cubo Mágico"" in Leiria, Portugal is www.cubomagico.pt."
28700,Fundação Vida Nova Cr,Aljubarrota,Alcobaça,Creche,https://vidanova.pt,,,"The official website for ""Fundação Vida Nova Cr"" is vidanova.pt."
31927,Colégio Conciliar de Maria Imaculada,Leiria,Leiria,Creche,https://www.ccmi.com.pt,yes,domain doesn't match institution name,www.ccmi.com.pt
32825,Centro de Apoio Social da Freguesia de São Gregório,São Gregório,Caldas da Rainha,Creche,https://www.casfsg.pt,yes,domain doesn't match institution name,"The official website for ""Centro de Apoio Social da Freguesia de São Gregório"" is www.casfsg.pt."
33055,Planeta dos Diabretes - Lda.,,Marinha Grande,Creche,https://gmail.com,yes,domain doesn't match institution name,"The official website for ""Planeta dos Diabretes - Lda."" in Marinha Grande, Portugal, was not found. While several directories and business listings provide contact information, including an email address (planetadosdiabretes@gmail.com) and phone number (244234436), none of them link to an official website for the institution itself. The entity is described as a private for-profit institution involved in pre-school education, crèche, and kindergarten activities."
36569,Algodão Doce,Maceira,Torres Vedras,Creche,not found,,,"The official website for ""Algodão Doce"" in Maceira, Portugal, is https://vertexaisearch.cloud.google.com/grounding-api-redirect/AUZIYQH_cU6vV0_WpK9eDkmpCRET4aap5U98ujddo1qGTBjRCRISGiTHZd25kA1t3qn_51FfVwfuXKqPP_4z5zuscMNNWc4a7yIGR_iB1LhRVQ9RpxyMb_gxqMc=."
36641,Associação de Apoio Infantil de Pedreiras,Pedreiras,Porto de Mós,Creche,not found,,,not found
38303,Colégio Rainha Dona Leonor,Caldas da Rainha,Caldas da Rainha,Creche,https://www.crdl.pt,yes,domain doesn't match institution name,https://www.crdl.pt
38884,Centro Social Cultural Recreativo Arelhense,Arelho,Óbidos,Creche,not found,,,not found
39141,Santa Casa da Misericórdia de Porto de Mós - Creche o Rosmaninho,Porto de Mós,Porto de Mós,Creche,https://www.santacasa-portodemos.pt,,,"The official website for ""Santa Casa da Misericórdia de Porto de Mós"" is www.santacasa-portodemos.pt.

""Creche o Rosmaninho"" is one of the childcare facilities operated by Santa Casa da Misericórdia de Porto de Mós."
39271,Jardim Escola o Carrocel,Louriçal,Pombal,Creche,not found,,,"Based on the search results, an official website for ""Jardim Escola o Carrocel"" specifically in Louriçal, Portugal, was not found.

While there are mentions of ""Jardim Escola o Carrocel"" in other locations like Angra do Heroísmo and Benfica, Lisbon, and a ""Blogue do Jardim Escola Carrocel"", none of these appear to be the official website for the institution in Louriçal. The Mapa Social entry for ""JARDIM ESCOLA O CARROCEL"" in Louriçal provides contact information, but no website URL.

Therefore, the answer is: not found."
3228,Centro Social Padre Fernando Diogo,Bombarral,Bombarral,Jardim de Infância,not found,,,https://centrosocialpadrefernandodiogo.wixsite.com/inicio
3265,Associação de Solidariedade e Educação de Salir de Matos,Salir de Matos,Caldas da Rainha,Jardim de Infância,not found,,,http://asesm.pt/
12255,Fundação Vida Nova,Alcobaça,Alcobaça,Jardim de Infância,https://vidanova.pt/,,,"The official website for ""Fundação Vida Nova"" in Alcobaça, Portugal is https://vidanova.pt/."
29400,Viacognos Ldª,Marinha Grande,Marinha Grande,Jardim de Infância,not found,,,"Several sources provide contact information for ""Viacognos Ldª"" in Marinha Grande, Portugal, including phone numbers and email addresses. However, an official website URL for the institution was not found. Viacognos, Lda. has the email address cliccentro@hotmail.com and geral@clic.edu.pt. Their address is Rua Dom João Pereira Venâncio, 2430-291 Marinha Grande.

not found"
29637,Jardim de Infância a Escolinha,Leiria,Leiria,Jardim de Infância,not found,,,not found
29716,Jardim de Infância Sítio dos Pequeninos,Casal Novo,Leiria,Jardim de Infância,not found,,,not found
29809,Jardim de Infância Dr. Leonel Sotto Mayor (Stª Cª da Misericórdia),Caldas da Rainha,Caldas da Rainha,Jardim de Infância,https://www.scmcr.pt/jardim-de-infancia/,yes,domain doesn't match institution name,"The official website for ""Jardim de Infância Dr. Leonel Sotto Mayor (Stª Cª da Misericórdia)"" is part of the Santa Casa da Misericórdia das Caldas da Rainha website.

Here is the URL: https://www.scmcr.pt/jardim-de-infancia/"
29834,Jardim de Infância da Bufarda,Atouguia da Baleia,Peniche,Jardim de Infância,https://www.atb23.net,yes,domain doesn't match institution name,"""Jardim de Infância da Bufarda"" is part of the Agrupamento de Escolas de Atouguia da Baleia (School Group of Atouguia da Baleia). While there isn't a dedicated website solely for the ""Jardim de Infância da Bufarda,"" information about it can be found on the Agrupamento de Escolas de Atouguia da Baleia website.

The official website for the Agrupamento de Escolas de Atouguia da Baleia is: https://www.atb23.net"
29835,Jardim de Infância de Geraldes,Atouguia da Baleia,Peniche,Jardim de Infância,https://www.atb23.net/,yes,domain doesn't match institution name,"The ""Jardim de Infância de Geraldes"" is part of the Agrupamento de Escolas de Atouguia da Baleia. Therefore, its official website is likely the website for the agrupamento:

https://www.atb23.net/"
29842,"Jardim de Infância do Vimeiro, Alcobaça",Vimeiro,Lourinhã,Jardim de Infância,not found,,,"The official website for Jardim de Infância do Vimeiro, Alcobaça is part of the Agrupamento de Escolas da Benedita (Benedita School Group).

Here is the URL: https://www.aebenedita.pt/ji-do-vimeiro/"
29844,"Jardim de Infância do Gaio, Alcobaça",Gaio,Lourinhã,Jardim de Infância,not found,,,"The official website for ""Jardim de Infância do Gaio, Alcobaça"" is part of the Agrupamento de Escolas da Benedita, Alcobaça.

Here is the direct URL for the Jardim de Infância do Gaio: https://www.aebenedita.pt/escolas/j-i-do-gaio/"
29845,Escola Básica N.º 1 de Benedita,Benedita,Alcobaça,Jardim de Infância,https://www.aebenedita.pt,,,"The ""Escola Básica N.º 1 de Benedita"" is part of the ""Agrupamento de Escolas da Benedita"" (School Grouping of Benedita).

The official website for the Agrupamento de Escolas da Benedita, which includes Escola Básica N.º 1 de Benedita, is: https://www.aebenedita.pt"
29906,E.b. 1 de Casal da Vala,Atouguia da Baleia,Peniche,Jardim de Infância,https://www.atb23.net,yes,domain doesn't match institution name,"The institution ""E.b. 1 de Casal da Vala"" in Atouguia da Baleia, Portugal, appears to be part of the ""Agrupamento de Escolas de Atouguia da Baleia"" (School Group of Atouguia da Baleia). While ""E.b. 1 de Casal da Vala"" itself does not seem to have an independent official website, the Agrupamento does.

Therefore, the most relevant official website is for the larger school group:

www.atb23.net"
30176,Escola Básica de Ilha,Ilha,Pombal,Jardim de Infância,https://aevallislongus.pt/,yes,domain doesn't match institution name,"Several institutions are named ""Escola Básica de Ilha"" in Portugal, located in different municipalities.

For ""Escola Básica de Ilha"" in Valongo, Portugal, the official website is https://aevallislongus.pt/. This school is part of the Agrupamento de Escolas Vallis Longus.

Another ""Escola Básica de Ilha"" is located in Pombal, which is part of the Agrupamento de Escolas de Guia, Pombal. While a specific website for this individual school wasn't found, the grouping's website might be relevant.

There is also an ""Escola Básica 1 - Pré Escolar de Ilha"" in Ilha, Santana, Madeira, for which a website was not found in the search results.

Given the ambiguity, please clarify which ""Escola Básica de Ilha"" you are referring to. If you are referring to the one in Valongo, then the URL is provided above. Otherwise, the website is not found."
30177,Escola Básica de Guia,Guia,Pombal,Jardim de Infância,https://aeguia.edu.pt/aeguia5/#,,,"The official website for ""Escola Básica de Guia"" in Guia, Portugal, is part of the ""Agrupamento de Escolas da Guia"". The URL for the agrupamento is https://aeguia.edu.pt/aeguia5/#."
30178,Jardim de Infância de Carriço,Carriço,Pombal,Jardim de Infância,https://aeguia.edu.pt/,yes,domain doesn't match institution name,"The Jardim de Infância de Carriço is part of the Agrupamento de Escolas de Guia, Pombal (School Grouping of Guia, Pombal). The official website for this institution is https://aeguia.edu.pt/."
30181,Escola Básica de Vieirinhos,Carriço,Pombal,Jardim de Infância,https://aeguia.edu.pt,yes,domain doesn't match institution name,"The ""Escola Básica de Vieirinhos"" in Carriço, Portugal, is part of the ""Agrupamento de Escolas de Guia, Pombal"" (School Grouping of Guia, Pombal). While there isn't a direct official website specifically for Escola Básica de Vieirinhos, information about it can be found through the agrupamento.

The email provided for Escola Básica de Vieirinhos is direcao@aeguia.edu.pt, which is an email associated with the Agrupamento de Escolas da Guia.

Therefore, the most relevant official online presence is likely the website for the Agrupamento de Escolas da Guia, Pombal. However, a specific URL for this grouping was not found in the search results.

not found"
30240,Jardim de Infância de Capuchos,Leiria,Leiria,Jardim de Infância,http://aeddinis.ccems.pt/index.php?option=com_content&view=category&layout=blog&id=111&Itemid=131,yes,domain doesn't match institution name,"The ""Jardim de Infância de Capuchos"" in Leiria, Portugal, is part of the Agrupamento de Escolas D. Dinis, Leiria. The official website for this institution is http://aeddinis.ccems.pt/index.php?option=com_content&view=category&layout=blog&id=111&Itemid=131."
30241,Escola Básica de Barosa,Moinhos da Barosa,Leiria,Jardim de Infância,not found,,,"Escola Básica de Barosa in Moinhos da Barosa, Portugal, is part of the Agrupamento de Escolas D. Dinis, Leiria. The Agrupamento de Escolas de Marrazes also seems to encompass the União de Freguesias de Marrazes e Barosa.

While several directory-style websites list ""Escola Básica de Barosa"" and provide contact information such as an address and phone number, none of them appear to be an official website specifically for ""Escola Básica de Barosa"" itself. The provided email addresses (e.g., diretor@aeddisleiria) suggest that communication is handled through the larger ""Agrupamento de Escolas D. Dinis, Leiria.""

Therefore, an official, standalone website for ""Escola Básica de Barosa"" was not found."
30254,Escola Básica de Maçãs de Dona Maria,Maçãs de Dona Maria,Alvaiázere,Jardim de Infância,not found,,,not found
30330,Jardim de Infância de Pilado,Pilado,Marinha Grande,Jardim de Infância,not found,,,not found
30331,Jardim de Infância de Cumeira,Cumeira,Marinha Grande,Jardim de Infância,not found,,,"Based on the search results, there isn't a direct, independent official website solely for ""Jardim de Infância de Cumeira"".

However, there are a few relevant links:

*   The ""Escola Básica e Jardim de Infância de Cumeira de Cima"" is mentioned on the Junta de Freguesia de Juncal website. This appears to be a combined school and kindergarten. The relevant website is: https://www.freguesia-juncal.pt/rede-escolar/jardim-de-infancia-e-escola-basica.
*   Another entry on ""Mapa Social"" mentions ""JARDIM DE INFÂNCIA DE CUMEIRA, MARINHA GRANDE"" and states its owning entity as ""AGRUPAMENTO DE ESCOLAS MARINHA GRANDE NASCENTE"". This suggests it might fall under a larger school cluster.

Given the information, the closest to an ""official website"" that directly references a Jardim de Infância in Cumeira and provides contact information is the one associated with the Junta de Freguesia de Juncal, which mentions ""Escola Básica e Jardim de Infância de Cumeira de Cima"".

Therefore, returning the most relevant URL: https://www.freguesia-juncal.pt/rede-escolar/jardim-de-infancia-e-escola-basica."
30332,Jardim de Infância de Boavista,Boavista,Marinha Grande,Jardim de Infância,not found,,,"Multiple institutions with the name ""Jardim de Infância de Boavista"" exist in Portugal. Without more specific location details within Boavista, Portugal (e.g., municipality or district), it's not possible to definitively identify the exact ""official"" website.

However, here are some URLs for different institutions with ""Jardim de Infância de Boavista"" in their name:

*   **Jardim de Infância da Boavista (Marinha Grande):** https://ae-mgrandenascente.pt/jardins-de-infancia/boavista/
*   **Jardim de Infância de Boavista (Penafiel):** https://ecoescolas.abae.pt/escola/jardim-de-infancia-de-boavista/
*   **Jardim de Infância de Boavista Beire (Paredes):** https://ecoescolas.abae.pt/escola/jardim-de-infancia-de-boavista-beire/
*   **Escola Básica de Boavista (Arcozelo, part of Agrupamento de Escolas Sophia de Mello Breyner):** https://aesophiambreyner.org/escola-b%C3%A1sica-de-boavista

If you can provide additional location information, a more precise URL might be found."
30333,Jardim de Infância de Pedrulheira,Tojeira de Picassinos,Marinha Grande,Jardim de Infância,https://www.aemgnascente.pt,yes,domain doesn't match institution name,"The ""Jardim de Infância de Pedrulheira"" is part of the Agrupamento de Escolas Marinha Grande Nascente.

The official website for the Agrupamento de Escolas Marinha Grande Nascente, which includes the Jardim de Infância de Pedrulheira, is: https://www.aemgnascente.pt"
30334,Jardim de Infância de Trutas,Trutas,Marinha Grande,Jardim de Infância,https://www.aemgnascente.pt,yes,domain doesn't match institution name,"The ""Jardim de Infância de Trutas"" is part of the Agrupamento de Escolas Marinha Grande Nascente.

The official website for the Agrupamento de Escolas Marinha Grande Nascente, which includes the Jardim de Infância de Trutas, is: https://www.aemgnascente.pt"
30466,EB Praia da Vieira,Vieira de Leiria,Marinha Grande,Jardim de Infância,https://www.aevl.pt,yes,domain doesn't match institution name,"The official website for ""EB Praia da Vieira"" is part of the ""Agrupamento de Escolas de Vieira de Leiria"" (School Group of Vieira de Leiria).

The Agrupamento de Escolas de Vieira de Leiria website is: https://www.aevl.pt"
30467,Jardim de Infância de Vieira de Leiria,Vieira de Leiria,Marinha Grande,Jardim de Infância,not found,,,not found
30517,Jardim de Infância de Pousos,Pousos,Leiria,Jardim de Infância,not found,,,"The ""Jardim de Infância de Pousos"" in Pousos, Portugal, appears to be associated with or formerly known as ""Jardim de Infância do Casal dos Matos (antigo JI Pousos)"".

Here are the relevant URLs:
*   https://m.facebook.com/pousos.jardiminfancia
*   https://www.aecorreiamateus.com/ (This is the website for ""Agrupamento de Escolas Dr. Correia Mateus, Leiria,"" which is listed as the proprietary entity for Jardim de Infância de Pousos. The email address for Jardim de Infância de Pousos also uses the aecorreiamateus.com domain: ji.pousos@aecorreiamateus.com.)"
30518,Jardim de Infância de Soutocico,Arrabal,Leiria,Jardim de Infância,http://associacaodepaisdoarrabal.blogspot.com/,yes,domain doesn't match institution name,"The ""Jardim de Infância de Soutocico"" in Arrabal, Portugal, appears to be part of the ""Agrupamento de Escolas Dr. Correia Mateus, Leiria"". While a direct official website for the Jardim de Infância de Soutocico was not found, it is associated with the ""Associação de Pais e Encarregados de Educação da Freguesia de Arrabal"" which has a blogspot website.

http://associacaodepaisdoarrabal.blogspot.com/"
30519,Jardim de Infância de Campo Amarelo,Leiria,Leiria,Jardim de Infância,not found,,,"The ""Jardim de Infância de Campo Amarelo"" in Leiria, Portugal, does not appear to have a standalone official website. However, it is part of the ""Agrupamento de Escolas Dr. Correia Mateus, Leiria"".

You can find information about the institution, including an email address (ji.campoamarelo@aecorreiamateus.com), on the website of the ""UF de Leiria, Pousos, Barreira e Cortes"". It is also listed on the ""Mapa Social"" platform and DirectorioEscolas.eu."
30557,Jardim de Infância de Ordem,Ordem,Marinha Grande,Jardim de Infância,not found,,,not found
30558,Jardim de Infância de Amieirinha,Amieirinha,Marinha Grande,Jardim de Infância,https://agrupamentodeescolasmarinhagrandepoente.wordpress.com/eb-de-amieirinha/,yes,domain doesn't match institution name,"The ""Jardim de Infância de Amieirinha"" is part of the Agrupamento de Escolas Marinha Grande Poente. The official website for the Agrupamento de Escolas Marinha Grande Poente is where information regarding Jardim de Infância de Amieirinha can be found. The specific page for EB de Amieirinha (which includes the Jardim de Infância) is:

https://agrupamentodeescolasmarinhagrandepoente.wordpress.com/eb-de-amieirinha/"
30609,Jardim de Infância de Cortes,Cortes,Leiria,Jardim de Infância,not found,,,"It appears there are multiple institutions named ""Jardim de Infância de Cortes"" in Portugal, located in different municipalities.

For ""Jardim de Infância de Cortes"" in Cortes, **Monção**: The official website is part of the ""Agrupamento de Escolas de Monção"" website.
URL: https://www.aemoncao.com/jardim-de-infancia-de-cortes

For ""Jardim de Infância de Cortes"" in Cortes, **Leiria**: It is part of the ""Agrupamento de Escolas Domingos Sequeira, Leiria"".
URL: https://ecoescolas.abaae.pt/escola/jardim-de-infancia-de-cortes"
30610,Jardim de Infância de Pernelhas,Pernelhas,Leiria,Jardim de Infância,not found,,,not found
30611,Jardim de Infância de Parceiros,Parceiros,Leiria,Jardim de Infância,not found,,,not found
30612,Jardim de Infância de Azoia,Azoia,Leiria,Jardim de Infância,not found,,,not found
30613,Jardim de Infância de Barreira,Barreira,Leiria,Jardim de Infância,not found,,,not found
30614,Jardim de Infância de Reixida,Reixida,Leiria,Jardim de Infância,not found,,,not found
30615,Jardim de Infância de Telheiro,Telheiro,Leiria,Jardim de Infância,not found,,,"It appears there is no independent official website specifically for ""Jardim de Infância de Telheiro"" in Telheiro, Portugal. However, information about the institution is available on the website of the ""União das Freguesias de Leiria, Pousos, Barreira e Cortes"". It is also listed on the Eco-Escolas website and Mapa Social.

The closest to an official presence would be through the Union of Parishes:

https://www.uniãofreguesiasleiriapousosbarreiraecortes.pt/rede-escolar-publica-e-privada/jardim-de-infancia-do-telheiro/"
30625,Escola Básica de Abiul,Abiul,Pombal,Jardim de Infância,https://www.aepombal.edu.pt/,yes,domain doesn't match institution name,"The Escola Básica de Abiul is part of the Agrupamento de Escolas de Pombal. The official website for the Agrupamento de Escolas de Pombal, which includes Escola Básica de Abiul, is https://www.aepombal.edu.pt/."
30626,Escola Básica de Redinha,Redinha,Pombal,Jardim de Infância,https://www.aepombal.edu.pt/,yes,domain doesn't match institution name,The Escola Básica de Redinha is part of the Agrupamento de Escolas de Pombal (School Grouping of Pombal). The official website for the Agrupamento de Escolas de Pombal is https://www.aepombal.edu.pt/.
30629,Jardim de Infância de Assanha da Paz,Almagreira,Pombal,Jardim de Infância,not found,,,not found
30630,Escola Básica de Pelariga,Pelariga,Pombal,Jardim de Infância,https://csppelariga.pt/,,,"Escola Básica de Pelariga does not appear to have an independent official website. It is part of the Agrupamento de Escolas de Pombal.

However, there are other institutions in Pelariga with similar names. The ""CSP Pelariga"" (Centro Social e Paroquial de Pelariga) has a website at https://csppelariga.pt/. This institution offers childcare services (creche), among others.

Additionally, the ""Freguesia de Pelariga"" (Parish of Pelariga) has an official website at https://www.jf-pelariga.pt/."
30631,Escola Básica de Machada,Pelariga,Pombal,Jardim de Infância,https://www.aepombal.edu.pt/,yes,domain doesn't match institution name,"Escola Básica de Machada in Pelariga, Portugal, is part of the Agrupamento de Escolas de Pombal. The official website for the agrupamento (group of schools) is https://www.aepombal.edu.pt/."
30632,Escola Básica de Almagreira,Almagreira,Pombal,Jardim de Infância,https://aepombal.edu.pt,yes,domain doesn't match institution name,"The ""Escola Básica de Almagreira"" in Almagreira, Portugal, is part of the Agrupamento de Escolas de Pombal (School Grouping of Pombal). Therefore, its official information and potentially its dedicated section can be found on the agrupamento's website.

The official website for the Agrupamento de Escolas de Pombal is geral@aepombal.edu.pt."
30633,Escola Básica de Pombal,Pombal,Pombal,Jardim de Infância,https://www.aepombal.edu.pt/,,,"The ""Escola Básica de Pombal"" is part of the ""Agrupamento de Escolas de Pombal"" (School Group of Pombal). The official website for the agrupamento, which includes Escola Básica de Pombal, is https://www.aepombal.edu.pt/."
30634,Escola Básica de Vila Cã,Vila Cã,Pombal,Jardim de Infância,https://www.aepombal.edu.pt/,yes,domain doesn't match institution name,"The official website for ""Escola Básica de Vila Cã"" is https://www.aepombal.edu.pt/. This school is part of the Agrupamento de Escolas de Pombal."
30636,Jardim de Infância de Barrocal,Barrocal,Pombal,Jardim de Infância,https://www.aepombal.edu.pt/,yes,domain doesn't match institution name,"The Jardim de Infância de Barrocal is a public pre-school institution located in Barrocal, Pombal, and is integrated into the Agrupamento de Escolas de Pombal (School Group of Pombal).

The official website for the Agrupamento de Escolas de Pombal, which includes the Jardim de Infância de Barrocal, is https://www.aepombal.edu.pt/."
30637,Escola Básica de Moita do Boi,Moita do Boi- Louriçal,Pombal,Jardim de Infância,https://www.aepombal.edu.pt/,yes,domain doesn't match institution name,"The Escola Básica de Moita do Boi is part of the Agrupamento de Escolas de Pombal (School Group of Pombal). The official website for the Agrupamento de Escolas de Pombal, which includes Escola Básica de Moita do Boi, is https://www.aepombal.edu.pt/."
30749,"Jardim de Infância de Maceirinha, Leiria",Maceira Lra,Torres Vedras,Jardim de Infância,https://aehs.edu.pt/escolas-do-agrupamento/,yes,domain doesn't match institution name,"The ""Jardim de Infância de Maceirinha, Leiria"" does not appear to have a standalone official website. However, it is part of the Agrupamento de Escolas Henrique Sommer. You can find information about it on the Agrupamento de Escolas Henrique Sommer website.

Here's the relevant URL for the Agrupamento de Escolas Henrique Sommer, which lists the Jardim de Infância de Maceirinha:

*   https://aehs.edu.pt/escolas-do-agrupamento/"
30750,"Jardim de Infância de Porto do Carro, Leiria",Maceira Lra,Torres Vedras,Jardim de Infância,https://aehs.edu.pt,yes,domain doesn't match institution name,"The Jardim de Infância de Porto do Carro in Maceira Lra, Leiria, Portugal, does not appear to have its own independent official website. It is part of the Agrupamento de Escolas Henrique Sommer, Maceira, Leiria.

The Agrupamento de Escolas Henrique Sommer has an official website: aehs.edu.pt.

However, the specific ""Jardim de Infância de Porto do Carro"" does not have a dedicated page or direct link to its own official website within the agrupamento's site or other search results. Contact information for the Jardim de Infância de Porto do Carro, including a phone number (244 778 317) and an email address (ji.portodocarro@aehs.edu.pt), is available through the Agrupamento de Escolas Henrique Sommer and other directories."
30751,"Jardim de Infância de Pocariça, Leiria",Maceira Lra,Torres Vedras,Jardim de Infância,https://www.aehs.edu.pt/,yes,domain doesn't match institution name,"The ""Jardim de Infância de Pocariça, Leiria"" is part of the Agrupamento de Escolas Henrique Sommer, located in Maceira, Leiria.

Therefore, its official information, including contact details, would likely be found on the Agrupamento de Escolas Henrique Sommer website.

https://www.aehs.edu.pt/"
30752,"Jardim de Infância de Cavalinhos, Leiria",Maceira Lra,Torres Vedras,Jardim de Infância,https://www.aehs.edu.pt/,yes,domain doesn't match institution name,"Jardim de Infância de Cavalinhos, Leiria does not appear to have an independent official website. It is part of the Agrupamento de Escolas Henrique Sommer (School Group Henrique Sommer) in Maceira, Leiria.

You can find information about it through the Agrupamento de Escolas Henrique Sommer's website:
*   **Agrupamento de Escolas Henrique Sommer:** https://www.aehs.edu.pt/

Additionally, the Freguesia de Maceira (Parish of Maceira) website also lists the Jardim de Infância de Cavalinhos under its school network:
*   **Freguesia de Maceira - Rede Escolar:** https://www.freguesiademaceira.pt/rede-escolar/"
30754,"Jardim de Infância de a-Dos-Pretos, Leiria",Maceira Lra,Torres Vedras,Jardim de Infância,not found,,,"The ""Jardim de Infância de A-dos-Pretos, Leiria"" is part of the Agrupamento de Escolas Henrique Sommer. The official website for the agrupamento (group of schools) is https://vertexaisearch.cloud.google.com/grounding-api-redirect/AUZIYQH8Dy06eHLiViNclHaI1v4GDMtEOPVOokXiSYj8n5EBK9SWvp3EOKOfsOEHfDjjIY6_QWLIGBMHYKwu5H3BdOcgUmPokBTOElj7XPHf8xWvtSvKpBNa2SjdW9YA4cBpVwvPiTtEanSq."
30755,"Jardim de Infância de a-Do-Barbas, Leiria",Maceira Lra,Torres Vedras,Jardim de Infância,https://aehs.edu.pt/,yes,domain doesn't match institution name,"The ""Jardim de Infância de a-Do-Barbas, Leiria"" in Maceira Lra, Portugal, is part of the Agrupamento de Escolas Henrique Sommer. While there isn't a dedicated website solely for the ""Jardim de Infância de a-Do-Barbas"" itself, you can find information about it on the Agrupamento de Escolas Henrique Sommer website.

Here's the relevant URL: https://aehs.edu.pt/"
30770,Escola Básica de Coimbrão,Coimbrão,Leiria,Jardim de Infância,not found,,,not found
30771,Jardim de Infância de Vale da Pedra,Souto da Carpalhosa,Leiria,Jardim de Infância,not found,,,not found
30772,Jardim de Infância de Moita da Roda,Souto da Carpalhosa,Leiria,Jardim de Infância,not found,,,"The official website for ""Jardim de Infância de Moita da Roda"" in Souto da Carpalhosa, Portugal, is not found. However, there is a ""Centro Social e Cultural da Paróquia do Souto da Carpalhosa"" which includes a Jardim de Infância. Their website is https://cscpsouto.com/."
30773,Jardim de Infância de Bajouca,Bajouca,Leiria,Jardim de Infância,not found,,,"There appear to be two institutions with similar names, ""Jardim de Infância de Bajouca"" in Leiria and ""Jardim de Infância de Bajouca-Pigeiros"" in Santa Maria da Feira.

For ""Jardim de Infância de Bajouca"" in Bajouca, Leiria, the institution is part of the Agrupamento de Escolas Rainha Santa Isabel. The Freguesia da Bajouca website lists it as part of this school group and provides an email for the EB1 da Bajouca (which shares a building with the Jardim de Infância) as info@eb1-bajouca-n1.rcts.pt. While this isn't a direct website for the Jardim de Infância, it indicates its affiliation.

For ""Jardim de Infância de Bajouca-Pigeiros"" in Santa Maria da Feira, it is part of the Agrupamento de Escolas de Arrifana. An email address jibajouca@gmail.com is associated with it, and it participates in the Eco-Escolas program, with a dedicated page on their website.

Given the prompt specifies ""Jardim de Infância de Bajouca"" in Bajouca, Portugal, and the information points to it being part of a larger school group rather than having its own independent official website, and without a specific URL for the childcare institution itself, the most accurate answer is ""not found""."
30774,"Jardim de Infância de Carreira, Leiria",Carreira,Redondo,Jardim de Infância,not found,,,not found
30775,Escola Básica de Souto da Carpalhosa,Souto do Carpalhosa,Leiria,Jardim de Infância,not found,,,"The official website for ""Escola Básica de Souto da Carpalhosa"" is not found in the search results. While several directories and educational portals list the school, they either do not provide a website link or indicate that it is unavailable. It appears to be part of the ""Agrupamento de Escolas Rainha Santa Isabel"", but a specific website for the ""Escola Básica de Souto da Carpalhosa"" itself is not directly provided."
30776,Jardim de Infância de Riba D'aves,Ortigosa,Leiria,Jardim de Infância,not found,,,not found
30777,Jardim de Infância de Ruivaqueira,Ortigosa,Leiria,Jardim de Infância,not found,,,"The ""Jardim de Infância de Ruivaqueira"" is part of the Agrupamento de Escolas Rainha Santa Isabel in Leiria, Portugal.

Based on the search results, there isn't a dedicated official website for ""Jardim de Infância de Ruivaqueira"" itself. Instead, it is listed as one of the establishments under the Agrupamento de Escolas Rainha Santa Isabel.

Therefore, the closest to an ""official website"" would be the page dedicated to the institution on the agrupamento's website. However, the provided search results do not give a direct URL to that specific page. It only mentions ""Ver mais"" (See more) next to the institution's name, implying a link exists within their site.

Given the instructions to return only the URL or ""not found"", and since a direct URL for the institution's individual page was not found, the answer is: not found."
30778,Jardim de Infância de Monte Real,Monte Real,Leiria,Jardim de Infância,https://eb23rsi.edu.pt,yes,domain doesn't match institution name,"Several institutions in Monte Real, Portugal, are listed as ""Jardim de Infância de Monte Real"" or similar. It appears there isn't a single, independent ""official website"" for a childcare institution solely named ""Jardim de Infância de Monte Real."" Instead, these institutions are often part of larger educational groupings or social welfare centers.

Here are the relevant URLs found:

*   **Agrupamento de Escolas Rainha Santa Isabel:** The ""Jardim de Infância de Monte Real"" is listed as one of the establishments under this public school cluster. The contact information for the Jardim de Infância de Monte Real can be found on their website.
    *   URL: Not a direct URL for the Jardim de Infância, but the Agrupamento's website is the closest to an ""official"" presence for this specific public kindergarten. To access the information about this specific ""Jardim de Infância de Monte Real,"" you would navigate to the ""Estabelecimentos"" or ""Contactos"" section on the Agrupamento's website. The website for the Agrupamento de Escolas Rainha Santa Isabel is info@eb23rsi.edu.pt (email listed, but website is eb23rsi.edu.pt)

*   **Centro de Bem Estar Infantil de Monte Real:** This is an IPSS (Private Institution of Social Solidarity) that includes creche and pre-school facilities in Monte Real.
    *   URL: https://www.cbeimontereal.pt/

Given the request for *only the URL or ""not found""*, and the ambiguity of a single ""official website"" for ""Jardim de Infância de Monte Real"" due to multiple institutions with similar names and affiliations:

not found"
30779,Jardim de Infância de Outeiro da Fonte,Carvide,Leiria,Jardim de Infância,https://www.eb23rsi.edu.pt/agrupamento/estabelecimentos,yes,domain doesn't match institution name,"The ""Jardim de Infância de Outeiro da Fonte"" in Carvide, Portugal, does not appear to have a standalone official website. However, it is part of the Agrupamento de Escolas Rainha Santa Isabel, Carreira, Leiria. You can find information and contact details for the Jardim de Infância of Outeiro da Fonte on the Agrupamento de Escolas Rainha Santa Isabel website.

Here is the relevant URL:

https://www.eb23rsi.edu.pt/agrupamento/estabelecimentos"
30792,"Escola Básica de Albergaria dos Doze, Pombal (Centro Escolar)",Albergaria dos Doze,Pombal,Jardim de Infância,not found,,,"The ""Escola Básica de Albergaria dos Doze, Pombal (Centro Escolar)"" is part of the ""Agrupamento de Escolas Gualdim Pais"" in Pombal. While there isn't a dedicated website specifically for the ""Escola Básica de Albergaria dos Doze"" alone, you can find information about it on the Agrupamento de Escolas Gualdim Pais website.

Here is the URL for the Agrupamento de Escolas Gualdim Pais, which includes information about the Escola Básica de Albergaria dos Doze:

not found"
30793,"Escola Básica de São Simão de Litém, Pombal (Centro Escolar)",Pombal,Pombal,Jardim de Infância,not found,,,"The ""Escola Básica de São Simão de Litém, Pombal (Centro Escolar)"" in Pombal, Portugal, is part of the Agrupamento de Escolas Gualdim Pais.

The official website for the Agrupamento de Escolas Gualdim Pais is: https://vertexaisearch.cloud.google.com/grounding-api-redirect/AUZIYQG_Cyiu_opkGfN5ifn_l1o90h7xQamwJwH5Xbti5KsLg016pnCElw5jr_GWF9x7AanpVxDtQuC8Mx4VGA9dTD4sMf3pG2R7F_ff5EKPFjF3IvFKM72SZzNbaFeOMvm9xogqlFN2xo12m8_HLXLSUoE"
30794,Jardim de Infância de Alto dos Crespos,Pombal,Pombal,Jardim de Infância,https://agpais.edu.pt/,yes,domain doesn't match institution name,"The ""Jardim de Infância de Alto dos Crespos"" in Pombal, Portugal, is part of the Agrupamento de Escolas Gualdim Pais. While there isn't a dedicated website specifically for the ""Jardim de Infância de Alto dos Crespos,"" you can find information about it on the Agrupamento de Escolas Gualdim Pais website, or the Agrupamento de Escolas de Pombal website. The Agrupamento de Escolas de Pombal website is: https://agpais.edu.pt/."
30795,"Escola Básica de Carnide, Pombal (Centro Escolar)",Carnide,Pombal,Jardim de Infância,not found,,,"The ""Escola Básica de Carnide, Pombal (Centro Escolar)"" is part of the Agrupamento de Escolas Gualdim Pais in Pombal, Portugal.

The official website for the Agrupamento de Escolas Gualdim Pais is not explicitly provided in the search results, but it is indicated that the ""Escola Básica de Carnide (pré-escolar e 1º ciclo)"" is listed under the ""Freguesia de Carnide"" section of the ""Estabelecimentos"" page for the Agrupamento de Escolas Gualdim Pais.

Therefore, the most relevant official website is likely that of the Agrupamento de Escolas Gualdim Pais.

not found"
30796,Jardim de Infância de Santiago de Litém,Pombal,Pombal,Jardim de Infância,https://agpais.edu.pt/,yes,domain doesn't match institution name,"The ""Jardim de Infância de Santiago de Litém"" in Pombal, Portugal, is integrated into the Agrupamento de Escolas Gualdim Pais. Therefore, its official website is likely the website of this school group.

https://agpais.edu.pt/"
30797,Jardim de Infância de Flandes,Pombal,Pombal,Jardim de Infância,not found,,,not found
30798,Jardim de Infância de Charneca,Pombal,Pombal,Jardim de Infância,https://agpais.edu.pt/,yes,domain doesn't match institution name,"The ""Jardim de Infância de Charneca"" in Pombal, Portugal, is integrated into the Agrupamento de Escolas Gualdim Pais. Therefore, its official information, including contact details and potentially a dedicated page, can be found on the agrupamento's website.

https://agpais.edu.pt/"
30801,"Escola Básica de Meirinhas, Pombal (Centro Escolar)",Meirinhas,Pombal,Jardim de Infância,https://jf-meirinhas.pt/,,,"The official website for ""Escola Básica de Meirinhas, Pombal (Centro Escolar)"" is not found as a standalone website.

However, information about the ""Centro Escolar de Meirinhas"" can be found on the following:

*   **Junta de Freguesia de Meirinhas (Parish Council of Meirinhas):** https://jf-meirinhas.pt/
*   **Agrupamento de Escolas Gualdim Pais, Pombal (School Grouping Gualdim Pais, Pombal):** This is the grouping the school belongs to, and information about the schools within the grouping can be found here."
30804,Centro Escolar de Avelar,Avelar,Ansião,Jardim de Infância,not found,,,"The ""Centro Escolar de Avelar"" is located in Avelar, Ansião, Portugal. It is part of the Agrupamento de Escolas de Ansião (School Grouping of Ansião).

While there isn't a dedicated website specifically for ""Centro Escolar de Avelar,"" you can find information related to it on the following websites:

*   **Eco-Escolas Program (ABAAE):** https://ecoescolas.abaae.pt/frontoffice/pages/15?id_equipamento=190 (This page provides information about Centro Escolar de Avelar as an Eco-School).
*   **Municipality of Ansião:** https://www.cm-ansiao.pt/pages/911 (This page lists the ""Centro Escolar de Avelar"" as part of the public school network in the municipality of Ansião and provides contact information).
*   **Mapa Social:** https://www.mapasocial.pt/timeline/centro-escolar-de-avelar-1647467657 (This platform provides information about social institutions in Portugal, including Centro Escolar de Avelar, with contact details).

Therefore, based on the search results, there isn't a standalone ""official website"" solely for ""Centro Escolar de Avelar."" Information is primarily available through the broader educational or municipal platforms it is associated with."
30805,Centro Escolar de Santiago da Guarda,Santiago da Guarda,Ansião,Jardim de Infância,not found,,,"The Centro Escolar de Santiago da Guarda is part of the Agrupamento de Escolas de Ansião (Ansião School Group). While there isn't a dedicated website solely for the ""Centro Escolar de Santiago da Guarda,"" its information, including contact details and its role as an ""Eco-Escola,"" can be found on the Agrupamento de Escolas de Ansião's website or related educational platforms.

Given this, the most relevant official online presence is likely through the larger school group it belongs to.

not found"
30806,Centro Escolar de Chão de Couce,Chão de Couce,Ansião,Jardim de Infância,not found,,,"The ""Centro Escolar de Chão de Couce"" is part of the Agrupamento de Escolas de Ansião (School Group of Ansião). While there isn't a dedicated official website solely for ""Centro Escolar de Chão de Couce,"" information about it can be found on the website of the Municipality of Ansião (CM Ansião) and the Agrupamento de Escolas de Ansião.

Here are the relevant URLs:

*   **Municipality of Ansião (CM Ansião) - Parque Escolar section:** [https://www.cm-ansiao.pt/areas-de-atividade/educacao/parque-escolar/](https://www.cm-ansiao.pt/areas-de-atividade/educacao/parque-escolar/)
*   **Agrupamento de Escolas de Ansião (Coordenação de estabelecimento):** [https://www.esas.edu.pt/agrupamento/coordenacao-de-estabelecimento/](https://www.esas.edu.pt/agrupamento/coordenacao-de-estabelecimento/)"
30807,Centro Escolar de Lagarteira,Lagarteira,Ansião,Jardim de Infância,not found,,,not found
30808,Jardim de Infância de Alvorge,Alvorge,Ansião,Jardim de Infância,https://escoladevidro.pt,yes,domain doesn't match institution name,"The ""Jardim de Infância de Alvorge"" is part of the Agrupamento de Escolas de Ansião (School Group of Ansião), which is a public school network. It offers pre-school education. While there isn't a dedicated website for the Jardim de Infância de Alvorge itself, it is listed on the website of the Municipality of Ansião and on escoladevidro.pt, which provides contact information and details about the school.

Not found."
30809,Jardim de Infância de Ansião,Ansião,Ansião,Jardim de Infância,not found,,,"The ""Jardim de Infância de Ansião"" is part of the ""Agrupamento de Escolas de Ansião"" (School Group of Ansião).

The official website for the Agrupamento de Escolas de Ansião is: https://www.agrupamentoansiao.pt"
30810,Jardim de Infância de Lagoa Parada,Santiago da Guarda,Ansião,Jardim de Infância,not found,,,"The ""Jardim de Infância de Lagoa Parada"" is located in Santiago da Guarda, which is part of the municipality of Ansião, Portugal. While several directories and municipal pages list the institution, a dedicated official website for ""Jardim de Infância de Lagoa Parada"" was not found in the search results. It is part of the Agrupamento de Escolas de Ansião, which is a public school network."
30902,Jardim de Infância de Bidoeira de Cima,Bidoeira de Cima,Leiria,Jardim de Infância,not found,,,not found
30903,Jardim de Infância de Milagres,Milagres,Leiria,Jardim de Infância,not found,,,not found
30905,Jardim de Infância de Boavista,Boa Vista,Leiria,Jardim de Infância,not found,,,"It appears there are multiple institutions in Portugal with ""Jardim de Infância de Boavista"" in their name, located in different areas.

Based on the search results, the ""Jardim de Infância da Boavista"" that belongs to the Agrupamento de Escolas Marinha Grande Nascente has a section on the agrupamento's website.

The ""Jardim de Infância de Boavista"" located in Boa Vista, Leiria, has contact information listed on Mapa Social, including an email address, but no specific website for the institution itself is provided.

Given the ambiguity and the request to return only the URL or ""not found"", and since a direct, standalone official website for ""Jardim de Infância de Boavista"" specifically in Boa Vista, Portugal (Leiria district) was not clearly found, I will state ""not found"" for a dedicated website. However, if the user is referring to the one that belongs to Agrupamento de Escolas Marinha Grande Nascente, the relevant part of the URL is within the agrupamento's website.

not found"
30906,Jardim de Infância de Mata,Mata dos Milagres,Leiria,Jardim de Infância,not found,,,"It appears there isn't a dedicated, official website solely for ""Jardim de Infância de Mata"" in Mata dos Milagres, Leiria, Portugal.

However, the institution is listed as part of the Agrupamento de Escolas de Colmeias. You can find information and contact details for the Jardim de Infância de Mata (Mata dos Milagres) on their website.

Therefore, the closest to an ""official website"" is: not found"
30907,Jardim de Infância de Colmeias,Colmeias,Leiria,Jardim de Infância,http://agcolmeias.com/portal,,,"The ""Jardim de Infância de Colmeias"" is part of the Agrupamento de Escolas de Colmeias (Schools Group of Colmeias). The official website for the Agrupamento de Escolas de Colmeias is http://agcolmeias.com/portal. This website provides information about all the schools within the group, including the Jardim de Infância de Colmeias."
30908,Jardim de Infância de Bouça,Colmeias,Leiria,Jardim de Infância,not found,,,"The ""Jardim de Infância de Bouça"" is part of the ""Agrupamento de Escolas de Colmeias"". While the Agrupamento de Escolas de Colmeias has an official website, there doesn't appear to be a separate, dedicated website specifically for the ""Jardim de Infância de Bouça"".

Therefore, the closest thing to an official website would be the page on the Agrupamento de Escolas de Colmeias website that lists the various kindergartens, including Jardim de Infância de Bouça.

not found"
30909,Jardim de Infância de Marrazes,Marrazes,Leiria,Jardim de Infância,https://www.aemarrazes.com,,,"The ""Jardim de Infância de Marrazes"" is part of the ""Agrupamento de Escolas de Marrazes"" (Marrazes School Grouping).

Therefore, the official website for ""Jardim de Infância de Marrazes"" is the website for the ""Agrupamento de Escolas de Marrazes"".

https://www.aemarrazes.com"
30910,Jardim de Infância de Marinheiros,,Leiria,Jardim de Infância,not found,,,not found
30911,Escola Básica de Pinheiros,,Leiria,Jardim de Infância,https://www.aemarrazes.com/,yes,domain doesn't match institution name,"The official website for Escola Básica de Pinheiros in Leiria, Portugal, is part of the Agrupamento de Escolas de Marrazes. The direct link to their page is not explicitly provided, but the Agrupamento's website is the relevant official online presence.

https://www.aemarrazes.com/"
30912,Jardim de Infância de Gândara dos Olivais,Gândara dos Olivais,Leiria,Jardim de Infância,https://www.aemarrazes.com/,yes,domain doesn't match institution name,"The ""Jardim de Infância de Gândara dos Olivais"" is part of the ""Agrupamento de Escolas de Marrazes, Leiria"" (School Grouping of Marrazes, Leiria).

You can find information related to this kindergarten on the Agrupamento de Escolas de Marrazes website, specifically under their ""Jardins de Infância"" (Kindergartens) section.

https://www.aemarrazes.com/"
30913,Jardim de Infância de Amor,Amor,Leiria,Jardim de Infância,not found,,,not found
30914,Jardim de Infância de Regueira de Pontes,Casais,Leiria,Jardim de Infância,not found,,,"The official website for ""Jardim de Infância de Regueira de Pontes"" is not found. However, it is part of the ""Agrupamento de Escolas de Marrazes"". You can find information about it on the Agrupamento de Escolas de Marrazes website."
30915,Jardim de Infância Quinta do Amparo,,Leiria,Jardim de Infância,https://aemarrazes.com,yes,domain doesn't match institution name,"A ""Jardim de Infância Quinta do Amparo"" in Leiria, Portugal, is associated with the Agrupamento de Escolas de Marrazes. The official website for the Agrupamento de Escolas de Marrazes is not explicitly stated as a direct URL for the Jardim de Infância Quinta do Amparo.

However, contact information for ""JI de Quinta do Amparo"" lists an email address as ""jiquintadoamparo@aemarrazes.com"" and a phone number as 961 136 734, suggesting a connection to the ""aemarrazes.com"" domain. The Agrupamento de Escolas de Marrazes has an online presence and includes information about its schools.

Therefore, while there isn't a dedicated website solely for ""Jardim de Infância Quinta do Amparo,"" its information is likely integrated within the Agrupamento de Escolas de Marrazes' online platform.

not found"
30916,Jardim de Infância de Coucinheira,Coucinheira,Leiria,Jardim de Infância,not found,,,not found
30917,"Jardim de Infância de Bairro das Almuinhas, Marrazes",,Leiria,Jardim de Infância,not found,,,"The ""Jardim de Infância de Bairro das Almuinhas, Marrazes"" in Leiria, Portugal, is part of the Agrupamento de Escolas de Marrazes. The official website for the Agrupamento de Escolas de Marrazes, which includes this kindergarten, is https://www.aemarrazes.pt."
30919,Jardim de Infância de Barreiros,Barreiros,Leiria,Jardim de Infância,not found,,,not found
30921,Escola Básica de Batalha,Batalha,Batalha,Jardim de Infância,not found,,,"The official website for ""Escola Básica de Batalha"" in Batalha, Portugal is http://esbatalha.ccems.pt. This school is part of the ""Agrupamento de Escolas da Batalha""."
30922,Escola Básica de São Mamede,São Mamede,Batalha,Jardim de Infância,not found,,,"It appears there are several ""Escola Básica de São Mamede"" institutions in Portugal, associated with different municipalities and groupings of schools. Without more specific information about the exact location within ""São Mamede, Portugal"" (as ""São Mamede"" can be a freguesia within a larger municipality), it's difficult to pinpoint a single official website.

However, based on the search results, here are some potential official websites for different ""Escola Básica de São Mamede"" schools:

*   **For Escola Básica de São Mamede in Batalha:** The institution is part of ""Agrupamento de Escolas da Batalha."" You may find information on their website, although a direct link to the school's specific page wasn't immediately available.
*   **For Escola Básica de Este São Mamede (Braga):** This school is part of the ""União das Freguesias de Este (São Pedro e São Mamede)"". Their website is https://freguesiadeeste.pt/rede-escolar/escola-basica-de-este-sao-mamede.
*   **For Escola Básica de S. Mamede in Évora:** This school is associated with the ""União das Freguesias de Évora (São Mamede, Sé, São Pedro e Santo Antão)"". Information regarding the school, particularly its canteen services, can be found at https://www.uf-centrohistoricodeevora.pt/escola-basica-de-s-mamede. This school is also listed under ""Agrupamento de Escolas Severim de Faria, Évora.""
*   **For Escola Básica de São Mamede (part of Agrupamento de Escolas Severim de Faria):** The website for the agrupamento is https://aeseverimfaria.pt/escola-basica-de-sao-mamede/.
*   **For EB/JI de Este S. Mamede (part of AE Carlos Amarante):** This school is listed under the Agrupamento de Escolas Carlos Amarante.

Given the ambiguity, I cannot definitively provide a single URL."
30923,Escola Básica de Casais dos Ledos,Casais dos Ledos,Batalha,Jardim de Infância,not found,,,"The Escola Básica de Casais dos Ledos is part of the Agrupamento de Escolas da Batalha (School Grouping of Batalha).

Based on the search results, there isn't a dedicated official website solely for ""Escola Básica de Casais dos Ledos."" However, information about it can be found on the Batalha Municipal Council website, as it's part of the local school network.

Therefore, the closest to an ""official website"" would be the education section of the Batalha Municipal Council: https://www.cm-batalha.pt/educacao (This URL is inferred from the search result about ""Rede Escolar - Câmara Municipal da Batalha"", although the direct URL was not provided in the snippets).

If only a direct URL for the specific school is requested, then the answer is ""not found""."
30924,Escola Básica de Quinta do Sobrado,Quinta do Sobrado,Batalha,Jardim de Infância,not found,,,"The official website for ""Escola Básica de Quinta do Sobrado"" is not directly available. However, it is part of the ""Agrupamento de Escolas da Batalha"".

Here are some relevant links and information found:
*   An entry on escolApp Portugal provides details for Escola Básica de Quinta do Sobrado, Batalha, including an email address: info@eb1-qt-sobrado.rcts.pt.
*   The Mapa Social platform also lists the institution and indicates it is owned by ""AGRUPAMENTO DE ESCOLAS DA BATALHA"".
*   The Câmara Municipal da Batalha (Batalha City Council) website lists ""Escola Básica da Quinta do Sobrado (Pré-Escolar e 1º CEB)"" under its ""Rede Escolar"" (School Network) with a contact number: 244 766 549.
*   Another listing on escoladevidro.pt provides the email: eb1.qtsobrado@escolas.min-edu.pt and confirms it belongs to ""Agrupamento de Escolas de Batalha"".

Based on the information, the school likely operates under the umbrella of the Agrupamento de Escolas da Batalha, which may have a central website for all its schools. However, a specific, independent website for ""Escola Básica de Quinta do Sobrado"" was not found in the search results."
30925,Jardim de Infância de Golpilheira,Golpilheira,Batalha,Jardim de Infância,not found,,,"The official website for Jardim de Infância de Golpilheira is not found. However, it is part of the Agrupamento de Escolas da Batalha. You can find information about it on the Batalha Municipality website."
30926,Jardim de Infância de Torre,Reguengo do Fetal,Batalha,Jardim de Infância,not found,,,not found
30968,Escola Básica de Alvorninha,Alvorninha,Caldas da Rainha,Jardim de Infância,https://www.aerbp.pt/escolas/eb-alvorninha,yes,domain doesn't match institution name,"The Escola Básica de Alvorninha is part of the ""Agrupamento de Escolas Rafael Bordalo Pinheiro"" (School Grouping Rafael Bordalo Pinheiro) in Caldas da Rainha, Portugal.

The official website for the Escola Básica de Alvorninha is a specific page within the larger grouping's website: https://www.aerbp.pt/escolas/eb-alvorninha"
30969,Jardim de Infância do Carvalhal Benfeito,Carvalhal Benfeito,Caldas da Rainha,Jardim de Infância,https://www.aerbp.pt/escolas/ji-carvalhal-benfeito,yes,domain doesn't match institution name,"The ""Jardim de Infância do Carvalhal Benfeito"" is part of the Agrupamento de Escolas Rafael Bordalo Pinheiro (AERBP). The relevant website is: https://www.aerbp.pt/escolas/ji-carvalhal-benfeito."
31165,Jardim de Infância do Vau,Vau,Óbidos,Jardim de Infância,not found,,,"The ""Jardim de Infância do Vau"" in Vau, Portugal, does not appear to have a standalone official website. However, it is part of the Agrupamento de Escolas Josefa de Óbidos, which has a website where information about the Jardim de Infância do Vau can be found.

The relevant URL is: https://agrupamento-josefadeobidos.pt/jardins-de-infancia/vau/"
31166,Jardim de Infância de Óbidos,Óbidos,Óbidos,Jardim de Infância,not found,,,"The ""Jardim de Infância de Óbidos"" is part of the Agrupamento de Escolas Josefa de Óbidos. While there isn't a direct website solely for ""Jardim de Infância de Óbidos,"" information about it can be found on the Agrupamento de Escolas Josefa de Óbidos website.

Therefore, the closest to an official website for ""Jardim de Infância de Óbidos"" would be the website of the school cluster it belongs to:

https://www.aejosefadeobidos.pt/"
31167,Jardim de Infância de a-Dos-Negros,A-Dos-Negros,Óbidos,Jardim de Infância,not found,,,"The ""Jardim de Infância de A-dos-Negros"" is part of the Agrupamento de Escolas Josefa de Óbidos.

The official website for the Agrupamento de Escolas Josefa de Óbidos, which includes the Jardim de Infância de A-dos-Negros, is: https://executivo@escolasobidos.net."
31169,Jardim de Infância do Arelho,Santa Maria,Óbidos,Jardim de Infância,not found,,,"The ""Jardim de Infância do Arelho"" is part of the Agrupamento de Escolas Josefa de Óbidos. The official website for this institution is part of the larger school group's website.

https://agrupamento.escolasobidos.net/jardim-de-infancia-do-arelho/"
31170,Jardim de Infância de Olho Marinho,Olho Marinho,Óbidos,Jardim de Infância,https://www.cm-obidos.pt/pages/1890,yes,domain doesn't match institution name,"The official website for ""Jardim de Infância de Olho Marinho"" is part of the ""Agrupamento de Escolas Josefa de Óbidos"" website. You can find information about it here: https://www.cm-obidos.pt/pages/1890."
31171,Jardim de Infância da Usseira,Usseira,Óbidos,Jardim de Infância,not found,,,"The official website for ""Jardim de Infância da Usseira"" is part of the Agrupamento de Escolas Josefa de Óbidos website: https://www.escolasobidos.net/jardim-de-infancia-de-usseira. The kindergarten also has a presence on the Usseira Parish Council website: https://www.freguesiadeusseira.pt/escola-e-jardim-de-infancia."
31172,Jardim de Infância de Amoreira,Amoreira,Óbidos,Jardim de Infância,not found,,,https://agrupamento.escolasobidos.net/jardins-de-infancia/jardim-de-infancia-de-amoreira/
31173,Jardim de Infância de Gaeiras,Gaieiras,Óbidos,Jardim de Infância,not found,,,"The official website for ""Jardim de Infância de Gaeiras"" is part of the ""Agrupamento Escolas Josefa de Óbidos"" website.

https://agrupamento.escolasobidos.net/jardim-de-infancia-das-gaeiras/"
31180,Escola Básica Nº 1 do Bombarral,Bombarral,Bombarral,Jardim de Infância,http://www.aefp.pt,yes,domain doesn't match institution name,"The Escola Básica Nº 1 do Bombarral is part of the Agrupamento de Escolas de Fernão do Pó, Bombarral. The official website for the agrupamento (group of schools) is http://www.aefp.pt."
31181,Jardim de Infância da Quinta de Santo António,,Bombarral,Jardim de Infância,https://cm-bombarral.pt,yes,domain doesn't match institution name,"The ""Jardim de Infância da Quinta de Santo António"" in Bombarral, Portugal, does not appear to have a dedicated official website. It is part of the Agrupamento de Escolas Fernão do Pó.

However, you can find information about it on the Agrupamento de Escolas Fernão do Pó website, specifically on their ""Contactos"" and ""Estabelecimentos"" pages. The local municipality (cm-bombarral.pt) also publishes news regarding the kindergarten."
31182,Jardim de Infância do Pó,Pó,Bombarral,Jardim de Infância,http://www.aefp.pt,yes,domain doesn't match institution name,"The ""Jardim de Infância do Pó"" is part of the ""Agrupamento de Escolas Fernão do Pó"" (Fernão do Pó School Grouping).

The official website for the Agrupamento de Escolas Fernão do Pó is http://www.aefp.pt."
31183,Jardim de Infância de Vale da Várzea,Bombarral,Bombarral,Jardim de Infância,https://www.aefp.pt,yes,domain doesn't match institution name,"The ""Jardim de Infância de Vale da Várzea"" in Bombarral, Portugal, is part of the ""Agrupamento de Escolas de Fernão do Pó"" (Fernão do Pó School Grouping). Therefore, its official online presence is through the agrupamento's website.

The official website is: https://www.aefp.pt"
31191,Jardim de Infância do Campo,Tornada,Caldas da Rainha,Jardim de Infância,not found,,,"The official website for ""Jardim de Infância do Campo"" in Tornada, Portugal is http://www.eb1-tornada.rcts.pt."
31192,Escola Básica de Salir de Matos,Salir de Matos,Caldas da Rainha,Jardim de Infância,not found,,,not found
31193,Escola Básica de Reguengo da Parada,Reguengo da Parada,Caldas da Rainha,Jardim de Infância,https://agdjoao.org,yes,domain doesn't match institution name,"The official website for ""Escola Básica de Reguengo da Parada"" is likely part of the ""Agrupamento de Escolas D. João II"" website.

Here is the URL: agdjoao.org"
31194,Escola Básica de Nossa Senhora do Pópulo,Caldas da Rainha,Caldas da Rainha,Jardim de Infância,not found,,,not found
31195,Jardim de Infância do Casal Celão,Serra do Bouro,Caldas da Rainha,Jardim de Infância,not found,,,"The Jardim de Infância do Casal Celão in Serra do Bouro, Caldas da Rainha, Portugal does not appear to have a standalone official website. However, it is part of the Agrupamento de Escolas D. João II.

The official website for the Agrupamento de Escolas D. João II is https://www.aedj2.edu.pt/."
31196,Jardim de Infância da Lagoa Parceira,Lagoa Parceira,Caldas da Rainha,Jardim de Infância,not found,,,not found
31197,Jardim de Infância do Coto,Coto,Caldas da Rainha,Jardim de Infância,https://mcr.pt,yes,domain doesn't match institution name,"It appears that ""Jardim de Infância do Coto"" does not have a dedicated official website. However, several directories and educational platforms list information about the institution.

You can find information about ""Jardim de Infância do Coto"" on the following platforms:

*   **Coverflex:** This platform lists the institution's address, email (tesouraria@mcr.pt), and phone number (262240000).
*   **Eco-Escolas:** This website provides information about the school's municipality (Caldas da Rainha), agrupamento (Escolas D. João II), and type (Public).
*   **Creche na minha rua:** This directory also provides contact information and lists the district as Leiria and the municipality as Caldas da Rainha.
*   There's also a blogspot page titled ""Jardim de Infância do Coto"" that appears to be maintained by the institution, featuring posts about activities up to 2019."
31198,Jardim de Infância de Salir do Porto,Salir do Porto,Caldas da Rainha,Jardim de Infância,not found,,,"The official website for ""Jardim de Infância de Salir do Porto"" is part of the União das Freguesias de Tornada e Salir do Porto website.

Here is the URL: https://www.jf-tornadasalirport.pt/rede-escolar/escola-basica-e-jardim-de-infancia-de-salir-do-porto"
31251,Jardim de Infância de Caldelas,Caldelas,Leiria,Jardim de Infância,not found,,,not found
31252,Jardim de Infância de Magueigia,Quinta da Sardinha,Leiria,Jardim de Infância,not found,,,"The ""Jardim de Infância de Magueigia"" is located in Quinta da Sardinha, Santa Catarina da Serra, Batalha, Leiria, Portugal.

It is part of the ""Agrupamento de Escolas Caranguejeira - Santa Catarina da Serra"". While a website for the ""Agrupamento de Escolas Caranguejeira - Santa Catarina da Serra"" or the specific childcare institution was not found, there is an email address provided for the Jardim de Infância de Magueigia: ji.qtsardinha@escolas.min-edu.pt.

Therefore, an official website for ""Jardim de Infância de Magueigia"" was not found."
31253,Jardim de Infância de Santa Eufémia,,Leiria,Jardim de Infância,not found,,,not found
31254,Jardim de Infância de Souto do Meio,Souto do Meio,Leiria,Jardim de Infância,not found,,,"The ""Jardim de Infância de Souto do Meio"" is part of the Agrupamento de Escolas Caranguejeira - Santa Catarina da Serra (School Grouping of Caranguejeira - Santa Catarina da Serra).

The official website for the school grouping, which would include information for Jardim de Infância de Souto do Meio, is aecscs.edu.pt."
31255,Jardim de Infância de Caranguejeira,Caranguejeira,Leiria,Jardim de Infância,not found,,,"The ""Jardim de Infância de Caranguejeira"" is part of the ""Agrupamento de Escolas Caranguejeira - Sta Catarina da Serra"" (School Grouping of Caranguejeira - Santa Catarina da Serra).

The official website for the school grouping is: https://www.aecscs.edu.pt"
31256,Jardim de Infância de Loureira,Loureira,Leiria,Jardim de Infância,https://DirectorioEscolas.eu,yes,domain doesn't match institution name,"The ""Jardim de Infância de Loureira"" in Loureira, Portugal, does not appear to have an independent official website. However, it is part of the Agrupamento de Escolas Caranguejeira - Santa Catarina da Serra.

Information about the institution can be found on various directories and educational portals:

*   **Escola de Vidro:** Provides contact information and details about the school's offerings.
*   **Mapa Social:** Lists the institution with contact details and identifies its proprietary entity as Agrupamento de Escolas Caranguejeira - Santa Catarina da Serra.
*   **DirectorioEscolas.eu:** Offers basic information, contact number, and email.
*   **Coverflex:** Includes a listing with address and phone number, noting that it accepts Coverflex Infância.
*   **Serviços Públicos:** Provides contact details and location within the municipality of Leiria.
*   There is also a blog titled ""Jardim de Infância da Loureira"" which appears to share activities and experiences from the school."
31257,Jardim de Infância N.º 2 de Santa Catarina da Serra,Pinheiria,Leiria,Jardim de Infância,not found,,,"The ""Jardim de Infância N.º 2 de Santa Catarina da Serra"" in Pinheiria, Portugal, is part of the Agrupamento de Escolas Caranguejeira - Santa Catarina da Serra.

Here is the URL for the Agrupamento de Escolas Caranguejeira - Santa Catarina da Serra, which includes information on the Jardim de Infância N.º 2 de Santa Catarina da Serra:

https://www.agrupamentodeescolascaranguejeira.pt/"
31258,Jardim de Infância de Vale Sumo,Olivais,Leiria,Jardim de Infância,not found,,,"The ""Jardim de Infância de Vale Sumo"" appears to be located in Leiria, specifically Santa Catarina da Serra, and not Olivais, Lisbon, as initially stated in the request. There is no official website found for ""Jardim de Infância de Vale Sumo"". Other childcare institutions are listed for Olivais, Lisbon, but not one with that specific name.

not found"
31259,Jardim de Infância N.º 1 de Santa Catarina da Serra,Pinheiria,Leiria,Jardim de Infância,not found,,,"The ""Jardim de Infância N.º 1 de Santa Catarina da Serra"" in Pinheiria, Portugal, is part of the Agrupamento de Escolas Caranguejeira - Santa Catarina da Serra.

However, there is no direct official website specifically for ""Jardim de Infância N.º 1 de Santa Catarina da Serra"". Information about it can be found on pages related to the larger school grouping it belongs to, or on general school directories.

not found"
31341,Escola Básica Pedrógão Grande,Pedrógão Grande,Pedrógão Grande,Jardim de Infância,https://www.agpedrogao.pt,yes,domain doesn't match institution name,www.agpedrogao.pt
31354,Escola Básica de Pedreiras,Pedreiras,Porto de Mós,Jardim de Infância,not found,,,"Based on the search results, an official, independent website specifically for ""Escola Básica de Pedreiras"" in Pedreiras, Portugal, was not found.

The school appears to be part of a larger group, the ""Agrupamento de Escolas de Porto de Mós"". While contact information like phone numbers and email addresses are available, a distinct website for this specific basic school is not apparent in the search results."
31355,Jardim de Infância de Calvaria de Cima,Calvaria de Cima,Porto de Mós,Jardim de Infância,not found,,,"""Jardim de Infância de Calvaria de Cima"" does not appear to have a standalone official website. However, it is associated with the ""Agrupamento de Escolas de Porto de Mós"", and contact information for the ""Escola Básica Calvaria de Cima"" (which may include the Jardim de Infância) is available on the Agrupamento's website.

Additionally, the ""Casa do Povo de Calvaria de Cima"" provides a ""Serviço de Apoio à Família"" that includes support for the school and kindergarten in Calvaria de Cima, and they have a website. The Freguesia de Calvaria de Cima website also lists contact information for ""JI + EB 1 Calvaria de Cima"" with an email address for the Parents' Association."
31356,Jardim de Infância de Arrimal,Arrimal,Porto de Mós,Jardim de Infância,not found,,,"The ""Jardim de Infância de Arrimal"" in Arrimal, Portugal, appears to be part of the Agrupamento de Escolas de Porto de Mós (School Group of Porto de Mós). While there isn't a direct, independent website specifically for Jardim de Infância de Arrimal, information regarding it can be found on the Agrupamento de Escolas de Porto de Mós's website, or directories listing schools and institutions.

Therefore, the most relevant official website is that of the larger school group it belongs to: not found."
31358,Escola Básica de São Bento,S. Bento,Porto de Mós,Jardim de Infância,http://www.ecarnaxide.pt/,yes,domain doesn't match institution name,"It appears there are several ""Escola Básica de São Bento"" institutions in Portugal. To provide the correct URL, more specific location information is needed.

However, based on the search results, here are some URLs for different ""Escola Básica de São Bento"" schools, along with their locations:

*   **Escola Básica São Bento (Barcarena, Oeiras):** http://www.ecarnaxide.pt/
*   **Escola Básica de São Bento (Santarém):** Not directly provided, but it is part of ""Agrupamento de Escolas Sá da Bandeira"".
*   **Escola Básica e Secundária de S. Bento (Vizela, Braga):** This school is part of the ""Agrupamento de Escolas de S. Bento, Vizela"". You can find information about it at: https://aesbento.weebly.com/
*   **ESCOLA BÁSICA DE SÃO BENTO (Porto de Mós):** This institution is listed on ""Mapa Social"" but no direct website is provided.
*   **EB1/JI São Bento da Batalha (Santo Tirso):** https://eb1jisbentodabatalha.webnode.pt/

Since ""S. Bento, Portugal"" is a general location and doesn't specify a district or municipality, a definitive single URL cannot be provided without further clarification."
31359,Jardim de Infância de Alqueidão da Serra,Alqueidão da Serra,Porto de Mós,Jardim de Infância,https://www.aepm.pt/escolas/escolas-do-1o-ciclo-e-jardins-de-infancia/,yes,domain doesn't match institution name,"The ""Jardim de Infância de Alqueidão da Serra"" is part of the ""Agrupamento de Escolas de Porto de Mós"" (School Group of Porto de Mós).

While there isn't a dedicated website solely for the Jardim de Infância de Alqueidão da Serra, information and contacts for it can be found on the Agrupamento de Escolas de Porto de Mós website.

https://www.aepm.pt/escolas/escolas-do-1o-ciclo-e-jardins-de-infancia/"
31360,Jardim de Infância de Juncal,Juncal,Porto de Mós,Jardim de Infância,https://iej.pt/,yes,domain doesn't match institution name,"The official website for ""Jardim de Infância de Juncal"" appears to be part of the Instituto Educativo do Juncal.

https://iej.pt/"
31361,Escola Básica de Serro Ventoso,Serro Ventoso,Porto de Mós,Jardim de Infância,not found,,,not found
31363,Escola Básica de Cumeira de Cima,Cumeira de Cima,Porto de Mós,Jardim de Infância,not found,,,"The ""Escola Básica de Cumeira de Cima"" is part of the ""Agrupamento de Escolas de Porto de Mós"". While there isn't a dedicated official website for ""Escola Básica de Cumeira de Cima"" itself, information about it can be found on the website of the Junta de Freguesia de Juncal, which is the local parish council.

The relevant URL is: https://www.freguesia-juncal.pt/rede-escolar/escola-basica-e-jardim-de-infancia-de-cumeira-de-cima"
31364,Jardim de Infância de Alvados,Alvados,Porto de Mós,Jardim de Infância,not found,,,not found
31481,Jardim de Infância São Cristóvão,,Caldas da Rainha,Jardim de Infância,https://aerp.pt/ji-de-sao-cristovao/,yes,domain doesn't match institution name,"The official website for Jardim de Infância São Cristóvão in Caldas da Rainha, Portugal, is aerp.pt/ji-de-sao-cristovao/."
31482,Jardim de Infância da Foz do Arelho,,Caldas da Rainha,Jardim de Infância,http://aerp.pt/,yes,domain doesn't match institution name,http://aerp.pt/
31483,Escola Básica N.º 1/JI de Santo Onofre,Caldas da Rainha,Caldas da Rainha,Jardim de Infância,https://aerp.pt,yes,domain doesn't match institution name,"The ""Escola Básica N.º 1/JI de Santo Onofre"" in Caldas da Rainha, Portugal, is part of the Agrupamento de Escolas Raul Proença (AERP). The official website for the AERP, which includes information about this specific school, is aerp.pt."
31484,Jardim de Infância do Bairro das Morenas,Bairro das Morenas,Caldas da Rainha,Jardim de Infância,not found,,,"A official website for Jardim de Infância do Bairro das Morenas was not found. However, there are several listings with contact information and addresses.

Here's what was found:
*   **Email:** ji.morenas@escolas.min-edu.pt
*   **Phone:** +351 262 248 003 or 262880430
*   **Address:** Rua Francisco Ramos, 2500-831 Caldas da Rainha, Portugal"
31485,Jardim de Infância do Nadadouro,Nadadouro,Caldas da Rainha,Jardim de Infância,http://aerp.pt/,yes,domain doesn't match institution name,"The official website for Jardim de Infância do Nadadouro is http://aerp.pt/. This institution is part of the Agrupamento de Escolas Raul Proença in Caldas da Rainha, Portugal."
31755,EB1/JI de Ataíja de Cima,Ataíja de Cima,Alcobaça,Jardim de Infância,https://www.aecister.pt,yes,domain doesn't match institution name,"EB1/JI de Ataíja de Cima is part of the Agrupamento de Escolas de Cister (School Group of Cister). The official website for the Agrupamento de Escolas de Cister, which includes information about EB1/JI de Ataíja, is https://www.aecister.pt."
31756,EB1/JI de Martingança,Martingança,Alcobaça,Jardim de Infância,https://www.aecister.pt/escolas/eb1ji-martinganca,yes,domain doesn't match institution name,"The official website for ""EB1/JI de Martingança"" is part of the Agrupamento de Escolas de Cister website.

https://www.aecister.pt/escolas/eb1ji-martinganca"
31757,EB1/JI de Carris,Carris Acb,Alcobaça,Jardim de Infância,https://aecister.pt/escolas/eb1ji-carris,yes,domain doesn't match institution name,The official website for EB1/JI de Carris is aecister.pt/escolas/eb1ji-carris.
31758,EB1/JI de Aljubarrota,Aljubarrota,Alcobaça,Jardim de Infância,https://www.aecister.pt,yes,domain doesn't match institution name,EB1/JI de Aljubarrota is part of the Agrupamento de Escolas de Cister. The official website for this agrupamento (group of schools) is https://www.aecister.pt.
31759,Jardim de Infância de Évora de Alcobaça,Évora de Alcobaça,Alcobaça,Jardim de Infância,https://www.aecister.pt/escolas/ji-evora-de-alcobaca,yes,domain doesn't match institution name,"The ""Jardim de Infância de Évora de Alcobaça"" is part of the Agrupamento de Escolas de Cister. Its official website can be found at: https://www.aecister.pt/escolas/ji-evora-de-alcobaca."
31760,Jardim de Infância da Póvoa,Póvoa Acb,Alcobaça,Jardim de Infância,https://aecister.pt,yes,domain doesn't match institution name,"It appears there are several institutions in Portugal with ""Jardim de Infância da Póvoa"" in their name, located in different areas. To pinpoint the correct official website, the specific location ""Póvoa Acb"" is crucial.

Based on the search results:

*   **Jardim de Infância da Póvoa, Alcobaça:** This institution is located at Rua das Barrias, 63, 2460-396 Póvoa ACB and is part of the ""Agrupamento de Escolas de Cister de Alcobaça"". Their official website is aecister.pt, and the specific page for ""JI Póvoa"" is available.

Therefore, the URL for ""Jardim de Infância da Póvoa"" in Póvoa Acb is:

https://www.aecister.pt/escolas/ji-povoa/"
31761,Jardim de Infância da Burinhosa,Burinhosa,Alcobaça,Jardim de Infância,https://www.aecister.pt/aec,yes,domain doesn't match institution name,"The ""Jardim de Infância da Burinhosa"" is part of the Agrupamento de Escolas de Cister. Its official information can be found on the agrupamento's website.

https://www.aecister.pt/aec"
31762,EB1/JI do Carvalhal de Aljubarrota,Carvalhal Acb,Alcobaça,Jardim de Infância,https://www.aecister.pt/escolas/eb1ji-carvalhal/,yes,domain doesn't match institution name,"The official website for ""EB1/JI do Carvalhal de Aljubarrota"" is likely integrated within the Agrupamento de Escolas de Cister de Alcobaça's website, as the school is part of this agrupamento (group of schools). The relevant URL is:

https://www.aecister.pt/escolas/eb1ji-carvalhal/"
31903,Jardim Escola João de Deus - Leiria,Leiria,Leiria,Jardim de Infância,not found,,,https://www.jardim-escola-joaodeus.pt/leiria/
31924,Colégio de Nossa Senhora de Fátima,Leiria,Leiria,Jardim de Infância,https://colegiosf.com,yes,domain doesn't match institution name,"The official website for ""Colégio de Nossa Senhora de Fátima"" in Leiria, Portugal is colegiosf.com."
31964,Escola Básica/JI do Bairro dos Arneiros,Caldas da Rainha,Caldas da Rainha,Jardim de Infância,https://www.aerp.pt,yes,domain doesn't match institution name,"The ""Escola Básica/JI do Bairro dos Arneiros"" in Caldas da Rainha, Portugal, is part of the ""Agrupamento de Escolas Raul Proença"" (Raul Proença School Grouping).

Therefore, its official website is likely integrated within the Agrupamento de Escolas Raul Proença's website: https://www.aerp.pt"
32022,EB João Beare,Marinha Grande,Marinha Grande,Jardim de Infância,not found,,,http://www.eb1-joao-beare-m-grande-1.rbe.min-edu.pt/
32063,Escola Básica de Alvaiázere,Alvaiázere,Alvaiázere,Jardim de Infância,not found,,,"The ""Escola Básica de Alvaiázere"" is part of the ""Agrupamento de Escolas de Alvaiázere"" (School Grouping of Alvaiázere). The official website for the Agrupamento de Escolas de Alvaiázere is https://aealvaiazere.inovarmais.com/."
32150,Jardim de Infância de a-Da-Gorda,Santa Maria,Óbidos,Jardim de Infância,not found,,,"The official website for ""Jardim de Infância de A-da-Gorda"" is part of the Agrupamento de Escolas Josefa de Óbidos website: https://www.agrupamento-josefadeobidos.pt/jardim-de-infancia-de-a-da-gorda."
32208,Escola Básica de Tornada,Tornada,Caldas da Rainha,Jardim de Infância,not found,,,not found
32228,Escola Básica do Avenal,Caldas da Rainha,Caldas da Rainha,Jardim de Infância,https://agdjoao.org,yes,domain doesn't match institution name,"The ""Escola Básica do Avenal"" is part of the ""Agrupamento de Escolas D. João II"" in Caldas da Rainha, Portugal. The official website for the agrupamento (group of schools) is agdjoao.org."
32322,EB Casal de Malta,Marinha Grande,Marinha Grande,Jardim de Infância,not found,,,"""EB Casal de Malta"" in Marinha Grande, Portugal, is part of the ""Agrupamento de Escolas Marinha Grande Poente"" (School Grouping Marinha Grande West). The official website for this grouping, which would include information for EB Casal de Malta, is not explicitly listed in the search results. However, contact information is provided, including an email address for the agrupamento: direcao@aemarinha-grande.edu.gov.pt. Another email for the school is eb.casaldemalta@age-mgpoente.pt.

Therefore, a direct URL for ""EB Casal de Malta"" is not found."
32338,EB Fonte Santa,Marinha Grande,Marinha Grande,Jardim de Infância,not found,,,https://www.age-mgpoente.pt/escola-basica-de-fonte-santa/
32343,EB Prof. Francisco Veríssimo,Marinha Grande,Marinha Grande,Jardim de Infância,not found,,,"""EB Prof. Francisco Veríssimo"" in Marinha Grande, Portugal, is part of the ""Agrupamento de Escolas Marinha Grande Poente"". The official website for this agrupamento (group of schools) is not explicitly provided in the search results, but an email for the ""Agrupamento de Escolas Marinha Grande Poente"" is listed as direcao@aemarinha-grande.edu.gov.pt. Another email provided for the school itself is eb.franciscoverissimo@age-mgpoente.pt.

Based on the information, a direct, standalone official website for ""EB Prof. Francisco Veríssimo"" is not found. However, it is part of a larger school group, ""Agrupamento de Escolas Marinha Grande Poente""."
32344,EB Moita,Moita,Moita,Jardim de Infância,not found,,,"The ""EB Moita"" most likely refers to one of the ""Escola Básica da Moita"" (Moita Basic School) institutions within the ""Agrupamento de Escolas da Moita"" (Moita School Group). There are several schools with ""Moita"" in their name.

The Agrupamento de Escolas da Moita (Moita School Group) is the overarching institution, and its official website is:

https://www.agrupamentoescolasmoita.pt/"
32345,EB Várzea,Marinha Grande,Marinha Grande,Jardim de Infância,not found,,,"The official website for ""EB Várzea"" in Marinha Grande, Portugal is not found. The school is part of the ""Agrupamento de Escolas Marinha Grande Poente"". You can find information about it on the agrupamento's website, but there isn't a dedicated official website for EB Várzea itself."
32383,Escola Básica da Ribafria,Benedita,Alcobaça,Jardim de Infância,https://www.aebenedita.pt,yes,domain doesn't match institution name,"The Escola Básica da Ribafria in Benedita, Portugal, is part of the Agrupamento de Escolas da Benedita (Benedita School Group). The official website for this school group, which includes the Escola Básica da Ribafria, is https://www.aebenedita.pt."
32610,Escola Básica da Rebolaria,Batalha,Batalha,Jardim de Infância,not found,,,"Not found.

While ""Escola Básica da Rebolaria"" in Batalha, Portugal is listed on several directories and mentioned in news articles, an official, independent website for the institution was not found. The school is part of the ""Agrupamento de Escolas da Batalha"". Contact information, including phone number (244 766 277) and email (eb1.rebolaria@escolas.min-edu.pt or es3batalha@gmail.com), is available through various sources. The Câmara Municipal da Batalha (Batalha City Council) website also lists the school as part of its educational network."
32611,Escola Básica da Faniqueira,Batalha,Batalha,Jardim de Infância,not found,,,"""Escola Básica da Faniqueira"" is part of the ""Agrupamento de Escolas da Batalha"" (School Group of Batalha). The official website for the Agrupamento de Escolas da Batalha is https://www.aebatalha.pt/."
32690,"Jardim de Infância de Monte Redondo, Leiria",Monte Redondo,Redondo,Jardim de Infância,not found,,,"It appears there are a few childcare institutions in Monte Redondo, and the search results show some variations in how ""Jardim de Infância de Monte Redondo, Leiria"" is referenced.

One entry, ""JARDIM DE INFÂNCIA DE MONTE REDONDO, LEIRIA"", indicates it's owned by ""AGRUPAMENTO DE ESCOLAS RAINHA SANTA ISABEL, CARREIRA, LEIRIA"" and suggests checking their Facebook page for contacts. Another result refers to ""Escola Básica e Jardim de Infância de Monte Redondo"" in Leiria, which accepts Coverflex Infância, but its website field is empty.

However, there is a ""EB1/JI Monte Redondo"" that is part of the ""Agrupamento de Escolas Henriques Nogueira"" and its contact information is available. The Agrupamento de Escolas Henriques Nogueira has a page for EB1/JI Monte Redondo.

Therefore, the closest to an ""official website"" for a Jardim de Infância in Monte Redondo, Leiria, is likely the page within the Agrupamento de Escolas Henriques Nogueira.

https://www.aehn.pt/escolas/eb1-ji-monte-redondo"
33095,Jardim de Infância de Vidigal,Leiria,Leiria,Jardim de Infância,not found,,,"The ""Jardim de Infância de Vidigal"" is part of the Agrupamento de Escolas Dr. Correia Mateus in Leiria, Portugal. While a direct, independent website for the Jardim de Infância de Vidigal was not found, its information is available through the Agrupamento de Escolas Dr. Correia Mateus and other municipal listings.

You can find details for the Jardim de Infância de Vidigal on the website of the União das Freguesias de Leiria, Pousos, Barreira e Cortes, which provides its address and email: ji.vidigal@aecorreiamateus.com.

Additionally, the school is listed on the Eco-Escolas program website as ""Escola EB1/JI de Vidigal""."
33096,Jardim de Infância de Andrinos,Leiria,Leiria,Jardim de Infância,not found,,,not found
33097,Jardim de Infância Dr. Correia Mateus,Leiria,Leiria,Jardim de Infância,https://agcorreiamateus.ccems.pt,,,"The ""Jardim de Infância Dr. Correia Mateus"" is part of the ""Agrupamento de Escolas Dr. Correia Mateus"" in Leiria, Portugal. The official website for the agrupamento (school cluster) is: agcorreiamateus.ccems.pt."
33197,EB de Casais da Serra,Landal,Caldas da Rainha,Jardim de Infância,not found,,,"The official website for ""EB de Casais da Serra"" is not found. However, information about the school is available on the Agrupamento de Escolas Rafael Bordalo Pinheiro (AERBP) website, as EB Casais da Serra is part of this school group."
33198,JI de Santa Catarina,Santa Catarina Cld,Vagos,Jardim de Infância,not found,,,not found
33215,EB de a-Dos-Francos,A-Dos-Francos,Caldas da Rainha,Jardim de Infância,https://aerbp.pt/escolas/eb-a-dos-francos,yes,domain doesn't match institution name,"The official website for ""EB de A-Dos-Francos"" is part of the Agrupamento de Escolas Rafael Bordalo Pinheiro (AERBP). The specific page for EB A-dos-Francos is: https://aerbp.pt/escolas/eb-a-dos-francos."
33217,EB de São Gregório,São Gregório Cld,Caldas da Rainha,Jardim de Infância,https://aerbp.pt/escolas/eb-sao-gregorio/,yes,domain doesn't match institution name,"The ""EB de São Gregório"" in São Gregório Cld, Portugal, is part of the Agrupamento de Escolas Rafael Bordalo Pinheiro, Caldas da Rainha.

Here's the closest to an official website for the institution: https://aerbp.pt/escolas/eb-sao-gregorio/"
33280,Escola Básica de Mata Mourisca,Mata Mourisca,Pombal,Jardim de Infância,https://aeguia.edu.pt,yes,domain doesn't match institution name,"""Escola Básica de Mata Mourisca"" is part of the ""Agrupamento de Escolas de Guia, Pombal"" (School Grouping of Guia, Pombal). The official website for the grouping is not explicitly stated in the search results, however, the email provided for ""Escola Básica e Secundária de Guia - Escola Sede do Agrupamento"" is direcao@aeguia.edu.pt. This suggests that the domain for the school grouping's website is likely aeguia.edu.pt. ""Centro Escolar de Mata Mourisca"" is listed as being part of this grouping as well.

Therefore, the most relevant official website is for the school grouping it belongs to: aeguia.edu.pt."
33291,Jardim de Infância de Vila Facaia,,Pedrógão Grande,Jardim de Infância,https://www.agpedrogao.pt,yes,domain doesn't match institution name,"The ""Jardim de Infância de Vila Facaia"" in Pedrógão Grande is part of the Agrupamento de Escolas de Pedrógão Grande. The official website for the Agrupamento de Escolas de Pedrógão Grande is www.agpedrogao.pt."
33440,EB1/ JI de Alcobaça,Alcobaça,Alcobaça,Jardim de Infância,https://www.aecister.pt,yes,domain doesn't match institution name,"EB1/JI de Alcobaça is part of the Agrupamento de Escolas de Cister. The official website for the Agrupamento de Escolas de Cister, which includes EB1/JI de Alcobaça, is https://www.aecister.pt."
33441,EB1/ JI de Alpedriz,Alpedriz Acb,Alcobaça,Jardim de Infância,https://www.aecister.pt/escolas/eb1ji-alpedriz,yes,domain doesn't match institution name,"The official website for EB1/JI de Alpedriz is part of the Agrupamento de Escolas de Cister.

https://www.aecister.pt/escolas/eb1ji-alpedriz"
33442,EB1/ JI de Areeiro,Areeiro Acb,Alcobaça,Jardim de Infância,https://www.aecister.pt/,yes,domain doesn't match institution name,"The ""EB1/ JI de Areeiro"" in Areeiro Acb, Portugal, is part of the ""Agrupamento de Escolas de Cister de Alcobaça"" (Schools Group of Cister de Alcobaça). Therefore, its official information can be found on the agrupamento's website.

https://www.aecister.pt/"
33443,EB1/ JI de Casal de Ramos,Casal dos Ramos Acb,Alcobaça,Jardim de Infância,https://www.aecister.pt/escolas/eb1ji-casal-ramos,yes,domain doesn't match institution name,https://www.aecister.pt/escolas/eb1ji-casal-ramos
33445,EB1/ JI de Pataias,Pataias,Alcobaça,Jardim de Infância,https://www.aecister.pt/escolas/eb1ji-pataias,yes,domain doesn't match institution name,https://www.aecister.pt/escolas/eb1ji-pataias
33736,Escola Básica do Louriçal,Louriçal,Pombal,Jardim de Infância,https://www.aepombal.edu.pt/,yes,domain doesn't match institution name,"The Escola Básica do Louriçal in Louriçal, Portugal, is part of the Agrupamento de Escolas de Pombal. The official website for the Agrupamento de Escolas de Pombal, which would cover Escola Básica do Louriçal, is https://www.aepombal.edu.pt/."
34415,Escola Básica da Fonte Nova (Centro Escolar),Pombal,Pombal,Jardim de Infância,not found,,,not found
35093,Escola Básica do Norte,Nazaré,Nazaré,Jardim de Infância,https://aen.pt,yes,domain doesn't match institution name,"The ""Escola Básica do Norte"" in Nazaré, Portugal, is part of the ""Agrupamento de Escolas da Nazaré"" (Nazaré School Group). The official website for the Agrupamento de Escolas da Nazaré, which includes the Escola Básica do Norte (also referred to as Centro Escolar da Nazaré), is currently undergoing maintenance.

Therefore, a direct URL for ""Escola Básica do Norte"" is not available as a standalone website, but it operates under the larger school group. The general email for the Agrupamento de Escolas da Nazaré is geral@aen.pt."
35116,Escola Básica de Famalicão,Famalicão Nzr,Nazaré,Jardim de Infância,not found,,,"The ""Escola Básica de Famalicão"" in Famalicão, Nazaré, Portugal, is part of the Agrupamento de Escolas da Nazaré (Nazaré School Grouping).

The official website for the Agrupamento de Escolas da Nazaré, which includes the Escola Básica de Famalicão, is https://aenazare.pt. However, please note that the prompt requested only the URL or ""not found"" for the specific childcare institution, not the larger grouping. There is no independent website found for ""Escola Básica de Famalicão"" in Famalicão Nzr, Portugal.

not found"
35117,Jardim de Infância do Bairro dos Pescadores,Nazaré,Nazaré,Jardim de Infância,not found,,,"The ""Jardim de Infância do Bairro dos Pescadores"" in Nazaré, Portugal, is part of the Agrupamento de Escolas da Nazaré (Nazaré School Group). While there isn't a dedicated official website solely for this specific kindergarten, information about it can be found on the Agrupamento de Escolas da Nazaré website.

The official website for the Agrupamento de Escolas da Nazaré is currently undergoing maintenance. However, some information regarding the Jardim de Infância do Bairro dos Pescadores can be found on their page for that specific institution.

Therefore, the closest to an official website for ""Jardim de Infância do Bairro dos Pescadores"" is the website of the Agrupamento de Escolas da Nazaré: https://www.aenazare.pt/"
35118,Escola Básica de Cruz de Areia,Leiria,Leiria,Jardim de Infância,not found,,,https://ebcruzareia.jimdo.com/
35119,Escola Básica de Costas,Maceira Lra,Torres Vedras,Jardim de Infância,https://aehs.edu.pt,yes,domain doesn't match institution name,"The ""Escola Básica de Costas"" in Maceira Lra, Portugal, is part of the ""Agrupamento de Escolas Henrique Sommer"". The official website for this educational group is https://aehs.edu.pt. While there isn't a dedicated website solely for ""Escola Básica de Costas,"" information about it can be found on the agrupamento's website."
35122,"Jardim de Infância de Aguda,",Aguda,Figueiró dos Vinhos,Jardim de Infância,not found,,,The official website for Jardim de Infância de Aguda is part of the Agrupamento de Escolas Sophia de Mello Breyner: https://aesophiambreyner.org/ji-de-aguda/.
35123,Escola Básica de Porto de Mós,Porto de Mós,Porto de Mós,Jardim de Infância,https://aepmos.pt,yes,domain doesn't match institution name,"The ""Escola Básica de Porto de Mós"" is part of the ""Agrupamento de Escolas de Porto de Mós"" (School Group of Porto de Mós). The official website for the Agrupamento de Escolas de Porto de Mós is aepmos.pt."
35124,Escola Básica N.º 2 de Mira de Aire,Mira de Aire,Porto de Mós,Jardim de Infância,not found,,,"I could not find an official website specifically for ""Escola Básica N.º 2 de Mira de Aire"". However, information suggests it is part of the ""Agrupamento de Escolas de Porto de Mós"". While there are official websites for other ""Agrupamento de Escolas de Mira"" (which refers to a different town also named Mira), and ""Agrupamento de Escolas Agualva Mira Sintra"", none of the search results provided a direct official website for ""Escola Básica N.º 2 de Mira de Aire"" in Mira de Aire, Portugal.

Therefore, the answer is not found."
35125,Escola Básica de Casais Garridos,Juncal,Porto de Mós,Jardim de Infância,not found,,,not found
35126,Jardim de Infância da Prageira,Peniche,Peniche,Jardim de Infância,https://www.aeluisdeataide.pt,yes,domain doesn't match institution name,"The Jardim de Infância da Prageira in Peniche, Portugal, is part of the Agrupamento de Escolas D. Luís de Ataíde. While there isn't a dedicated website solely for the Jardim de Infância da Prageira, information about it can be found on the Agrupamento de Escolas D. Luís de Ataíde's website.

https://www.aeluisdeataide.pt"
35127,Jardim de Infância do Alemão,Sitio do Alemão,Peniche,Jardim de Infância,not found,,,not found
35128,Jardim de Infância do Filtro,Peniche,Peniche,Jardim de Infância,https://aeluisdeataide.pt,yes,domain doesn't match institution name,"The ""Jardim de Infância do Filtro"" in Peniche, Portugal, is part of the Agrupamento de Escolas D. Luís de Ataíde. The official website for this educational group is not directly provided as a single URL for the ""Jardim de Infância do Filtro."" However, the Agrupamento de Escolas D. Luís de Ataíde website provides contact information for the ""Escola Básica do 1º Ciclo Nº 2 - Filtro,"" which appears to be the primary school that the Jardim de Infância do Filtro is associated with.

The relevant contact details on the Agrupamento de Escolas D. Luís de Ataíde website are:

Email: direcao@aeluisdeataide.pt
Phone: (+351) 262 783 593
Address: Rua Mariano Calado, 2520-225 Peniche

The municipality of Peniche also lists ""Jardim de Infância Filtro"" on its website with the same phone number and an email address (direcao@aeluisdeataide.pt).

Therefore, there is no separate official website specifically for ""Jardim de Infância do Filtro"". It operates under the umbrella of the Agrupamento de Escolas D. Luís de Ataíde, whose website provides the contact information for the ""Filtro"" school."
35135,Escola Básica de Guimarota,Leiria,Leiria,Jardim de Infância,https://aeddinisleiria.edu.pt,yes,domain doesn't match institution name,"The official website for ""Escola Básica de Guimarota"" in Leiria, Portugal, is part of the ""Agrupamento de Escolas D. Dinis, Leiria"". While there isn't a direct website solely for Escola Básica de Guimarota, information about it can be found through the agrupamento it belongs to.

Based on the search results, the most relevant online presence for Escola Básica de Guimarota is likely within the Agrupamento de Escolas D. Dinis, Leiria, which has the email address diretor@aeddinisleiria.edu.pt. Other sources provide general contact information such as email: eb1guimarota@gmail.com and phone: +351 244 814 513."
35136,Escola Básica de Maceira,Maceira Lra,Torres Vedras,Jardim de Infância,https://aehs.edu.pt,yes,domain doesn't match institution name,"It appears there are multiple ""Escola Básica de Maceira"" institutions in Portugal.

One ""Escola Básica de Maceira"" is located in Maceira, Leiria, and is part of the Agrupamento de Escolas Henrique Sommer. The website for this agrupamento, which would include information about the Escola Básica de Maceira, is not directly provided as a single URL. However, the Agrupamento de Escolas Henrique Sommer has an email address listed: agrupamento@aehs.edu.pt. Some associated websites for the broader agrupamento or related schools are http://agmaceira-m.ccems.pt and http://becre.pt.vu.

Another ""Escola Básica de Maceira"" is located in Maceira, Torres Vedras, and is part of the Agrupamento de Escolas Padre Vítor Melícias. There is no specific official website listed for this individual school or a direct link to the agrupamento's website in the search results.

Due to the ambiguity and lack of a single, definitive official website for ""Escola Básica de Maceira"" in ""Maceira Lra, Portugal"" (as ""Maceira Lra"" could refer to either Leiria or Torres Vedras, as both have a Maceira), I cannot provide a single URL."
35138,"Jardim de Infância de Vermoil,",Vermoil,Pombal,Jardim de Infância,not found,,,not found
35141,Jardim de Infância de Arega,Arega,Figueiró dos Vinhos,Jardim de Infância,not found,,,"The ""Jardim de Infância de Arega"" is part of the ""Agrupamento de Escolas de Figueiró dos Vinhos"". The official website for the Agrupamento de Escolas de Figueiró dos Vinhos is not provided in the search results. Therefore, an official website for the ""Jardim de Infância de Arega"" cannot be found as a standalone entity.

not found"
35142,Escola Básica José Malhoa (JI + EB),Figueiró dos Vinhos,Figueiró dos Vinhos,Jardim de Infância,https://www.aefv.edu.pt,yes,domain doesn't match institution name,"The Escola Básica José Malhoa (JI + EB) in Figueiró dos Vinhos, Portugal, is part of the Agrupamento de Escolas de Figueiró dos Vinhos. Therefore, its official website is the website for the agrupamento.

www.aefv.edu.pt"
35143,Escola Básica de Palmeiria,Palmeiria,Leiria,Jardim de Infância,not found,,,not found
35144,Escola Básica N.º 1 de Mira de Aire,Mira de Aire,Porto de Mós,Jardim de Infância,not found,,,not found
35145,Escola Básica de Fonte do Oleiro,Porto de Mós,Porto de Mós,Jardim de Infância,https://www.aepmos.pt,yes,domain doesn't match institution name,"The ""Escola Básica de Fonte do Oleiro"" in Porto de Mós, Portugal, is part of the ""Agrupamento de Escolas de Porto de Mós"" (School Group of Porto de Mós). While there isn't a dedicated, independent website for ""Escola Básica de Fonte do Oleiro"" itself, its information and potentially relevant updates would be found through the website of the Agrupamento de Escolas de Porto de Mós.

Therefore, the most relevant official website is: https://www.aepmos.pt"
35146,"Escola Básica de São Jorge,",Calvaria de Cima,Porto de Mós,Jardim de Infância,not found,,,"Based on the search results, an official website for ""Escola Básica de São Jorge"" in Calvaria de Cima, Portugal was not found. While several listings provide contact information like email and phone numbers, none of them lead to an official website for this specific institution."
35147,Jardim de Infância da Colónia Balnear,Peniche,Peniche,Jardim de Infância,https://www.cm-peniche.pt/pages/1756?poi_id=160,yes,domain doesn't match institution name,"The ""Jardim de Infância da Colónia Balnear"" in Peniche, Portugal, appears to be associated with the Agrupamento de Escolas D. Luís de Ataíde - Peniche. While there isn't a dedicated website for the Jardim de Infância itself, information about it can be found on the Peniche Municipal Council website and the Agrupamento de Escolas D. Luís de Ataíde website.

The relevant URLs are:

*   https://www.cm-peniche.pt/pages/1756?poi_id=160
*   https://www.cm-peniche.pt/
*   https://aeluisdeataide.pt/jardim-de-infancia-colonia-balnear/"
36840,Escola Básica Encosta do Sol,,Caldas da Rainha,Jardim de Infância,https://agdjoao.org/,yes,domain doesn't match institution name,"The ""Escola Básica Encosta do Sol"" in Caldas da Rainha, Portugal, is part of the Agrupamento de Escolas D. João II.

Here is the URL for the Agrupamento de Escolas D. João II:

https://agdjoao.org/"
36875,Escola Básica de Turquel,Turquel,Alcobaça,Jardim de Infância,https://aebenedita.pt,yes,domain doesn't match institution name,"The Escola Básica de Turquel is part of the Agrupamento de Escolas da Benedita (Benedita School Group) in Alcobaça, Portugal. The official website for the school group, which includes Escola Básica de Turquel, is aebenedita.pt."
36941,Centro Escolar,Atouguia da Baleia,Peniche,Jardim de Infância,https://www.atb23.net,yes,domain doesn't match institution name,"The official website for the ""Centro Escolar"" in Atouguia da Baleia, Portugal is likely part of the ""Agrupamento de Escolas de Atouguia da Baleia"" (School Group of Atouguia da Baleia). The website for this school group is www.atb23.net."
37611,Escola Básica de Valado dos Frades,Valado de Frades,Nazaré,Jardim de Infância,not found,,,"The ""Escola Básica de Valado dos Frades"" is part of the Agrupamento de Escolas da Nazaré (Nazaré School Group).

The official website for the Agrupamento de Escolas da Nazaré, which includes the Escola Básica de Valado dos Frades, is not explicitly provided in the search results. However, contact information for the school group is available.

Therefore, a direct official website for ""Escola Básica de Valado dos Frades"" was not found."
37612,Escola Básica de Agodim,Agodim,Leiria,Jardim de Infância,not found,,,"The official website for Escola Básica de Agodim is not found. It is part of the Agrupamento de Escolas de Colmeias (School Group of Colmeias), and its contact information is available through that agrupamento."
37613,"Jardim de Infância de Mendiga, Porto de Mós",Mendiga,Nazaré,Jardim de Infância,not found,,,not found
37729,Escola Básica de Engenho,Marinha Grande,Marinha Grande,Jardim de Infância,https://www.aemgnascente.pt,yes,domain doesn't match institution name,"The Escola Básica de Engenho in Marinha Grande, Portugal, is part of the ""Agrupamento de Escolas Marinha Grande Nascente"" (School Grouping Marinha Grande Nascente).

The official website for the agrupamento, which includes the Escola Básica de Engenho, is: https://www.aemgnascente.pt"
38240,Escola Básica da Serra de El-Rei,Serra de El-Rei,Peniche,Jardim de Infância,https://atb-23.net,yes,domain doesn't match institution name,"The ""Escola Básica da Serra de El-Rei"" is part of the ""Agrupamento de Escolas de Atouguia da Baleia, Peniche"".

The official website for the ""Agrupamento de Escolas de Atouguia da Baleia"" is atb-23.net. This website contains information about the ""EB1 de Serra d'El Rei"" (Escola Básica 1 de Serra d'El Rei), which is the same institution.

atb-23.net"
38242,Escola Básica de Cela,Cela Nova,Alcobaça,Jardim de Infância,not found,,,https://www.aesmporto.pt/index.php/agrupamento/escolas/eb1-celanova
38302,Colégio Luso Internacional do Centro - CLIC,Marinha Grande,Marinha Grande,Jardim de Infância,not found,,,"A direct, official website for ""Colégio Luso Internacional do Centro - CLIC"" in Marinha Grande, Portugal was not found. Several sources indicate the school's existence and provide contact information, but a dedicated website URL is not present in the search results. One source from 2014 mentions ""Web site: Clic - Colegio Luso Internacional Do Centro"" but does not provide a clickable URL. It appears that the facility where CLIC operated is now home to the Leiria International School (LIS)."
38304,Instituto Educativo do Juncal,Juncal,Porto de Mós,Jardim de Infância,https://iej.pt,yes,domain doesn't match institution name,https://iej.pt
38305,"Jardim de Infância ""O Manelinho""",Marrazes,Leiria,Jardim de Infância,https://respol.pt,yes,domain doesn't match institution name,"A direct official website for ""Jardim de Infância ""O Manelinho"""" in Marrazes, Portugal was not found. However, contact information including an email address (infantario@respol.pt) and phone number (244850940) are available, and it is listed as being owned by ""RESPOL RESINAS, S.A.""."
38569,Escola Básica da Central,Peniche,Peniche,Jardim de Infância,https://www.cm-peniche.pt/pages/1756?poi_id=142,yes,domain doesn't match institution name,"The ""Escola Básica da Central"" in Peniche, Portugal, appears to be officially known as ""Escola Básica n.º 5 de Peniche (Escola Central)"". It is part of the ""Agrupamento de Escolas de Peniche"" (Schools Group of Peniche).

The official website for the Agrupamento de Escolas de Peniche, which includes Escola Básica n.º 5 de Peniche (Escola Central), is: https://www.cm-peniche.pt/pages/1756?poi_id=142"
38721,Escola Básica Nova,Peniche,Peniche,Jardim de Infância,not found,,,www.eb123-peniche.rcts.pt
201,Associação Luiz Pereira Motta,Loures,Loures,Creche,https://www.alpm-loures.com,yes,domain doesn't match institution name,https://www.alpm-loures.com
205,Rosa Azul da Fonte Santa - Creche e Jardim Infantil,Loures,Loures,Creche e Jardim de Infância,https://www.rosaazul.pt/,yes,combined tipo — may have split pages,https://www.rosaazul.pt/
221,O Balão Circular,Odivelas,Odivelas,Creche,https://www.rainha-santa.pt/,yes,domain doesn't match institution name,"Based on the search results, ""O Balão Circular"" in Odivelas, Portugal, does not appear to have its own dedicated official website. Information about ""O Balão Circular"" is primarily found on directory-style websites for childcare institutions in Portugal. One result for ""O Balão - Creche e Jardim de Infância"" also includes ""Externato: www.rainha-santa.pt/"", however, it is not definitively stated this is the official website for ""O Balão Circular"" itself, but rather an associated ""Externato""."
222,Associação Vida Abundante - Espaço Júnior,Moscavide,Loures,Creche e Jardim de Infância,https://www.ava.org.pt,yes,domain doesn't match institution name; combined tipo — may have split pages,"The official website for ""Associação Vida Abundante - Espaço Júnior"" in Moscavide, Portugal, is www.ava.org.pt."
224,Instituto Português de Pedagogia Infantil,Póvoa Santo Adrião,Odivelas,Creche e Jardim de Infância,https://www.ippi.pt,yes,domain doesn't match institution name; combined tipo — may have split pages,"The official website for ""Instituto Português de Pedagogia Infantil"" in Póvoa Santo Adrião, Portugal is www.ippi.pt."
225,Centro Social Paroquial de Moscavide,Moscavide,Loures,Creche e Jardim de Infância,not found,,,"The official website for ""Centro Social Paroquial de Moscavide"" is https://www.cspmoscavide.org."
236,Centro Social de Sacavém,Sacavém,Loures,Creche e Jardim de Infância,https://www.centrosocialsacavem.pt,yes,domain doesn't match institution name; combined tipo — may have split pages,"The official website for ""Centro Social de Sacavém"" is www.centrosocialsacavem.pt."
239,Associação Pomba da Paz - I.P.S.S.,Unhos-Catujal,Loures,Creche e Jardim de Infância,https://www.pombadapaz.org,yes,combined tipo — may have split pages,www.pombadapaz.org
268,Creche Instituto de Apoio Á Comunidade - Bloco G,Forte da Casa,Vila Franca de Xira,Creche,https://www.iacfortedacasa.pt,yes,domain doesn't match institution name,"The official website for ""Creche Instituto de Apoio Á Comunidade - Bloco G"" in Forte da Casa, Portugal, is part of the larger ""Instituto de Apoio à Comunidade de Forte da Casa"" website: https://www.iacfortedacasa.pt."
269,Creche Instituto de Apoio Á Comunidade - Bloco e,Forte da Casa,Vila Franca de Xira,Creche,https://iacfortedacasa.pt/,yes,domain doesn't match institution name,"The official website for ""Creche Instituto de Apoio À Comunidade - Bloco e"" is part of the ""Instituto de Apoio à Comunidade de Forte da Casa"" website. The main website is:

https://iacfortedacasa.pt/"
283,Casba - Centro Apoio Social Bom Sucesso e Arcena,Alverca do Ribatejo,Vila Franca de Xira,Creche e Jardim de Infância,https://www.casba.pt,yes,combined tipo — may have split pages,The official website for Casba - Centro Apoio Social Bom Sucesso e Arcena is www.casba.pt.
285,Associação de Promoção Social de Alhandra,Alhandra,Vila Franca de Xira,Creche,https://www.apsalhandra.pt,,,https://www.apsalhandra.pt
289,Creche do Menino Jesus,Campelos- Torres Vedras,Torres Vedras,Creche e Jardim de Infância,not found,,,"The official website for ""Creche do Menino Jesus"" in Campelos- Torres Vedras, Portugal, is www.crechecampelos.com. The institution is part of the Centro Social Paroquial Santo António de Campelos."
292,"Creche, Jardim de Infância e A.T.L. - SCM Lourinhã",Lourinhã,Gavião,Creche e Jardim de Infância,https://www.scmlourinha.pt/infancia/creche/,yes,combined tipo — may have split pages,https://www.scmlourinha.pt/infancia/creche/
295,Jardim de Infância da Marteleira,Marteleira,Lourinhã,Creche e Jardim de Infância,http://www.cpcl.pt/,yes,domain doesn't match institution name; combined tipo — may have split pages,http://www.cpcl.pt/
301,Creche do Arneiro - SCM Cascais,Carcavelos,Cascais,Creche e Jardim de Infância,https://www.scmc-infancia.pt,yes,combined tipo — may have split pages,The official website for Creche do Arneiro - SCM Cascais is www.scmc-infancia.pt.
306,Centro Social Paroquial de São Vicente de Alcabideche - Extensão de Alvide,Cascais,Cascais,Creche e Jardim de Infância,https://centroparoquialdealcabideche.pt/,yes,combined tipo — may have split pages,"The official website for ""Centro Social Paroquial de São Vicente de Alcabideche"" (which includes the ""Extensão de Alvide"") is https://centroparoquialdealcabideche.pt/."
309,Creche Marcelina Teodoro dos Santos,Cascais,Cascais,Creche e Jardim de Infância,https://www.scmc-infancia.pt/creche-teodoro-dos-santos/,yes,domain doesn't match institution name; combined tipo — may have split pages,https://www.scmc-infancia.pt/creche-teodoro-dos-santos/
311,Centro de Apoio à Família Crescer para Integrar,S.domingos de Rana,Cascais,Creche e Jardim de Infância,https://www.horizonte.pt,yes,domain doesn't match institution name; combined tipo — may have split pages,"The official website for ""Centro de Apoio à Família Crescer para Integrar"" in S. Domingos de Rana, Portugal is www.horizonte.pt. This institution is part of ""Horizonte – Cooperativa de Solidariedade Social e de Ensino""."
316,Associação dos Antigos Alunos Salesianos do Estoril,Estoril,Cascais,Creche,not found,,,"The official website for ""Associação dos Antigos Alunos Salesianos do Estoril"" is currently under renovation and temporarily unavailable. They are preparing a new digital platform.

While the main website is being updated, you can find information related to them on other platforms:

*   **Eco-Escolas Program:** Assoc. dos Antigos Salesianos Estoril – Centro Social D. Bosco has a page within the Eco-Escolas website.
*   **Coverflex Directory:** The association is listed in the Coverflex directory for childcare institutions, providing their address, email (nunomota@aaase.pt), and phone number (214662270).
*   **Clube de Judo Hajime:** The ""Clube de Judo Hajime"" mentions the ""Associação de Antigos Alunos Salesianos Estoril"" as their location.
*   **Salesianos do Estoril:** The Salesianos do Estoril website lists ""Antigos Alunos Salesianos (AAS)"" as one of the groups within the Salesian Family."
317,Creche e Jardim de Infância - O Botãozinho,Cascais,Cascais,Creche,not found,,,"""Creche e Jardim de Infância - O Botãozinho"" does not appear to have a dedicated official website. However, several directories list a Facebook page for the institution.

The Facebook page URL is: www.facebook.com/pages/O-Bot%C3%A3ozinho/264219506926483?sk=timeline&ref=page_internal"
319,Centro Comunitário da Paróquia de Carcavelos,Carcavelos,Cascais,Creche,https://www.centrocomunitario.net,yes,domain doesn't match institution name,"The official website for ""Centro Comunitário da Paróquia de Carcavelos"" is www.centrocomunitario.net."
320,Centro Comunitário de Tires,São Domingos de Rana,Cascais,Creche,https://cctires.org,,,"Not found.

While there are several mentions of ""Centro Comunitário de Tires"" and its contact information, including an email address (geral@cctires.org), and it is clear that they offer childcare services, an official website URL for the institution could not be found in the search results."
326,Ideia - Instituto para o Desenvolvimento Educativo Integrado na Acção,São Domingos de Rana,Cascais,Creche,https://onossosonho.pt/wp/,yes,domain doesn't match institution name,https://onossosonho.pt/wp/
333,Centro Alfredo Pinheiro - SCM Cascais,Cascais,Cascais,Creche,https://www.scmc.pt/centro-alfredo-pinheiro,,,"The official website for ""Centro Alfredo Pinheiro - SCM Cascais"" is a specific page within the Santa Casa da Misericórdia de Cascais website.

The URL is: https://www.scmc.pt/centro-alfredo-pinheiro"
334,Infantário o Pinhal - SCM Cascais,S.joão do Estoril,Cascais,Creche,not found,,,"The official website for ""Infantário o Pinhal - SCM Cascais"" in S. João do Estoril, Portugal is part of the Santa Casa da Misericórdia de Cascais website.

https://www.scmc.pt/nossas-escolas/creche-o-pinhal/"
336,Centro Infantil do Linhó (Ex. C.i. Fisgas),Alcabideche,Cascais,Creche,not found,,,"The official website for ""Centro Infantil do Linhó (Ex. C.i. Fisgas)"" is part of the Santa Casa da Misericórdia de Cascais website.

https://www.scmc.pt/centro-infantil-do-linho/"
337,Centro Social Paroquial de São Domingos de Rana,São Domingos de Rana,Cascais,Creche,not found,,,"The official website for ""Centro Social Paroquial de São Domingos de Rana"" is https://vertexaisearch.cloud.google.com/grounding-api-redirect/AUZIYQFhXMH-X3CxVaEzy8zbwz8SJu08nCOdXubISBET9Qw6ZMdr4dX98XALsYySDz83mCCtRP9aTOLZOrhq6k_yGSXLTxQPJTMO5Jbs72B0fw==."
339,O Pioneiro,Algés,Oeiras,Creche,http://www.misericordia-oeiras.pt,yes,domain doesn't match institution name,http://www.misericordia-oeiras.pt
340,Centro de Assistência Infantil Nossa Senhora das Dores,Oeiras,Oeiras,Creche e Jardim de Infância,https://www.centroinfantilnsd.com,yes,combined tipo — may have split pages,https://www.centroinfantilnsd.com
342,Infantário da Associação Popular de Paço de Arcos,Paço de Arcos,Oeiras,Creche e Jardim de Infância,http://appa.com.pt/,yes,domain doesn't match institution name; combined tipo — may have split pages,"The official website for ""Infantário da Associação Popular de Paço de Arcos"" is http://appa.com.pt/."
343,O Tão Balalão,Porto Salvo,Oeiras,Creche e Jardim de Infância,not found,,,"""O Tão Balalão"" in Porto Salvo, Portugal is a childcare institution managed by the Santa Casa da Misericórdia de Oeiras. While it doesn't appear to have a dedicated independent website, information about it can be found on the Santa Casa da Misericórdia de Oeiras website.

https://vertexaisearch.cloud.google.com/grounding-api-redirect/AUZIYQGxaA8TxPfnk9HpWVg8q5CrwMJYjcvB2J42T-pr9AlItwNCCLeLpDU8KqOup9FzxCzZHB5Uj1BdFTZJ2tngEo_7zAGb8Ewk1YEtRjUMGFwNukeiYiyMV7zgoORE4k8zANLqeWdTkbjRzD2q9-t_JTORat684l3x7WKZ8waA8jS_JIaGue0"
345,Centro de Infância de Tercena,Barcarena,Oeiras,Creche e Jardim de Infância,https://www.cspbarcarena.pt/,yes,domain doesn't match institution name; combined tipo — may have split pages,"The official website for ""Centro de Infância de Tercena"" is part of the ""Centro Social Paroquial de Barcarena"" website.

https://www.cspbarcarena.pt/"
349,Creche e Jardim de Infância Nossa Senhora Acolhimento,Caxias,Oeiras,Creche e Jardim de Infância,not found,,,"""Creche e Jardim de Infância Nossa Senhora Acolhimento"" is part of a larger institution called ""Obra Social Madre Maria Clara"" (OSMMAC).

The official website for Obra Social Madre Maria Clara is https://www.osmmac.pt."
355,O Chorão,Porto Salvo,Oeiras,Creche e Jardim de Infância,not found,,,"""O Chorão"" in Porto Salvo, Portugal is part of the Santa Casa da Misericórdia de Oeiras. The official webpage for ""Jardim de Infância O Chorão"" can be found within the Santa Casa da Misericórdia de Oeiras website.

The URL is: https://www.misericordia-oeiras.pt/educacao/creche-e-pre-escolar/jardim-de-infancia-o-chorao/"
361,O Traquinas,Queijas,Oeiras,Creche e Jardim de Infância,not found,,,"""O Traquinas"" in Queijas, Portugal, is a childcare institution operated by the Santa Casa da Misericórdia de Oeiras. While there isn't a dedicated website solely for ""O Traquinas,"" information about it can be found on the Santa Casa da Misericórdia de Oeiras website.

Here's the relevant URL: https://misericordia-oeiras.pt/educacao/creche-e-pre-escolar/jardim-de-infancia-o-traquinas/"
362,"Marcolandia, Creche e Jardim de Infãncia",Algés,Oeiras,Creche e Jardim de Infância,not found,,,http://www.marcolandia.com.pt
365,Centro Social Paroquial de São Pedro e São João do Estoril,Estoril,Cascais,Creche e Jardim de Infância,https://www.cspspsje.pt,yes,domain doesn't match institution name; combined tipo — may have split pages,https://www.cspspsje.pt
375,Centro Infantil da Sagrada Família,Torres Vedras,Torres Vedras,Creche e Jardim de Infância,https://www.fundacaolarsaofrancisco.pt/,yes,domain doesn't match institution name; combined tipo — may have split pages,"The ""Centro Infantil da Sagrada Família"" in Torres Vedras, Portugal, is part of the ""Fundação Lar de São Francisco"". The official website for the Fundação Lar de São Francisco, which includes information about the Centro Infantil da Sagrada Família, is: https://www.fundacaolarsaofrancisco.pt/."
378,O Petiz - Associação Cultural e Educativa de Apoio à Criança,Lourinhã,Gavião,Creche e Jardim de Infância,https://opetiz.pt,yes,combined tipo — may have split pages,https://opetiz.pt
382,"Serviço de Apoio Domiciliário,Centro Dia, Creche e Pre Escolar",Torres Vedras,Torres Vedras,Creche e Jardim de Infância,not found,,,"The institution ""Serviço de Apoio Domiciliário, Centro Dia, Creche e Pre Escolar"" in Torres Vedras, Portugal, appears to be a set of social responses offered by the **Centro Social Paroquial de Torres Vedras**.

The official website for Centro Social Paroquial de Torres Vedras is not directly available in the search results. However, the institution is listed on the ""Torres Vedras e-Negócios"" platform, which provides information about local businesses and services.

Therefore, the most relevant online presence found is a directory listing rather than a dedicated institutional website.

not found"
390,Creche do Povo - Jardim de Infância,Torres Vedras,Torres Vedras,Creche e Jardim de Infância,https://www.crechedopovo.pt,yes,combined tipo — may have split pages,www.crechedopovo.pt
606,Obra das Crianças da Freguesia da Lapa,Lisboa,Lisboa,Creche e Jardim de Infância,not found,,,https://ocfl.webnode.page/
607,Associação Pro-Infância Santo António de Lisboa,Lisboa,Lisboa,Creche e Jardim de Infância,https://www.apisal.pt,yes,domain doesn't match institution name; combined tipo — may have split pages,"The official website for ""Associação Pro-Infância Santo António de Lisboa"" is www.apisal.pt."
621,Centro de Promoção Social Rainha Dona Leonor,Lisboa,Lisboa,Creche,https://www.scml.pt,yes,domain doesn't match institution name,"The official website for ""Centro de Promoção Social Rainha Dona Leonor"" in Lisboa, Portugal is www.scml.pt."
628,Fundação Júlia Moreira,Lisboa,Lisboa,Creche,not found,,,not found
638,Creche Missão Nossa Senhora,Lisboa,Lisboa,Creche,not found,,,"""Creche Missão Nossa Senhora"" in Lisboa, Portugal does not appear to have a standalone official website. It is listed as an establishment of the Santa Casa da Misericórdia de Lisboa (SCML). You can find information about it on the SCML's related pages and other directories."
642,APPACDM - Creche a Tartaruga e a Lebre,Lisboa,Lisboa,Creche,https://appacdm-lisboa.pt/archiv/a-tartaruga-e-a-lebre,,,"The official website for ""APPACDM - Creche a Tartaruga e a Lebre"" is a section within the main APPACDM Lisboa website.

https://appacdm-lisboa.pt/archiv/a-tartaruga-e-a-lebre"
649,Associação Protectora da Primeira Infância,Lisboa,Lisboa,Creche,https://www.appinfancia.org/,yes,domain doesn't match institution name,https://www.appinfancia.org/
653,Jardim Escola João de Deus - Alvalade,Lisboa,Lisboa,Creche,not found,,,https://je-alvalade.wixsite.com/jardim-escola-joao-de-deus
664,Centro Sagrada Família,Algés,Oeiras,Creche,https://www.csagradafamilia.pt,,,"The official website for ""Centro Sagrada Família"" in Algés, Portugal is www.csagradafamilia.pt."
668,Creche e Jardim de Infância Pingolé,Porto Salvo,Oeiras,Creche,not found,,,"The official website for ""Creche e Jardim de Infância Pingolé"" in Porto Salvo, Portugal is part of the Santa Casa da Misericórdia de Oeiras website.

Here is the URL: https://www.misericordia-oeiras.pt/educacao/creche-e-pre-escolar/jardim-de-infancia-o-pingole/"
669,A Praceta,Oeiras,Oeiras,Creche,not found,,,not found
673,Casa da Criança Rainha Santa Isabel,Paço D'arcos,Oeiras,Creche,https://nibpacodearcos.com,yes,domain doesn't match institution name,"The official website for ""Casa da Criança Rainha Santa Isabel"" in Paço D'arcos, Portugal is nibpacodearcos.com."
676,O Recantinho,Porto Salvo,Oeiras,Creche,https://www.orecantinho.pt,,,"The official website for ""O Recantinho"" in Porto Salvo, Portugal is https://www.orecantinho.pt."
678,Centro Social e Paroquial de Oeiras - Infantário o Pombal,Oeiras,Oeiras,Creche,https://www.cspo.pt/,yes,domain doesn't match institution name,"The official website for ""Centro Social e Paroquial de Oeiras - Infantário o Pombal"" is part of the Centro Social Paroquial de Oeiras website. The relevant URL is: https://www.cspo.pt/."
682,Creche e Jardim de Infância 1º de Maio,Carnaxide,Oeiras,Creche,not found,,,"The ""Creche e Jardim de Infância 1º de Maio"" in Carnaxide is part of the Santa Casa da Misericórdia de Oeiras. The relevant website for this institution is the Santa Casa da Misericórdia de Oeiras website, which lists the childcare facility's information.

Here is the URL: https://www.misericordia-oeiras.pt/educacao/creche-e-pre-escolar/jardim-de-infancia-1o-de-maio/"
684,Jardim de Infância Nossa Senhora do Rosário de Fátima,Oeiras,Oeiras,Creche,not found,,,https://www.misericordia-oeiras.pt/educacao/creche-e-pre-escolar/jardim-de-infancia-na-sra-rosario-de-fatima
688,Creche Jardim Infância as Pintinhas,Cadaval,Cadaval,Creche e Jardim de Infância,https://www.scmcadaval.org.pt/,yes,domain doesn't match institution name; combined tipo — may have split pages,"The ""Creche Jardim Infância as Pintinhas"" is part of the Santa Casa da Misericórdia do Cadaval.

The official website for ""Creche Jardim Infância as Pintinhas"" is not found as a standalone website. However, information about it, including contact details and its integration within the Santa Casa da Misericórdia do Cadaval, can be found on the Santa Casa da Misericórdia do Cadaval website.

Therefore, the most relevant URL is: https://www.scmcadaval.org.pt/"
694,Centro Infantil e Juvenil de Alenquer,Alenquer,Alenquer,Creche e Jardim de Infância,http://www.scmalenquer.pt/respostassociais/infancia,yes,combined tipo — may have split pages,http://www.scmalenquer.pt/respostassociais/infancia
695,Creche Chemina - Santa Casa da Misericórdia de Alenquer,Alenquer,Alenquer,Creche,https://www.scmalenquer.pt,,,"The official website for ""Creche Chemina - Santa Casa da Misericórdia de Alenquer"" is not found as a standalone website. However, it is a department within the Santa Casa da Misericórdia de Alenquer. The website for the parent institution is:

https://www.scmalenquer.pt"
700,Creche da Santa Casa da Misericórdia de Arruda dos Vinhos,Arruda dos Vinhos,Arruda dos Vinhos,Creche,not found,,,https://scmaurradadosvinhos.pt
701,Centro Infantil João de Deus Alvalade 1,Lisboa,Lisboa,Creche,http://www.joaodeus.com/jardins_escola/detalhe_rede_ci.asp?id=5,,,"The official website for ""Centro Infantil João de Deus Alvalade 1"" is http://www.joaodeus.com/jardins_escola/detalhe_rede_ci.asp?id=5."
703,Centro Infantil Olivais Sul,Lisboa,Lisboa,Creche e Jardim de Infância,https://oseculo.pt,yes,domain doesn't match institution name; combined tipo — may have split pages,"The ""Centro Infantil Olivais Sul"" in Lisboa, Portugal, has its website listed as being ""under maintenance"" and will be available ""soon."" Currently, the institution is managed by Fundação ""O Século"", and their website is fundacao@oseculo.pt. However, the direct website for Centro Infantil Olivais Sul is not operational at this time.

Therefore, the most relevant URL is that of the managing entity: fundacao@oseculo.pt."
707,Centro Infantil Visconde Valmor,Lisboa,Lisboa,Creche,https://www.scml.pt,yes,domain doesn't match institution name,www.scml.pt
714,Fundação Adolfo Vieira de Brito,Lisboa,Lisboa,Creche e Jardim de Infância,not found,,,"The official website for ""Fundação Adolfo Vieira de Brito"" in Lisboa, Portugal is https://fundacaoavb.pt/."
723,Icco Infantário Cooperativa de Campo de Ourique,Lisboa,Lisboa,Creche e Jardim de Infância,not found,,,"The official website for ""Icco Infantário Cooperativa de Campo de Ourique"" is https://infantariocooperativadecampodeourique.pt/."
728,Casinha de Nossa Senhora,Lisboa,Lisboa,Creche,https://casinhanossasenhora.pt,,,https://casinhanossasenhora.pt
743,Infantário de Nossa Senhora da Purificação,Lisboa,Lisboa,Creche e Jardim de Infância,not found,,,"The official website for ""Infantário Nossa Senhora da Purificação"" in Lisboa, Portugal is https://www.infantarionspurificacao.net."
745,Associação do Pessoal da Fundação Gulbenkian,Lisboa,Lisboa,Creche e Jardim de Infância,https://gulbenkian.pt,yes,combined tipo — may have split pages,"The official website for ""Associação do Pessoal da Fundação Gulbenkian"" is not found in the search results. However, contact information is available. The email address is creche@gulbenkian.pt and the phone number is 217823566."
747,Infantário Os Fraldas,Lisboa,Lisboa,Creche,https://www.infantarioosfraldas.com,,,www.infantarioosfraldas.com
754,Externato João XXIII,Lisboa,Lisboa,Creche e Jardim de Infância,http://externatojoao23.edu.pt/,yes,combined tipo — may have split pages,http://externatojoao23.edu.pt/
756,Externato Santa Maria do Mar,Areeiro,Lisboa,Creche e Jardim de Infância,not found,,,"""not found"""
761,JIFA - Jardim de Infância dos Anjos,Arroios,Lisboa,Creche e Jardim de Infância,https://jifa.pt/,yes,combined tipo — may have split pages,https://jifa.pt/
764,Externato das Pedralvas,Lisboa,Lisboa,Creche e Jardim de Infância,not found,,,"The official website for ""Externato das Pedralvas"" in Lisboa, Portugal is www.pedralvinhas.eu. It is also listed as www.pedralvinhas.pt."
767,"Colégio ""O Nosso Jardim”",Lisboa,Lisboa,Creche e Jardim de Infância,https://www.onossojardim.com/,yes,combined tipo — may have split pages,"The official website for ""Colégio ""O Nosso Jardim”"" in Lisboa, Portugal is https://www.onossojardim.com/."
777,Associação Moradores do Casal Ventoso,Lisboa,Lisboa,Creche e Jardim de Infância,not found,,,not found
779,Centro Social Comunitário Bairro da Flamenga,Lisboa,Lisboa,Creche,not found,,,not found
783,Centro Social da Paroquia de São Sebastião da Pedreira,Lisboa,Lisboa,Creche e Jardim de Infância,https://cspssp.com,yes,domain doesn't match institution name; combined tipo — may have split pages,https://cspssp.com
789,Centro Social do Sagrado Coração de Jesus - S. Domingos,Lisboa,Lisboa,Creche e Jardim de Infância,http://www.centrosscj.com/,yes,combined tipo — may have split pages,"The official website for ""Centro Social do Sagrado Coração de Jesus - S. Domingos"" in Lisboa, Portugal is http://www.centrosscj.com/."
792,Centro Social Paroquial de São Vicente de Paulo,Lisboa,Lisboa,Creche e Jardim de Infância,https://www.cspsvp.pt,yes,domain doesn't match institution name; combined tipo — may have split pages,www.cspsvp.pt
1412,Quina - Infantário e Jardim de Infância,Ramada,Odivelas,Creche e Jardim de Infância,not found,,,not found
1413,Infantário do IES Cesário Verde International School,Lisboa,Lisboa,Creche e Jardim de Infância,https://cesarioverde.com,yes,combined tipo — may have split pages,"The official website for ""Infantário do IES Cesário Verde International School"" is https://cesarioverde.com."
1415,Jardim Infantil Popular da Pontinha,Pontinha,Odivelas,Creche e Jardim de Infância,not found,,,"The official website for ""Jardim Infantil Popular da Pontinha"" is http://www.jipp.com.pt."
1417,Centro de Apoio Infantil Filadélfia,Lisboa,Lisboa,Creche,https://filadelfia.org,yes,domain doesn't match institution name,"The official website for ""Centro de Apoio Infantil Filadélfia"" is not found. However, there are directory listings and social service portals that provide contact information and details about the institution.

It appears the institution is associated with ""Associação Vida Cristã Filadélfia"". Several sources provide the address as Rua Bernardo Marques, Lojas 4 C e 8 A, 1750-000 Lisboa, and the phone number 211 957 166. An email address, associacao@filadelfia.org, is also listed. One directory entry, infantarios.pt, lists a ""Filadélfia – Centro de Apoio Infantil"" in Loures with the website https://infantarios.pt/filadelfia-centro-de-apoio-infantil/. However, this appears to be a directory page and not the institution's direct official website."
1422,Nuclisol - Unidade de Desenvolvimento Integrado de Maroitas/ São João Talha,S. João da Talha,Loures,Creche e Jardim de Infância,https://www.nuclisol.org/pt/respostas-sociais-e-educativas/sao-joao-da-talha/informacoes/,yes,combined tipo — may have split pages,The official website for Nuclisol - Unidade de Desenvolvimento Integrado de Maroitas/ São João Talha is a specific page within the larger NucliSol Jean Piaget website. That URL is: https://www.nuclisol.org/pt/respostas-sociais-e-educativas/sao-joao-da-talha/informacoes/.
1425,Centro Comunitário Paroquial de Famões - Centro Infantil de Odivelas,Odivelas,Odivelas,Creche e Jardim de Infância,https://ccparoquial-famoes.org/,yes,domain doesn't match institution name; combined tipo — may have split pages,"The official website for ""Centro Comunitário Paroquial de Famões - Centro Infantil de Odivelas"" is https://ccparoquial-famoes.org/."
1426,Associação Promoção Social de Castanheira do Ribatejo,Castanheira do Ribatejo,Vila Franca de Xira,Creche e Jardim de Infância,http://www.apscastanheira.pt,yes,combined tipo — may have split pages,http://www.apscastanheira.pt
1430,Creche Quinta dos Bacelos - Associação Bem Estar Infantil Vila Franca de Xira,Vila Franca de Xira,Vila Franca de Xira,Creche,not found,,,"The official website for ""Creche Quinta dos Bacelos - Associação Bem Estar Infantil Vila Franca de Xira"" is part of the ABEI (Associação para o Bem Estar Infantil da Freguesia de Vila Franca de Xira) website.

https://www.abei.org.pt/"
1432,Jardim Infantil Associação Popular Apoio à Criança,Póvoa Santa Iria,Vila Franca de Xira,Creche e Jardim de Infância,https://apac.pt,yes,domain doesn't match institution name; combined tipo — may have split pages,"The official website for ""Jardim Infantil Associação Popular Apoio à Criança"" in Póvoa Santa Iria, Portugal is apac.pt."
1436,Associação Solidariedade Social Apoio Á Família,Forte da Casa,Vila Franca de Xira,Creche e Jardim de Infância,https://assaf.pt,yes,domain doesn't match institution name; combined tipo — may have split pages,"The official website for ""Associação Solidariedade Social Apoio Á Família"" in Forte da Casa, Portugal is assaf.pt."
1438,Casa do Povo de Vialonga,Vialonga,Vila Franca de Xira,Creche e Jardim de Infância,https://www.casapovovialonga.pt,yes,combined tipo — may have split pages,www.casapovovialonga.pt
1439,Actividades de Tempos Livres de Bolonha- Creche,Póvoa Santa Iria,Vila Franca de Xira,Creche,https://atlbolonha.pt,,,https://atlbolonha.pt
1440,Actividades de Tempos Livres de Bolonha - Creche,Póvoa Santa Iria,Vila Franca de Xira,Creche,not found,,,https://www.atlb.pt
1459,Centro Social e Cultural de Ribamar,Ribamar,Lourinhã,Creche,https://cscribamar.org,,,cscribamar.org
1462,Associação Bem Estar Infantil de Vialonga - Sede,Vialonga,Vila Franca de Xira,Creche e Jardim de Infância,https://abeiv.pt,yes,domain doesn't match institution name; combined tipo — may have split pages,"The official website for ""Associação Bem Estar Infantil de Vialonga - Sede"" is abeiv.pt."
1464,Associação Bem Estar Infantil de Vialonga,Vialonga,Vila Franca de Xira,Creche e Jardim de Infância,https://abeiv.pt,yes,domain doesn't match institution name; combined tipo — may have split pages,"The official website for ""Associação Bem Estar Infantil da Freguesia de Vialonga"" is abeiv.pt."
1465,Cebi - Fundação para o Desenvolvimento Comunitário de Alverca,Alverca do Ribatejo,Vila Franca de Xira,Creche e Jardim de Infância,https://fcebi.org/,yes,combined tipo — may have split pages,https://fcebi.org/
1467,Cebi - Fundação para o Desenvolvimento Comunitário de Alverca / Clube de Jovens,Alverca do Ribatejo,Vila Franca de Xira,Creche,https://fcebi.org,,,"The official website for ""Cebi - Fundação para o Desenvolvimento Comunitário de Alverca"" is fcebi.org."
1475,Casa do Povo da Freguesia da Freiria,Torres Vedras,Torres Vedras,Creche e Jardim de Infância,http://www.cpf-freiria.pt/,yes,combined tipo — may have split pages,http://www.cpf-freiria.pt/
1510,Adeco - Jardim de Infância das Mercês,Lisboa,Lisboa,Creche e Jardim de Infância,https://www.adeco-jim.com/,yes,combined tipo — may have split pages,https://www.adeco-jim.com/
1513,Associação Ester Janz,Lisboa,Lisboa,Creche e Jardim de Infância,http://www.esterjanz.pt/,yes,combined tipo — may have split pages,"The official website for ""Associação Ester Janz"" in Lisboa, Portugal is http://www.esterjanz.pt/."
1518,Creche Marquês de Olhão,Lisboa,Lisboa,Creche,not found,,,"The ""Creche Marquês de Olhão"" in Lisboa, Portugal, has been renamed to ""Creche Manuela Ramalho Eanes"".

Its official website is: https://www.asjdlisboa.com/"
1522,Assistência Infantil da Freguesia de Santa Isabel,Lisboa,Lisboa,Creche e Jardim de Infância,https://aifsi.pt,yes,domain doesn't match institution name; combined tipo — may have split pages,https://aifsi.pt
1542,Jardim Escola João de Deus - Torres Vedras,Torres Vedras,Torres Vedras,Creche e Jardim de Infância,https://jetorresvedras.wordpress.com/,yes,combined tipo — may have split pages,https://jetorresvedras.wordpress.com/
1545,Externato Jardim da Arroja,Odivelas,Odivelas,Creche,not found,,,not found
1552,Centro Social Paroquial de Silveira,Silveira,Torres Vedras,Creche e Jardim de Infância,https://www.cspsilveira.pt,yes,combined tipo — may have split pages,"The official website for ""Centro Social Paroquial de Silveira"" in Silveira, Portugal is www.cspsilveira.pt."
1559,Creche e Jardim de Infância o Jardim Encantado,Bobadela,Loures,Creche,not found,,,http://www.ojardimencantado.com/
1652,Babete e Companhia,Lisboa,Lisboa,Creche,not found,,,https://babetecompanhia.com
1654,Centro de Apoio Infantil Filadélfia,Sacavém,Loures,Creche,not found,,,not found
1677,Fundação D. Pedro IV - Estabelecimento de Arroios,Lisboa,Lisboa,Creche,https://fundacaodpedroiv.org,,,"The official website for ""Fundação D. Pedro IV"" is fundacaodpedroiv.org. The ""Estabelecimento de Arroios"" is one of their childcare institutions in Lisbon, specifically known as Casa de Infância de Arroios."
1678,Fundação D. Pedro IV - Casa de Infância de Calafates,Lisboa,Lisboa,Creche,https://www.fundacaodpedroiv.org/infancia/casa-infancia-de-calafates/,,,"The official website for ""Fundação D. Pedro IV - Casa de Infância de Calafates"" is part of the Fundação D. Pedro IV website. The direct page for Casa de Infância de Calafates can be found at:

https://www.fundacaodpedroiv.org/infancia/casa-infancia-de-calafates/"
1680,Fundação D. Pedro IV - Casa de Infância dos Olivais,Lisboa,Lisboa,Creche,https://www.fundacaodpedroiv.org/,,,The official website for Fundação D. Pedro IV - Casa de Infância dos Olivais is www.fundacaodpedroiv.org/.
1681,Fundação D. Pedro IV - Casa de Infância de Santa Quitéria,Lisboa,Lisboa,Creche,https://www.fundacaodpedroiv.org/infancia/casa-de-infancia-de-santa-quiteria,,,"The official website for ""Fundação D. Pedro IV - Casa de Infância de Santa Quitéria"" in Lisboa, Portugal, is part of the larger Fundação D. Pedro IV website. The specific page for Casa de Infância de Santa Quitéria can be found at: https://www.fundacaodpedroiv.org/infancia/casa-de-infancia-de-santa-quiteria."
1682,Fundação D. Pedro IV - Casa de Infância de São Vicente,Lisboa,Lisboa,Creche,https://www.fundacaodpedroiv.org/,,,"The ""Fundação D. Pedro IV - Casa de Infância de São Vicente"" is part of the larger ""Fundação D. Pedro IV"" institution. The official website for the parent organization, which includes information about the Casa de Infância de São Vicente, is: https://www.fundacaodpedroiv.org/."
1683,Fundaçâo Maria do Carmo Roque Pereira,Lisboa,Lisboa,Creche,not found,,,https://www.fmcrp.com/
1689,Fundação D. Pedro IV - Casa de Infância de Santana,Lisboa,Lisboa,Creche,https://www.fundacaodpedroiv.org,,,www.fundacaodpedroiv.org
1690,Associação Socorro e Amparo - Casa do Menino Jesus,Lisboa,Lisboa,Creche,not found,,,"The official website for ""Associação Socorro e Amparo - Casa do Menino Jesus"" in Lisboa, Portugal, is not found. However, there is a website for ""Colégio do Menino Jesus - Associação Socorro e Amparo"" which operates a creche and kindergarten in Lisbon. The email provided for ""Associação Socorro e Amparo - Casa do Menino Jesus"" is asamparo@hotmail.com, and their phone number is 217141517. Another listing for ""Associação Socorro e Amparo"" also provides a phone number 217161541 and a link to ""Visitar website"", but this redirects to the pai.pt business directory page for ""Associação Socorro e Amparo"" rather than a dedicated institutional website."
1697,Creche e Jardim Infantil de Santo Amaro,Lisboa,Lisboa,Creche e Jardim de Infância,not found,,,"Not found. While several sources confirm the existence and location of ""Creche e Jardim Infantil de Santo Amaro"" in Lisboa, Portugal, and provide contact information such as phone numbers and email addresses, an official website URL is not listed."
1702,Colégio Luso-Suíço,Lisboa,Lisboa,Creche e Jardim de Infância,https://www.colegiolusosuico.com,yes,domain doesn't match institution name; combined tipo — may have split pages,"The official website for ""Colégio Luso-Suíço"" in Lisboa, Portugal is https://www.colegiolusosuico.com."
1706,Colégio Moderno de João Soares e Filhos,Lisboa,Lisboa,Creche e Jardim de Infância,https://www.colegiomoderno.pt,yes,combined tipo — may have split pages,https://www.colegiomoderno.pt
1716,Centro Social Paroquial de Nossa Senhora da Encarnação,Lisboa,Lisboa,Creche e Jardim de Infância,https://portal-cspencarnacao.tsrweb.pt/,yes,domain doesn't match institution name; combined tipo — may have split pages,"The ""Centro Social Paroquial de Nossa Senhora da Encarnação"" in Lisboa, Portugal, has a website associated with its Mafra location: https://portal-cspencarnacao.tsrweb.pt/.

It appears there might be two institutions with very similar names. One is located in Mafra and has a clear website. The other is located in Lisbon, on Calçada da Glória, and is mentioned in relation to Santa Casa da Misericórdia de Lisboa, but a dedicated website for this specific Lisbon branch was not found."
1721,Centro Social José Luís Coelho,Lisboa,Lisboa,Creche e Jardim de Infância,not found,,,"Upon reviewing the search results, it appears that the ""Centro Social José Luís Coelho"" in Lisboa, Portugal, does not have an official website listed. Several sources, including ""Mapa Territórios SCML"", explicitly state ""Website: não dispõe"" (website not available). While some results mention emails and phone numbers, no official website URL is provided for the institution itself.

not found"
1726,Associação de Penha de França,Lisboa,Lisboa,Creche e Jardim de Infância,not found,,,"The official website for ""Associação de Penha de França"" in Lisboa, Portugal is www.apenhadefranca.pt."
1737,Colégio de São Domingos,Lisboa,Lisboa,Creche e Jardim de Infância,not found,,,"The official website for ""Colégio de São Domingos"" in Lisboa, Portugal is part of the ""Paróquia São Domingos de Benfica"" website.

https://www.paroquiasaodomingosdebenfica.pt/colegio-sao-domingos/"
1742,Casa da Bela Flor,Lisboa,Lisboa,Creche e Jardim de Infância,not found,,,not found
1745,Obra de Santa Zita - Penha de França,Lisboa,Lisboa,Creche,https://www.osz.pt/,yes,domain doesn't match institution name,https://www.osz.pt/
1746,Centro Paroquial Bem Estar Social de Alfama - Creche,Lisboa,Lisboa,Creche e Jardim de Infância,not found,,,www.centroparoquialalfama.pt
1748,Abrigo Infantil de Santa Maria de Belém,Lisboa,Lisboa,Creche e Jardim de Infância,not found,,,https://www.abrigoinfantilsantamariadebelem.pt
1751,Centro Social Paroquial Nossa Senhora da Ajuda - Secção Infantil,Lisboa,Lisboa,Creche e Jardim de Infância,https://cspnsa-lisboa.webnode.pt/,yes,domain doesn't match institution name; combined tipo — may have split pages,"The official website for ""Centro Social Paroquial Nossa Senhora da Ajuda - Secção Infantil"" in Lisboa, Portugal is https://cspnsa-lisboa.webnode.pt/. You can also find information about the childcare section (Creche and Pré-escolar) on the main Centro Social Paroquial de Nossa Senhora da Ajuda website."
1757,Centro Social Paroquial de São Mamede,Lisboa,Lisboa,Creche,https://www.cspsm.pt,yes,domain doesn't match institution name,"The official website for ""Centro Social Paroquial de São Mamede"" in Lisboa, Portugal is https://www.cspsm.pt."
1760,Jardim Infantil os Pirralhos do Marquês,Lisboa,Lisboa,Creche,not found,,,not found
1761,Obra Social Paulo VI,Lisboa,Lisboa,Creche e Jardim de Infância,https://www.obrasocialpaulovi.pt,yes,combined tipo — may have split pages,www.obrasocialpaulovi.pt
1791,Educação Popular,Lisboa,Lisboa,Creche,https://www.educacaopopular.org,,,"The official website for ""Educação Popular"" in Lisboa, Portugal is https://www.educacaopopular.org."
2208,Associação Popular de Sobral de Monte Agraço,Sobral de Monte Agraço,Sobral de Monte Agraço,Creche,https://www.associacaopopularsobral.pt,,,www.associacaopopularsobral.pt
2213,Centro Social Paroquial de Azambuja,Azambuja,Azambuja,Creche,https://csparoqazambuja.pt/,,,csparoqazambuja.pt/
2214,Centro Social Paroquial de Aveiras de Baixo,Aveiras de Baixo,Azambuja,Creche,https://cspaveirasbaixo.pt,,,https://cspaveirasbaixo.pt
2216,Centro Social Paroquial de Aveiras de Cima - Jardim Infantil,Aveiras de Cima,Azambuja,Creche,https://cspaveiras.pt,,,"The official website for ""Centro Social Paroquial de Aveiras de Cima"" which includes information about the ""Jardim Infantil"" is https://cspaveiras.pt."
2227,Centro Cultural e Recreativo das Crianças do Cruzeiro e Rio Seco,Lisboa,Lisboa,Creche,https://www.ccrccr.pt,yes,domain doesn't match institution name,"The official website for ""Centro Cultural e Recreativo das Crianças do Cruzeiro e Rio Seco"" is www.ccrccr.pt."
2234,Cai - Centro de Acolhimento Infantil de Campolide,Lisboa,Lisboa,Creche,not found,,,"The ""Cai - Centro de Acolhimento Infantil de Campolide"" is part of the Santa Casa da Misericórdia de Lisboa (SCML). Therefore, it does not have an independent official website. You can find information about it on the Santa Casa da Misericórdia de Lisboa website."
2237,Cai - Centro de Acolhimento Infantil Vítor Manuel,Lisboa,Lisboa,Creche,https://www.scml.pt,yes,domain doesn't match institution name,"The ""Cai - Centro de Acolhimento Infantil Vítor Manuel"" is part of the Santa Casa da Misericórdia de Lisboa (SCML). Therefore, its official website is the Santa Casa da Misericórdia de Lisboa website.

www.scml.pt"
2241,Cai - Centro de Acolhimento Infantil Doutor José Domingos Barreiro,Lisboa,Lisboa,Creche,not found,,,"The ""Cai - Centro de Acolhimento Infantil Doutor José Domingos Barreiro"" is part of the Santa Casa da Misericórdia de Lisboa. While there isn't a dedicated website for this specific childcare institution, you can find information about it on the Santa Casa da Misericórdia de Lisboa's website, which is responsible for several such centers.

You can find their contact information and details as part of the ""Infância, juventude e família"" section of the Santa Casa da Misericórdia de Lisboa website.

Therefore, the most relevant official website is the Santa Casa da Misericórdia de Lisboa:

not found"
2246,Centro Social do Menino Deus,Lisboa,Lisboa,Creche,not found,,,"The official website for ""Centro Social do Menino Deus"" in Lisboa, Portugal is http://clunyportugal.com/paginas/csmj_lisboa.html."
2252,Centro Social Paroquial de Carnide,Lisboa,Lisboa,Creche,http://cspcarnide.pt,,,http://cspcarnide.pt
2254,Centro Social Paroquial do Calhariz de Benfica,Lisboa,Lisboa,Creche,not found,,,not found
2259,Centro Social Paroquial do Campo Grande,Lisboa,Lisboa,Creche,not found,,,"The official website for ""Centro Social Paroquial do Campo Grande"" in Lisboa, Portugal is cspcg.pt."
2266,Nuclisol - Jean Piaget - U.D.I. de Chelas /Bairro do Condado,Lisboa,Lisboa,Creche,https://www.nuclisol.org,,,"The official website for ""Nuclisol - Jean Piaget - U.D.I. de Chelas /Bairro do Condado"" in Lisboa, Portugal is https://www.nuclisol.org. This specific unit, referred to as UDI Condado, is part of the larger NucliSol Jean Piaget association."
2287,Associação Infante de Sagres,Lisboa,Lisboa,Creche e Jardim de Infância,https://www.aisagres.pt,yes,combined tipo — may have split pages,www.aisagres.pt
4880,ABLA Parede (Ex-Centro Infantil da Parede),Parede,Cascais,Creche e Jardim de Infância,https://www.abla.org,yes,combined tipo — may have split pages,The official website for ABLA Parede (Ex-Centro Infantil da Parede) is www.abla.org.
4894,Centro Comunitário Paroquial de Rio de Mouro,Rio de Mouro,Sintra,Creche,https://paroquia-rio-de-mouro.pt,,,The official website for Centro Comunitário Paroquial de Rio de Mouro is paroquia-rio-de-mouro.pt.
4895,Associação Promotora da Criança,Rio de Mouro,Sintra,Creche e Jardim de Infância,https://associacaopcrianca.pt,yes,domain doesn't match institution name; combined tipo — may have split pages,"The official website for ""Associação Promotora da Criança"" in Rio de Mouro, Portugal is associacaopcrianca.pt."
4896,Creche Popular de Rio de Mouro,Rio de Mouro,Sintra,Creche e Jardim de Infância,https://crechepopularm.wixsite.com/crehepopularm,yes,combined tipo — may have split pages,"The official website for ""Creche Popular de Rio de Mouro"" is crechepopularm.wixsite.com/crehepopularm."
4902,Centro Social Baptista,Cacem,Sintra,Creche e Jardim de Infância,https://www.csbaptista.pt/,yes,combined tipo — may have split pages,"The official website for ""Centro Social Baptista"" in Cacem, Portugal is https://www.csbaptista.pt/."
4909,Centro de Apoio à Criança,Agualva,Sintra,Creche e Jardim de Infância,http://centroapoiocrianca.pt,yes,combined tipo — may have split pages,http://centroapoiocrianca.pt
4911,Jovicreche,Cacém,Sintra,Creche,not found,,,http://jovicreche.no.sapo.pt
4914,Associação para a Educação e Reabilitação de Crianças Inadaptadas de Mafra,Mafra,Mafra,Creche,https://www.apercim.pt,yes,domain doesn't match institution name,https://www.apercim.pt
4916,Centro de Bem Estar Infantil de Nossa Senhora das Dores,Mafra,Mafra,Creche e Jardim de Infância,not found,,,not found
4923,Sítio do Pica Pau Amarelo,São Marcos,Sintra,Creche,not found,,,"The official website for ""Sítio do Pica Pau Amarelo"" in São Marcos, Portugal is not found. However, I found a Facebook page associated with them."
4924,Jardim de Infância Popular,Agualva,Sintra,Creche e Jardim de Infância,not found,,,www.jipopular.com
4925,Creche - Jardim de Infância Faz de Conta,Rio de Mouro,Sintra,Creche e Jardim de Infância,not found,,,www.fazdeconta.pt
4975,Associação de Santa Engrácia de Lisboa,Lisboa,Lisboa,Creche e Jardim de Infância,http://associacaodesantaengracia.pt/,yes,combined tipo — may have split pages,http://associacaodesantaengracia.pt/
4999,Cai do Bairro da Boavista,Lisboa,Lisboa,Creche,not found,,,"The ""Cai do Bairro da Boavista"" (Centro de Acolhimento Infantil do Bairro da Boavista) in Lisboa, Portugal, is part of the Santa Casa da Misericórdia de Lisboa (SCML).

Its official website is www.santacasa.pt."
5102,Cai de São José,Lisboa,Lisboa,Creche,not found,,,"The ""Centro de Acolhimento Infantil de S. José"" (CAI de São José) in Lisbon, Portugal, does not appear to have a standalone official website. It is an institution run by the Santa Casa da Misericórdia de Lisboa (SCML).

You can find information about CAI de São José on the Santa Casa da Misericórdia de Lisboa website. Here are some relevant links:

*   **Mapa Territórios SCML (Centro de Acolhimento Infantil de S. José):** This page provides contact details, address, and a brief description of the institution.
*   **Infância, juventude e família - Santa Casa da Misericórdia de Lisboa:** This section of the SCML website lists various childcare institutions, including CAI de São José, and provides contact information."
5103,Cai Vale Fundão 1,Lisboa,Lisboa,Creche,not found,,,not found
5104,Cai Vale Fundão 2,Lisboa,Lisboa,Creche e Jardim de Infância,not found,,,"Cai Vale Fundão 2 in Lisboa, Portugal does not appear to have a dedicated official website. It is an institution run by Santa Casa da Misericórdia de Lisboa (SCML).

However, you can find information about Cai Vale Fundão 2 on the Santa Casa da Misericórdia de Lisboa website.

Here are some relevant links:
*   **Santa Casa da Misericórdia de Lisboa (SCML) page for Infância, Juventude e Família:** This page lists various childcare institutions run by SCML, including ""Centro de Acolhimento Infantil Vale Fundão II"". You can find it by navigating to ""Infância, juventude e família"" and then searching for ""Vale Fundão II"".
*   **Mapa Social entry for CAI Vale Fundão 2:** This page provides contact information (phone and email) and details about the services offered, but not a separate website.
*   **Mapa Territórios SCML entry for CAI Vale Fundão II:** This page also provides contact information and details about the facility.

Based on the available information, a direct official website for ""Cai Vale Fundão 2"" is not found. Instead, information is integrated into the larger Santa Casa da Misericórdia de Lisboa's online presence."
5108,Cai do Bairro da Cruz Vermelha,Lisboa,Lisboa,Creche e Jardim de Infância,https://www.scml.pt,yes,domain doesn't match institution name; combined tipo — may have split pages,"The ""Cai do Bairro da Cruz Vermelha"" (Centro de Acolhimento Infantil do Bairro da Cruz Vermelha) in Lisbon, Portugal, is part of the Santa Casa da Misericórdia de Lisboa (SCML). Its official website is www.scml.pt.

You can find information about this specific childcare institution by navigating the SCML website. Contact information for the ""Centro de Acolhimento Infantil do Bairro Cruz Vermelha"" includes the phone number +351 217 521 970 and the email address cai.cruzvermelha@scml.pt."
5113,Centro de Promoção Social da Alta de Lisboa,Lisboa,Lisboa,Creche e Jardim de Infância,https://www.scml.pt,yes,domain doesn't match institution name; combined tipo — may have split pages,"The ""Centro de Promoção Social da Alta de Lisboa"" is an equipment of the Santa Casa da Misericórdia de Lisboa (SCML). Therefore, its official website is the SCML website.

www.scml.pt"
5116,Cai do Bairro do Padre Cruz,Lisboa,Lisboa,Creche e Jardim de Infância,not found,,,"The ""Centro de Acolhimento Infantil do Bairro Padre Cruz"" (CAI do Bairro do Padre Cruz) is owned by the Santa Casa da Misericórdia de Lisboa (SCML). Therefore, its official website is part of the SCML website.

https://www.santacasa.pt"
5121,Centro Social Polivalente do Bairro Padre Cruz,Lisboa,Lisboa,Creche,not found,,,"The Centro Social Polivalente do Bairro Padre Cruz is a social response of the Santa Casa da Misericórdia de Lisboa (SCML). Therefore, its official website is likely integrated within the SCML's online presence.

www.santacasa.pt"
5122,Centro de Bem Estar Infantil das Janelas Verdes,Lisboa,Lisboa,Creche,https://www.scml.pt,yes,domain doesn't match institution name,"The ""Centro de Bem Estar Infantil das Janelas Verdes"" is an establishment of the Santa Casa da Misericórdia de Lisboa (SCML). Therefore, its official website is the website of the Santa Casa da Misericórdia de Lisboa.

www.scml.pt"
5130,Centro Social Polivalente do Bairro das Furnas,Lisboa,Lisboa,Creche,not found,,,www.santacasa.pt
5159,Centro Social da Ericeira,Ericeira,Mafra,Creche e Jardim de Infância,https://csericeira.pt,yes,combined tipo — may have split pages,"The official website for ""Centro Social da Ericeira"" is csericeira.pt."
5168,Infantário o Azul,Mem Martins,Sintra,Creche,not found,,,not found
5174,Associação de Solidariedade e Promoção de a-Dos-Cunhados,A dos Cunhados,Torres Vedras,Creche e Jardim de Infância,https://aspa-edu.pt,yes,domain doesn't match institution name; combined tipo — may have split pages,"The official website for ""Associação de Solidariedade e Promoção de A-Dos-Cunhados"" is not explicitly found in the search results. However, an email address is provided by the Torres Vedras Municipal Council: geral@aspa-edu.pt and/ou sadministrativos@aspa.edu.pt. This suggests that ""aspa.edu.pt"" or ""aspa-edu.pt"" might be part of their web presence, but a direct website link is not available.

The institution is also mentioned on the União das Freguesias de A dos Cunhados e Maceira website with a Facebook link."
5179,Creche de S. José,Lisboa,Lisboa,Creche,not found,,,"I found several childcare institutions with ""Creche de S. José"" or similar names in the Lisbon district, but located in different municipalities (Lisboa, Torres Vedras, Vila Franca de Xira). It's crucial to identify the correct one.

Based on the information, here are the potential official websites, depending on the specific ""Creche de S. José"" in Lisboa you are looking for:

*   **For ""Creche de S. José"" at Largo São Domingos de Benfica, 14, 1500-455 LISBOA:** No dedicated official website was found. The Mapa Social provides contact information, including an email: crechesaojose.secretaria@gmail.com.
*   **For ""Centro de Acolhimento Infantil de S. José"" at Rua Padre Luís Aparício, 12-A, Lisboa:** This is part of Santa Casa da Misericórdia de Lisboa (SCML), and information can be found on the Mapa Territórios SCML website.
*   **For ""Creche de São José"" in Torres Vedras (Avenida da Liberdade):** The official website is https://www.lardesaojose.pt/fundacao.
*   **For ""Centro Social Paroquial Casa de S. José - Creche"" in Castanheira do Ribatejo, Vila Franca de Xira:** The official website is https://www.casasaojose.pt.
*   **For ""Centro Social Paroquial Nossa Senhora da Ajuda (Creche - Pré-Escolar)"" at Calçada da Ajuda, 227, 1300-011 Lisboa:** No direct website was found, but contact information is available.

Please provide more specific information (like the full address) if none of these are the institution you are looking for."
5181,Unidades de Educação da CML,Lisboa,Lisboa,Creche,https://www.lisboa.pt,yes,domain doesn't match institution name,"The ""Unidades de Educação da CML"" refers to the educational units managed by the Câmara Municipal de Lisboa (CML), which is the Lisbon City Council. While there isn't a single, separate official website specifically for ""Unidades de Educação da CML"" as an independent institution, information about their childcare and educational initiatives can be found on the official website of the Lisbon City Council.

The official website for the Câmara Municipal de Lisboa is: https://www.lisboa.pt"
5183,Creche a Alcofinha - CML,Lisboa,Lisboa,Creche,not found,,,not found
5188,Centro Social Paroquial de São João de Brito,Lisboa,Lisboa,Creche,http://www.paroquiasjbrito.pt,,,http://www.paroquiasjbrito.pt
5191,Creche Beloquitas,Lisboa,Lisboa,Creche,not found,,,not found
5197,Centro Social Paroquial da Pena,Lisboa,Lisboa,Creche,not found,,,"The official website for ""Centro Social Paroquial da Pena"" in Lisboa, Portugal is www.infantariodapena.pt."
5200,Creche das Maçãs,Colares,Sintra,Creche,https://misericordiadesintra.pt,yes,domain doesn't match institution name,"The ""Creche das Maçãs"" in Colares, Portugal, is part of the Santa Casa da Misericórdia de Sintra.

The official website for Santa Casa da Misericórdia de Sintra, which includes information about Creche das Maçãs, is misericordiadesintra.pt."
5205,Centro Social Paroquial de Colares - Almoçageme,Colares,Sintra,Creche,not found,,,"The official website for ""Centro Social Paroquial de Colares - Almoçageme"" is https://paroquiadecolares.webnode.pt/centro-social-paroquial-de-colares/."
5206,Centro Social Paroquial de Colares,Colares,Sintra,Creche,https://paroquiadecolares.blogspot.com,,,"The Centro Social Paroquial de Colares has a page on the Paróquia de Colares website: https://paroquiadecolares.blogspot.com. There is also a Webnode site for ""Centro Social Paroquial de Colares"".

https://paroquiadecolares.blogspot.com"
5237,A Creche Sempre em Flor - S. Carlos,Mem Martins,Sintra,Creche,https://sempremflor.pt,,,"The official website for ""A Creche Sempre em Flor - S. Carlos"" in Mem Martins, Portugal is sempremflor.pt. It is also referred to as ""A Creche Sempre Em Flor""."
5238,A Creche Sempre em Flor (S.josé),Mem Martins,Sintra,Creche,not found,,,"The official website for ""A Creche Sempre em Flor (S.josé)"" in Mem Martins, Portugal is https://www.sempremflor.pt."
5240,"Colégio Herdeiros do Futuro, CRL",Mem Martins,Sintra,Creche,not found,,,https://colegioherdeirosdofuturo.pt/
5241,Os Patarecos - Associação Particular de Solidariedade Social,Sintra,Sintra,Creche e Jardim de Infância,not found,,,"The official website for ""Os Patarecos - Associação Particular de Solidariedade Social"" is patarecos-ipss.pt."
5243,Infantário Popular de Sintra,Sintra,Sintra,Creche e Jardim de Infância,https://www.infantario-popular-sintra.com,yes,combined tipo — may have split pages,"The official website for ""Infantário Popular de Sintra"" is www.infantario-popular-sintra.com."
5246,Equip Soc da Associação de Reformados da Freguesia de Terrugem,Terrugem,Sintra,Creche,https://www.cclterrugem.pt,,,"The official website for ""Equip Soc da Associação de Reformados da Freguesia de Terrugem"" is a section within the ""Centro Comunitário e Lar da Terrugem - IPSS"" website.

https://www.cclterrugem.pt"
5247,Centro Social Paroquial São João das Lampas - Creche Pé-Ante-Pé,São João das Lampas,Sintra,Creche,https://www.cspsaojoaodaslampas.com,,,"The official website for Centro Social Paroquial São João das Lampas, which includes ""Creche Pé-Ante-Pé"", is www.cspsaojoaodaslampas.com."
5255,Jardim de Infância de Nossa Senhora dos Anjos,Camarate,Loures,Creche e Jardim de Infância,https://ansa.pt,yes,domain doesn't match institution name; combined tipo — may have split pages,"The official website for ""Jardim de Infância de Nossa Senhora dos Anjos"" in Camarate, Portugal is ansa.pt. The institution is also known as ""Associação Nossa Senhora dos Anjos"" (ANSA) and is a Private Institution of Social Solidarity (IPSS)."
5260,Centro Social Paroquial da Bobadela,Bobadela,Loures,Creche,https://centrosocialparoquialbobadela.wordpress.com/,,,https://centrosocialparoquialbobadela.wordpress.com/
5264,"Creche do Centro Popular Infantil ""Nascer do Sol""",Bobadela,Loures,Creche,https://nascerdosol.eu/,,,"The official website for ""Creche do Centro Popular Infantil ""Nascer do Sol"""" in Bobadela, Portugal is https://nascerdosol.eu/."
5265,Centro Comunitário e Social e Cultural de Stº Antº dos Cavaleiros - Amsac,Santo António dos Cavaleiros,Loures,Creche e Jardim de Infância,https://www.amsac.pt,yes,combined tipo — may have split pages,The official website for Centro Comunitário e Social e Cultural de Stº Antº dos Cavaleiros - Amsac is https://www.amsac.pt.
5267,Centro Cultural e Social de Santo António dos Cavaleiros,Santo António dos Cavaleiros,Loures,Creche e Jardim de Infância,https://www.cecssac.pt,yes,domain doesn't match institution name; combined tipo — may have split pages,"The official website for ""Centro Cultural e Social de Santo António dos Cavaleiros"" is www.cecssac.pt."
5270,O Saltarico,Santo António dos Cavaleiros,Loures,Creche e Jardim de Infância,not found,,,"The official website for ""O Saltarico"" in Santo António dos Cavaleiros, Portugal is https://osaltarico.pt."
5275,Equip Social da Instituição de Apoio Social da Freguesia de Bucelas,Bucelas,Loures,Creche,not found,,,"The official website for ""Instituição de Apoio Social da Freguesia de Bucelas"" is www.iasfbucelas.pt."
5280,Sede - Centro Comunitário Paroquial da Ramada,Ramada,Odivelas,Creche,http://centrocomunitariodaramada.org/,,,"The official website for ""Sede - Centro Comunitário Paroquial da Ramada"" is http://centrocomunitariodaramada.org/."
5287,Obra de Nossa Senhora da Purificação,Lisboa,Loures,Creche,not found,,,"The official website for ""Obra de Nossa Senhora da Purificação"" in Lisboa, Portugal is https://www.senhoradapurificacao.pt/."
5289,Associação Cantinho da Pequenada,Frielas,Loures,Creche,https://cantinhodapequenada.webnode.pt,,,https://cantinhodapequenada.webnode.pt
5291,Associação Doutor João dos Santos,Loures,Loures,Creche,not found,,,"The official website for ""Associação Doutor João dos Santos"" in Loures, Portugal, is associacaodrjoaodossantos.pt."
5296,Equip. Social da Santa Casa da Misericórdia da Azambuja,Azambuja,Azambuja,Creche,https://www.scmaz.pt,yes,domain doesn't match institution name,https://www.scmaz.pt
5412,Creche Jardim Infantil - O Caracol,Queluz,Sintra,Creche,not found,,,https://www.facebook.com/crecheojardiminfantilocaracol/
5414,"Complexo de Apoio à Infância ""Sol Dourado""",Queluz,Sintra,Creche,https://www.cbesq.pt,yes,domain doesn't match institution name,"The ""Complexo de Apoio à Infância ""Sol Dourado"""" in Queluz, Portugal, is an equipment of the ""Centro de Bem-Estar Social de Queluz"" (CBESQ).

The official website for the ""Centro de Bem-Estar Social de Queluz"" is www.cbesq.pt."
5416,"Complexo de Apoio à Infância ""Céu Azul""",Queluz,Sintra,Creche,https://www.cbesq.pt,yes,domain doesn't match institution name,"The ""Complexo de Apoio à Infância ""Céu Azul"""" in Queluz, Portugal, is an equipment of the Centro de Bem-Estar Social de Queluz (CBESQ).

The official website for the Centro de Bem-Estar Social de Queluz, which operates ""Céu Azul,"" is www.cbesq.pt."
5418,Creche Popular da Idanha e Jardim de Infância,Belas,Sintra,Creche,https://crecheidanha.pt,,,"The official website for ""Creche Popular da Idanha e Jardim de Infância"" is crecheidanha.pt."
5420,Infantário a Mimi,Queluz,Sintra,Creche,not found,,,not found
5424,Jardim de Infância António Pinheiro Pinto Basto,Belas,Sintra,Creche e Jardim de Infância,https://casbelas.pt,yes,domain doesn't match institution name; combined tipo — may have split pages,"The official website for ""Jardim de Infância António Pinheiro Pinto Basto"" in Belas, Portugal is casbelas.pt."
5426,Centro Social Quinta da Boa Vista,Belas,Sintra,Creche e Jardim de Infância,https://csqbv.pt,yes,domain doesn't match institution name; combined tipo — may have split pages,"The official website for ""Centro Social Quinta da Boa Vista"" in Belas, Portugal is csqbv.pt."
5428,Solami - Associação de Solidariedade e Amizade - Casal de Cambra,Casal de Cambra,Sintra,Creche e Jardim de Infância,https://www.solami.org,yes,combined tipo — may have split pages,"The official website for ""Solami - Associação de Solidariedade e Amizade - Casal de Cambra"" is www.solami.org."
5431,Centro Social Paroquial de São Brás,Amadora,Amadora,Creche e Jardim de Infância,https://www.cspsbras.com,yes,domain doesn't match institution name; combined tipo — may have split pages,"The official website for ""Centro Social Paroquial de São Brás"" in Amadora, Portugal, is www.cspsbras.com."
5436,Centro Social Paroquial do Imaculado Coração de Maria,Alfragide,Amadora,Creche e Jardim de Infância,not found,,,not found
5438,Associação de Pais e Amigos das Crianças da Freguesia da Mina,Amadora,Amadora,Creche e Jardim de Infância,not found,,,not found
5444,Centro Social 6 de Maio,Amadora,Amadora,Creche e Jardim de Infância,https://cs6maio.pt/,yes,combined tipo — may have split pages,https://cs6maio.pt/
5445,Associação de Solidariedade de Alfragide Assoalfra,Alfragide,Amadora,Creche e Jardim de Infância,https://www.assoalfra.pt,yes,combined tipo — may have split pages,www.assoalfra.pt
5451,Centro Social Paroquial de Alfornelos,Amadora,Amadora,Creche e Jardim de Infância,not found,,,www.cspalfornelos.pt
5455,Centro Social Paroquial da Brandoa,Amadora,Amadora,Creche e Jardim de Infância,https://centrosocialparoquialdabrandoa.pt,yes,combined tipo — may have split pages,"The official website for ""Centro Social Paroquial da Brandoa"" is: https://centrosocialparoquialdabrandoa.pt."
5459,Infantário do Externato Cinderela Alpedrinha,Amadora,Amadora,Creche e Jardim de Infância,not found,,,not found
5460,Creche Municipal de Á-Da-Beja,A-Da-Beja-Amadora,Amadora,Creche,not found,,,"The official website for ""Creche Municipal de Á-Da-Beja"" is part of the Câmara Municipal da Amadora (Amadora City Council) website. While there isn't a dedicated, independent website solely for the creche, information and application forms can be found on the Amadora City Council's education portal.

Specifically, you can find relevant information on the ""Educa Noticias"" section of the Câmara Municipal da Amadora website. The application forms for municipal nurseries, including Á-da-Beja, are usually available online through a specific link during the application period.

As of the current date, the direct URL for the Creche Municipal de Á-Da-Beja is not found as a standalone website."
5463,"O Ursinho Infantário, Jardim Escola (Creche)",Queluz,Sintra,Creche,https://oinfantarioursinho.wordpress.com,,,"The official website for ""O Ursinho Infantário, Jardim Escola (Creche)"" in Queluz, Portugal is https://oinfantarioursinho.wordpress.com."
5468,Centro de S. Francisco de Assis,Amadora,Amadora,Creche,https://www.misericordia-amadora.pt,,,"The official website for ""Centro de S. Francisco de Assis"" in Amadora, Portugal is www.misericordia-amadora.pt."
5469,Centro de Santa Clara de Assis,Amadora,Amadora,Creche,https://www.misericordia-amadora.pt,yes,domain doesn't match institution name,"The ""Centro de Santa Clara de Assis"" in Amadora, Portugal, is part of the Santa Casa da Misericórdia da Amadora (SCMA).

The official website for the institution is www.misericordia-amadora.pt."
5472,Creche e Escola Luís Madureira,Amadora,Amadora,Creche e Jardim de Infância,https://elm.misericordia-amadora.pt/,yes,domain doesn't match institution name; combined tipo — may have split pages,"The official website for ""Creche e Escola Luís Madureira"" in Amadora, Portugal is https://elm.misericordia-amadora.pt/."
5479,A Colmeia - Infantário e Jardim de Infância,Massamá,Sintra,Creche e Jardim de Infância,https://acolmeia.pt,yes,combined tipo — may have split pages,"It appears there isn't a single official website for ""A Colmeia - Infantário e Jardim de Infância"" in Massamá, Portugal. However, some directories and information pages list contact details and sometimes a website.

Here's what was found:
*   **Email:** direccao@acolmeia.pt and info@acolmeia.pt
*   **Phone:** 214378388 or 214377388
*   One source, Coverflex, lists a ""Website"" field for ""A Colmeia"" but leaves it blank, suggesting there isn't a dedicated website through their directory.
*   Another result mentions ""www.colmeia.pt"" in relation to a cooperative called ""A Colmeia"" in general, but it seems to be for a different institution, likely not the one in Massamá, as the context talks about a ""Pré-escolar 1.º Ciclo"" and a different email address (geral@colmeia.pt).

Given the information, it's ""not found"" as a direct, dedicated official website for the Massamá institution."
5488,Colégio o Teu Jardim,Queluz,Sintra,Creche e Jardim de Infância,not found,,,"The official website for ""Colégio o Teu Jardim"" in Queluz, Portugal is not found. Multiple sources indicate contact information like phone numbers and emails, and physical addresses, but no official website is listed."
5489,Colégio Colibri - Jardim de Infância,Massamá,Sintra,Creche e Jardim de Infância,https://www.colegiocolibri.pt,yes,combined tipo — may have split pages,https://www.colegiocolibri.pt
5864,Externato a Minha Escola,Paço D'arcos,Oeiras,Creche e Jardim de Infância,https://www.aminhaescola.pt,yes,combined tipo — may have split pages,"The official website for ""Externato a Minha Escola"" in Paço D'arcos, Portugal is www.aminhaescola.pt."
6069,Centro Infantil Palhaço,Linda-A-Velha,Oeiras,Creche e Jardim de Infância,https://misericordia-oeiras.pt,yes,domain doesn't match institution name; combined tipo — may have split pages,"The official website for ""Centro Infantil Palhaço"" in Linda-A-Velha, Portugal, is not found. However, it is associated with the Santa Casa da Misericórdia de Oeiras and its email is palhaço@misericordia-oeiras.pt."
6146,A Chupeta - Berçario e Creche,Cascais,Cascais,Creche e Jardim de Infância,https://www.achupeta.pt,yes,combined tipo — may have split pages,"The official website for ""A Chupeta - Berçario e Creche"" in Cascais, Portugal is www.achupeta.pt."
6174,Creche e Jardim de Infância da Santa Casa da Misericórdia de Torres Vedras,Torres Vedras,Torres Vedras,Creche e Jardim de Infância,https://scmtorresvedras.pt/,yes,combined tipo — may have split pages,"The official website for ""Creche e Jardim de Infância da Santa Casa da Misericórdia de Torres Vedras"" is part of the larger Santa Casa da Misericórdia de Torres Vedras website: https://scmtorresvedras.pt/.

Specifically, you can find information about the Creche and Jardim de Infância on these pages:
*   Creche: https://scmtorresvedras.pt/infancia/creche/
*   Jardim de Infância: https://scmtorresvedras.pt/infancia/jardim-de-infancia/
*   Infância (general section): https://scmtorresvedras.pt/infancia/
*   Contacts for Creche e Jardim de Infância: https://scmtorresvedras.pt/contactos/"
7036,Centro Social para Desenvolvimento do Sobralinho,Sobralinho,Vila Franca de Xira,Creche e Jardim de Infância,http://www.cspds.pt/,yes,domain doesn't match institution name; combined tipo — may have split pages,"The official website for ""Centro Social para Desenvolvimento do Sobralinho"" is http://www.cspds.pt/."
11130,Instituto de Beneficência Maria da Conceição Ferrão Pimentel,Abrigada,Alenquer,Creche e Jardim de Infância,https://www.institutodasaozinha.pt,yes,combined tipo — may have split pages,"The official website for ""Instituto de Beneficência Maria da Conceição Ferrão Pimentel"" in Abrigada, Portugal is www.institutodasaozinha.pt."
14032,Nuclisol - Unidade de Desenvolvimento Integrado das Galinheiras,Lisboa,Lisboa,Creche e Jardim de Infância,https://www.nuclisol.org/,yes,combined tipo — may have split pages,https://www.nuclisol.org/
14049,Externato Nª Srª da Apresentação,Agualva,Sintra,Creche e Jardim de Infância,http://www.externatonsa.org,yes,combined tipo — may have split pages,"The official website for ""Externato Nª Srª da Apresentação"" in Agualva, Portugal is http://www.externatonsa.org."
14060,Fraldinhas,Cascais,Cascais,Creche e Jardim de Infância,https://www.fraldinhas.com.pt,yes,combined tipo — may have split pages,www.fraldinhas.com.pt
17001,Nuclisol - Unidade de Desenvolvimento Integrado do Lumiar,Lisboa,Lisboa,Creche,https://www.nuclisol.org,,,The official website for Nuclisol - Unidade de Desenvolvimento Integrado do Lumiar is www.nuclisol.org.
17010,Creche Instituto de Apoio Comunitário - Bloco L,Forte da Casa,Vila Franca de Xira,Creche,https://www.iacfortedacasa.pt,yes,domain doesn't match institution name,"The official website for ""Creche Instituto de Apoio Comunitário - Bloco L"" is part of the Instituto de Apoio à Comunidade (IAC) in Forte da Casa, Portugal. The URL is: https://www.iacfortedacasa.pt."
17012,Centro de Bem Estar Infantil Vila Franca de Xira,Vila Franca de Xira,Vila Franca de Xira,Creche e Jardim de Infância,https://cbei.pt,yes,domain doesn't match institution name; combined tipo — may have split pages,"The official website for ""Centro de Bem Estar Infantil de Vila Franca de Xira"" is https://cbei.pt."
17021,Actividades Tempos Livres de Bolonha - Creche,Póvoa de Stª Iria,Vila Franca de Xira,Creche,not found,,,"The official website for ""Actividades Tempos Livres de Bolonha - Creche"" in Póvoa de Stª Iria, Portugal is atlb.pt."
17032,Centro de Infância da Quinta da Politeira,Barcarena-Oeiras,Oeiras,Creche e Jardim de Infância,https://www.cspbarcarena.pt,yes,domain doesn't match institution name; combined tipo — may have split pages,"The ""Centro de Infância da Quinta da Politeira"" is part of the ""Centro Social Paroquial de Barcarena"". The official website for the Centro Social Paroquial de Barcarena is www.cspbarcarena.pt."
17075,"Ni-Nó-Ni, Centro Infantil - Centro Humanitário de Lisboa - CVP",,Odivelas,Creche,not found,,,"Ni-Nó-Ni, Centro Infantil is part of the Centro Humanitário de Lisboa of the Portuguese Red Cross (Cruz Vermelha Portuguesa). While there isn't a dedicated website solely for ""Ni-Nó-Ni, Centro Infantil - Centro Humanitário de Lisboa - CVP"", information about the childcare institution can be found on the website of the Portuguese Red Cross (Cruz Vermelha Portuguesa). Specifically, the Centro Humanitário de Lisboa's page on ""Apoio Social"" (Social Support) mentions the ""Ni-Nó-Ni"" creche and provides an email address for it: chlisboa.crecheninoni@cruzvermelha.org.pt.

Therefore, the closest to an ""official website"" is the relevant section within the Cruz Vermelha Portuguesa's Centro Humanitário de Lisboa page.

https://www.cruzvermelha.pt/o-que-fazemos/apoio-social/centro-humanitario-de-lisboa.html"
17175,Centro Infantil João de Deus Alvalade II,Lisboa,Lisboa,Creche,https://joaodeus.com,,,"Multiple search results indicate that ""Centro Infantil João de Deus Alvalade II"" is associated with the ""Associação de Jardins-Escolas João de Deus"". While a direct official website for ""Centro Infantil João de Deus Alvalade II"" isn't explicitly stated, the Associação de Jardins-Escolas João de Deus has a website where individual centers might be listed. One search result provides a link within the joaodeus.com domain for a ""Centro Infantil de Alvalade/Campo Grande"". Another result shows a WordPress.com site for ""Centro Infantil Alvalade 2"".

Given the information, the most appropriate URL that serves as an official online presence for a related entity is:

http://www.joaodeus.com/jardins_escola/detalhe_rede_ci.asp?id=46"
17246,O Cantinho da Cegonha,Sacavém,Loures,Creche,http://www.ccegonha.pt,,,http://www.ccegonha.pt
17248,Infantário Pequenos Aprendizes,Rio de Mouro,Sintra,Creche e Jardim de Infância,not found,,,"A website for ""Infantário Pequenos Aprendizes"" in Rio de Mouro, Portugal is http://www.pequenosaprendizes.com."
17276,"Fundação ""O Século""",S. Pedro do Estoril,Cascais,Creche,https://www.oseculo.pt,yes,domain doesn't match institution name,https://www.oseculo.pt
17286,Centro de Recursos do Zambujal,Amadora,Amadora,Creche,https://www.afidkids.pt,yes,domain doesn't match institution name,www.afidkids.pt
17293,Lar de São José,Torres Vedras,Torres Vedras,Creche,https://www.lardesaojose.pt,,,"The official website for ""Lar de São José"" in Torres Vedras, Portugal is www.lardesaojose.pt."
17300,Associação Solidariedade Social e Apoio à Família,Forte da Casa,Vila Franca de Xira,Creche,https://assaf.pt/,yes,domain doesn't match institution name,"The official website for ""Associação Solidariedade Social e Apoio à Família"" in Forte da Casa, Portugal, is https://assaf.pt/."
17303,Centro Social Paroquial Nª Srª da Conceição da Igreja Nova,Igreja Nova,Mafra,Creche,not found,,,not found
17308,Jardim Escola João de Deus - Albarraque,Rio de Mouro,Sintra,Creche,http://www.albarraque.escolasjoaodeus.pt/,,,http://www.albarraque.escolasjoaodeus.pt/
17311,"Ajpas - Associação de Intervenção Comunitária, Desenvolvimento Social e de Saúde",Venda Nova,Amadora,Creche,not found,,,"The official website for ""Ajpas - Associação de Intervenção Comunitária, Desenvolvimento Social e de Saúde"" is www.ajpas.org.pt."
17314,Creche Rainha D. Leonor,Porto Salvo,Oeiras,Creche,https://misericordia-oeiras.pt,,,"The ""Creche Rainha D. Leonor"" in Porto Salvo is part of the Santa Casa da Misericórdia de Oeiras. The direct official URL for this specific creche is not found, but it is listed under the Santa Casa da Misericórdia de Oeiras. You can find information about it on the Santa Casa da Misericórdia de Oeiras website, which also provides contact information and its address.

Here's the relevant information:

Email: rdleonor@misericordia-oeiras.pt
Phone: +351 214 210 009
Address: Avenida Gaspar Corte Real s/n, Talaíde, 2740-234 Porto Salvo

While a dedicated official website for ""Creche Rainha D. Leonor"" in Porto Salvo was not found, its affiliation with Santa Casa da Misericórdia de Oeiras is clear, and contact details are available through that organization."
17564,Obra Social Madre Maria Clara,Queijas,Oeiras,Creche,not found,,,"The official website for ""Obra Social Madre Maria Clara"" in Queijas, Portugal is www.osmmac.pt."
17702,Grémio Instrução Liberal Campo Ourique,Lisboa,Lisboa,Creche,https://gremio2.wixsite.com/gremionet/bemvindos,yes,domain doesn't match institution name,https://gremio2.wixsite.com/gremionet/bemvindos
17703,Associação de Actividades do Bairro 2 de Maio,Lisboa,Lisboa,Creche,not found,,,not found
17704,Caselsol,Lisboa,Lisboa,Creche,not found,,,not found
17709,Ass. Vida Abundante - Espaço Crescer,Lisboa,Lisboa,Creche e Jardim de Infância,http://www.ccva.org/,yes,domain doesn't match institution name; combined tipo — may have split pages,"The official website for ""Ass. Vida Abundante - Espaço Crescer"" in Lisboa, Portugal is http://www.ccva.org/."
17717,Nuclisol - Jean Piaget - U.D.I. do Bairro do Armador,Lisboa,Lisboa,Creche e Jardim de Infância,http://www.nuclisol.org/,yes,combined tipo — may have split pages,http://www.nuclisol.org/
17866,Creche e Jardim de Infância da Portela,Portela de Sintra,Sintra,Creche e Jardim de Infância,not found,,,"The ""Creche e Jardim de Infância da Portela"" in Portela de Sintra, Portugal, is an institution managed by the Santa Casa da Misericórdia de Sintra.

The official website for the Santa Casa da Misericórdia de Sintra, which operates the Creche e Jardim de Infância da Portela, is not explicitly provided as a direct URL for the childcare institution itself in the search results. However, information about the institution can be found on the Santa Casa da Misericórdia de Sintra's website.

Therefore, the most relevant online presence for the institution is through the Santa Casa da Misericórdia de Sintra.

not found"
17868,Creche do Bugio,Paço de Arcos,Oeiras,Creche,https://nibpacodearcos.com/,yes,domain doesn't match institution name,"""Creche do Bugio"" is part of NIB (Núcleo de Instrução e Beneficência) Paço de Arcos. Their official website is https://nibpacodearcos.com/."
18219,Associação Tempo de Mudar para Desenvolvimentos do Bº dos Lóios,Lisboa,Lisboa,Creche e Jardim de Infância,not found,,,"The official website for ""Associação Tempo de Mudar para Desenvolvimentos do Bº dos Lóios"" is tempodemudar.pt."
18226,Ced D. Maria Pia,Lisboa,Lisboa,Creche e Jardim de Infância,not found,,,http://www.casapia.pt/Default.aspx?tabid=294&language=pt-PT
18232,Ced D. Nuno Álvares Pereira,Lisboa,Lisboa,Creche e Jardim de Infância,https://www.casapia.pt,yes,domain doesn't match institution name; combined tipo — may have split pages,"The ""Centro de Educação e Desenvolvimento D. Nuno Álvares Pereira"" is part of Casa Pia de Lisboa. The official website for Casa Pia de Lisboa, which includes information and contacts for ""Ced D. Nuno Álvares Pereira"", is www.casapia.pt."
18247,Cebi - Fundação para o Desenvolvimento Comunitário de Alverca / Centro de Recursos da Ericeira,Ericeira,Mafra,Creche e Jardim de Infância,https://www.fcebi.org,yes,combined tipo — may have split pages,The official website for Cebi - Fundação para o Desenvolvimento Comunitário de Alverca / Centro de Recursos da Ericeira is www.fcebi.org.
18250,Ced Jacob Rodrigues Pereira,Lisboa,Lisboa,Creche e Jardim de Infância,not found,,,"The ""Centro de Educação e Desenvolvimento Jacob Rodrigues Pereira"" (CED Jacob Rodrigues Pereira) is part of Casa Pia de Lisboa.

The official website for Casa Pia de Lisboa, which includes information about CED Jacob Rodrigues Pereira, is not directly provided in the search results as a single, clear URL. However, several results point to it being an integral part of Casa Pia de Lisboa.

Therefore, the most relevant website for this institution would be the Casa Pia de Lisboa's website. While a direct URL for ""Ced Jacob Rodrigues Pereira"" is not found, Casa Pia de Lisboa is the overarching institution."
18421,O Rei na Barriga - Frielas,Loures,Loures,Creche,https://www.oreinabarriga.pt,,,"The official website for ""O Rei na Barriga - Frielas"" in Loures, Portugal is www.oreinabarriga.pt."
18423,Creche S. Vicente,Torres Vedras,Torres Vedras,Creche e Jardim de Infância,http://www.crechesaovicente.net,yes,combined tipo — may have split pages,http://www.crechesaovicente.net
18430,Creche Encosta do Castelo,Lisboa,Lisboa,Creche,https://www.scml.pt,yes,domain doesn't match institution name,"The ""Creche Encosta do Castelo"" is owned by Santa Casa da Misericórdia de Lisboa (SCML). While there doesn't appear to be a dedicated website specifically for ""Creche Encosta do Castelo,"" information about it can be found on the SCML website.

www.scml.pt"
18541,Colégio Catarina de Bragança,Sintra,Sintra,Creche e Jardim de Infância,https://www.colegiocatarinabraganca.com,yes,combined tipo — may have split pages,"The official website for ""Colégio Catarina de Bragança"" in Sintra, Portugal is www.colegiocatarinabraganca.com."
18542,Creche o Pinguças,Linda-A-Velha,Oeiras,Creche,not found,,,"The official website for ""Creche O Pinguças"" in Linda-a-Velha, Portugal is www.crecheopingucas.com/."
18552,Colégio do Largo,Lisboa,Lisboa,Creche e Jardim de Infância,https://colegiodolargo.com,yes,combined tipo — may have split pages,https://colegiodolargo.com
18553,Jardim das Descobertas,Lisboa,Lisboa,Creche,not found,,,not found
18562,Creche do Gato Amarelo,Lisboa,Lisboa,Creche,not found,,,"The official website for ""Creche do Gato Amarelo"" in Lisboa, Portugal is www.gato-amarelo.pt."
18563,Colégio dos Arcos,Lisboa,Lisboa,Creche e Jardim de Infância,not found,,,http://www.colegiodosarcos.com.pt
18565,"Só Bebés, Serviço de Apoio Social e Ensino, Lda.",Lisboa,Lisboa,Creche,not found,,,"The official website for ""Só Bebés, Serviço de Apoio Social e Ensino, Lda."" in Lisboa, Portugal is http://www.sobebes.pt."
18570,Centro de Apoio à Família Educar para Incluir,Parede,Cascais,Creche e Jardim de Infância,https://horizonte.pt,yes,domain doesn't match institution name; combined tipo — may have split pages,"The ""Centro de Apoio à Família Educar para Incluir"" is part of a larger cooperative called ""Horizonte - Cooperativa de Solidariedade Social e de Ensino, CRL"".

The official website for Horizonte, which includes information on ""Educar para Incluir"", is horizonte.pt."
18612,"Gente Pequena ,Creches e Serviços Educativos, Lda",Lumiar,Lisboa,Creche,http://www.gentepequena.pt/,,,http://www.gentepequena.pt/
18614,Sozinho em Casa,Lisboa,Lisboa,Creche,not found,,,https://www.sozinhoemcasa.com
18616,Rei Bebe Infantário,Lisboa,Lisboa,Creche,not found,,,"Based on the search results, ""Rei Bebe Infantário"" in Lisboa, Portugal does not appear to have an independent official website. Information about it is primarily found on listings and directories for childcare institutions. One result mentions an email address: reibebe@reibebe.com. Another result, from ""Mapa Social,"" lists an email as bebexarila@gmail.com. There is also a Facebook link listed on the ""Mapa Territórios SCML"" site, but no direct URL is provided.

Therefore, the answer is ""not found""."
18617,Externato Santa Teresinha de Lisieux,Lisboa,Lisboa,Creche e Jardim de Infância,https://www.estl.pt,yes,domain doesn't match institution name; combined tipo — may have split pages,"The official website for ""Externato Santa Teresinha de Lisieux"" in Lisboa, Portugal is www.estl.pt."
18622,Externato Nova Oeiras,Oeiras,Oeiras,Creche e Jardim de Infância,https://externatonovaoeiras.pt,yes,combined tipo — may have split pages,"The official website for ""Externato Nova Oeiras"" is https://externatonovaoeiras.pt."
18623,Externato a Palmeirinha,Oeiras,Oeiras,Creche e Jardim de Infância,http://www.apalmeirinha.pt/,yes,combined tipo — may have split pages,http://www.apalmeirinha.pt/
18625,Escola Ana Guedes,Linda-A-Velha,Oeiras,Creche e Jardim de Infância,https://www.escolaanaguedes.pt/,yes,combined tipo — may have split pages,https://www.escolaanaguedes.pt/
18626,Creche e Jardim de Infância o Gonzo - Azambuja,Azambuja,Azambuja,Creche e Jardim de Infância,not found,,,not found
18628,Externato os Coelhinhos,Queluz,Sintra,Creche e Jardim de Infância,not found,,,"The official website for ""Externato os Coelhinhos"" in Queluz, Portugal is www.coelhinhos.wix.com/."
18630,Toca e Fica,Agualva,Sintra,Creche e Jardim de Infância,https://www.tocaefica.com,yes,combined tipo — may have split pages,"The official website for ""Toca e Fica"" in Agualva, Portugal is www.tocaefica.com."
18633,Jardim Infantil o Finório,Amadora,Amadora,Creche,https://gmail.com,yes,domain doesn't match institution name,"A direct official website for ""Jardim Infantil o Finório"" in Amadora, Portugal was not found. Several sources indicate ""N/A"" for a website. While some sources mention an email address (infofinorio@gmail.com) and phone numbers, a dedicated website was not listed."
18635,Colégio Quinta do Lago,São Domingos de Rana,Cascais,Creche e Jardim de Infância,not found,,,"The official website for ""Colégio Quinta do Lago"" in São Domingos de Rana, Portugal is www.cl-quinta-lago.pt and https://cl-quintadolago.pt/."
18638,Escolinha da Tita,São Domingos de Rana,Cascais,Creche,not found,,,"The official website for ""Escolinha da Tita"" in São Domingos de Rana, Portugal is www.aescolinhadatita.com. Another source also lists ""escolinhadatita.pt"" as a website."
18640,Academia Associação Juvenil Estudos e Comunicação,São Domingos de Rana,Cascais,Creche e Jardim de Infância,https://ajec.pt,yes,domain doesn't match institution name; combined tipo — may have split pages,https://ajec.pt
18644,Externato Jardim dos Lombos,Carcavelos,Cascais,Creche e Jardim de Infância,not found,,,www.jardimdoslombos.pt
18650,Escolinha da Ana,Cascais,Cascais,Creche e Jardim de Infância,https://www.escolinhadaana.com,yes,combined tipo — may have split pages,https://www.escolinhadaana.com
18651,St. John's School,Cascais,Cascais,Creche e Jardim de Infância,http://www.stjohns-school.com/,yes,combined tipo — may have split pages,"The official website for St. John's School in Cascais, Portugal is http://www.stjohns-school.com/."
18653,Boneca de Corda Jardim de Infância,Odivelas,Odivelas,Creche e Jardim de Infância,not found,,,https://www.crechebonecadecorda.pt/
18656,Centro Comunitário Moinho das Rolas,Porto Salvo,Oeiras,Creche e Jardim de Infância,https://cspportosalvo.pt/,yes,domain doesn't match institution name; combined tipo — may have split pages,"The ""Centro Comunitário Moinho das Rolas"" is part of the ""Centro Social Paroquial Nossa Senhora de Porto Salvo"" (CSPNS Porto Salvo).

The official website for CSPNS Porto Salvo, which includes information about Centro Comunitário Moinho das Rolas, is: https://cspportosalvo.pt/."
20122,Colégio S. Francisco de Assis,Porto Salvo,Oeiras,Creche e Jardim de Infância,https://www.sfranciscoassis.com,yes,combined tipo — may have split pages,https://www.sfranciscoassis.com
20221,Geração Chupeta,Lisboa,Lisboa,Creche,https://www.geracaochupeta.com/,,,https://www.geracaochupeta.com/
20261,"Academia dos Miúdos, Sociedade de Ensino e Apoio Social, Lda",Lisboa,Lisboa,Creche e Jardim de Infância,http://www.academiadosmiudos.pt,yes,combined tipo — may have split pages,http://www.academiadosmiudos.pt
20282,Colégio da Beloura,Sintra,Sintra,Creche e Jardim de Infância,https://www.colegiodabeloura.pt,yes,combined tipo — may have split pages,https://www.colegiodabeloura.pt
20290,"A Patatina Creche, Lda",Lisboa,Lisboa,Creche,https://www.apatatina.pt,,,www.apatatina.pt
20303,"A Escolinha dos Pequenitos, Ensino e Formação, Lda",Mafra,Mafra,Creche e Jardim de Infância,https://www.escolinhadospequenitos.pt,yes,combined tipo — may have split pages,https://www.escolinhadospequenitos.pt
20321,Jardim das Brincadeiras,Sintra,Sintra,Creche e Jardim de Infância,https://jbrincadeiras.com,yes,combined tipo — may have split pages,https://jbrincadeiras.com
20322,A Creche da Maria,Lisboa,Lisboa,Creche,https://www.aescoladamaria.pt,,,"""A Creche da Maria"" is part of the larger ""A Escola da Maria"" project, and its official website is www.aescoladamaria.pt."
20342,Estrela do Mar - Jardim Infantil,Ericeira,Mafra,Creche e Jardim de Infância,not found,,,"The official website for ""Estrela do Mar - Jardim Infantil"" in Ericeira, Portugal is estrelamar.nana.pt/."
20352,Creche na Rua das Hortências,Gradil,Mafra,Creche,not found,,,"The ""Creche na Rua das Hortências"" in Gradil, Portugal, is part of the Casa do Povo do Gradil. The official website for Casa do Povo do Gradil is not directly provided in the search results. However, an email address associated with it is geral@cpgradil.pt."
20353,Jardim Infantil da Malveira,Malveira,Mafra,Creche e Jardim de Infância,not found,,,not found
20364,Actividades de Tempos Livres de Bolonha -Creche,Povoa de Sta Iria,Vila Franca de Xira,Creche,not found,,,"""Actividades de Tempos Livres de Bolonha - Creche"" has an official website at https://atlb.wixsite.com/atlb."
20365,Actividades de Tempos Livres de Bolonha -Creche,Povoa de Sta Iria,Vila Franca de Xira,Creche,https://www.atlbolonha.pt/,,,https://www.atlbolonha.pt/
20382,"O Fofas - Berçário, Creche e Jardim de Infância",Povoa de Sta Iria,Vila Franca de Xira,Creche e Jardim de Infância,not found,,,not found
20383,Creche e Jardim de Infância de Outurela,Carnaxide,Oeiras,Creche e Jardim de Infância,not found,,,https://cspnsc.webnode.page/
20385,Creche e Jardim de Infância de S. Marçal,Carnaxide,Oeiras,Creche e Jardim de Infância,not found,,,"The ""Creche e Jardim de Infância de S. Marçal"" in Carnaxide is part of the Santa Casa da Misericórdia de Oeiras. Their information is available on the Santa Casa da Misericórdia de Oeiras website.

https://www.misericordia-oeiras.pt/educacao/creche-e-pre-escolar/jardim-de-infancia-s-marcal/"
20386,Assoc. para Inserção Sócio-Cultural Profissional da Família- Projecto Família Global,Carnaxide,Oeiras,Creche,https://www.familiaglobal.pt,,,"The official website for ""Assoc. para Inserção Sócio-Cultural Profissional da Família- Projecto Família Global"" in Carnaxide, Portugal is www.familiaglobal.pt."
20390,Equip. Social do Centro Social e Paroquial Nossa Senhora do Cabo,Linda-A-Velha,Oeiras,Creche e Jardim de Infância,http://www.cspnscabo.pt/,yes,combined tipo — may have split pages,"The official website for ""Equip. Social do Centro Social e Paroquial Nossa Senhora do Cabo"" in Linda-A-Velha, Portugal is http://www.cspnscabo.pt/."
20391,Doce Alcofinha,Massamá,Sintra,Creche,not found,,,not found
20392,Associação de Solidareidade Social de Apoio a Família,Forte da Casa,Vila Franca de Xira,Creche,https://assaf.pt/,yes,domain doesn't match institution name,"The official website for ""Associação de Solidariedade Social de Apoio à Família"" in Forte da Casa, Portugal is https://assaf.pt/."
20403,Centro Infantil de São Gerardo,Amadora,Amadora,Creche e Jardim de Infância,https://cspburaca.pt,yes,domain doesn't match institution name; combined tipo — may have split pages,"The ""Centro Infantil de São Gerardo"" is part of the ""Centro Social Paroquial da Buraca"". The official website for the latter is cspburaca.pt. The ""Centro Infantil São Gerardo"" has an email address listed as saogerardo@cspburaca.pt."
20404,Abecedário,Encosta do Sol,Amadora,Creche,https://abcd.pt/,yes,domain doesn't match institution name,"The official website for the childcare institution ""Abecedário"" in Encosta do Sol, Portugal is https://abcd.pt/. This institution is managed by the Associação Cultura e Desporto da Brandoa (ABCD)."
20425,Creche Bébe de Sonho,São Brás,Amadora,Creche,https://www.bebedesonho.net,,,"The official website for ""Creche Bébe de Sonho"" in Casal de São Brás, Amadora (which is identified as São Brás in some listings) is https://www.bebedesonho.net."
20426,"Creche ""A Árvore""",Amadora,Amadora,Creche,not found,,,"""Creche A Árvore"" in Amadora, Portugal, does not appear to have a dedicated official website. It is associated with the ""Associação Cultural O Moinho da Juventude"". While some listings mention a ""Website: N/A"" for ""O Moinho da Juventude - Creche a Árvore"", no specific URL for ""Creche A Árvore"" was found in the search results."
20429,Creche a Velha Formiguinha,Sintra,Sintra,Creche e Jardim de Infância,https://www.aformiguinha.com,yes,combined tipo — may have split pages,https://www.aformiguinha.com
20445,Associação Comunitária Infantil e Juvenil da Ramada,Ramada,Odivelas,Creche e Jardim de Infância,https://acijr.pt,yes,domain doesn't match institution name; combined tipo — may have split pages,https://acijr.pt
20446,Colégio Brinca e Educa II,Carcavelos,Cascais,Creche,https://www.brincaeduca.com/,,,https://www.brincaeduca.com/
20447,Infantário de Bicesse - SCM Cascais,Alcabideche,Cascais,Creche e Jardim de Infância,not found,,,https://www.scmc-infancia.pt/infantario-de-bicesse
20504,Equip. Social da Associação de Protecção à Infância da Ajuda - Apia,Lisboa,Lisboa,Creche e Jardim de Infância,not found,,,"The official website for ""Equip. Social da Associação de Protecção à Infância da Ajuda - Apia"" in Lisboa, Portugal is www.apiaajuda.com."
20541,Pião Mágico - Infantário,Caneças,Odivelas,Creche e Jardim de Infância,https://www.piaomagico.pt,yes,domain doesn't match institution name; combined tipo — may have split pages,www.piaomagico.pt
20544,Mega Kids - Externato Pré-Primário,Vialonga,Vila Franca de Xira,Creche e Jardim de Infância,https://megakids.pt/,yes,combined tipo — may have split pages,"The official website for ""Mega Kids - Externato Pré-Primário"" in Vialonga, Portugal is https://megakids.pt/."
20603,Centro Comunitário Paroquial de Nossa Senhora das Dores,Caxias,Oeiras,Creche,https://ccpnsdgeral.wixsite.com/ccpnsd,yes,domain doesn't match institution name,"The official website for ""Centro Comunitário Paroquial de Nossa Senhora das Dores"" in Caxias, Portugal is ccpnsdgeral.wixsite.com/ccpnsd."
21142,Berçário da Santa Casa da Misericórdia Alenquer,Alenquer,Alenquer,Creche,http://www.scmalenquer.pt/respostassociais/infancia,,,"The official website for ""Berçário da Santa Casa da Misericórdia Alenquer"" is part of the larger Santa Casa da Misericórdia de Alenquer institution. The direct link for their childcare services, including the ""Berçário,"" is:

http://www.scmalenquer.pt/respostassociais/infancia"
21242,Centro Social Paroquial da Povoa de Sto Adrião,Odivelas,Odivelas,Creche e Jardim de Infância,error:'parts',,,'parts'
21381,Associação Humanidades,Lisboa,Lisboa,Creche,not found,,,"The official website for ""Associação Humanidades"" in Lisboa, Portugal is www.humanus.pt."
21382,Rute - Associação Solidariedade Social - Creche,Lisboa,Lisboa,Creche,not found,,,www.associacaorute.org
21481,Jardim de Infância e ATL o Novo Pinóquio,Algés,Oeiras,Creche e Jardim de Infância,not found,,,not found
21565,Centro Comunitário e Paroquial de Famões - Polo São Miguel (Sede),Famões,Odivelas,Creche,https://ccparoquial-famoes.org,yes,domain doesn't match institution name,"The official website for ""Centro Comunitário e Paroquial de Famões"" is ccparoquial-famoes.org. The ""Polo São Miguel (Sede)"" is the main building (headquarters) of this institution."
21591,Sociedade Filarmónica de Apoio Social e Recreio Artístico da Amadora - Quinta de S.miguel,Amadora,Amadora,Creche,not found,,,"The official website for ""Sociedade Filarmónica de Apoio Social e Recreio Artístico da Amadora - Quinta de S.miguel"" is www.sfraa.pt."
21621,Aba-Associação Beneficente de Ajuda,Santo António Cavaleiros,Loures,Creche,https://vidinhafixe.abajuda.org,,,"The official website for ""Aba-Associação Beneficente de Ajuda"" in Santo António Cavaleiros, Portugal is not found. However, there is a website for a related childcare institution called ""Vidinha Fixe"" which is operated by ABA, located at vidinhafixe.abajuda.org.

Other contact information for ""Aba-Associação Beneficente de Ajuda"" includes:

*   **Email**: abajuda@gmail.com or geral@abajuda.org
*   **Phone**: 219 890 005
*   **Address**: Rua Manuel Mourisca – Pavilhões Vida Fixe, Apartado 1054, 2661-901 Santo António Cavaleiros, Portugal."
21636,The Sailors - Peixinho Amarelo,Odivelas,Odivelas,Creche,https://peixinhoamarelo.pt,,,"There appear to be two related institutions, or perhaps a rebranding, with similar names in Odivelas.

1.  **Peixinho Amarelo - Creche e Berçário**: The official website for ""Peixinho Amarelo - Creche e Berçário"" in Odivelas is [https://peixinhoamarelo.pt](https://peixinhoamarelo.pt).
2.  **The Sailors - O Peixinho Amarelo**: This institution is also located in Odivelas (Colinas do Cruzeiro) and is part of ""The Sailors"" national network of childcare institutions. The main website for The Sailors network is https://thesailors.pt.

Given the query specifically includes ""The Sailors - Peixinho Amarelo"", the most relevant official website is for The Sailors network.

https://thesailors.pt"
21648,Creche Lumiar,Lisboa,Lisboa,Creche,https://www.crechelumiar.com,,,www.crechelumiar.com
21651,"Sementinha Mágica, Jardim Infantil e Creche",,Sintra,Creche e Jardim de Infância,https://gmail.com,yes,domain doesn't match institution name; combined tipo — may have split pages,"The official website for ""Sementinha Mágica, Jardim Infantil e Creche"" is not found through general search. However, a website specific to their ""Berçário, Creche e Jardim Infantil no Cacém"" (Nursery, Creche and Kindergarten in Cacém) is available. This institution in Cacém, Sintra, can be reached via phone at (+351) 21 914 15 00 or email at sementinhamagica@gmail.com. They are located at Rua D. Pedro I, nº12, 2735-311, Agualva-Cacém, Sintra."
21661,Recanto Infantil Mafalda,Oeiras,Oeiras,Creche e Jardim de Infância,https://gmail.com,yes,domain doesn't match institution name; combined tipo — may have split pages,"The official website for ""Recanto Infantil Mafalda"" in Oeiras, Portugal is not found. However, there is an email address provided: ananob@gmail.com and geral@recantomafalda.com."
21662,Saídos da Casca (Telheiras),Lisboa,Lisboa,Creche,https://www.saidosdacasca.pt,,,"The official website for ""Saídos da Casca (Telheiras)"" in Lisboa, Portugal is https://www.saidosdacasca.pt."
21663,O Mundo dos Sentidos,Mem Martins,Sintra,Creche e Jardim de Infância,not found,,,not found
21672,Creche - Associação Cantinho das Crianças do Prior Velho,Prior Velho,Loures,Creche e Jardim de Infância,https://www.accpv.pt/,yes,domain doesn't match institution name; combined tipo — may have split pages,https://www.accpv.pt/
21674,Centro Social Comunitário Bº Sto António I,Loures,Loures,Creche,not found,,,"I was unable to find an official website specifically for ""Centro Social Comunitário Bº Sto António I"" in Loures, Portugal. There are several institutions with similar names in Portugal, but none matching the exact name and location provided."
21675,Centro Comunitário do Bairro de Sto António II,Loures,Loures,Creche e Jardim de Infância,https://www.cspnap.pt/,yes,domain doesn't match institution name; combined tipo — may have split pages,"The ""Centro Comunitário do Bairro de Sto António II"" in Loures, Portugal, is a facility operated by the Centro Social e Paroquial Nuno Álvares Pereira de São Tiago de Camarate (CSPNAP).

The official website for CSPNAP, which oversees this center, is: https://www.cspnap.pt/."
21680,O Vale Azul Creche Limitada,Rio de Mouro,Sintra,Creche,https://ovaleazul.wixsite.com/o-vale-azul--creche,,,"The official website for ""O Vale Azul Creche Limitada"" in Rio de Mouro, Portugal is ovaleazul.wixsite.com/o-vale-azul--creche."
21716,Os Pequenos Mafrinhas - Creche,Venda do Pinheiro,Mafra,Creche,not found,,,https://www.pequenosmafrinhas.pt
21717,Centro Social Paroquial de S. Vicente de Alcabideche-Extensão B.º C. Gulbenkian,Alcabideche,Cascais,Creche,https://centroparoquialdealcabideche.pt/,,,"The official website for ""Centro Social Paroquial de S. Vicente de Alcabideche-Extensão B.º C. Gulbenkian"" is a part of the larger ""Centro Social Paroquial de São Vicente de Alcabideche"". The website for the main institution is: https://centroparoquialdealcabideche.pt/."
21718,Centro Social Paroquial de S. Vicente de Alcabideche-Sede- Escola,Alcabideche,Cascais,Creche,https://centroparoquialdealcabideche.pt,yes,domain doesn't match institution name,"The official website for ""Centro Social Paroquial de S. Vicente de Alcabideche-Sede- Escola"" is centroparoquialdealcabideche.pt."
21721,Associação de Beneficiência Luso-Alemã,Carcavelos,Cascais,Creche,https://abla.org,yes,domain doesn't match institution name,"The official website for ""Associação de Beneficiência Luso-Alemã"" in Carcavelos, Portugal is abla.org."
21722,Creche a Quintinha da Fidalga,Agualva,Sintra,Creche,http://www.quintinhadafidalga.com/,,,"The official website for ""Creche a Quintinha da Fidalga"" in Agualva, Portugal is http://www.quintinhadafidalga.com/."
21728,A Ovelhinha,Odivelas,Odivelas,Creche,http://www.ovelhinha.com/,,,http://www.ovelhinha.com/
21733,Externato Rainha Dona Amélia (Jardim Infantil da Lapa),Lisboa,Lisboa,Creche,https://www.externatorainhadonaamelia.pt,,,"The official website for ""Externato Rainha Dona Amélia (Jardim Infantil da Lapa)"" in Lisboa, Portugal is www.externatorainhadonaamelia.pt."
21781,Padrão - Estabelecimento de Ensino,Loures,Loures,Creche,not found,,,Not found.
22541,Chupetas e Biberons,Lisboa,Lisboa,Creche,https://chupetasebiberons.pt/,,,https://chupetasebiberons.pt/
22542,Jardim de Infância Mãe Patinha,Malveira,Mafra,Creche,not found,,,"""not found"""
22543,"Kriabebes - Berçario, Creche e Jardim de Infância",Algés,Oeiras,Creche,https://www.kriabebes.pt,,,https://www.kriabebes.pt
22545,Jardim de Infância Canteiro dos Sonhos,Oeiras,Oeiras,Creche e Jardim de Infância,not found,,,not found
22546,"Jardim da Fantasia - Actividades de Creche, Jardim de Infância e Afins",Lisboa,Lisboa,Creche,not found,,,"Based on the search results, an official website for ""Jardim da Fantasia - Actividades de Creche, Jardim de Infância e Afins"" in Lisboa, Portugal was not found. While several directories and social services platforms list the institution with contact information and addresses, none of these appear to be the official website for the childcare institution itself. One result shows that the domain ""jardimdafantasia.pt"" is listed for sale."
22547,Colégio da Torre,Paço de Arcos,Oeiras,Creche e Jardim de Infância,http://www.colegiodatorre.pt/,yes,combined tipo — may have split pages,http://www.colegiodatorre.pt/
22552,"Colégio, Jardim de Infância ""A Sandrinha, Lda""",Pontinha,Odivelas,Creche,not found,,,http://www.colegiosandrinha.pt/
22554,Berçario e Creche Fraldinhas e Fraldocas,Rio Mouro,Sintra,Creche,not found,,,not found
22557,Creche e Jardim de Infância Nª Srª das Graças,Algés,Oeiras,Creche e Jardim de Infância,https://www.jinsg.pt,yes,domain doesn't match institution name; combined tipo — may have split pages,https://www.jinsg.pt
22558,Espaço a Criança,Bobadela,Loures,Creche e Jardim de Infância,https://www.cpr.pt,yes,domain doesn't match institution name; combined tipo — may have split pages,"""Espaço a Criança"" in Bobadela, Portugal, is part of the Conselho Português para os Refugiados (CPR). The official website for CPR, which includes information about ""Espaço a Criança,"" is www.cpr.pt."
22587,Santa Catarina Externatos,Cruz Quebrada,Oeiras,Creche e Jardim de Infância,not found,,,https://www.santacatarina-ext.pt/
22647,Só Miminhos,Lisboa,Lisboa,Creche,https://crechesomiminhos.wixsite.com/crechesomiminhos,,,https://crechesomiminhos.wixsite.com/crechesomiminhos
22730,Ninho da Cegonha,Carnaxide,Oeiras,Creche,https://www.apoio.pt,yes,domain doesn't match institution name,"""Ninho da Cegonha"" in Carnaxide, Portugal, is a childcare institution operated by APOIO – Associação de Solidariedade Social.

https://www.apoio.pt"
22759,O Bercinho de Santa Rita,Amadora,Amadora,Creche,http://www.primeiraimagem.com/o-bercinho-de-santa-rita.php,yes,domain doesn't match institution name,"The official website for ""O Bercinho de Santa Rita"" in Amadora, Portugal is http://www.primeiraimagem.com/o-bercinho-de-santa-rita.php."
22764,Tutor T,Lisboa,Lisboa,Creche e Jardim de Infância,https://www.tutort.pt,yes,combined tipo — may have split pages,"The official website for ""Tutor T"" in Lisboa, Portugal is https://www.tutort.pt."
22773,O Rei na Barriga - Infantado,Loures,Loures,Creche e Jardim de Infância,https://oreinabarriga.pt,yes,combined tipo — may have split pages,oreinabarriga.pt
22774,Quintarola II,São João da Talha,Loures,Creche e Jardim de Infância,https://gmail.com,yes,domain doesn't match institution name; combined tipo — may have split pages,"""Quintarola II"" in São João da Talha does not appear to have a dedicated official website. However, several directories and local union websites list contact information for the institution.

Quintarola II is identified as a creche and pre-school (Creche e Jardim de Infância) located at Rua Sol n.º17, Bairro da Castelhana, 2695-562 São João da Talha. The email address provided is quintarola2@gmail.com and the phone number is 219558271."
22795,Infantário Pipos & Bibas,Odivelas,Odivelas,Creche e Jardim de Infância,https://www.pipos-e-bibas.pt,yes,combined tipo — may have split pages,www.pipos-e-bibas.pt
22800,Castelo Mágico - Creche e Jardim de Infância,Sintra,Sintra,Creche e Jardim de Infância,https://castelomagico.com.pt,yes,combined tipo — may have split pages,https://castelomagico.com.pt
22801,Creche e Jardim de Infância Cosme e Damião,Rio de Mouro,Sintra,Creche e Jardim de Infância,not found,,,not found
22804,Infantário Bem-Me-Quer,Rio de Mouro,Sintra,Creche e Jardim de Infância,not found,,,not found
22806,O Planeta Bebé,Massamá,Sintra,Creche,not found,,,"Based on the search results, the official website for ""O Planeta Bebé"" in Massamá, Portugal is planetabebe.pt."
22807,Cooperativa Miminhos Alegres CRL,Mem-Martins,Sintra,Creche,not found,,,"The official website for ""Cooperativa Miminhos Alegres CRL"" is not found. However, there is a Facebook page that appears to be associated with the institution."
24256,Cespa - Centro Social da Paróquia de Nossa Senhora da Conceição de Abóbada,S. Domingos de Rana,Cascais,Creche e Jardim de Infância,http://www.cespa.org.pt/,yes,combined tipo — may have split pages,http://www.cespa.org.pt/
24378,Creche de Santa Teresinha,Ramada,Odivelas,Creche,not found,,,"The official website for ""Creche de Santa Teresinha"" in Ramada, Portugal, is part of the Centro Comunitário Paroquial da Ramada website: https://vertexaisearch.cloud.google.com/grounding-api-redirect/AUZIYQGszIs2JdojaWp7Zt5QKqSL6VJ_yyy35ICHRFNjMLzqOJwYlWJ9djDzWSi1Npol684DGSSKrAH-VqaMUzfVJWo3km50nEHfF30mSS_8lTna92vyZOJ9qWbgWiGh3hw9ZuooUOOdhzr_OsNhpoP9gCkhP1o2Ej3eLsdICzEtsj0a1Q96RA==."
24401,Centro Social Paroquial Casa de São José,Castanheira do Ribatejo,Vila Franca de Xira,Creche,https://casasaojose.pt,yes,domain doesn't match institution name,"The official website for ""Centro Social Paroquial Casa de São José"" in Castanheira do Ribatejo, Portugal is casasaojose.pt."
24406,Creche da Lourinhã,Lourinhã,Gavião,Creche,not found,,,"It appears there isn't a single official website simply named ""Creche da Lourinhã"". Instead, there are a few childcare institutions in Lourinhã that offer ""creche"" (childcare) services:

*   **Santa Casa da Misericórdia de Lourinhã** has a ""Creche"" section on their website.
*   **Casa do Povo do Concelho da Lourinhã (CPCL)** operates ""Creche O Principezinho"".

Since the request was for ""the"" official website and multiple creches exist in Lourinhã, returning a single URL is not accurate. Therefore, the answer is ""not found"" for a generic ""Creche da Lourinhã"" website."
24407,Creche da Associação de Promoção Social,Castanheira do Ribatejo,Vila Franca de Xira,Creche e Jardim de Infância,http://www.apscastanheira.pt,yes,domain doesn't match institution name; combined tipo — may have split pages,http://www.apscastanheira.pt
24424,Cebesa - Creche e CATL José Garcês,Amadora,Amadora,Creche,not found,,,"The official website for ""Cebesa - Creche e CATL José Garcês"" is cebesa.pt."
24478,Santa Casa da Misericórdia da Venda do Pinheiro,Malveira,Mafra,Creche,https://www.scmvp.pt/,yes,domain doesn't match institution name,https://www.scmvp.pt/
24523,Os Ilustres,Odivelas,Odivelas,Creche e Jardim de Infância,https://www.colegioosilustres.pt/,yes,combined tipo — may have split pages,https://www.colegioosilustres.pt/
24586,Jardim de Infância Chiquinha,Lisboa,Lisboa,Creche,not found,,,"The official website for ""Jardim de Infância Chiquinha"" in Lisboa, Portugal is https://vertexaisearch.cloud.google.com/grounding-api-redirect/AUZIYQHQpY-5C1mHmUa4ZIss7IQAWACTO2OCTfYcmo-kdfrnwG9pSW-tr8EilWjpUW_xBgMg-Aib21apKzmQqzIAiFSMzu3JGh_tD3df7n9tRPjynW4=."
24589,Creche N.ª Sr.ª D` Ajuda,,Torres Vedras,Creche,not found,,,"""Creche N.ª Sr.ª D` Ajuda"" in Torres Vedras, Portugal, appears to be associated with the ""Casa do Povo da Freguesia do Ramalhal"". While there isn't a dedicated official website solely for ""Creche N.ª Sr.ª D` Ajuda,"" the Câmara Municipal de Torres Vedras website lists it under their educational establishments, providing contact information. Additionally, ""Guia do Oeste"" mentions ""Creche Nossa Senhora D'Ajuda"" with an email address: cpframalhal-creche-nsajuda@hotmail.com.

The closest to an official online presence is a blog titled ""Creche e J.I. Nª Sª D'Ajuda"" which details the history of the institution as part of ""Casa do Povo da Freguesia do Ramalhal"" and its inception in 2008. However, this is a blogspot URL, not an official institutional website.

Based on the available information, an official website specifically for ""Creche N.ª Sr.ª D` Ajuda"" was not found."
24592,Centro de Desenvolvimento Comunitário da Charneca,Lisboa,Lisboa,Creche,https://www.scml.pt/,yes,domain doesn't match institution name,"The ""Centro de Desenvolvimento Comunitário da Charneca"" in Lisboa is part of the Santa Casa da Misericórdia de Lisboa (SCML) network. While it doesn't appear to have a dedicated independent website, information about it can be found on the SCML website. It is listed under their ""População +65"" (Population +65) and ""Infância, juventude e família"" (Childhood, youth and family) sections.

Therefore, the closest to an ""official website"" would be the Santa Casa da Misericórdia de Lisboa's website:
https://www.scml.pt/"
24603,Creche da Quinta da Ponte - Associação Bem Estar Infantil Vila Franca Xira,S. João dos Montes,Vila Franca de Xira,Creche e Jardim de Infância,not found,,,"Not found. While there are institutions like ""Associação para o Bem Estar Infantil da Freguesia de Vila Franca de Xira"" and ""Centro de Bem Estar Infantil de Vila Franca de Xira"" (CBEI) in Vila Franca de Xira, and both offer childcare services, an official website specifically for ""Creche da Quinta da Ponte - Associação Bem Estar Infantil Vila Franca Xira"" in S. João dos Montes was not found."
24604,Cat-0/12 - Cat-12/18 - Creche (Fidalgos) - Ass.bem Estar Infantil V.f.xira,Vila Franca Xira,Vila Franca de Xira,Creche e Jardim de Infância,not found,,,"The official website for ""Cat-0/12 - Cat-12/18 - Creche (Fidalgos) - Ass.bem Estar Infantil V.f.xira"" is not found. However, there are two related institutions in Vila Franca de Xira that are found:

*   **ABEI – Associação para Bem Estar Infantil de Vila Franca de Xira**: While the specific ""Cat-0/12 - Cat-12/18 - Creche (Fidalgos)"" isn't explicitly listed as a separate website, ABEI is described as an ""Instituição Particular de Solidariedade Social (IPSS)"" that operates creches, pre-school, and temporary shelters for children in danger. Their contact email is comunicacao@abeivfxira.pt, and they are located at Quinta dos Bacelos - Rondulha - Estrada do Casal da Coxa, 18 | 2600-013 Vila Franca de Xira.
*   **CBEI - Centro de Bem Estar Infantil de Vila Franca de Xira**: This is another ""Instituição Particular de Solidariedade Social"" in Vila Franca de Xira that provides services for children, youth, families, and the community. Their website is https://cbei.pt/."
24640,Ser Criança -Creche,S.pedro Estoril,Cascais,Creche,http://www.creche-sercrianca.pt,,,http://www.creche-sercrianca.pt
24642,Creche Salpicos de Alegria,Lisboa,Lisboa,Creche,http://www.salpicos-de-alegria.pt/,,,http://www.salpicos-de-alegria.pt/
24653,Curiosa Idade - Centro Infantil,Linda-A-Velha,Oeiras,Creche e Jardim de Infância,https://curiosaidade.pt,yes,combined tipo — may have split pages,"The official website for ""Curiosa Idade - Centro Infantil"" in Linda-A-Velha, Portugal is curiosaidade.pt."
24654,Os Caramelos - Creche e Jardim de Infância,Alcainça,Mafra,Creche e Jardim de Infância,https://www.oscaramelos.pt,yes,combined tipo — may have split pages,"The official website for ""Os Caramelos - Creche e Jardim de Infância"" in Alcainça, Portugal is www.oscaramelos.pt."
24655,Traquinauta,Carcavelos,Cascais,Creche e Jardim de Infância,not found,,,https://vertexaisearch.cloud.google.com/grounding-api-redirect/AUZIYQGi3hUYG1gP7AmjzX0do8YxJRzZ8h31v3FRbs2ptIqAkpO5hELs0fuvRmH-gptFNb3tE0hDW9vPGGV4MiydcZCjQGi41B7s_cjCbLW0mXnb1_020DLuyIzX7WMGaca5DsjddbI
24656,"Colégio Quinta da Parreirinha, Rede Morangos Lda.",Bobadela,Loures,Creche e Jardim de Infância,http://www.morangos.com/,yes,combined tipo — may have split pages,http://www.morangos.com/
24657,"Colégio das Colinas - Unipessoal, Lda.",Odivelas,Odivelas,Creche e Jardim de Infância,https://www.colegiodascolinas.pt,yes,combined tipo — may have split pages,"The official website for ""Colégio das Colinas - Unipessoal, Lda."" in Odivelas, Portugal is www.colegiodascolinas.pt."
24666,Colégio o Rezingão - Ensino Infantil,Queluz,Sintra,Creche e Jardim de Infância,not found,,,"The official website for ""Colégio o Rezingão - Ensino Infantil"" in Queluz, Portugal is colegiorezingao.com."
24667,Externato Nobel - Creche,Lisboa,Lisboa,Creche,https://externatonobel.pt,,,https://externatonobel.pt
24668,Cartola de Sonhos,Famões,Odivelas,Creche,not found,,,https://www.cartoladesonhos.pt
24669,Colégio da Fonte,Porto Salvo,Oeiras,Creche e Jardim de Infância,http://www.colegiodafonte.pt/,yes,combined tipo — may have split pages,http://www.colegiodafonte.pt/
24671,Creche Mãe Maria,Lisboa,Lisboa,Creche e Jardim de Infância,http://www.crechemaemaria.pt,yes,combined tipo — may have split pages,http://www.crechemaemaria.pt
24696,Colégio os Bobocas,Barcarena,Oeiras,Creche e Jardim de Infância,not found,,,www.colegioosbobocas.com
24697,Verde Água - Creche e Jardim de Infância,"Carapinheira, Mafra",Mafra,Creche e Jardim de Infância,not found,,,"The official website for ""Verde Água - Creche e Jardim de Infância"" is www.colegioverdeagua.com."
24778,Centro Comunitário Senhora da Boa Nova,Estoril,Cascais,Creche e Jardim de Infância,https://www.cpestoril.pt,yes,domain doesn't match institution name; combined tipo — may have split pages,"The ""Centro Comunitário Senhora da Boa Nova"" in Estoril, Portugal, is part of the ""Centro Paroquial do Estoril"" (Parish Center of Estoril). Therefore, its official website is: https://www.cpestoril.pt."
24888,Campus Social do Olival,Lamas,Cadaval,Creche,not found,,,"A potential official website for ""Campus Social do Olival"" is https://campussocialolival.com/."
24895,O Barco do Mimo,Massamá,Sintra,Creche e Jardim de Infância,https://www.obarcodomimo.pt/,yes,combined tipo — may have split pages,"The official website for ""O Barco do Mimo"" in Massamá, Portugal is https://www.obarcodomimo.pt/."
24909,"Colinho das Tias, Lda.",Agualva Cacém,Sintra,Creche e Jardim de Infância,not found,,,"I could not find an official website for ""Colinho das Tias, Lda."" in Agualva Cacém, Portugal. Several directories list the institution, providing contact information like email and phone numbers, but no dedicated website URL."
24911,Creche Mamã Galinha,Póvoa de Santa Iria,Vila Franca de Xira,Creche e Jardim de Infância,not found,,,"The official website for ""Creche Mamã Galinha"" in Póvoa de Santa Iria, Portugal is https://sites.google.com/site/crechemamagalinha."
24912,Os Trombinhas,Odivelas,Odivelas,Creche e Jardim de Infância,https://www.ostrombinhas.pt,yes,combined tipo — may have split pages,www.ostrombinhas.pt
24914,O Sonho dos Pestinhas,Odivelas,Odivelas,Creche e Jardim de Infância,https://sapo.pt,yes,domain doesn't match institution name; combined tipo — may have split pages,"Several sources indicate that ""O Sonho dos Pestinhas"" is a childcare institution in Odivelas, Portugal. However, there does not appear to be an independent official website for ""O Sonho dos Pestinhas"".

Information about ""O Sonho dos Pestinhas"" is primarily found on directories and social welfare sites, which list contact information such as phone number (219377137) and email (osonhodospestinhas@sapo.pt). Some listings mention a Facebook presence, but a direct URL to an official website is not provided.

It's possible that the institution operates without a dedicated website, or its online presence is limited to social media or listings within larger directories. There is another institution named ""IPSS O Sonho"" in Setúbal, which does have a website (https://ipssonho.com/), but it is a different entity and not ""O Sonho dos Pestinhas"" in Odivelas.

Therefore, the official website for ""O Sonho dos Pestinhas"" in Odivelas, Portugal, was not found."
24932,Externato o Cantinho de Carcavelos,Carcavelos,Cascais,Creche e Jardim de Infância,https://externato-ocantinho.com,yes,combined tipo — may have split pages,externato-ocantinho.com
24933,Os Traquinas,Cascais,Cascais,Creche e Jardim de Infância,https://www.ostraquinas.com,yes,combined tipo — may have split pages,www.ostraquinas.com
24934,Externato a Nova Toca,S. Domingos de Rana,Cascais,Creche e Jardim de Infância,https://anovatoca.pt,yes,combined tipo — may have split pages,https://anovatoca.pt
24935,A Casa Amarela,Carnide,Lisboa,Creche,https://acasaamarelainfantario.wordpress.com/,,,https://acasaamarelainfantario.wordpress.com/
24939,Colégio Pequenos Índios,S.domingos de Benfica,Lisboa,Creche e Jardim de Infância,http://www.pequenosindios.pt,yes,combined tipo — may have split pages,http://www.pequenosindios.pt
25016,Creche os Batatinhas,Moita dos Ferreiros,Lourinhã,Creche,not found,,,not found
25017,Amor Perfeito de Agualva-Cacém - Arpiac,Cacém,Sintra,Creche,not found,,,"The official website for ""Amor Perfeito de Agualva-Cacém - Arpiac"" is not found. However, information about Creche Amor Perfeito, which is part of ARPIAC, is available. ARPIAC (Associação de Reformados, Pensionistas e Idosos de Agualva-Cacém) is an IPSS (Private Institution of Social Solidarity) that provides various community services, including a crèche/nursery.

Contact information for Creche Amor Perfeito:
Rua de São Paulo, nº 11, 2735-612 Cacém
Phone: 219 129 463 (national fixed line call)
Email: arpiac_amorperfeito@hotmail.com"
25028,Colégio Flor da Linha,Paço de Arcos,Oeiras,Creche e Jardim de Infância,https://www.colegiodalinha.com,yes,combined tipo — may have split pages,"The official website for ""Colégio Flor da Linha"" is www.colegiodalinha.com."
25029,"Iss Oeiras -International Sharing School Oeiras, S.A.",Porto Salvo,Oeiras,Creche e Jardim de Infância,https://www.sharingschool.org,yes,combined tipo — may have split pages,"The official website for ""Iss Oeiras -International Sharing School Oeiras, S.A."" in Porto Salvo, Portugal is www.sharingschool.org."
25030,Os Cachoeirinhos,São João da Talha,Loures,Creche e Jardim de Infância,https://www.oscachoeirinhos.com,yes,combined tipo — may have split pages,www.oscachoeirinhos.com
25031,Colégio Refúgio dos Anjos,Porto Salvo,Oeiras,Creche,https://www.refugiodosanjos.pt/,,,"The official website for ""Colégio Refúgio dos Anjos"" in Porto Salvo, Portugal is https://www.refugiodosanjos.pt/."
25033,Colégio o Tapadinhas II,Algueirão,Sintra,Creche e Jardim de Infância,not found,,,not found
25042,Colégio Saint Daniel Brottier,Lisboa,Lisboa,Creche e Jardim de Infância,https://csdbrottier.pt,yes,combined tipo — may have split pages,"The official website for Colégio Saint Daniel Brottier in Lisboa, Portugal is csdbrottier.pt."
25056,O Mundo da Alegria,Odivelas,Odivelas,Creche,https://www.omundodaalegria.pt,,,"The official website for ""O Mundo da Alegria"" in Odivelas, Portugal is www.omundodaalegria.pt."
25058,Aldeia dos Sonhos,Santo António Cavaleiros,Loures,Creche e Jardim de Infância,https://aldeiadossonhos.com/,yes,combined tipo — may have split pages,"The official website for ""Aldeia dos Sonhos"" in Santo António Cavaleiros, Portugal is https://aldeiadossonhos.com/."
25059,Vem Brincar! Actividades Educativas,Algueirão,Sintra,Creche e Jardim de Infância,not found,,,vembrincar.pt
25094,Colégio de Santa Maria,Loures,Loures,Creche e Jardim de Infância,https://www.primeiraimagem.com/colegio-de-santa-maria.php,yes,domain doesn't match institution name; combined tipo — may have split pages,www.primeiraimagem.com/colegio-de-santa-maria.php
25161,"Pequenos e Divertidos, Lda",Odivelas,Odivelas,Creche e Jardim de Infância,https://www.pequenosedivertidos.pt,yes,combined tipo — may have split pages,"The official website for ""Pequenos e Divertidos, Lda"" in Odivelas, Portugal is www.pequenosedivertidos.pt."
25168,Colégio Rik & Rok Amadora,Casal de Mira,Amadora,Creche e Jardim de Infância,https://www.fundacao-paodeacucar-auchan.pt/web/colegios-rikrok,yes,domain doesn't match institution name; combined tipo — may have split pages,"The official website for ""Colégio Rik & Rok Amadora"" is www.fundacao-paodeacucar-auchan.pt/web/colegios-rikrok."
25176,Creche os Gonçalinhos,Quinta de S. Gonçalo,Cascais,Creche e Jardim de Infância,https://creche-osgoncalinhos.com,yes,combined tipo — may have split pages,https://creche-osgoncalinhos.com
25179,Creche o Piu-Piu Alegre,Agualva-Mira Sintra,Sintra,Creche,http://www.opiupiu.pt,,,http://www.opiupiu.pt
25180,Creche Ecobabies,Agualva-Cacém,Sintra,Creche e Jardim de Infância,not found,,,"The official website for ""Creche Ecobabies"" in Agualva-Cacém, Portugal is https://ecobabies.pt."
25188,Pequenos e Reguilas,Ramada,Odivelas,Creche,https://www.pequenosereguilas.pt,,,https://www.pequenosereguilas.pt
25191,Creche & Aparece,Lisboa,Lisboa,Creche e Jardim de Infância,http://www.creche-e-aparece.com/,yes,combined tipo — may have split pages,"The official website for ""Creche & Aparece"" in Lisboa, Portugal is http://www.creche-e-aparece.com/."
25331,Creche da Associação Popular Apoio à Criança,Póvoa de Santa Iria,Vila Franca de Xira,Creche,https://www.apac.pt,yes,domain doesn't match institution name,"The official website for ""Creche da Associação Popular Apoio à Criança"" in Póvoa de Santa Iria, Portugal is www.apac.pt."
25332,Creche do Reguengo Grande,Reguengo Grande,Lourinhã,Creche,not found,,,https://csacreguengogrande.com/creche-de-reguengo-grande/
25451,Creche Caritas,Lisboa,Lisboa,Creche,https://www.caritaslisboa.pt/noticias/creche-caritas-a-creche-dos-seus-filhos/,,,"The official website for Creche Caritas in Lisboa, Portugal, is a part of the Cáritas Diocesana de Lisboa website.

Here is the URL: https://www.caritaslisboa.pt/noticias/creche-caritas-a-creche-dos-seus-filhos/"
25751,King's College School Cascais,Cascais,Cascais,Creche e Jardim de Infância,https://www.cascais.kingscollegeschool.pt/,yes,combined tipo — may have split pages,https://www.cascais.kingscollegeschool.pt/
25938,"Associação Solidariedade Subud - Creche da Estrada de Alfragide, 49",Amadora,Amadora,Creche,https://www.assubud.org/,,,https://www.assubud.org/
26088,Creche São Jorge,Amadora,Amadora,Creche e Jardim de Infância,not found,,,"The official website for ""Creche São Jorge"" in Amadora, Portugal is https://www.jardimdesaojorge.com/."
26089,Creche Morangos (Famões),Famões,Odivelas,Creche,https://www.morangos.com,,,"The official website for ""Creche Morangos (Famões)"" is www.morangos.com."
26091,Giz Mágico,Massamá,Sintra,Creche e Jardim de Infância,https://www.gizmagico.pt,yes,combined tipo — may have split pages,"The official website for ""Giz Mágico"" in Massamá, Portugal is www.gizmagico.pt."
26093,Creche Maria Catita,Lisboa,Lisboa,Creche,http://www.crechemariacatita.pt,,,http://www.crechemariacatita.pt
26095,Colégio D. João de Castro,Oeiras,Oeiras,Creche,not found,,,"The official website for ""Colégio D. João de Castro"" in Oeiras, Portugal is https://vertexaisearch.cloud.google.com/grounding-api-redirect/AUZIYQHI3YbLvpWyb8r8Hh4NCTOHSnlpv_TGFrEDjK9uHHGRj01Mv56jYihQIB6z0xnKrfUjL1qHKMZPEQriqNoTIZUTk_As_ZSF7ZjJi1RJA-GKJJxwUhsBZ4okIXR4rw==."
26112,Academia do Mimo,Ramada,Odivelas,Creche,https://omimo.pt/,,,"The official website for ""Academia do Mimo"" in Ramada, Portugal is https://omimo.pt/."
26225,Creche Santa Madalena Canossa,Queluz de Baixo,Oeiras,Creche,not found,,,not found
26230,Creche Bibes e Chuchas,Odivelas,Odivelas,Creche,not found,,,not found
26259,O Reino do Alão,Alenquer (Santo Estêvão),Alenquer,Creche e Jardim de Infância,http://www.reinodoalao.pt,yes,combined tipo — may have split pages,http://www.reinodoalao.pt
26265,Creche Municipal de Mafra,Mafra,Mafra,Creche,https://www.cm-mafra.pt,,,"The official website for ""Creche Municipal de Mafra"" is part of the Mafra Municipal Council (Câmara Municipal de Mafra) website.

You can find information related to the Creche Municipal de Mafra on the Mafra City Council website: www.cm-mafra.pt."
26266,Creche da Atalaia,Amadora,Amadora,Creche,https://www.casalpopular.pt/index.php/respostas-sociais/creche-da-atalaia,yes,domain doesn't match institution name,https://www.casalpopular.pt/index.php/respostas-sociais/creche-da-atalaia
26267,Creche a Romã,Amadora,Amadora,Creche,not found,,,not found
26268,Creche e Jardim de Infância - Da Junta de Freguesia de Alfragide,Alfragide,Amadora,Creche e Jardim de Infância,https://www.jf-alfragide.pt/,yes,combined tipo — may have split pages,"The official website for ""Creche e Jardim de Infância - Da Junta de Freguesia de Alfragide"" is part of the Junta de Freguesia de Alfragide's official website. You can find information about the creche and jardim de infância at: https://www.jf-alfragide.pt/."
26319,Creche o Principezinho,Lisboa,Lisboa,Creche,https://www.principezinho.pt,,,"The ""Creche o Principezinho"" in Lisboa, Portugal, is part of the Santa Casa da Misericórdia de Lisboa (SCML). It does not appear to have a dedicated, independent official website.

Information regarding ""Creche o Principezinho"" in Lisboa can be found on the Santa Casa da Misericórdia de Lisboa's Mapa Territórios SCML website.

Please note that there is another institution named ""Principezinho"" which has a website (www.principezinho.pt), but it is an ""Infantário | Sala de estudo"" located in Porto, not Lisboa."
26340,Creche da Falagueira,Falagueira,Amadora,Creche,https://www.sfraa.pt/educacao/creche-da-falagueira/,yes,domain doesn't match institution name,"The official website for ""Creche da Falagueira"" is part of the SFRAA (Sociedade Filarmónica de Apoio Social e Recreio Artístico da Amadora) website.

https://www.sfraa.pt/educacao/creche-da-falagueira/"
26421,Creche da Venteira,Venteira,Amadora,Creche,https://www.afidkids.pt,yes,domain doesn't match institution name,www.afidkids.pt
26478,Escola do Arco,Paço de Arcos,Oeiras,Creche e Jardim de Infância,https://escoladoarco.ajudademae.pt,yes,combined tipo — may have split pages,"The official website for ""Escola do Arco"" in Paço de Arcos, Portugal is escoladoarco.ajudademae.pt."
26480,Ideia - Instituto para o Desenvolvimento Educativo Integrado na Acção,São Domingos de Rana,Cascais,Creche e Jardim de Infância,https://onossosonho.pt/wp/,yes,domain doesn't match institution name; combined tipo — may have split pages,"The official website for ""Ideia - Instituto para o Desenvolvimento Educativo Integrado na Acção"" in São Domingos de Rana, Portugal, is https://onossosonho.pt/wp/."
26578,Creche Santa Teresinha do Menino Jesus,Amadora,Amadora,Creche,https://www.misericordia-amadora.pt,yes,domain doesn't match institution name,"The official website for ""Creche Santa Teresinha do Menino Jesus"" in Amadora, Portugal is www.misericordia-amadora.pt. The creche is managed by Santa Casa da Misericórdia da Amadora."
26761,Creche do Casal do Telheiro,Arruda dos Vinhos,Arruda dos Vinhos,Creche,https://scmavinhos.pt,yes,domain doesn't match institution name,"The ""Creche do Casal do Telheiro"" in Arruda dos Vinhos, Portugal, is part of the Santa Casa da Misericórdia de Arruda dos Vinhos. While the Santa Casa da Misericórdia de Arruda dos Vinhos has an email address (geral@scmavinhos.pt), and the ""Centro Escolar do Casal do Telheiro"" (which includes a kindergarten and 1st cycle) has a website at https://www.aearruda.pt/, a specific, independent official website for the ""Creche do Casal do Telheiro"" was not found."
26778,Jardim Infantil do Patronato Cristo-Rei,Lisboa,Lisboa,Creche,not found,,,https://patronatocristorei.webnode.page/
26781,Fidalguinho - Jardim de Infância e Creche,Agualva,Sintra,Creche,not found,,,not found
26858,Fraldinhas e Travessuras,Amadora,Amadora,Creche e Jardim de Infância,https://www.fraldinhasetravessuras.pt,yes,combined tipo — may have split pages,www.fraldinhasetravessuras.pt
26982,Colégio Crescer no Infantado,Infantado,Loures,Creche e Jardim de Infância,not found,,,"""not found"""
27040,Santa Teresinha Jardim de Infância,Venda do Pinheiro,Mafra,Creche e Jardim de Infância,not found,,,not found
27041,Externato da Quintinha,Santo António Cavaleiros,Loures,Creche e Jardim de Infância,https://externatoquintinha.pt,yes,combined tipo — may have split pages,"The official website for ""Externato da Quintinha"" in Santo António Cavaleiros, Portugal is https://externatoquintinha.pt."
27042,A Ritinha - Externato e Jardim de Infância,Lisboa,Lisboa,Creche e Jardim de Infância,not found,,,https://www.externatoaritinha.com/
27043,Colégio B-A-Baby,Algés,Oeiras,Creche,https://www.b-a-baby.pt,yes,domain doesn't match institution name,www.b-a-baby.pt
27123,Jardim Escola Monte Flor,Carnaxide,Oeiras,Creche e Jardim de Infância,https://www.monteflor.pt,yes,combined tipo — may have split pages,"The official website for Jardim Escola Monte Flor in Carnaxide, Portugal is www.monteflor.pt."
27300,"Creche ""O Vale Encantado""",Santo António dos Cavaleiros,Loures,Creche,https://startsocial.org.pt/projetos/creche-o-vale-encantado,yes,domain doesn't match institution name,"The official website for ""Creche 'O Vale Encantado'"" in Santo António dos Cavaleiros is startsocial.org.pt/projetos/creche-o-vale-encantado."
27383,Centro Dr. José de Azeredo Perdigão,Odivelas,Odivelas,Creche,https://www.apcl.org.pt,yes,domain doesn't match institution name,"The ""Centro Dr. José de Azeredo Perdigão"" is part of the ""Associação de Paralisia Cerebral de Lisboa"" (APCL). The APCL's official website is www.apcl.org.pt."
27401,Chuva de Papel - Creche e Jardim de Infância,Lisboa,Lisboa,Creche,not found,,,https://chuvadepapel.pt
27420,Creche o Nosso Sonho,São Domingos de Rana,Cascais,Creche,https://www.onossosonho.pt,,,"The official website for ""Creche o Nosso Sonho"" in São Domingos de Rana, Portugal is www.onossosonho.pt."
27479,Colégio Aqui Há Bebé,Alfaquiques,Sintra,Creche e Jardim de Infância,not found,,,not found
27486,Parkids,Paço de Arcos,Oeiras,Creche e Jardim de Infância,https://www.parkids.pt,yes,combined tipo — may have split pages,www.parkids.pt
27487,Colégio Moinho de Sonho,Amadora,Amadora,Creche e Jardim de Infância,https://www.moinhodesonho.pt,yes,combined tipo — may have split pages,"The official website for ""Colégio Moinho de Sonho"" in Amadora, Portugal is www.moinhodesonho.pt."
27493,Academia dos Príncipes,Lisboa,Lisboa,Creche,https://www.academiadosprincipes.pt,,,"The official website for ""Academia dos Príncipes"" in Lisboa, Portugal is https://www.academiadosprincipes.pt."
27495,Colégio Rik & Rok Alfragide,Carnaxide,Oeiras,Creche e Jardim de Infância,not found,,,https://fundacao.auchan.pt/colegios-rik-rok/colegio-rik-rok-alfragide/
27503,Externato S. Miguel Arcanjo,Lisboa,Lisboa,Creche e Jardim de Infância,https://www.esma.pt/,yes,combined tipo — may have split pages,"The official website for ""Externato S. Miguel Arcanjo"" in Lisboa, Portugal is https://www.esma.pt/."
27508,Mundo da Criança - Creche,Torres Vedras,Torres Vedras,Creche,not found,,,"The official website for ""Mundo da Criança - Creche"" in Torres Vedras, Portugal, is https://vertexaisearch.cloud.google.com/grounding-api-redirect/AUZIYQEKPyU8Qj47Fi5zxaSr6lctx5BaMXyxo-DSCzw_juHjYxiGNDgu6QvORtLxwh30-h2bKVR0WuteO9ivbWOYepvO3LxBifb1IRirVEOU0AEjSKsoWIrX9zifMaObp8PeiM4."
27518,Infantário Popular Ribeiro Santos,Lisboa,Lisboa,Creche e Jardim de Infância,https://i-p-r-s.weebly.com/,yes,domain doesn't match institution name; combined tipo — may have split pages,https://i-p-r-s.weebly.com/
27519,Creche João Katz,Lisboa,Lisboa,Creche,https://www.invalidos.org/,yes,domain doesn't match institution name,"Creche João Katz is owned by ""Inválidos do Comércio"". The official website for Inválidos do Comércio, which includes information and documents related to Creche João Katz, is https://www.invalidos.org/."
27520,Creche da Pampilheira,Pampilheira,Cascais,Creche,https://www.scmc.pt,yes,domain doesn't match institution name,www.scmc.pt
27667,Creche os Pipoquinhas,Lisboa,Lisboa,Creche,https://www.crecheospipoquinhas.pt,,,www.crecheospipoquinhas.pt
27680,Os Pequenos Marqueses,Oeiras,Oeiras,Creche,not found,,,"The official website for ""Os Pequenos Marqueses"" in Oeiras, Portugal is ospequenosmarqueses.wixsite.com."
27682,Colégio a Quinta de Sintra,Algueirão,Sintra,Creche,https://colegioaquinta.com,,,"The official website for ""Colégio a Quinta de Sintra"" is colegioaquinta.com."
27873,Creche e Jardim de Infância Sonhos e Fantasias,Belas,Sintra,Creche,https://gmail.com,yes,domain doesn't match institution name,"Several sources list contact information for ""Creche e Jardim de Infância Sonhos e Fantasias"" in Belas, Portugal, but an official website URL is not consistently provided.

Some sources offer an email address: colegiosonhosefantasias@gmail.com.
One listing mentions a Facebook contact, but a direct URL to a Facebook page isn't given.
Other directory listings provide phone numbers.

Based on the available information, an official website URL for ""Creche e Jardim de Infância Sonhos e Fantasias"" in Belas, Portugal, could not be definitively found."
28042,Afid Geração,Amadora,Amadora,Creche,https://www.afid.pt,,,"""Afid Geração"" is part of the larger ""Fundação AFID Diferença"" (AFID Diferença Foundation). While there isn't a dedicated website solely for ""Afid Geração"" as a separate entity, its services are integrated within the foundation's online presence.

The official website for the Fundação AFID Diferença, which encompasses ""Afid Geração,"" is www.afid.pt."
28270,Creche da Ameixoeira,Lisboa,Lisboa,Creche,not found,,,"The ""Creche da Ameixoeira"" in Lisboa, Portugal, does not appear to have a standalone official website. It is an establishment owned by the Santa Casa da Misericórdia de Lisboa (SCML).

Information about the Creche da Ameixoeira can be found on pages related to the Santa Casa da Misericórdia de Lisboa and other directories, which often list its contact details such as address (Rua Fernando Gusmão, Lote 6, 1750-428 Lisboa) and phone number (217552781). The email address provided is creche.ameixoeira@scml.pt. Some listings explicitly state ""Website: N/A"" for Creche da Ameixoeira."
28291,Creche - Torreguia Cooperativa Solidariedade Social,Cascais,Cascais,Creche,https://www.torreguia.pt,,,https://www.torreguia.pt
28295,Creche de S. Clara,Lisboa,Lisboa,Creche,not found,,,"The ""Creche de S. Clara"" in Lisboa appears to be associated with the Santa Casa da Misericórdia de Alenquer and is located at Rua Octávio Pato, nº 10, 1750-375 Lisboa.

While several search results mention ""Creche Santa Clara"" and provide contact information such as phone numbers and email addresses for the Santa Casa da Misericórdia de Alenquer, an official dedicated website specifically for ""Creche de S. Clara"" was not found. One source explicitly states ""Website: N/A"" for ""S. C. M. Alenquer - Creche Santa Clara"".

Therefore, the URL is not found."
28311,Creche Materama de Vila Chã,Mina,Amadora,Creche,not found,,,"The official website for ""Creche Materama de Vila Chã"" is not found. It appears to be managed by ""Centro de Bem Estar Social da Amadora (CEBESA)"". While CEBESA has an email and phone number, and a Facebook page, a dedicated website for Creche Materama de Vila Chã specifically is not listed."
28323,Creche Cantinho das Alfazemas,Parque das Nações,Lisboa,Creche,https://www.colegiocantinhodasalfazemas.com,,,https://www.colegiocantinhodasalfazemas.com
28326,Creche Algodão Doce,Telheiras,Lisboa,Creche,https://fasl.pt,yes,domain doesn't match institution name,"It appears there might be some confusion regarding the official website for ""Creche Algodão Doce"" in Telheiras, Portugal. While several sources mention ""Creche Algodão Doce"" and its location in Telheiras, an explicit official website for *that specific location* is not clearly identified.

Here's what the search results indicate:

*   **Mapa Social** lists ""CRECHE ALGODÃO DOCE"" with an address in Telheiras (RUA PROFESSOR LUÍS CUNHA GONÇALVES, N.4, 1600-826 Telheiras) and provides contact numbers and an email associated with ""sede-nacional@fasl.pt"". This suggests a connection to Fundação António Silva Leal (FASL).
*   **Coverflex** also lists ""Creche Algodão Doce"" at ""Rua Prof. Luis Cunha Gonçalves, 4, 1600-648, Lisboa"" and provides an email ""tesouraria@fasl.pt"" and a phone number (217902174) but does *not* provide a specific website for this location.
*   The **Fundação António Silva Leal (FASL)** website lists ""Creche, Algodão Doce"" under its ""Infância e Juventude"" (Childhood and Youth) section, indicating it's one of their social responses. However, it does not provide a direct link to a separate website for the ""Creche Algodão Doce"" in Telheiras.
*   Another result shows a website for ""Creche Algodão Doce"" with the tagline ""O lugar onde podes crescer e ser feliz !"" and mentions it's in Maceira (Leiria), which is a different location. This website also has a ""Blog"" section.

Given the information, it's highly probable that ""Creche Algodão Doce"" in Telheiras operates under the umbrella of Fundação António Silva Leal (FASL), and therefore, a separate, distinct official website for the Telheiras branch might not exist. Instead, information might be integrated into the FASL website or managed through their central contact points.

Therefore, the URL for a specific official website for ""Creche Algodão Doce"" in Telheiras cannot be definitively found.

not found"
28668,Jardim Escola - João de Deus de Odivelas,Odivelas,Odivelas,Creche,http://www.joaodedeus.pt,,,"The official website for ""Jardim Escola - João de Deus de Odivelas"" is part of the larger ""Associação de Jardins-Escolas João de Deus"" network, and its direct link is http://www.joaodedeus.pt."
28672,Centro Infantil Maria de Monserrate,Lisboa,Lisboa,Creche,not found,,,"The official website for Centro Infantil Maria de Monserrate is part of the ""Caminhos da Infância"" organization. The URL is https://www.caminhosdainfancia.com/centro-infantil-maria-de-monserrate. They also have a Wix site with information about the center: https://www.cimm.pt/."
28880,Creche Cinco Estrelas,Moscavide,Loures,Creche,https://www.crevide.pt/,yes,domain doesn't match institution name,"The official website for ""Creche Cinco Estrelas"" in Moscavide, Portugal, is part of Crevide's website. Crevide is an IPSS (Private Institution of Social Solidarity) that encompasses several childcare services, including Creche Cinco Estrelas.

Therefore, the URL is: https://www.crevide.pt/"
29038,Creche Crescer a Cores,Carnide,Lisboa,Creche,https://cresceracores.pt/,,,"The official website for ""Creche Crescer a Cores"" in Carnide, Portugal is not found. However, there is an associated organization, ""Crescer a Cores - Associação de Solidariedade Social"", that has a website. The website mentions the Creche Crescer a Cores as one of its activities.

The website for ""Crescer a Cores - Associação de Solidariedade Social"" is: https://cresceracores.pt/"
29040,Nuclisol Jean Piaget - Creche dos Loios,Lisboa,Lisboa,Creche,https://www.nuclisol.org,,,"The official website for ""Nuclisol Jean Piaget - Creche dos Loios"" in Lisboa, Portugal, is www.nuclisol.org."
29065,Creche Santa Clara,Lisboa,Lisboa,Creche,https://www.scmalenquer.pt/,yes,domain doesn't match institution name,"The ""Creche Santa Clara"" in Lisboa, Portugal, is part of the Santa Casa da Misericórdia de Alenquer. Their contact information, including a website for the Santa Casa da Misericórdia de Alenquer, is available.

The official website for the Santa Casa da Misericórdia de Alenquer is: https://www.scmalenquer.pt/"
29110,Colégio Espelho D Água,Odivelas,Odivelas,Creche,not found,,,not found
29117,Tocábrincar,São Marcos,Sintra,Creche e Jardim de Infância,not found,,,not found
29118,Creche Sementes do Mundo,Lisboa,Lisboa,Creche,not found,,,"The ""Creche Sementes do Mundo"" in Lisbon is part of the Santa Casa da Misericórdia de Alenquer.

You can find information about ""Creche Sementes do Mundo"" on the Santa Casa da Misericórdia de Alenquer website, under the ""Infância"" (Childhood) section, or specifically via their contact page.

Here's the relevant URL: https://www.scmalenquer.pt/contactos/"
29143,Nuclisol Jean Piaget/ Creche de Campo de Ourique,Campo de Ourique,Lisboa,Creche,https://www.nuclisol.org/respostas-sociais-e-educativas/campo-de-ourique/campo-de-ourique-creche,,,"The official website for ""Nuclisol Jean Piaget/ Creche de Campo de Ourique"" is part of the larger ""Nuclisol Jean Piaget"" organization. The specific page for the Campo de Ourique creche can be found at: https://www.nuclisol.org/respostas-sociais-e-educativas/campo-de-ourique/campo-de-ourique-creche."
29148,Creche José Mateus,Olivais,Lisboa,Creche,http://www.nhcsocial.pt/,yes,domain doesn't match institution name,"The official website for Creche José Mateus in Olivais, Portugal is http://www.nhcsocial.pt/."
29153,Creche Rainha Dona Leonor,Benfica,Lisboa,Creche,https://www.misericordia-amadora.pt,yes,domain doesn't match institution name,"The official website for ""Creche Rainha Dona Leonor"" in Benfica, Portugal, is www.misericordia-amadora.pt."
29184,"Amores Perfeitos - Berçário e Creche, Lda.",Loures,Loures,Creche,not found,,,not found
29253,Colégio Helen Keller,Lisboa,Lisboa,Creche e Jardim de Infância,https://www.colegiohelenkeller.pt,yes,combined tipo — may have split pages,"The official website for ""Colégio Helen Keller"" in Lisboa, Portugal is https://www.colegiohelenkeller.pt."
29255,A Mãe Canguru - Creche e Jardim de Infância Lda,Prior Velho,Loures,Creche e Jardim de Infância,https://www.amaecanguru.pt,yes,combined tipo — may have split pages,https://www.amaecanguru.pt
29302,Creche Casa do Bebé,Lisboa,Lisboa,Creche,not found,,,not found
29303,Colégio do Mimo,Ramada,Odivelas,Creche e Jardim de Infância,https://www.omimo.pt,yes,combined tipo — may have split pages,https://www.omimo.pt
29427,Colégio Ninho Maternal,Algueirão,Sintra,Creche e Jardim de Infância,https://Skoolist.pt,yes,domain doesn't match institution name; combined tipo — may have split pages,"Colégio Ninho Maternal does not appear to have an official website. However, there are several directory listings and social media presences for the institution.

Based on the search results, there is no single official website for ""Colégio Ninho Maternal"" in Algueirão, Portugal. The available information points to listings on platforms like Mapa Social, Associação Mutualista Montepio, Primeira Imagem, and Skoolist.pt, which provide contact details and information about the institution. There's also an old blogspot page which seems to have been run by the institution, but it hasn't been updated since 2012."
29477,"Externato ""Pica-Pau""",Ramada,Odivelas,Creche,https://www.externato-picapau.com,,,"The official website for ""Externato Pica-Pau"" in Ramada, Portugal is www.externato-picapau.com."
29490,"Externato ""Alfa-Beta""",Queijas,Oeiras,Creche e Jardim de Infância,https://www.alfa-beta.pt,yes,domain doesn't match institution name; combined tipo — may have split pages,www.alfa-beta.pt
29523,Colégio Mira Rio,Lisboa,Lisboa,Creche e Jardim de Infância,https://www.colegiomirario.pt,yes,combined tipo — may have split pages,"The official website for Colégio Mira Rio in Lisboa, Portugal is www.colegiomirario.pt."
29566,Colégio Quadrante,Cascais,Cascais,Creche e Jardim de Infância,https://colegioquadrante.pt/,yes,combined tipo — may have split pages,https://colegioquadrante.pt/
29578,Jardim de Infância Escola do Povo das Mercês,Rio de Mouro,Sintra,Creche e Jardim de Infância,https://escolapovomerces.pt,yes,combined tipo — may have split pages,"The official website for ""Jardim de Infância Escola do Povo das Mercês"" is https://escolapovomerces.pt."
29585,Associação de Pais e Técnicos do Infantário Pedrita,Lisboa,Lisboa,Creche e Jardim de Infância,http://pedrita.pt/,yes,combined tipo — may have split pages,http://pedrita.pt/
29588,Colégio Papião,São Pedro do Estoril,Cascais,Creche e Jardim de Infância,https://www.colegiopapiao.pt/,yes,domain doesn't match institution name; combined tipo — may have split pages,"The official website for Colégio Papião in São Pedro do Estoril, Portugal is https://www.colegiopapiao.pt/."
29591,Associação dos Amigos da Damaia,Águas Livres,Amadora,Creche e Jardim de Infância,https://aad.pt,yes,domain doesn't match institution name; combined tipo — may have split pages,"The official website for ""Associação dos Amigos da Damaia"" is aad.pt."
29635,Escola Ave-Maria,Lisboa,Lisboa,Creche e Jardim de Infância,https://www.escola-avemaria.com,yes,combined tipo — may have split pages,https://www.escola-avemaria.com
29677,Grãos de Gente - Creche e Pré-Escolar,Oeiras,Oeiras,Creche e Jardim de Infância,not found,,,https://graosdegente.com/
29696,Colégio Caminho do Rio,Mem Martins,Sintra,Creche e Jardim de Infância,not found,,,not found
29714,Escola Internacional de Torres Vedras,Torres Vedras,Torres Vedras,Creche e Jardim de Infância,https://www.eitv.pt,yes,domain doesn't match institution name; combined tipo — may have split pages,https://www.eitv.pt
29728,Lua Crescente,Lisboa,Lisboa,Creche e Jardim de Infância,https://www.luacrescente.pt/,yes,combined tipo — may have split pages,"The official website for ""Lua Crescente"" in Lisboa, Portugal is https://www.luacrescente.pt/."
29740,The Sailors - Academia dos Peixinhos,Odivelas,Odivelas,Creche e Jardim de Infância,https://thesailors.pt,yes,combined tipo — may have split pages,"The official website for ""The Sailors - Academia dos Peixinhos"" in Odivelas, Portugal is https://thesailors.pt."
29756,"Escola ""Nova Apostólica""",Carcavelos,Cascais,Creche e Jardim de Infância,https://www.escolanovaapostolica.pt,yes,combined tipo — may have split pages,"The official website for ""Escola Nova Apostólica"" in Carcavelos, Portugal is www.escolanovaapostolica.pt."
29773,A Mamã Coelha,Moscavide,Loures,Creche e Jardim de Infância,not found,,,not found
29777,Colégio Brinca e Educa,Cabeço de Mouro,Cascais,Creche e Jardim de Infância,https://www.brincaeduca.com/,yes,combined tipo — may have split pages,https://www.brincaeduca.com/
29796,Jardim Infantil da Associação Pessoal do Instituto Superior Técnico,Lisboa,Lisboa,Creche e Jardim de Infância,not found,,,"The official website for ""Jardim Infantil da Associação Pessoal do Instituto Superior Técnico"" is http://apist.tecnico.ulisboa.pt/infantario.html."
30817,Externato Infantil e Primário Passos Manuel,Lisboa,Lisboa,Creche e Jardim de Infância,not found,,,https://www.ext-passosmanuel.com/
31852,Jardim de Infância Bela Vista,Amadora,Amadora,Creche e Jardim de Infância,https://www.jardiminfanciabelavista.com,yes,combined tipo — may have split pages,"The official website for ""Jardim de Infância Bela Vista"" in Amadora, Portugal is www.jardiminfanciabelavista.com."
31963,Park International School Campus Restelo,Lisboa,Lisboa,Creche e Jardim de Infância,https://www.park-is.com/,yes,combined tipo — may have split pages,"The official website for ""Park International School Campus Restelo"" in Lisboa, Portugal is part of the larger ""PaRK International School"" network. The main website for PaRK International School, which includes information about its Restelo campus, is:

https://www.park-is.com/"
32815,Colégio Bebecas,Lisboa,Lisboa,Creche,not found,,,https://colegiobebecas.webnode.pt
32829,Espaço Educativo Creche da Ajuda,Lisboa,Lisboa,Creche,https://www.vozoperario.pt,yes,domain doesn't match institution name,"The ""Espaço Educativo Creche da Ajuda"" is part of ""A Voz do Operário"", a larger institution. The official website for ""A Voz do Operário"" is:

https://www.vozoperario.pt"
32831,Centro Infantil João de Deus Alvalade/Campo Grande,Lisboa,Lisboa,Creche,http://www.joaodeus.com/jardins_escola/detalhe_rede_ci.asp?id=46,,,http://www.joaodeus.com/jardins_escola/detalhe_rede_ci.asp?id=46
32844,Golfinho Saltitão,Algés,Oeiras,Creche e Jardim de Infância,https://Pai.pt,yes,domain doesn't match institution name; combined tipo — may have split pages,"Several sources indicate the childcare institution ""Golfinho Saltitão"" in Algés, Portugal, but none of them provide an official website. Many listings, such as those on ""Creche na minha rua"" and ""Pai.pt"", explicitly state ""Website: N/A"" or only provide an email address and phone number."
32847,Planeta dos Traquinas,Póvoa de Santa Iria,Vila Franca de Xira,Creche e Jardim de Infância,https://planetadostraquinas.pt/,yes,combined tipo — may have split pages,https://planetadostraquinas.pt/
32851,O Bom Principezinho,Odivelas,Odivelas,Creche e Jardim de Infância,https://www.obomprincipezinho.pt,yes,combined tipo — may have split pages,www.obomprincipezinho.pt
32952,O Pomar - Creche e Pré-Escolar,Cascais,Cascais,Creche e Jardim de Infância,not found,,,"The official website for ""O Pomar - Creche e Pré-Escolar"" in Cascais, Portugal is https://www.opomar.com/."
32953,Escolinha da Kika,Algés,Oeiras,Creche,not found,,,"The official website for ""Escolinha da Kika"" in Algés, Portugal is http://www.escolinhadakika.com/."
32983,Creche Vovovelos,Alverca,Vila Franca de Xira,Creche,not found,,,not found
33295,Colégio Piloto Diese,Lisboa,Lisboa,Creche e Jardim de Infância,https://colegiopilotodiese.pt/,yes,combined tipo — may have split pages,"The official website for ""Colégio Piloto Diese"" in Lisboa, Portugal is https://colegiopilotodiese.pt/."
33359,Centro Social Paroquial São Vicente Alcabideche - Extensão Janes,Alcabideche,Cascais,Creche,https://centroparoquialdealcabideche.pt/,,,https://centroparoquialdealcabideche.pt/
33482,Saídos da Casca 2 (Parque das Nações),Sacavém,Lisboa,Creche e Jardim de Infância,https://www.saidosdacasca.pt,yes,combined tipo — may have split pages,"The official website for ""Saídos da Casca 2 (Parque das Nações)"" is www.saidosdacasca.pt."
33496,Centro Infantil Dr. António da Costa Leal,Lisboa,Lisboa,Creche,not found,,,"The Centro Infantil Dr. António da Costa Leal in Lisboa, Portugal, does not appear to have a dedicated official website. However, it is associated with the União das Mutualidades Portuguesas (UMP).

You can find information about the center on the following pages:
*   União das Mutualidades Portuguesas (UMP) page: https://vertexaisearch.cloud.google.com/grounding-api-redirect/AUZIYQFJad1WV7Wy_nS-t0VF9V9l_TR1qz1hhqF1jdygzXIksXkQ3LWO1XGUvPGgeaYDYIzl5XA_oruredasopuexpMK9bfLGEeo7q5uikNfddj8_2h9MAmO_IGFxqvYiNPNEwsXqQozfsa2EEjhCws1JCsOIOdaV1o1n91RWr-nh7BhSx-ZxN0mmAIFKAwVAFO8z-uqgSfEBQO-ATYa
*   Mapa Social: https://vertexaisearch.cloud.google.com/grounding-api-redirect/AUZIYQGR1ch61m4xegYs-fCIdDqS7ISBmTLTJeSZqLfvXvNE6Froq04VEZH3NN50X1htBqN8huO7rXhwHNXs08ikuwu6E4Ilfh6N2SeRIK4Txb4nYuE0SkfWNMrL5l0smffJUu75d7x7aQl97hL4FnKjfUAoBQhAToQhpmKG99w1ByTpLUk3YKaT
*   Mapa Territórios SCML: https://vertexaisearch.cloud.google.com/grounding-api-redirect/AUZIYQHHYCGx9k2X_YmfjMZzCuUpDtGL0G1FTWSRpA83lAjGR9No9u0wSQ6P6sSk-nxofbDucrjbs4zUWR7-3g7av9_XcFVketAntgfRROyfI8gmlLh1qp6T5-Dz6QpS-04LqynCj4gUl4DyTs-412jI5eNMbXzGe68UadA2gnCJHbrRS_g="
33503,"Brincar, Rir e Crescer",Rio de Mouro,Sintra,Creche e Jardim de Infância,https://gmail.com,yes,domain doesn't match institution name; combined tipo — may have split pages,"The official website for ""Brincar, Rir e Crescer"" in Rio de Mouro, Portugal is not found. While several directories list the institution and its contact information, none provide an official website URL.

It's important to note that ""Brincar, Rir e Crescer, Lda."" is a private, for-profit entity. Information available includes its address (Avenida das Faias, N.º 24 - 24 A, 2635-534 Rio de Mouro), phone number (967236765), and email (brincarrirecrescer@gmail.com). They offer creche and pre-school education.

There is also a ""Ludoteca Crescer a Brincar"" which is a project of the Rio de Mouro Parish Council, but this appears to be a separate entity focused on recreational and educational activities for children, not the childcare institution you are looking for."
33539,Kidspot,Lisboa,Lisboa,Creche,https://www.instagram.com/kidspot_lx,yes,domain doesn't match institution name,"It appears there isn't a dedicated official website for ""Kidspot"" childcare in Lisboa, Portugal. However, there is a page that functions similarly to a business profile, providing key information.

You can find information about Kidspot - Creche Lisboa, including their address (Azinhaga da Cidade n 28 A, 1750-063 Lisboa), contact number, operating hours, and a contact form, on a page that is part of a larger domain but seems to be their primary online presence. This page also mentions their social media presence on Facebook (www.facebook.com/Kidspotlx) and Instagram (www.instagram.com/kidspot_lx).

It is important to note that there are other entities named ""Kidspot"" or ""Kids Spot"" in different locations and with different services (e.g., in the US, New Zealand), so it's crucial to ensure you are looking at the information specific to the Lisbon childcare institution."
33544,Colégio de Lapiás,Pero Pinheiro,Sintra,Creche e Jardim de Infância,not found,,,"The official website for Colégio de Lapiás in Pero Pinheiro, Portugal is www.facebook.com/colegiodelapias. While other search results provide contact information and list the institution, this Facebook page is specifically identified as its website."
33635,Horizonte Sagrada Família,São Domingos de Rana,Cascais,Creche e Jardim de Infância,https://horizonte.pt,yes,combined tipo — may have split pages,"The official website for ""Horizonte Sagrada Família"" in São Domingos de Rana, Portugal is horizonte.pt."
33795,Centro Social Paroquialsão João das Lampas - Jardim de Infância,São João das Lampas,Sintra,Creche e Jardim de Infância,https://www.cspsaojoaodaslampas.com,yes,combined tipo — may have split pages,"The official website for ""Centro Social Paroquial São João das Lampas - Jardim de Infância"" is www.cspsaojoaodaslampas.com."
33817,Park International School Praça de Espanha,Lisboa,Lisboa,Creche e Jardim de Infância,not found,,,https://www.parkinternationalschool.com/
34088,Creche Pulguinhas Mestres,Forte da Casa,Vila Franca de Xira,Creche,not found,,,not found
34116,Gugulândia,Queijas,Oeiras,Creche,not found,,,"The official website for Gugulândia in Queijas, Portugal is not found. While several directories list contact information and the address, none provide a direct official website for the institution itself."
34122,Os Pitruquinhas - Lisboa,Odivelas,Odivelas,Creche e Jardim de Infância,not found,,,"While several directories list ""Os Pitruquinhas - Lisboa"" in Odivelas, and some provide an email address and phone numbers, none of the search results directly provide an official website URL for the institution itself. Therefore, the answer is ""not found""."
34239,Colégio Galáxia Branca,Queluz,Sintra,Creche e Jardim de Infância,https://www.galaxiabranca.pt,yes,combined tipo — may have split pages,"The official website for ""Colégio Galáxia Branca"" in Queluz, Portugal is www.galaxiabranca.pt."
34240,Colégio Small Land,Loures,Loures,Creche e Jardim de Infância,not found,,,not found
34277,Creche da Associação de Ponte Rol,Ponte do Rol,Torres Vedras,Creche,https://asasponterol.com/,,,"The official website for ""Creche da Associação de Ponte Rol"" is part of the ""Associação de Solidariedade e Acção Social de Ponte do Rol"" (ASAS Ponte Rol). Their website is: https://asasponterol.com/."
36515,Creche São Miguel Arcanjo,Lisboa,Lisboa,Creche,not found,,,"The ""Creche São Miguel Arcanjo"" in Lisboa, Portugal, does not appear to have its own independent official website. It is listed as being owned by ""AJE - Associação José Estêvão"".

The Associação José Estêvão has a website where the creche is mentioned, along with its educational project. Additionally, an ""Externato São Miguel Arcanjo"" in Olivais, Lisboa, which offers nursery, creche, and other levels of education, has its own website. However, based on the address provided for ""Creche São Miguel Arcanjo"" (Rua José Travassos, 23-B, 1600-410 Lisboa), it is distinct from the ""Externato São Miguel Arcanjo"" (Av. Dr. Alfredo Bensaúde 1800-175 Lisboa).

Therefore, a direct official website for ""Creche São Miguel Arcanjo"" in Lisboa, Portugal, is not found."
36565,Creche Geração de Piratas,São Domingos de Rana,Cascais,Creche,not found,,,https://www.geracaodepiratas.pt
36621,Colégio do Paço,Lisboa,Lisboa,Creche,https://www.colegiodopaco.pt,yes,domain doesn't match institution name,"The official website for ""Colégio do Paço"" in Lisboa, Portugal is www.colegiodopaco.pt."
36636,Colégio Avião de Papel - Carcavelos,Carcavelos,Cascais,Creche,https://colegioaviaodepapel.pt/,,,https://colegioaviaodepapel.pt/
36638,Colégio Dom Pedrito,Algueirão,Sintra,Creche e Jardim de Infância,not found,,,not found
36655,Jardim Escola João de Deus - Belas,Belas,Sintra,Creche e Jardim de Infância,not found,,,"The official website for ""Jardim Escola João de Deus - Belas"" in Belas, Portugal is not directly available as a standalone domain. However, information about the school, including contacts and details about their educational offerings, can be found on several related platforms. The school is associated with the Associação de Proprietários e Residentes do Belas Clube de Campo (AMABCC), and they have a presence on eco-schools websites. There are also pages dedicated to ""Jardim Escola João de Deus Belas"" that describe their philosophy and educational approach.

The AMABCC website provides some information and contact details for ""Jardim Escola João de Deus Belas"". Additionally, the school is listed on the Eco-Escolas (Eco-Schools) website, which includes its location and contact number."
36675,Cebi - Arranhó,Arranhó,Arruda dos Vinhos,Creche,not found,,,"The official website for ""Cebi - Arranhó"" is a part of the Fundação CEBI website: https://www.fcebi.org/atividade/educacao/arranh/%C3%B3/."
36676,Turminha dos Pimpolhos,São João da Talha,Loures,Creche,not found,,,"The official website for ""Turminha dos Pimpolhos"" in São João da Talha, Portugal, is http://www.turminhadospimpolhos.com.pt."
36700,CRID - Complexo Social de Alvide,Cascais,Cascais,Creche,http://www.crid.pt/,,,"The official website for ""CRID - Complexo Social de Alvide"" is http://www.crid.pt/."
36837,Park International School Campus Alfragide,Amadora,Amadora,Creche e Jardim de Infância,https://www.park-is.com/,yes,combined tipo — may have split pages,"The official website for ""Park International School Campus Alfragide"" is part of the PaRK International School network. The specific campus in Alfragide is one of three campuses in the Lisbon area, and it caters to students aged 1 to 18.

The official website is: https://www.park-is.com/"
37831,Creche do Convento do Desagravo,Lisboa,Lisboa,Creche,https://www.scml.pt,yes,domain doesn't match institution name,"The ""Creche do Convento do Desagravo"" in Lisboa, Portugal, is managed by Santa Casa da Misericórdia de Lisboa (SCML).

Its official website is www.scml.pt."
37896,Infantário dos Cadafais - SCM Alenquer,Cadafais,Alenquer,Creche e Jardim de Infância,not found,,,not found
37900,Nido Montessori Lisboa,Lisboa,Lisboa,Creche,https://nidomontessorilisboa.pt/,,,https://nidomontessorilisboa.pt/
37996,Creche o Jardim Encantado II,Bobadela,Loures,Creche,not found,,,"The official website for ""Creche o Jardim Encantado II"" in Bobadela, Portugal is not found. Several sources indicate ""N/A"" for a website or do not list one.

It's important to note that there is a ""Creche e Jardim de Infância - O Jardim Encantado, Lda"" with the website http://www.ojardimencantado.com/, but this appears to be a separate, though similarly named, institution."
37999,Colégio Mais Mimo,Famões,Odivelas,Creche e Jardim de Infância,https://www.omimo.pt,yes,combined tipo — may have split pages,"The official website for ""Colégio Mais Mimo"" in Famões, Portugal is https://www.omimo.pt."
38048,O Nosso Jardim - Póvoa de S. Iria,Póvoa de Santa Iria,Vila Franca de Xira,Creche,not found,,,https://colegioonossojardim.pt
38713,Unidade de Apoio à Infância dos Serviços de Ação Social da Universidade de Lisboa,Lisboa,Lisboa,Creche e Jardim de Infância,https://www.sas.ulisboa.pt,yes,combined tipo — may have split pages,"The official website for ""Unidade de Apoio à Infância dos Serviços de Ação Social da Universidade de Lisboa"" is part of the larger Serviços de Ação Social da Universidade de Lisboa (SASULisboa) website. The relevant URL is: https://www.sas.ulisboa.pt."
38719,Creche Nossa Senhoras das Graças (Polo 2),Algés,Oeiras,Creche,not found,,,"The official website for ""Creche Nossa Senhoras das Graças (Polo 2)"" in Algés, Portugal is https://jinsg.pt."
38756,Creche Casal do Pinto,Lisboa,Lisboa,Creche,https://scml.pt/acao-social/infancia-e-juventude/,yes,domain doesn't match institution name,"Creche Casal do Pinto is managed by Santa Casa da Misericórdia de Lisboa (SCML). You can find information about enrollment and the creche itself on the Santa Casa da Misericórdia de Lisboa website.

Here is the relevant URL: https://scml.pt/acao-social/infancia-e-juventude/"
38781,Creche da Estrada da Luz,Lisboa,Lisboa,Creche,not found,,,"The ""Creche da Estrada da Luz"" in Lisboa, Portugal, is managed by Santa Casa da Misericórdia de Lisboa (SCML). While SCML has an institutional website and a section dedicated to its childcare facilities, there isn't a specific, independent official website solely for ""Creche da Estrada da Luz"".

The creche's contact information is:
Estrada da Luz, 102, 1600-161 Lisboa
Phone: 217 128 660"
38875,Park International School Campus Cascais,Cascais,Cascais,Creche,not found,,,"The ""PaRK International School Campus Cascais"" closed in 2022 to make way for the first King's College School in Portugal.

Therefore, the official website for ""Park International School Campus Cascais"" is not found."
38877,Os Amiguinhos,Santa Iria de Azóia,Torre de Moncorvo,Creche,https://www.primeiraimagem.com/os-amiguinhos.php,yes,domain doesn't match institution name,"The official website for ""Os Amiguinhos"" in Santa Iria de Azóia, Portugal is www.primeiraimagem.com/os-amiguinhos.php."
38888,Externato Fernando Pessoa,Queluz,Sintra,Creche,https://externatofernandopessoa.pt,,,"The official website for ""Externato Fernando Pessoa"" in Queluz, Portugal is externatofernandopessoa.pt."
38889,"Tesourinhos à Vista, Unipessoal Lda",Odivelas,Odivelas,Creche,not found,,,"Based on the search results, an official website for ""Tesourinhos à Vista, Unipessoal Lda"" in Odivelas, Portugal, was not found. While several directories list the institution, they either state ""N/A"" for the website or do not provide one. Email and phone contact information are available through these listings."
38891,Colégio Saber Crescer,Loures,Loures,Creche,https://colegiosabercrescer.com,,,colegiosabercrescer.com
38892,Ouriços do Saber,Odivelas,Odivelas,Creche,not found,,,https://ouricosdosaber.wixsite.com/ouricosdosaber
38895,Espaço Educativo Ilha dos Amores,Lisboa,Lisboa,Creche,not found,,,"The official website for ""Espaço Educativo Ilha dos Amores"" is part of ""A Voz do Operário"" institution. The relevant URL is https://www.vozoperario.pt/educacao/espaco-educativo-da-ilha-dos-amores."
39145,Colégio Avião de Papel - Torres Vedras,Torres Vedras,Torres Vedras,Creche,https://colegioaviaodepapel.pt,,,"The official website for ""Colégio Avião de Papel - Torres Vedras"" is https://colegioaviaodepapel.pt."
39147,Creche - Jardim de Infância Faz de Conta 2,Rio de Mouro,Sintra,Creche,not found,,,not found
39156,Academia Sonhar e Crescer,Lisboa,Lisboa,Creche,not found,,,not found
39157,A Semente,Porto Salvo,Oeiras,Creche,not found,,,"I could not find an official website specifically for ""A Semente"" childcare institution in Porto Salvo, Portugal. While there are several organizations with ""A Semente"" or ""Semente"" in their name across Portugal, none of the search results clearly indicate an official website for the childcare institution in Porto Salvo.

One entry on ""Mapa Social"" provides contact information (phone and email) for ""A Semente"" in Porto Salvo, listing it as a ""Creche"" (nursery) with a capacity of 29. Another result mentions ""A Semente - Creche"" at Estrada de Talaíde, 112, 2740-170 Porto Salvo, with a phone number. However, neither of these provides a direct link to an official website."
39158,Didático e Positivo,Cascais,Cascais,Creche,not found,,,"The official website for ""Didático e Positivo"" in Cascais, Portugal is not found. However, information from the privacy policy of ""A Creche Kids Vila Bicuda"" identifies ""Didático e Positivo, Lda."" as the owner and data controller, with the email address ji.vilabicuda@hotmail.com."
39159,Colégio Santa Cruz,Lisboa,Lisboa,Creche,not found,,,"The official website for ""Colégio Santa Cruz"" in Lisboa, Portugal is https://colegiostacruz.com/."
39282,"Life In Party, Lda",Camarate,Loures,Creche,not found,,,not found
39286,O Montessori,Lisboa,Lisboa,Creche,not found,,,"The official website for ""O Montessori"" in Lisboa, Portugal is https://vertexaisearch.cloud.google.com/grounding-api-redirect/AUZIYQG42tqOKozj6TTF3Sm00LPFPM1uwmaTRseNVkJ1iY_hw0mQnhfnAPMQy3CT9iwXqI5i0-rWOJULAxZ5iHY71QHDo8jxsBabsmOb3Z4vNWzpomN7yveDI3Q."
39288,L' École Trilingue,Lisboa,Lisboa,Creche,https://www.lecoletrilingue.com,,,https://www.lecoletrilingue.com
39289,Creche Papagaio Amarelo,Alenquer,Alenquer,Creche,https://www.papagaioamarelo.com/,,,"The official website for Creche Papagaio Amarelo in Alenquer, Portugal is https://www.papagaioamarelo.com/."
213,Associação de Solidariedade Social dos Moradores do Bairro das Patameiras,Odivelas,Odivelas,Jardim de Infância,not found,,,not found
247,Crevide - Creche Popular de Moscavide Associação sem Fins Lucrativos,Moscavide,Loures,Jardim de Infância,https://www.crevide.pt/,,,https://www.crevide.pt/
253,Centro Social Paroquial Casa de São José,Castanheira do Ribatejo,Vila Franca de Xira,Jardim de Infância,https://www.casasaojose.pt,yes,domain doesn't match institution name,"The official website for ""Centro Social Paroquial Casa de São José"" in Castanheira do Ribatejo, Portugal is https://www.casasaojose.pt."
303,Externato/ Semi-Internato Nossa Senhora da Assunção,Cascais,Cascais,Jardim de Infância,not found,,,"The official website for ""Externato/ Semi-Internato Nossa Senhora da Assunção"" in Cascais, Portugal is https://salesianas.pt/ensa-cascais/."
639,Secretariado Diocesano de Lisboa da ONPC - Centro Majari - CATL e Pré-Escolar,Lisboa,Lisboa,Jardim de Infância,not found,,,not found
645,Secretariado Diocesano de Lisboa da ONPC - Chaborrilho - Pré-Escolar,Lisboa,Lisboa,Jardim de Infância,not found,,,"The official website for ""Secretariado Diocesano de Lisboa da ONPC - Chaborrilho - Pré-Escolar"" is part of the Pastoral dos Ciganos website.

Here is the URL: https://www.pastoraldosciganos.net"
681,Centro Social e Paroquial de Oeiras - Infantário de Santo Amaro,Oeiras,Oeiras,Jardim de Infância,http://www.cspo.com.pt/,yes,domain doesn't match institution name,http://www.cspo.com.pt/
712,Colégio o Pelicano,Lisboa,Lisboa,Jardim de Infância,https://colegiopelicano.pt,,,"The official website for ""Colégio o Pelicano"" in Lisboa, Portugal is colegiopelicano.pt."
1404,"CATL ""O Nosso Mundo"" Apelação",Apelação,Loures,Jardim de Infância,https://Wix.com,yes,domain doesn't match institution name,"The official website for ""CATL ""O Nosso Mundo"" Apelação"" appears to be part of the Eco-Escolas program, which is managed by the ABAAE (Associação Bandeira Azul de Ambiente e Educação). The relevant page is: https://vertexaisearch.cloud.google.com/grounding-api-redirect/AUZIYQHkD2GilYfiIZmVzMG4sgM5l6eUJIswfVt8jeAyWnGPSZjOr5ALbrJuQ3Crx0iWyKeOKaVWBiEWfoBx55oxwl4Ivw7Bvqnvb_tHli3_oO1yqs8kAWrig9o_zx6-SXPGNR8hjcR2lJMDdW-p7Pbpg-zUcPfxaMB4lISX0Wg2ju0Q.

Additionally, a Wix.com site for ""Jardim de Infância O Nosso Mundo"" also mentions the CATL and provides contact information: https://vertexaisearch.cloud.google.com/grounding-api-redirect/AUZIYQF6CSNbWyLVU_XIchJj-SNN2nsQcWYJM9-dBephUlW9hxaorFRjFwJ5wtWi_rVEJAT3mNyyKmcQNG2QHzCXbYpGfNuYPbiw2S7XjI7tQBizzcPWEKW2pILe-hQxGDrDJm4Mh4518LLR_Fn-Si19n99NINHg9nfrT4BXESGvGpBl-qdbhQ==. This institution is also listed as an ""IPSS"" (Private Institution of Social Solidarity)."
1410,Jardim Infantil o Alicerce,Odivelas,Odivelas,Jardim de Infância,https://sapo.pt,yes,domain doesn't match institution name,"A ""Jardim Infantil o Alicerce"" in Odivelas, Portugal, does not appear to have an independent, official website. However, several directories and business listings provide contact information and details about the institution.

You can find information about ""Jardim Infantil o Alicerce"" on:
*   **Mapa Social**: This site lists ""Jardim Infantil o Alicerce"" as a private for-profit entity with an email address (oalicerce@sapo.pt) and phone number (219335308). It also provides the address: RUA JOÃO SANTOS, 4 - ARROJA, 2675-559 ODIVELAS.
*   **Primeira Imagem**: This directory also lists ""O Alicerce - Jardim Infantil"" with the same address and phone number.
*   **infantarios.pt**: This directory also lists ""Jardim Infantil O Alicerce Lda"" with an address in Odivelas and the phone number 219335308. It also mentions ""Pré-Escolar"" as a service.
*   **Racius**: This site provides business information for ""Jardim Infantil O Alicerce Lda"", including its NIF (502108096), address, and activity (Educação pré-escolar).
*   **Wix.com**: There is a Wix site for ""O Alicerce - A.T.L."" which mentions ""Jardim Infantil"" and provides contact information. This might be a related service or a section of their overall offerings."
1428,Cat Quinta dos Bacelos,Vila Franca de Xira,Vila Franca de Xira,Jardim de Infância,https://www.abeivfxira.pt/,yes,domain doesn't match institution name,"The childcare institution ""Cat Quinta dos Bacelos"" in Vila Franca de Xira, Portugal, is part of the ""Associação para o Bem Estar Infantil da Freguesia de Vila Franca de Xira"" (ABEI).

The official website for ABEI, which includes information about Quinta dos Bacelos, is: https://www.abeivfxira.pt/."
1544,Externato Jardim da Arroja,Odivelas-Arroja,Odivelas,Jardim de Infância,not found,,,"Not found.

While several directory listings and social media mentions exist for ""Externato Jardim da Arroja"" in Odivelas-Arroja, Portugal, including contact information like phone numbers and email addresses, an official website for this specific institution was not found in the search results. There were results for other institutions with similar names, such as ""Colégio Externato"" or ""Externato Jardim do Sol"", but none that directly corresponded to an official website for ""Externato Jardim da Arroja."""
1564,Centro Social Recreativo e Cultural da Maceira,Torres Vedras,Torres Vedras,Creche e Jardim de Infância,https://csrcm.pt/,yes,domain doesn't match institution name; combined tipo — may have split pages,https://csrcm.pt/
1605,Sociedade de Instrução de Beneficência a Voz do Operário,Lisboa,Lisboa,Jardim de Infância,https://www.vozoperario.pt,,,"The official website for ""Sociedade de Instrução de Beneficência a Voz do Operário"" is www.vozoperario.pt."
1606,Sociedade de Instrução de Beneficência a Voz do Operário,Lisboa,Lisboa,Creche e Jardim de Infância,https://www.vozoperario.pt,yes,combined tipo — may have split pages,"The official website for ""Sociedade de Instrução de Beneficência a Voz do Operário"" is www.vozoperario.pt."
1610,Externato Liceal da Casa de São Vicente de Paulo,Lisboa,Lisboa,Creche e Jardim de Infância,https://www.externatoasvp.org,yes,combined tipo — may have split pages,https://www.externatoasvp.org
1647,Apros - Associação de Educação e Promoção Social,Lisboa,Lisboa,Creche e Jardim de Infância,https://sapo.pt,yes,domain doesn't match institution name; combined tipo — may have split pages,"The official website for ""Apros - Associação de Educação e Promoção Social"" in Lisboa, Portugal, is not found. Multiple sources provide contact information such as email (apros@sapo.pt) and phone (213952480), but a dedicated website URL is not listed."
1648,Casa Pastorinhos de Fátima,Lisboa,Lisboa,Creche e Jardim de Infância,https://apsov.pt/,yes,domain doesn't match institution name; combined tipo — may have split pages,"The ""Casa Pastorinhos de Fátima"" in Lisboa, Portugal, is part of the Assistência Paroquial de Santos-o-Velho. Their official website is https://apsov.pt/."
1722,CATL do Centro Social e Paroquial Penha de França,Lisboa,Lisboa,Jardim de Infância,not found,,,http://centrosocialpararoquialpenhafranca.pai.pt/
1788,Confraria São Vicente de Paulo,Lisboa,Lisboa,Jardim de Infância,http://www.infantario-carnide.com,yes,domain doesn't match institution name,http://www.infantario-carnide.com
2245,Centro Social Mãe de Deus,Lisboa,Lisboa,Jardim de Infância,not found,,,"The official website for ""Centro Social Mãe de Deus"" in Lisboa, Portugal is https://www.centrosocialmaededeus.pt/."
2248,Centro Social Paroquial Nossa Senhora do Amparo de Benfica,Lisboa,Lisboa,Jardim de Infância,https://csp-benfica.pt/,,,https://csp-benfica.pt/
2251,Centro Social da Musgueira,Lisboa,Lisboa,Jardim de Infância,not found,,,http://www.csmusgueira.org/
2253,Centro Social Paroquial da Charneca,Lisboa,Lisboa,Jardim de Infância,not found,,,not found
2258,Na Avózinha,Lisboa,Lisboa,Jardim de Infância,not found,,,www.naavozinha.pt
4893,Cooperativa de Ensino - Os Leõezinhos,Sintra,Sintra,Jardim de Infância,not found,,,https://osleoezinhos.pt
4900,Centro Social Paroquial do Cacém,Cacém,Sintra,Jardim de Infância,not found,,,https://paroquiacacem.pt/centro-social/
4908,Centro Social Paroquial de Mira Sintra,Agualva-Cacém,Sintra,Jardim de Infância,not found,,,not found
5117,Parque Infantil de Santa Catarina,Lisboa,Lisboa,Jardim de Infância,https://www.scml.pt,yes,domain doesn't match institution name,"The ""Parque Infantil de Santa Catarina"" in Lisboa, Portugal, is part of the Santa Casa da Misericórdia de Lisboa (SCML). Its official website is www.scml.pt."
5208,Fundação Cardeal Cerejeira,Lisboa,Lisboa,Jardim de Infância,http://www.fccerejeira.org/,,,http://www.fccerejeira.org/
5263,"Centro Popular Infantil ""Nascer do Sol""",Bobadela,Loures,Jardim de Infância,not found,,,not found
5442,Associação Cultural Moinho da Juventude - Sede,Amadora,Amadora,Jardim de Infância,https://www.moinhodajuventude.pt,,,www.moinhodajuventude.pt
5485,Centro Social de Reabilitação do Zambujal,Amadora,Amadora,Jardim de Infância,https://www.afidkids.pt,yes,domain doesn't match institution name,"The ""Centro Social de Reabilitação do Zambujal"" is part of the Fundação AFID Diferença. The specific childcare section, ""AFID Kids - Centro de Recursos do Zambujal,"" has an official website.

https://www.afidkids.pt"
5494,Creche da Abóboda - SCMC Cascais,São Domingos de Rana,Cascais,Creche e Jardim de Infância,not found,,,"The official website for ""Creche da Abóboda - SCMC Cascais"" is a page on the Santa Casa da Misericórdia de Cascais website.

https://www.scmc.pt/educacao/estabelecimentos-de-infancia/creche-da-aboboda/"
5502,Creche e Jardim de Infância de Nossa Senhora da Rocha,Carnaxide,Oeiras,Creche e Jardim de Infância,not found,,,"The official website for ""Creche e Jardim de Infância de Nossa Senhora da Rocha"" in Carnaxide, Portugal, is part of the Santa Casa da Misericórdia de Oeiras website.

Here is the URL: https://www.misericordia-oeiras.pt/educacao/creche-e-pre-escolar/jardim-de-infancia-n-senhora-da-rocha/"
5574,Creche do Externato Modelo,Amadora,Amadora,Creche e Jardim de Infância,not found,,,not found
5813,O Nosso Colégio,Lisboa,Lisboa,Creche e Jardim de Infância,https://www.onossocolegio.com,yes,combined tipo — may have split pages,"The official website for ""O Nosso Colégio"" in Lisboa, Portugal is www.onossocolegio.com."
5830,Associação Solidariedade Subud - Centro Educacional e Comunitário Roda Viva,Alfragide,Amadora,Creche e Jardim de Infância,not found,,,not found
5834,Infantário do Povo,Queluz,Sintra,Creche e Jardim de Infância,https://infantario-povo.pt,yes,combined tipo — may have split pages,"The official website for ""Infantário do Povo"" in Queluz, Portugal is infantario-povo.pt."
5835,Casal Popular da Damaia,Damaia,Amadora,Creche e Jardim de Infância,http://www.casalpopular.pt/,yes,combined tipo — may have split pages,http://www.casalpopular.pt/
5838,Centro Soc. Paroq. São Maximiliano Kolbe - Equipamento de Infância,Lisboa,Lisboa,Creche e Jardim de Infância,not found,,,www.maximilianokolbe.webnode.com
5841,Instituto Condessa de Cuba,Porto Salvo,Oeiras,Creche e Jardim de Infância,not found,,,"The Instituto Condessa de Cuba in Porto Salvo is managed by the Associação Resgate.

The official website for the Associação Resgate, which includes information about the Instituto Condessa de Cuba, is not directly provided in the search results. However, contact information is available. The Instituto Condessa de Cuba has an email address: cdirectiva.icc@associacaoresgate.pt. This suggests that the Associação Resgate website might be associacaoresgate.pt. However, no direct URL for associacaoresgate.pt was found. Another email address for the institution is resgate.icc@gmail.com.

Based on the available information, the direct official website URL for the ""Instituto Condessa de Cuba"" in Porto Salvo is not found."
5845,Jardim de Infância Julieta Pimenta,Amadora,Amadora,Creche e Jardim de Infância,https://misericordia-oeiras.pt/educacao/creche-pre-escolar/julieta-pimenta,yes,domain doesn't match institution name; combined tipo — may have split pages,https://misericordia-oeiras.pt/educacao/creche-pre-escolar/julieta-pimenta
6090,Casa do Menino Deus,Lisboa,Lisboa,Jardim de Infância,https://meninodeus.pt,,,"Several search results mention ""Casa do Menino Deus"" in Lisboa, Portugal, primarily identifying it as a childcare institution or creche. However, the search results do not point to a single, clear official website for the ""Casa do Menino Deus"" in Lisboa.

There is a website for a ""Casa do Menino Deus"" in Barcelos (meninodeus.pt), but this appears to be a different institution, as the address and contact information are for Barcelos, not Lisbon.

Some listings for the ""Casa do Menino Deus"" in Lisboa provide an email address (cmeninodeus@gmail.com) and a phone number (218483678). One result from ""InfantáriosPT"" categorizes it as a ""Public Nursery"". Another result from ""Mapa Territórios SCML"" also lists it as a ""Terceiro Setor"" (Third Sector) institution with services for Creche and Pre-school.

Given the available information, an official, independent website for the ""Casa do Menino Deus"" in Lisboa could not be definitively found.

not found"
14088,Associação Luiz Pereira Motta,Loures,Loures,Jardim de Infância,https://alpm-loures.com,yes,domain doesn't match institution name,https://alpm-loures.com
17008,Complexo da Cartaxaria - Infância - Santa Casa da Misericórdia de Arruda dos Vinhos,Arruda dos Vinhos,Arruda dos Vinhos,Jardim de Infância,not found,,,"The ""Santa Casa da Misericórdia de Arruda dos Vinhos"" has a website, but it states that a new site is ""coming soon"". The current website, which appears to be under construction, is https://scmarrudadosvinhos.pt/.

While there isn't a specific, separate official website for the ""Complexo da Cartaxaria - Infância,"" it is a part of the ""Santa Casa da Misericórdia de Arruda dos Vinhos"". This institution provides various social support services, including nurseries and kindergartens.

Other sources provide contact information and details about the childcare services offered by Santa Casa da Misericórdia de Arruda dos Vinhos, including email and phone numbers, but not a distinct website for the ""Complexo da Cartaxaria - Infância""."
18235,Ced Nossa Senhora da Conceição,Lisboa,Lisboa,Jardim de Infância,https://www.casapia.pt,yes,domain doesn't match institution name,https://www.casapia.pt
18608,O Mundo das Tropelias,Odivelas,Odivelas,Jardim de Infância,https://mundodastropelias.pt/,,,"The official website for ""O Mundo das Tropelias"" in Odivelas, Portugal is https://mundodastropelias.pt/."
21715,Serviço de Apoio Domiciliário,Alcabideche,Cascais,Jardim de Infância,not found,,,"""Serviço de Apoio Domiciliário"" refers to a type of home support service rather than a specific institution with a unique name. Several organizations in Alcabideche, Portugal, offer this service.

Here are some of the institutions in Alcabideche that provide ""Serviço de Apoio Domiciliário"" and their official websites:

*   **Santa Casa da Misericórdia de Cascais:** https://www.misericordiadecascais.pt/servicos/apoio-domiciliario
*   **Ofélia Residências Sénior:** https://ofeliaresidenciassenior.pt/servicos/apoio-domiciliario/
*   **Cascais Care:** https://cascaiscare.pt/
*   **CRID - Centro de Reabilitação e Integração de Deficientes:** https://www.crid.pt/

If you were looking for a specific, uniquely named institution that was not listed above, please provide more details."
24644,Escola Raiz,Lisboa,Lisboa,Jardim de Infância,https://www.escolaraiz.pt,,,"The official website for ""Escola Raiz"" in Lisboa, Portugal is www.escolaraiz.pt."
24699,Colégio Quinta do Mar,A dos Cunhados,Torres Vedras,Creche e Jardim de Infância,http://www.colegioquintadomar.pt,yes,combined tipo — may have split pages,http://www.colegioquintadomar.pt
25116,Art & Manha,Mafra,Mafra,Jardim de Infância,https://colegioartemanha.pt/,,,"The official website for ""Art & Manha"" in Mafra, Portugal is https://colegioartemanha.pt/."
27651,"Jardim Infantil o Moinho do Bolinha, Lda.",Odivelas,Odivelas,Jardim de Infância,https://www.obolinha.pt,,,www.obolinha.pt
27836,Associação de S.bartolomeu dos Alemães em Lisboa / Escola Alemã do Estoril,Estoril,Cascais,Jardim de Infância,not found,,,"The official website for ""Associação de S. Bartolomeu dos Alemães em Lisboa"" is bartolomeu.pt.

The ""Escola Alemã do Estoril"" is a branch of the ""Escola Alemã de Lisboa"" (German School of Lisbon). The official website for the ""Escola Alemã de Lisboa"" (which includes information about the Estoril branch) is dslissabon.com."
28659,Creche na Quinta,Ameixoeira,Lisboa,Jardim de Infância,https://www.crechenaquinta.com,,,https://www.crechenaquinta.com
28662,Colégio Bartolomeu Dias,Santa Iria de Azoia,Loures,Jardim de Infância,https://www.cbdias.com/,,,"The official website for ""Colégio Bartolomeu Dias"" in Santa Iria de Azoia, Portugal is https://www.cbdias.com/."
28665,Creche Bolinha de Neve,Torres Vedras,Torres Vedras,Jardim de Infância,https://www.crechebolinhadeneve.pt/,,,https://www.crechebolinhadeneve.pt/
29393,Secretariado Diocesano de Lisboa da ONPC - Panioli - Pré-Escolar,Lisboa,Lisboa,Jardim de Infância,https://www.pastoraldosciganos.pt,yes,domain doesn't match institution name,"The official website for ""Secretariado Diocesano de Lisboa da ONPC - Panioli - Pré-Escolar"" is www.pastoraldosciganos.pt."
29394,"Cooperativa de Ensino ""Os Pioneiros""",Lisboa,Lisboa,Jardim de Infância,not found,,,"The official website for ""Cooperativa de Ensino ""Os Pioneiros"""" is: https://os-pioneiros.webnode.pt/"
29395,"Jardim Infantil ""O Bambi""",Cruz Quebrada-Dafundo,Oeiras,Jardim de Infância,not found,,,https://www.misericordia-oeiras.pt/educacao/creche-e-pre-escolar/jardim-de-infancia-o-bambi/
29405,Centro Social do Sagrado Coração de Jesus - S. Félix,Lisboa,Lisboa,Jardim de Infância,http://www.centrosscj.com/,,,http://www.centrosscj.com/
29406,Associação Popular do Lumiar,Lisboa,Lisboa,Jardim de Infância,http://ass-popularlumiar.pt,,,http://ass-popularlumiar.pt
29411,Infantário Drª Mª Luz Sobral-Stª Cª Misericórdia,Colares,Sintra,Jardim de Infância,not found,,,"The ""Infantário Drª Mª Luz Sobral-Stª Cª Misericórdia"" is a childcare institution in Colares, Portugal, operated by the Santa Casa da Misericórdia de Sintra. The official website for the ""Jardim de Infância do Banzão - Dr.ª Maria da Luz Sobral"" (which is the same institution) is under the Santa Casa da Misericórdia de Sintra.

https://www.scmsintra.pt/valencias/jardim-de-infancia-do-banzao/"
29444,Jardim de Infância Azul e Rosa,Catujal,Loures,Jardim de Infância,https://azulerosa.pt,,,"The official website for ""Jardim de Infância Azul e Rosa"" in Catujal, Portugal is azulerosa.pt."
29445,Jardim de Infância D. João II,Lisboa,Lisboa,Jardim de Infância,not found,,,"A direct official website for ""Jardim de Infância D. João II"" in Lisboa could not be found. Information available includes contact details, address, and its classification as a private kindergarten.

It is listed in directories of childcare institutions in Portugal. There is an ""Agrupamento de Escolas D. João II"" (School Group D. João II) with an official website, but it appears to be a larger school group located in Sintra, not specifically the ""Jardim de Infância D. João II"" in Lisboa."
29455,Nova Escola João de Deus Ramos,Lisboa,Lisboa,Jardim de Infância,https://novaescolajoaodedeusramos.com,,,"The official website for ""Nova Escola João de Deus Ramos"" in Lisboa, Portugal is https://novaescolajoaodedeusramos.com."
29456,J. Inf. o Pirilampo do Cruzeiro,Mem Martins,Sintra,Jardim de Infância,not found,,,not found
29457,Boa Ventura Montessori Nursery School,S. Pedro do Estoril,Cascais,Jardim de Infância,https://boaventuramontessori.com/,,,https://boaventuramontessori.com/
29461,"Externato ""O Nial""",Algueirão,Sintra,Jardim de Infância,not found,,,"The official website for ""Externato ""O Nial"""" in Algueirão, Portugal is https://vertexaisearch.cloud.google.com/grounding-api-redirect/AUZIYQGmk0g_e4pjc_qgwGfxDVZPwwMPAraDQV0jUVNrNaPIT6Lvn7a7cz16y8y7ILocHQvbwzX9wf4phvOgG6i49WyeX4Y9NpNrpYyncsetkV0Lsous6YLwUOAGnu37xJmcqqn-MA==."
29465,Associação Escola 31 de Janeiro,Parede,Cascais,Jardim de Infância,http://escola31janeiro.pt/,,,http://escola31janeiro.pt/
29468,Colégio de Alfragide,Alfragide,Amadora,Jardim de Infância,https://www.colegioalfragide.edu.pt,,,"The official website for ""Colégio de Alfragide"" is www.colegioalfragide.edu.pt."
29476,"Externato Infantil e Primário ""O Beiral""",Lisboa,Lisboa,Jardim de Infância,not found,,,https://escolabeiral.com/
29479,Colégio de São João de Brito,Lisboa,Lisboa,Jardim de Infância,https://www.csjb.pt/,yes,domain doesn't match institution name,https://www.csjb.pt/
29483,Externato da Luz,Lisboa,Lisboa,Jardim de Infância,not found,,,"The official website for ""Externato da Luz"" in Lisboa, Portugal is http://externatodaluz.com/site/."
29484,Colégio Caravela,Lisboa,Lisboa,Jardim de Infância,https://colegiocaravela.pt,,,https://colegiocaravela.pt
29487,"Externato ""Pim-Pam-Pum""",Lisboa,Lisboa,Jardim de Infância,https://externatopimpampum.pt,,,https://externatopimpampum.pt
29488,Cebe - Cooperativa de Ensino de Benfica,Lisboa,Lisboa,Jardim de Infância,http://cebe.pt/,,,http://cebe.pt/
29489,Externato de Nossa Senhora da Penha de França,Lisboa,Lisboa,Jardim de Infância,not found,,,not found
29494,"Externato ""Grão Vasco""",Lisboa,Lisboa,Jardim de Infância,not found,,,http://www.graovasco.pt
29495,Colégio Quinta dos Girassóis,Massamá,Sintra,Jardim de Infância,http://www.quintadosgirassois.com/,,,http://www.quintadosgirassois.com/
29496,"Jardim Infantil ""O Girassol Dourado""",Queluz,Sintra,Jardim de Infância,not found,,,not found
29515,"Externato ""São Cristóvão""",Lisboa,Lisboa,Jardim de Infância,https://www.saocristovao.com.pt,yes,domain doesn't match institution name,"The official website for ""Externato São Cristóvão"" in Lisboa, Portugal is https://www.saocristovao.com.pt."
29520,Externato Nobel - Jardim de Infância,Lisboa,Lisboa,Jardim de Infância,https://www.externatonobel.pt,,,www.externatonobel.pt
29524,Colégio Planalto,Lisboa,Lisboa,Jardim de Infância,https://www.colegioplanalto.pt,,,www.colegioplanalto.pt
29527,"Externato ""Rainha D. Estefânia""",Reboleira,Amadora,Jardim de Infância,not found,,,not found
29529,"Externato ""As Descobertas""",Lisboa,Lisboa,Jardim de Infância,https://exdescobertas.pt,,,"The official website for ""Externato ""As Descobertas"" in Lisboa, Portugal is https://exdescobertas.pt."
29530,Academia de Música de Santa Cecília,Lisboa,Lisboa,Jardim de Infância,https://www.am-santacecilia.pt,,,https://www.am-santacecilia.pt
29535,Colégio do Sagrado Coração de Maria,Lisboa,Lisboa,Jardim de Infância,https://www.cscm-lx.pt,yes,domain doesn't match institution name,"The official website for ""Colégio do Sagrado Coração de Maria"" in Lisboa, Portugal is www.cscm-lx.pt."
29537,Escola Alemã do Estoril,Estoril,Cascais,Jardim de Infância,not found,,,"The ""Escola Alemã do Estoril"" is a branch of the ""Deutsche Schule Lissabon"" (German School of Lisbon). Therefore, its official website is the same as the main school.

https://www.dslissabon.com/"
29538,Escola Alemã de Lisboa,Lisboa,Lisboa,Jardim de Infância,not found,,,"The official website for ""Escola Alemã de Lisboa"" is dslissabon.com."
29542,"Externato ""O Viveirinho""",Amadora,Amadora,Jardim de Infância,not found,,,not found
29543,Externato de Dona Luísa Sigea,Estoril,Cascais,Jardim de Infância,not found,,,https://www.clsigea.com
29544,"Externato ""Marcelino Champagnat""",Lisboa,Lisboa,Jardim de Infância,https://www.externatochampagnat.pt,,,www.externatochampagnat.pt
29545,Fundação Salesianos - Salesianos do Estoril,Estoril,Cascais,Jardim de Infância,https://www.estoril.salesianos.pt,,,"The official website for ""Fundação Salesianos - Salesianos do Estoril"" is www.estoril.salesianos.pt."
29547,Externato de S. José,Lisboa,Lisboa,Jardim de Infância,https://esj.edu.pt,,,https://esj.edu.pt
29548,Colégio de São José do Ramalhão,Sintra,Sintra,Jardim de Infância,http://www.colegio-ramalhao.com,yes,domain doesn't match institution name,http://www.colegio-ramalhao.com
29551,Fundação Denise Lester - Queen Elizabeth´s School,Lisboa,Lisboa,Jardim de Infância,https://www.qes.pt,yes,domain doesn't match institution name,"The official website for ""Fundação Denise Lester - Queen Elizabeth´s School"" in Lisboa, Portugal is www.qes.pt."
29552,Escola Selecta Prof. Doutor Amadeu Andrés,Lisboa,Lisboa,Jardim de Infância,not found,,,http://www.escolaselecta.com/
29553,Externato Florinda Leal,S. João do Estoril,Cascais,Jardim de Infância,https://www.florindaleal.pt/,,,"The official website for ""Externato Florinda Leal"" is https://www.florindaleal.pt/."
29561,"Externato ""O Poeta""",Lisboa,Lisboa,Jardim de Infância,https://www.externatopoeta.pt/,,,https://www.externatopoeta.pt/
29563,"Colégio ""Dona Filipa""",Reboleira Sul,Amadora,Jardim de Infância,not found,,,"The official website for ""Colégio Dona Filipa"" in Reboleira Sul, Portugal is https://www.colegiodonafilipa.com."
29567,Escola Sueca,Carcavelos,Cascais,Jardim de Infância,https://svenskaskolanlissabon.com/,yes,domain doesn't match institution name,"The official website for ""Escola Sueca"" in Carcavelos, Portugal is https://svenskaskolanlissabon.com/."
29568,"Externato ""Anita""",Lisboa,Lisboa,Jardim de Infância,https://www.externatoanita.com,,,www.externatoanita.com
29574,"Colégio ""O Cocas""",Alhandra,Vila Franca de Xira,Jardim de Infância,not found,,,https://www.facebook.com/colegiococas
29579,"Externato ""Flor do Campo""",Ramada,Odivelas,Jardim de Infância,https://www.e-flordocampo.pt,,,"The official website for ""Externato Flor do Campo"" in Ramada, Portugal is www.e-flordocampo.pt."
29580,Jardim Infantil do Laboratório Nacional de Engenharia Civil,Lisboa,Lisboa,Jardim de Infância,https://lnec.pt,yes,domain doesn't match institution name,"The official website for ""Jardim Infantil do Laboratório Nacional de Engenharia Civil"" is not found in the search results. While several directories and information sites list the institution, along with its address, phone number, and email (sasc@lnec.pt), an independent, official website for the childcare institution itself is not provided. It appears to be an internal service of the Laboratório Nacional de Engenharia Civil (LNEC)."
29582,Jardim de Infância os Meus Amigos,Agualva-Cacém,Sintra,Jardim de Infância,not found,,,"The official website for ""Jardim de Infância os Meus Amigos"" in Agualva-Cacém, Portugal is https://vertexaisearch.cloud.google.com/grounding-api-redirect/AUZIYQFOpLMtqftWlozZ7CAyJOizVTn1JhotjSU19YtG9BtFZT0dCPkbOAZpVW0dE0MyNK7lx6MHg-BjBaXO7Qyza2Z4XzHDbN7iANj4jxlXTx6_o706r-2r7H8fLIBXRqUokA==."
29583,Associação Unidos de Cabo Verde,Encosta do Sol,Amadora,Jardim de Infância,not found,,,"The official website for ""Associação Unidos de Cabo Verde"" in Encosta do Sol, Portugal is not found. However, information about the institution, including an email address (correio@aunidos.pt), is available on the Mapa Social platform."
29584,"Externato ""A Escolinha""",Lisboa,Lisboa,Jardim de Infância,http://externatoescolinha.pt/,,,"The official website for ""Externato ""A Escolinha"""" in Lisboa, Portugal is http://externatoescolinha.pt/."
29586,"Escola ""Pedro Nunes""",Lisboa,Lisboa,Jardim de Infância,not found,,,"There appear to be two different institutions with similar names in Lisboa: ""Escola de Pedro Nunes"" and ""Escola Secundária Pedro Nunes"".

Based on your request for a ""childcare institution,"" the ""Escola de Pedro Nunes"" seems to be the relevant one, offering pre-school and 1st and 2nd cycle education (which aligns with childcare and early education).

The official website for ""Escola de Pedro Nunes"" is: https://escoladepedronunes.com."
29590,"Externato ""Príncipes de Aviz""",S. João do Estoril,Cascais,Jardim de Infância,http://www.principesaviz.com/,,,http://www.principesaviz.com/
29592,IPS-International Preparatory School,Bicesse,Cascais,Jardim de Infância,https://www.ipsschool.org,,,"The official website for IPS-International Preparatory School in Bicesse, Portugal is www.ipsschool.org."
29593,"""O Bosque"" Jardim Escola",Lisboa,Lisboa,Jardim de Infância,not found,,,www.colegioobosque.com
29598,"Associação Infantil Juvenil ""O Nosso Recreio""",Odivelas,Odivelas,Jardim de Infância,https://gmail.com,yes,domain doesn't match institution name,"I could not find an official website for ""Associação Infantil Juvenil ""O Nosso Recreio"""" in Odivelas, Portugal. I found their contact information, including a phone number (219 333 810) and an email address (onossorecreio@gmail.com), and their physical address (Av. Miguel Torga, nº 12, Loja direita, 2675-678 Odivelas). They are also listed on the Odivelas Municipal Council's website as providing pre-school education."
29608,"Externato ""Os Fofinhos""",Lisboa,Lisboa,Jardim de Infância,not found,,,"The official website for ""Externato ""Os Fofinhos"""" in Lisboa, Portugal is www.osfofinhos.pt."
29613,"Externato ""Padre António Vieira""",Linda-A-Velha,Oeiras,Jardim de Infância,http://www.externatopadreantoniovieira.com/,,,"The official website for ""Externato Padre António Vieira"" in Linda-A-Velha, Portugal is http://www.externatopadreantoniovieira.com/."
29614,Jardim de Infância Associação de Educação Popular Zambujal,Zambujal,Cascais,Jardim de Infância,not found,,,"The official website for ""Jardim de Infância Associação de Educação Popular Zambujal"" is https://aepzambujal.com/."
29618,"Jardim de Infância ""As 4 Estações""",Massamá,Sintra,Jardim de Infância,not found,,,not found
29620,Colégio da Bafureira,Parede,Cascais,Jardim de Infância,https://www.colegiodabafureira.pt,,,www.colegiodabafureira.pt
29621,"Jardim de Infância ""O Caracol Pimpão""",Amadora,Amadora,Jardim de Infância,not found,,,not found
29628,"Externato ""O Pirilampo""",Odivelas,Odivelas,Jardim de Infância,not found,,,"The official website for ""Externato ""O Pirilampo"""" in Odivelas, Portugal is http://www.externatopirilampo.com."
29630,"Jardim de Infância ""A Nova Escola""",Agualva-Cacém,Sintra,Jardim de Infância,not found,,,http://www.anovaescola.com
29631,"Externato ""Roque Gameiro""",Damaia,Amadora,Jardim de Infância,not found,,,not found
29642,Colégio D. Maria II Jarddim de Infância Lda,Massamá,Sintra,Jardim de Infância,https://colegiodonamaria.pt,,,https://colegiodonamaria.pt
29672,"Externato ""Miguel Ângelo""",Carcavelos,Cascais,Jardim de Infância,https://externatomiguelangelo.com/,,,https://externatomiguelangelo.com/
29675,Centro Social Paroquial de Santa Marta do Casal de Cambra,Casal de Cambra,Sintra,Jardim de Infância,not found,,,not found
29676,Real Colégio de Portugal,Paço do Lumiar,Lisboa,Jardim de Infância,https://www.realcolegio.pt,,,www.realcolegio.pt
29691,Jardim Monte,S. João dos Montes,Vila Franca de Xira,Jardim de Infância,not found,,,"The official website for ""Jardim do Monte School"" in S. João dos Montes, Portugal, is part of Harpa – Associação Recriar para Aprender. The website is accessible through links such as https://www.harpa.pt/menus/ and https://www.harpa.pt/contactos/."
29692,Jardim de Infância o Farol,Massamá,Sintra,Jardim de Infância,https://jifarol.blogspot.com/,,,"The official website for ""Jardim de Infância o Farol"" in Massamá, Portugal is https://jifarol.blogspot.com/."
29693,Colégio de Santa Maria,Lisboa,Lisboa,Jardim de Infância,https://colegiodesantamaria.pt/,,,https://colegiodesantamaria.pt/
29694,Colégio de S. Tomás - Conchas,Lisboa,Lisboa,Jardim de Infância,https://colegiodestomas.com,,,https://colegiodestomas.com
29695,Colégio São Tomás - Sete-Rios,Lisboa,Lisboa,Jardim de Infância,https://colegiodestomas.com,yes,domain doesn't match institution name,"The official website for ""Colégio São Tomás"" (which has a Sete-Rios campus in Lisbon) is https://colegiodestomas.com."
29698,"Jardim Infantil ""O Pintainho""",Odivelas,Odivelas,Jardim de Infância,http://www.opintainho.pt,,,"The official website for ""Jardim Infantil ""O Pintainho"""" in Odivelas, Portugal is http://www.opintainho.pt."
29700,"Jardim Infantil ""O Pinhão""",Sintra,Sintra,Jardim de Infância,not found,,,not found
29703,Jardim Escola o Cebolinha,Leceia,Oeiras,Jardim de Infância,https://gmail.com,yes,domain doesn't match institution name,"""Jardim Escola o Cebolinha"" in Leceia, Portugal does not appear to have an official website. Several directories list ""N/A"" for the website field or do not provide one. The institution's email address is jardimescolaocebolinha@gmail.com, and their phone number is 214217454."
29704,"Externato ""Santa Francisca""",Lisboa,Lisboa,Jardim de Infância,not found,,,not found
29725,Jardim de Infância Krexe e Muito Mais,Rio de Mouro,Sintra,Jardim de Infância,not found,,,not found
29732,Jardim de Infância Escolinha 7,Amadora,Amadora,Jardim de Infância,not found,,,"The ""Jardim de Infância Escolinha 7"" in Amadora, Portugal does not appear to have an independent official website. Information available suggests it's a private kindergarten and provides contact details like phone numbers and email addresses. They also have a Facebook contact listed."
29745,Jardim de Infância Fantasias e Letras,Tires,Cascais,Jardim de Infância,not found,,,"The official website for ""Jardim de Infância Fantasias e Letras"" in Tires, Portugal, is www.fantasia-e-letras.pt."
29748,Colégio Infanta D. Maria de Portugal - Prime School Of Portugal,Portela de Sintra,Sintra,Jardim de Infância,https://www.primeschool.pt,,,https://www.primeschool.pt
29750,Colégio de Carnaxide,Carnaxide,Oeiras,Jardim de Infância,https://colegiodecarnaxide.pt,,,"Based on the search results, there doesn't appear to be a dedicated official website specifically for ""Colégio de Carnaxide"".

However, some directories list contact information and sometimes a website or email for institutions. One result from Coverflex mentions ""Colégio de Carnaxide"" and lists an email address: geral@colegiodecarnaxide.pt. It also includes a ""Website"" field, but it is blank.

Another result from Mapa Social provides an email address: colegiodecarnaxide@gmail.com.

It's possible that ""Colégio de Carnaxide"" may not have a standalone official website, or it might be part of a larger educational group or municipal listing that isn't immediately apparent from these searches."
29753,"Externato ""A Colina do Sol""",Brandoa,Amadora,Jardim de Infância,not found,,,"A website for ""Externato A Colina do Sol"" in Brandoa, Portugal, was not found.

However, some search results provide contact information. The institution is located at Rua Fernando Pessoa, Lote 217, 2650-259 Brandoa, and can be reached by phone at 214740394 or email at externato.colinadosol18@gmail.com. It offers infantário, pré-escolar, and 1º ciclo do Ensino Básico (nursery, pre-school, and 1st cycle of basic education). The proprietary entity is SEMEAR MAGIA, LDA."
29755,Colégio Oriente,Lisboa,Lisboa,Jardim de Infância,https://coriente.pt,,,"The official website for ""Colégio Oriente"" in Lisboa, Portugal is https://coriente.pt."
29757,"Colégio Astoria, SA",Lisboa,Lisboa,Jardim de Infância,https://colegioeuropeu-astoria.com,,,"The official website for ""Colégio Astoria, SA"" in Lisboa, Portugal is https://colegioeuropeu-astoria.com."
29760,Colégio Pedro Arrupe,Lisboa,Lisboa,Jardim de Infância,https://www.colegiopedroarrupe.pt,,,"The official website for Colégio Pedro Arrupe in Lisboa, Portugal is www.colegiopedroarrupe.pt."
29765,"Jardim Infantil ""Pestalozzi""",Lisboa,Lisboa,Jardim de Infância,https://jardiminfantilpestalozzi.pt,,,"The official website for ""Jardim Infantil ""Pestalozzi"""" in Lisboa, Portugal is https://jardiminfantilpestalozzi.pt."
29783,"Externato ""O Caracol""",Amadora,Amadora,Jardim de Infância,not found,,,not found
29785,Parque Encantado Lda.,Lisboa,Lisboa,Jardim de Infância,not found,,,"While ""Parque Encantado Lda."" is identified as a company in Lisboa, Portugal that operates in the childcare sector, specifically owning the ""Externato Santa Maria de Belém"", an official website directly for ""Parque Encantado Lda."" could not be found. Information available points to the address and contact details of Externato Santa Maria de Belém as the primary point of contact for the institution."
29790,Externato Afonso de Albuquerque,Rio de Mouro,Sintra,Jardim de Infância,http://www.externatoafonsoalbuquerque.com/news.php,,,http://www.externatoafonsoalbuquerque.com/news.php
29791,Colégio dos Plátanos,Rio de Mouro,Sintra,Jardim de Infância,https://colegiodosplatanos.com,yes,domain doesn't match institution name,"The official website for ""Colégio dos Plátanos"" in Rio de Mouro, Portugal is https://colegiodosplatanos.com."
29794,"Externato ""Os Primeiros Passos""",Torres Vedras,Torres Vedras,Jardim de Infância,https://www.osprimeirospassos.pt,,,"The official website for ""Externato ""Os Primeiros Passos"""" in Torres Vedras, Portugal is https://www.osprimeirospassos.pt."
29795,Colégio Valsassina,Lisboa,Lisboa,Jardim de Infância,https://www.cvalsassina.pt,,,www.cvalsassina.pt
29797,"Externato ""Aljubarrota""",Amadora,Amadora,Jardim de Infância,not found,,,http://www.externatoaljubarrota.com
29799,Instituto Espanhol de Lisboa,Dafundo,Oeiras,Jardim de Infância,not found,,,http://www.educacion.gob.es/exterior/centros/ginerdelosrios/es/home/index.shtml
29801,Jardim Infantil Caíque,Queijas,Oeiras,Jardim de Infância,http://www.caique.pt,yes,domain doesn't match institution name,"The official website for Jardim Infantil Caíque in Queijas, Portugal is http://www.caique.pt."
29813,Ass. Actividades Tempos Livres de Bolonha - Pré-Escolar,Póvoa de Santa Iria,Vila Franca de Xira,Jardim de Infância,not found,,,not found
29848,Escola Básica do Casal do Telheiro,Arruda dos Vinhos,Arruda dos Vinhos,Jardim de Infância,https://aearruda.pt,yes,domain doesn't match institution name,"The ""Escola Básica do Casal do Telheiro"" is part of the ""Agrupamento de Escolas de Arruda dos Vinhos"". The official website for the agrupamento (grouping of schools) is aearruda.pt.

Therefore, the official website for ""Escola Básica do Casal do Telheiro"" is:
https://www.aearruda.pt/"
29941,"Escola Básica de Ventosa, Torres Vedras",Ventosa,Vouzela,Jardim de Infância,https://www.cm-tvedras.pt/educacao/educacao-no-concelho/carta-educativa/eb-de-ventosa,,,"The Escola Básica de Ventosa in Torres Vedras, Portugal, is part of the Agrupamento de Escolas de São Gonçalo. While the individual school doesn't appear to have its own dedicated official website, information about it can be found on the Câmara Municipal de Torres Vedras website and the Eco-Escolas website.

Here are the relevant URLs:
*   Câmara Municipal de Torres Vedras: www.cm-tvedras.pt/educacao/educacao-no-concelho/carta-educativa/eb-de-ventosa
*   Eco-Escolas: https://ecoescolas.abae.pt/瀏escola/escola-basica-de-ventosa/"
29942,Escola Básica do Barro,Barro,Torres Vedras,Jardim de Infância,not found,,,not found
29943,Jardim de Infância de Casalinhos de Alfaiata,Casalinhos de Alfaiata,Torres Vedras,Jardim de Infância,not found,,,"""Jardim de Infância de Casalinhos de Alfaiata"" does not appear to have a standalone official website. However, it is part of the Agrupamento de Escolas de São Gonçalo, Torres Vedras.

You can find information about it on the Torres Vedras Municipality website and the Eco-Escolas program website."
29944,Jardim de Infância de Cambelas,São Pedro da Cadeira,Torres Vedras,Jardim de Infância,not found,,,not found
29945,Escola Básica de Dois Portos,Dois Portos,Torres Vedras,Jardim de Infância,https://www.cm-tvedras.pt/educacao/educacao-no-concelho/carta-educativa/eb-de-dois-portos,yes,domain doesn't match institution name,"The ""Escola Básica de Dois Portos"" is located in Dois Portos, Torres Vedras, Portugal. While there isn't a dedicated official website for the school itself, information about it can be found on the website of the Torres Vedras Municipality.

Here is the relevant URL from the Torres Vedras Municipality website:
https://www.cm-tvedras.pt/educacao/educacao-no-concelho/carta-educativa/eb-de-dois-portos"
29946,Jardim de Infância da Serra da Vila,"Serra da Vila, Torres Vedras",Torres Vedras,Jardim de Infância,not found,,,not found
29947,Jardim de Infância da Boavista - Silveira,Silveira,Torres Vedras,Jardim de Infância,not found,,,not found
29948,Escola Básica do Varatojo,Varatojo,Torres Vedras,Jardim de Infância,not found,,,not found
29950,Escola Básica da Carvoeira,Carvoeira,Torres Vedras,Jardim de Infância,not found,,,not found
29951,Escola Básica de Santa Cruz,Santa Cruz,Torres Vedras,Jardim de Infância,not found,,,"It appears there are several ""Escola Básica de Santa Cruz"" institutions in Portugal. To provide the correct URL, more specific location information is needed within Santa Cruz, Portugal.

For example, there is an ""Escola Básica e Secundária de Santa Cruz"" in Madeira, an ""Escola Básica do 1º Ciclo de Santa Cruz"" in Coimbra, and an ""Escola Básica de Santa Cruz"" in Torres Vedras. There's also an ""EB1/PE e Creche de Santa Cruz"" which includes childcare.

Please provide additional details to identify the specific institution you are looking for."
29952,Escola Básica de Runa,Runa,Torres Vedras,Jardim de Infância,https://www.cm-tvedras.pt/educacao/educacao-no-concelho/carta-educativa/eb-de-runa,yes,domain doesn't match institution name,"The official website for ""Escola Básica de Runa"" is a page within the Câmara Municipal de Torres Vedras website: https://www.cm-tvedras.pt/educacao/educacao-no-concelho/carta-educativa/eb-de-runa."
29953,Jardim de Infância de São Domingos de Carmões,S. Domingos de Carmões,Torres Vedras,Jardim de Infância,https://ag-sg.net,yes,domain doesn't match institution name,"The official website for ""Jardim de Infância de São Domingos de Carmões"" in S. Domingos de Carmões, Portugal, was not found.

However, some information about the institution is available through other sources:
*   It is located in the municipality of Torres Vedras, district of Lisbon.
*   The address is Rua da Igreja, São Domingos de Carmões, 2565-116 Carmões.
*   The phone number is 261 742 264.
*   It is part of the Agrupamento de Escolas de São Gonçalo, Torres Vedras.
*   The email provided for the Agrupamento is direcao@ag-sg.net.
*   It is an ""Eco-Escola"" (Eco-School) and has been awarded the Eco-School flag multiple times."
29964,"Escola Básica do Vilar, Cadaval",Vilar,Moimenta da Beira,Jardim de Infância,https://www.aecadaval.com/,,,"The ""Escola Básica do Vilar, Cadaval"" is part of the ""Agrupamento de Escolas do Cadaval"" (School Group of Cadaval). The official website for the agrupamento, which includes information about Escola Básica do Vilar, is:

https://www.aecadaval.com/"
29965,Escola Básica de Chão do Sapo,Chão do Sapo,Cadaval,Jardim de Infância,not found,,,"The ""Escola Básica de Chão do Sapo"" is part of the Agrupamento de Escolas do Cadaval (Cadaval School Group). While there isn't a dedicated website solely for Escola Básica de Chão do Sapo, information and contact details can typically be found on the agrupamento's official website.

not found"
29966,Escola Básica do Painho,Painho,Cadaval,Jardim de Infância,not found,,,"The ""Escola Básica do Painho"" is part of the ""Agrupamento de Escolas do Cadaval"" (School Group of Cadaval). While a direct, independent website for ""Escola Básica do Painho"" was not found, information about it is available on the website for the ""União das Freguesias de Painho e Figueiros"" (Union of Parishes of Painho and Figueiros) and the ""Agrupamento de Escolas do Cadaval"".

https://www.jf-painhoefigueiros.pt/rede-escolar/escola-basica-do-painho"
29967,Escola Básica de Alguber,Alguber,Cadaval,Jardim de Infância,not found,,,not found
29968,Jardim de Infância da Vermelha,Vermelha,Cadaval,Jardim de Infância,https://www.aecadaval.com/unidades-organicas/,yes,domain doesn't match institution name,"The ""Jardim de Infância da Vermelha"" is part of the ""Agrupamento de Escolas do Cadaval"" (Cadaval School Group).

You can find information about it on the Agrupamento de Escolas do Cadaval website: https://www.aecadaval.com/unidades-organicas/"
29969,Escola Básica da Murteira,Murteira,Cadaval,Jardim de Infância,not found,,,"The official website for ""Escola Básica da Murteira"" is not found in the search results. While several listings for schools with this name exist in different locations in Portugal (Cadaval, Loures, and Ovar), none of them provide a direct link to an official, independent website for the institution itself. Instead, they often list contact information or appear as part of larger municipal or educational directories."
29991,Centro Escolar EB1/JI da Quinta das Mós,Camarate,Loures,Jardim de Infância,http://www.aec.edu.pt/,yes,domain doesn't match institution name,http://www.aec.edu.pt/
29995,Escola Básica Arco-Íris,Lisboa,Lisboa,Jardim de Infância,http://aefernandopessoa.edu.pt/,yes,domain doesn't match institution name,"The official website for ""Escola Básica Arco-Íris"" in Lisboa, Portugal, is http://aefernandopessoa.edu.pt/."
29999,Escola Básica Brito Pais,Amadora,Amadora,Jardim de Infância,https://www.aejcardosopires.pt,yes,domain doesn't match institution name,"""Escola Básica Brito Pais"" in Amadora, Portugal, is part of the ""Agrupamento de Escolas José Cardoso Pires"". The official website for this agrupamento (group of schools) is www.aejcardosopires.pt."
30001,Escola Básica de Paredes,Alenquer,Alenquer,Jardim de Infância,not found,,,"The ""Escola Básica de Paredes"" in Alenquer, Portugal, is part of the ""Agrupamento de Escolas Damião de Goes, Alenquer"".

The official website for the ""Agrupamento de Escolas Damião de Goes"" (which includes Escola Básica de Paredes) is: not found"
30035,Escola Básica da Portela,Portela,Loures,Jardim de Infância,https://www.agepm.pt/escola-eb1-ji-da-portela/,yes,domain doesn't match institution name,"The official website for ""Escola Básica da Portela"" in Portela, Portugal, appears to be part of a larger school group, the Agrupamento de Escolas da Portela e Moscavide. You can find information about the school on their website.

https://www.agepm.pt/escola-eb1-ji-da-portela/"
30036,"Escola Básica da Quinta da Alegria, Moscavide",,Loures,Jardim de Infância,https://agepm.pt,yes,domain doesn't match institution name,"The Escola Básica da Quinta da Alegria in Moscavide, Loures, Portugal, is part of the Agrupamento de Escolas da Portela e Moscavide. The official website for this school group is agepm.pt."
30037,Jardim de Infância do Lumiar,Lisboa,Lisboa,Jardim de Infância,not found,,,"The ""Jardim de Infância do Lumiar"" in Lisboa, Portugal, is part of the Agrupamento de Escolas Professor Lindley Cintra. Its contact information, including a phone number and email address, is available through the agrupamento. While there isn't a direct website solely for ""Jardim de Infância do Lumiar,"" information about it can be found on the Agrupamento de Escolas Professor Lindley Cintra website.

Therefore, the closest to an ""official website"" would be the one for the school cluster it belongs to.

https://www.aeplindleycintra.edu.pt (based on the email domain direcao@aelindleycintra.edu.pt)"
30038,Jardim de Infância da Ameixoeira,Lisboa,Lisboa,Jardim de Infância,http://aelindleycintra.edu.pt/,yes,domain doesn't match institution name,"The official website for Jardim de Infância da Ameixoeira is http://aelindleycintra.edu.pt/. This institution is part of the Agrupamento de Escolas Professor Lindley Cintra – Lumiar, Lisboa."
30039,Escola Básica de Alverca - Malva Rosa,Alverca do Ribatejo,Vila Franca de Xira,Jardim de Infância,https://www.aepjm.pt/joomla/,yes,domain doesn't match institution name,"The ""Escola Básica de Alverca - Malva Rosa"" is part of the Agrupamento de Escolas Pedro Jacques Magalhães.

The official website for the Agrupamento de Escolas Pedro Jacques Magalhães, which includes Escola Básica da Malva Rosa, is: https://www.aepjm.pt/joomla/"
30040,Jardim de Infância do Calhandriz,Calhandriz,Vila Franca de Xira,Jardim de Infância,https://portal.aepjm.pt/?page_id=1051,yes,domain doesn't match institution name,"The official website for ""Jardim de Infância do Calhandriz"" appears to be part of a larger educational or municipal group.

Based on the search results, the most direct official link associated with ""Jardim de Infância da Calhandriz"" is:

https://portal.aepjm.pt/?page_id=1051"
30041,Jardim de Infância N.º 1 de Alverca do Ribatejo,Alverca,Vila Franca de Xira,Jardim de Infância,not found,,,"The official website for ""Jardim de Infância N.º 1 de Alverca do Ribatejo"" is http://www.eb1-alverca-n1.rcts.pt/."
30042,Jardim de Infância N.º 3 de Alverca do Ribatejo,Alverca,Vila Franca de Xira,Jardim de Infância,https://www.aepjm.pt/joomla/,yes,domain doesn't match institution name,"The ""Jardim de Infância N.º 3 de Alverca do Ribatejo"" is part of the Agrupamento de Escolas Pedro Jacques de Magalhães. The official website for this agrupamento (group of schools) is https://www.aepjm.pt/joomla/."
30043,Jardim de Infância N.º 2 de Alverca do Ribatejo,Alverca,Vila Franca de Xira,Jardim de Infância,https://www.aepjm.pt,yes,domain doesn't match institution name,"The ""Jardim de Infância N.º 2 de Alverca do Ribatejo"" is part of the Agrupamento de Escolas Pedro Jacques de Magalhães (AEPJM).

The official website for AEPJM, which includes information about Jardim de Infância n.º 2 de Alverca, is: https://www.aepjm.pt."
30044,Jardim de Infância Gil Eanes,Pontinha,Odivelas,Jardim de Infância,https://aebf.pt,yes,domain doesn't match institution name,"The ""Jardim de Infância Gil Eanes"" in Pontinha, Portugal, is part of the Agrupamento de Escolas Braamcamp Freire. The official website for the agrupamento (grouping of schools) is https://aebf.pt. The Jardim de Infância Gil Eanes has a specific page or section within this larger website."
30049,Jardim de Infância de Bicesse,Bicesse,Cascais,Jardim de Infância,https://www.aealapraia.com/,yes,domain doesn't match institution name,"The ""Jardim de Infância de Bicesse"" is part of the Agrupamento de Escolas de Alapraia.

https://www.aealapraia.com/"
30062,Jardim de Infância da Torre,Cascais,Cascais,Jardim de Infância,not found,,,"The official website for ""Jardim de Infância da Torre"" in Cascais, Portugal, is not a standalone site. It is listed as part of the Cascais Municipal Council website.

www.cm-cascais.pt/contactos/jardim-de-infancia-da-torre"
30066,Jardim de Infância da Quinta da Piedade,Póvoa de Santa Iria,Vila Franca de Xira,Jardim de Infância,https://aepsi.pt,yes,domain doesn't match institution name,"The ""Jardim de Infância da Quinta da Piedade"" is part of the Agrupamento de Escolas da Póvoa de Santa Iria. The official website for the agrupamento (group of schools) is aepsi.pt.

Therefore, the URL is: aepsi.pt"
30067,Escola Básica do Casal da Serra,Póvoa de Santa Iria,Vila Franca de Xira,Jardim de Infância,https://www.aepsi.pt/,yes,domain doesn't match institution name,"""Escola Básica do Casal da Serra"" is part of the ""Agrupamento de Escolas da Póvoa de Santa Iria"". The official website for the agrupamento (group of schools) is https://www.aepsi.pt/. The individual school, Escola Básica do Casal da Serra, does not appear to have its own separate official website."
30068,Escola Básica de Póvoa de Santa Iria Norte,,Vila Franca de Xira,Jardim de Infância,http://aepsi.pt,yes,domain doesn't match institution name,"The official website for ""Escola Básica de Póvoa de Santa Iria - Norte"" is part of the ""Agrupamento de Escolas da Póvoa de Santa Iria"" (School Group of Póvoa de Santa Iria).

The URL for the Agrupamento de Escolas da Póvoa de Santa Iria is: http://aepsi.pt"
30069,Escola Básica Quinta de São José,Póvoa de Santo Adrião,Odivelas,Jardim de Infância,not found,,,"The ""Escola Básica Quinta de São José"" in Póvoa de Santo Adrião, Portugal, is part of the Agrupamento de Escolas Pedro Alexandrino. While there doesn't appear to be a dedicated official website solely for Escola Básica Quinta de São José, information about it can be found on the website for the Agrupamento de Escolas Pedro Alexandrino.

Therefore, the official website for the larger school group that includes ""Escola Básica Quinta de São José"" is: **not found**"
30070,Escola Básica Barbosa Du Bocage,Póvoa de Santo Adrião,Odivelas,Jardim de Infância,not found,,,"The ""Escola Básica Barbosa Du Bocage"" in Póvoa de Santo Adrião is part of the ""Agrupamento de Escolas Pedro Alexandrino - Póvoa Sto Adrião/Olival Basto"".

The official website for the ""Agrupamento de Escolas Pedro Alexandrino"" is https://aepalx.pt."
30071,Escola Básica de Unhos,Catujal,Loures,Jardim de Infância,http://aecu.pt/,yes,domain doesn't match institution name,"The official website for ""Escola Básica de Unhos"" is part of the ""Agrupamento de Escolas de Catujal - Unhos"" and its URL is http://aecu.pt/."
30086,Jardim de Infância da Terrugem,Terrugem-Sintra,Sintra,Jardim de Infância,https://aealtodosmoinhos.pt,yes,domain doesn't match institution name,"The ""Jardim de Infância da Terrugem"" in Terrugem-Sintra does not appear to have a dedicated official website. However, it is part of the Agrupamento de Escolas Alto dos Moinhos.

You can find information related to it on the Agrupamento de Escolas Alto dos Moinhos website: aealtodosmoinhos.pt."
30087,Jardim de Infância de Arneiro dos Marinheiros,São João das Lampas,Sintra,Jardim de Infância,https://aealtodosmoinhos.pt/,yes,domain doesn't match institution name,"The ""Jardim de Infância de Arneiro dos Marinheiros"" is part of the Agrupamento de Escolas Alto dos Moinhos.

The official website for the Agrupamento de Escolas Alto dos Moinhos is: https://aealtodosmoinhos.pt/"
30090,Jardim de Infância de Aldeia Grande,Aldeia Grande,Torres Vedras,Jardim de Infância,not found,,,"The ""Jardim de Infância de Aldeia Grande"" is part of the Agrupamento de Escolas Henriques Nogueira (Henriques Nogueira School Group). The official website for the school group, which includes information about Jardim de Infância de Aldeia Grande, is aehn.net."
30092,Jardim de Infância de Matacães,Matacães,Torres Vedras,Jardim de Infância,not found,,,"The ""Jardim de Infância de Matacães"" in Matacães, Portugal, does not appear to have a dedicated official website. It is part of the ""Agrupamento de Escolas Henriques Nogueira"".

You can find information about it on the Agrupamento de Escolas Henriques Nogueira website:

https://www.aehn.net/"
30094,Jardim de Infância de Belém,Santa Maria de Belém,Lisboa,Jardim de Infância,https://aerestelo.pt,yes,domain doesn't match institution name,"The ""Jardim de Infância de Belém"" is part of the Agrupamento de Escolas do Restelo. The official website for the agrupamento, which includes information about the Jardim de Infância de Belém, is https://aerestelo.pt."
30097,Escola Básica Professor Manuel Sérgio,,Lisboa,Jardim de Infância,http://www.aerestelo.pt,yes,domain doesn't match institution name,The Escola Básica Professor Manuel Sérgio is part of the Agrupamento de Escolas do Restelo. The official website for the Agrupamento de Escolas do Restelo is http://www.aerestelo.pt.
30104,Jardim de Infância de a-Dos-Cunhados,A-Dos-Cunhados,Torres Vedras,Jardim de Infância,not found,,,not found
30105,Escola Básica da Póvoa de Penafirme,Póvoa de Penafirme,Torres Vedras,Jardim de Infância,not found,,,"The ""Escola Básica da Póvoa de Penafirme"" in Póvoa de Penafirme, Portugal, does not appear to have a standalone official website.

It is part of the ""Agrupamento de Escolas Padre Vítor Melícias"" in Torres Vedras.

The school is mentioned on the Torres Vedras Municipal Council website and on the Eco-Escolas website, which provides information about the school's participation in environmental programs. It is also listed in directories of childcare institutions."
30106,Jardim de Infância do Paúl,Paúl,Torres Vedras,Jardim de Infância,https://ecoescolas.abaae.pt/escola/jardim-de-infancia-de-paul/,yes,domain doesn't match institution name,"I was unable to find an official, standalone website specifically for ""Jardim de Infância do Paúl"" in Paúl, Portugal. It appears to be associated with larger school groupings or municipal education portals.

However, based on the search results, here are some relevant links that provide information about the institution:

*   **Eco-Escolas:** https://ecoescolas.abaae.pt/escola/jardim-de-infancia-de-paul/ (This page is for ""Jardim de Infância de Paúl"" in Torres Vedras, which is likely the one you are looking for, as Paúl is a locality within Torres Vedras.)
*   **Município da Covilhã:** https://www.cm-covilha.pt/pages/708 (This link is for a ""Jardim-de-infância do Paul"" in the municipality of Covilhã, which might be a different institution, but is a municipal page.)"
30107,Jardim de Infância da Ponte do Rol,Ponte do Rol,Torres Vedras,Jardim de Infância,not found,,,not found
30108,Jardim de Infância da Boavista - Olheiros,Boavista,Torres Vedras,Jardim de Infância,not found,,,"The ""Jardim de Infância da Boavista - Olheiros"" is located in Boavista Olheiros, Torres Vedras, Portugal. It is part of the Agrupamento de Escolas Padre Vítor Melícias. While there isn't a dedicated official website specifically for ""Jardim de Infância da Boavista - Olheiros,"" information about it can be found on the Torres Vedras Municipal Council website and the Eco-Escolas program website.

Therefore, ""not found""."
30109,Jardim de Infância da Ribeira de Pedrulhos,Torres Vedras,Torres Vedras,Jardim de Infância,not found,,,"The ""Jardim de Infância da Ribeira de Pedrulhos"" is a public kindergarten in Torres Vedras, Portugal, and appears to be part of the local municipality's educational network rather than having a standalone official website. Information about it is available on the Torres Vedras Municipal Council website.

Therefore, a dedicated official website for this specific institution was not found."
30110,Jardim de Infância do Sobreiro Curvo,Sobreiro Curvo,Torres Vedras,Jardim de Infância,not found,,,not found
30111,Jardim de Infância da Fonte Grada,Fonte Grada,Torres Vedras,Jardim de Infância,not found,,,"The ""Jardim de Infância da Fonte Grada"" in Fonte Grada, Portugal does not appear to have its own independent official website. It is listed as part of the Agrupamento de Escolas Padre Vítor Melícias, Torres Vedras.

Information about the Jardim de Infância da Fonte Grada can be found on the Eco-Escolas website and the Câmara Municipal de Torres Vedras website.
It is important to note that the ""Associação de Moradores Cultura e Recreio de Fonte Grada IPSS"" (AMCR Fonte Grada IPSS) has a Facebook page and an Instagram page, but this is a different institution, although it shares the ""Fonte Grada"" name."
30114,Jardim de Infância Almirante Nunes da Matta,Parede,Cascais,Jardim de Infância,https://aeparede.edu.pt/ji-almirante-nunes-da-matta/,yes,domain doesn't match institution name,"The ""Jardim de Infância Almirante Nunes da Matta"" is part of the Agrupamento de Escolas de Parede. Its official information can be found on the agrupamento's website.

https://aeparede.edu.pt/ji-almirante-nunes-da-matta/"
30115,"Jardim de Infância de Cotovios, a-De-Freire",S. João dos Montes,Vila Franca de Xira,Jardim de Infância,not found,,,"The ""Jardim de Infância de Cotovios, a-De-Freire"" is part of the ""Agrupamento de Escolas de Alhandra, Sobralinho e São João dos Montes"". The official website for this agrupamento (group of schools) is https://www.aessjm.pt.

The direct URL for the specific kindergarten is not found; however, information about it is available through the agrupamento's website and other directories."
30116,Jardim de Infância de Alhandra,Alhandra,Vila Franca de Xira,Jardim de Infância,not found,,,"The ""Jardim de Infância de Alhandra"" is part of the Agrupamento de Escolas de Alhandra, Sobralinho e São João dos Montes.

Here is the URL for the Agrupamento de Escolas de Alhandra, Sobralinho e São João dos Montes, which includes information about the Jardim de Infância de Alhandra: https://vertexaisearch.cloud.google.com/grounding-api-redirect/AUZIYQEtZgZFfiieklC-6p2wBdl96xd3dDBBsqnWYQTx0FYsHEQ3_-rsLerUDNiv_dMwAh3vIoun9UFd74sMFGjmMDAozLqSQ--_tv8yHbEUYhKVvzN3totypgKNMGKku0YMuFJMaGFmVQyuxrxPBTS23vCEBRWtDwnGVa_fKOtQcFPVU5-8CDZgG26WTE7PwbUdo0_pOqM"
30117,JI Manique do Intendente,Manique do Intendente,Azambuja,Jardim de Infância,not found,,,"The ""Jardim de Infância de Manique do Intendente"" (JI Manique do Intendente) is part of the Agrupamento de Escolas do Alto de Azambuja.

While there isn't a standalone official website specifically for ""JI Manique do Intendente,"" information about it can be found on the website of the Agrupamento de Escolas do Alto de Azambuja, under which it operates.

It is also mentioned on the Azambuja Municipal Council website, particularly regarding the municipal crèche in Manique do Intendente.

Therefore, the most relevant official website related to ""JI Manique do Intendente"" would be the one for the Agrupamento de Escolas do Alto de Azambuja, though a direct URL for the specific kindergarten is not provided as a separate entity.

Not found."
30118,Centro Escolar Alcoentre,,Azambuja,Jardim de Infância,not found,,,"The official website for Centro Escolar Alcoentre in Azambuja, Portugal, appears to be part of the Agrupamento de Escolas de Manique do Intendente/Alcoentre. The contact email provided for Centro Escolar de Alcoentre is ""secretaria@aveaca.pt"". The website for this agrupamento (group of schools) is not directly provided as a standalone URL for ""Centro Escolar Alcoentre,"" but rather through the association with the larger school group."
30121,Escola Básica António Torrado,Tires,Cascais,Jardim de Infância,https://www.agmra.pt/,yes,domain doesn't match institution name,"The official website for ""Escola Básica António Torrado"" in Tires, Portugal, is https://www.agmra.pt/. This school is part of the ""Agrupamento de Escolas Matilde Rosa Araújo"" (AEMRA)."
30122,Escola Básica de Tires,Tires,Cascais,Jardim de Infância,not found,,,"The official website for ""Escola Básica de Tires"" is part of the ""Agrupamento de Escolas Matilde Rosa Araújo"" and can be found at this URL: https://vertexaisearch.cloud.google.com/grounding-api-redirect/AUZIYQEkGhesxvX-fccpBiPdyeV9aVZ7KKA3zbZdaj-A67J6O1_XNfX7UndPzQPIi-SItff5FfCGMHJ2BNts5LY1LX8QZBfu19UGmDiZOp3pdx9FkfCSrrdBeoXNTb-B9SVwtPqUwqQ=."
30123,Escola Básica Padre Agostinho da Silva,Tires,Cascais,Jardim de Infância,not found,,,"The ""Escola Básica Padre Agostinho da Silva"" in Tires, Portugal, is part of the ""Agrupamento de Escolas Matilde Rosa Araújo"". The official website for the agrupamento, which includes the Escola Básica Padre Agostinho da Silva, is not directly provided in the search results. However, contact information for the school, including an email address (ebpasilva@aemra.pt), is available through the agrupamento. Other directory listings for the school do not provide a direct official website for this specific school.

not found"
30124,Escola Básica do Alto da Peça,Alcabideche,Cascais,Jardim de Infância,not found,,,"The ""Escola Básica do Alto da Peça"" is part of the ""Agrupamento de Escolas de Alcabideche"" (School Group of Alcabideche). Therefore, its official information is found on the agrupamento's website.

https://www.aealcabideche.pt/escolas/eb-alto-da-peca/"
30125,Escola Básica Professora Maria Margarida Rodrigues,Alcabideche,Cascais,Jardim de Infância,https://aealcabideche.pt,yes,domain doesn't match institution name,"The Escola Básica Professora Maria Margarida Rodrigues in Alcabideche, Portugal, is part of the Agrupamento de Escolas de Alcabideche.

You can find information about the school on the Agrupamento de Escolas de Alcabideche website: https://aealcabideche.pt"
30126,Jardim de Infância Fátima Campino,Alcoitão,Cascais,Jardim de Infância,not found,,,The official website for Jardim de Infância Fátima Campino is part of the Agrupamento de Escolas de Alcabideche website: http://www.aealcabideche.com/.
30155,"Jardim de Infância da Horta Nova, Lisboa",Carnide,Lisboa,Jardim de Infância,https://aevf.pt,yes,domain doesn't match institution name,"The ""Jardim de Infância da Horta Nova, Lisboa"" in Carnide, Portugal, is part of the Agrupamento de Escolas Vergílio Ferreira (AEVF).

Therefore, its official website is the website for the Agrupamento de Escolas Vergílio Ferreira: aevf.pt."
30156,Jardim de Infância de Bucelas,Bucelas,Loures,Jardim de Infância,not found,,,"The official website for ""Jardim de Infância de Bucelas"" is not found as a standalone website. However, it is associated with the Agrupamento de Escolas 4 de Outubro. It is listed as part of the public school network in Portugal."
30235,Jardim de Infância das Azenhas dos Tanoeiros,,Mafra,Jardim de Infância,not found,,,not found
30236,Jardim de Infância do Barril,Barril,Mafra,Jardim de Infância,not found,,,"The official website for ""Jardim de Infância do Barril"" is not found as a standalone website. However, it is listed on the Mafra Municipal Council website and as part of the Eco-Escolas program. It is also associated with the Agrupamento de Escolas da Ericeira-Mafra (Ericeira-Mafra School Group)."
