nome,localidade,concelho,morada,codigo_postal,cidade,telefone,email,website,url
Centro Infantil Gaivota,Esposende,esposende,ASSINJEPE Rua de S. João,4740 - 249,Esposende,253 961 584,,,https://www.primeiraimagem.com/centro-infantil-gaivota.php
C. S. Polivalente de Ourentã,Ourentã,cantanhede,"Centro Social e Polivalente de Ourentã Rua Frei Manuel dos Santos, 37",3060 - 459,Ourentã,231 416 085,,,https://www.primeiraimagem.com/centro-social-e-polivalente-de-ourenta.php
Centro de Estimulação Precoce,Fontela,figueira-da-foz,APPACDM Rua José de Lemos,3090 - 641,Fontela,233 420 601,,,https://www.primeiraimagem.com/centro-de-estimulacao-precoce.php
Casinha da Pequenada - AFMP,Buarcos,figueira-da-foz,"Casinha da Pequenada - Creche Fernãozinho Associação Fernão Mendes Pinto 1.ª Travessa do Alto do Forno,  5 A",3080 - 219,Figueira da Foz,918 446 664,,,https://www.primeiraimagem.com/casinha-da-pequenada-creche-fernaozinho.php
SCMS - O Cantinho dos Avós,Silves,silves,O Cantinho dos Avós - Creche e Pré-Escolar Santa Casa da Misericórdia de Silves Largo Comendador Vilarinho,8300 - 999,Silves,282 442 635,,,https://www.primeiraimagem.com/o-cantinho-dos-avos-creche-e-pre-escolar.php
C. Soc. Interparoquial de Abrantes,Abrantes,abrantes,"Centro Social Interparoquial de Abrantes Rua Cidade de Parthenay, 414",2200 - 238,Abrantes,241 331 650,,,https://www.primeiraimagem.com/centro-social-interparoquial-de-abrantes.php
Creche Municipal de Figueiró,Figueiró,pacos-de-ferreira,"Rua do Centro Escolar de Figueiró, 26",4590 - 239,Figueiró,255 860 700,,http://www.colegiomarcadagua.edu.pt,https://www.primeiraimagem.com/creche-municipal-de-figueiro.php
C. Soc. Paróquia de Curvos,Curvos,esposende,Centro Social da Paróquia de Curvos Lugar da Igreja,4740 - 183,Curvos,253 964 958,,,https://www.primeiraimagem.com/centro-social-da-paroquia-de-curvos.php
Casa do Povo de Quiaios,Quiaios,figueira-da-foz,R. da Creche e Jardim de Infância,3080 - 560,Quiaios,233 910 493,,,https://www.primeiraimagem.com/casa-do-povo-de-quiaios.php
SCMAP - Gaivota,Armação de Pêra,silves,"Gaivota - Creche, Jardim de Infância e ATL Santa Casa da Misericórdia de Armação de Pêra Urbanização das Amendoeiras",8365 - 110,Armação de Pêra,282 313 151,,,https://www.primeiraimagem.com/gaivota-creche-jardim-de-infancia-e-atl.php
Centro Social Comunitário Varziela,Cantanhede,cantanhede,"Centro Social Comunitário da Varziela Rua dos Moleiros, Lote 1 Varziela",3060 - 215,Cantanhede,231 429 636,,,https://www.primeiraimagem.com/centro-social-comunitario-da-varziela.php
C. Soc. Juventude de Marinhas,Marinhas,esposende,"Centro Social da Juventude de Marinhas Rua da Várzea, 15 Marinhas",4740 - 572,Esposende,253 965 740,,,https://www.primeiraimagem.com/centro-social-da-juventude-de-marinhas.php
C. S. Polivalente Freguesia de Murtede,Murtede,cantanhede,"Centro Social e Polivalente de Freguesia de Murtede Rua do Calvário, 38",3060 - 415,Murtede,231 201 074,,,https://www.primeiraimagem.com/centro-social-e-polivalente-de-freguesia-de-murtede.php
C. Soc. Paroq. Nª Srª da Oliveira,Tramagal,abrantes,"Centro Social Paroquial Nossa Senhora da Oliveira R. Nossa Senhora da Oliveira, 168",2205 - 679,Tramagal,241 897 409,,,https://www.primeiraimagem.com/centro-social-paroquial-nossa-senhora-da-oliveira.php
Creche Municipal de Ferreira,Ferreira,pacos-de-ferreira,"Rua de Samonde, 141",4590 - 769,Ferreira,255 860 700,,http://www.colegiomarcadagua.edu.pt,https://www.primeiraimagem.com/creche-municipal-de-ferreira.php
Creche Municipal de Frazão,Frazão,pacos-de-ferreira,"Praceta do Centro Escolar de Frazão, 15",4595 - 190,Frazão,255 860 700,,http://www.colegiomarcadagua.edu.pt,https://www.primeiraimagem.com/creche-municipal-de-frazao.php
Centro Social de Alferrarede,Alferrarede,abrantes,"Rua de Diu, 2",2200 - 045,Abrantes,241 361 397,,,https://www.primeiraimagem.com/centro-social-de-alferrarede.php
Creche Municipal de Freamunde,Freamunde,pacos-de-ferreira,"Rua do Centro Escolar de Freamunde, 39",4590 - 401,Freamunde,255 860 700,,http://www.colegiomarcadagua.edu.pt,https://www.primeiraimagem.com/creche-municipal-de-freamunde.php
A Conchinha - Centro Infantil de Sines,Sines,sines,"A Espiga - Cooperativa de Solidariedade Social, CRL Quinta de São Sebastião",7520 - 148,Sines,269 101 024,,,https://www.primeiraimagem.com/a-conchinha-centro-infantil-de-sines.php
Centro Social Paroquial de Cadima,Cadima,cantanhede,"Rua Feira dos 13, 284",3060 - 102,Cadima,231 411 299,,,https://www.primeiraimagem.com/centro-social-paroquial-de-cadima.php
CICS Palmeira de Faro,Palmeira de Faro,esposende,"Centro de Intervenção Cultural e Social de Palmeira de Faro Rua do Centro Social, 51",4740 - 593,Palmeira de Faro,253 963 783,,,https://www.primeiraimagem.com/centro-de-intervencao-cultural-e-social-de-palmeira-de-faro.php
Centro Paroquial de Buarcos,Buarcos,figueira-da-foz,Rua de S. Pedro,3080 - 281,Buarcos,233 413 861,,,https://www.primeiraimagem.com/centro-paroquial-de-buarcos.php
C. Soc. Paroq. Vale das Mós,Vale da Mós,abrantes,"Centro Social Paroquial de Vale das Mós Rua da Igreja, 3",2205 - 808,Vale das Mós,241 732 228,,,https://www.primeiraimagem.com/centro-social-paroquial-de-vale-das-mos.php
Centro Social Bem Querer de Brenha,Alhadas,figueira-da-foz,"Rua do Lavadouro, 36 Brenha",3080 - 437,Figueira da Foz,233 919 121,,,https://www.primeiraimagem.com/centro-social-bem-querer-de-brenha.php
Ensijovem,Ançã,cantanhede,R. Centro de Estudos Educativos de Ançã,3060 - 045,Ançã,239 962 676,,,https://www.primeiraimagem.com/ensijovem.php
CSJ Mar - Creche e J. Infância,Mar,esposende,"Centro Social da Juventude de Mar Rua Estrada Real, 91 Bouça Grande - Mar",4740 - 512,Esposende,253 871 796,,,https://www.primeiraimagem.com/centro-social-da-juventude-de-mar.php
Creche Municipal de Lamoso,Lamoso,pacos-de-ferreira,"Praceta do Centro Escolar de Lamoso, 17",4590 - 419,Lamoso,255 860 700,,http://www.colegiomarcadagua.edu.pt,https://www.primeiraimagem.com/creche-municipal-de-lamoso.php
"A Colmeia – Creche, Jardim Infantil e ATL",Massamá,sintra,"Rua da Industria, nr. 13 / 13A",2745 - 838,Massamá,214 377 388,info@acolmeia.pt?Subject=%A9%20Primeira%20Imagem,http://www.infantario-popular-sintra.com,https://www.primeiraimagem.com/a-colmeia.php
Centro Social do Pego,Pego,abrantes,"Rua do Casal, S/N",2205 - 351,Pego,241 833 904,,,https://www.primeiraimagem.com/centro-social-do-pego.php
A Formiguinha –  Creche,São Pedro de Penaferrim,sintra,,,,,info@aformiguinha.com?Subject=%A9%20Primeira%20Imagem,http://www.aformiguinha.com,https://www.primeiraimagem.com/a-formiguinha-creche.php
Fundação Pires Negrão,Cantanhede,cantanhede,"Rua António da Silva Bronze, 15",3060 - 140,Cantanhede,231 429 699,,,https://www.primeiraimagem.com/fundacao-pires-negrao.php
CSJB - Creche,Belinho,esposende,"Centro Social da Juventude de Belinho Rua do Calvário, 100",4740 - 161,Belinho,253 872 424,,,https://www.primeiraimagem.com/centro-social-da-juventude-de-belinho.php
Creche Municipal de Meixomil,Meixomil,pacos-de-ferreira,"Avenida Amadeu Ferreira, 137",4595 - 276,Meixomil,255 860 700,,http://www.colegiomarcadagua.edu.pt,https://www.primeiraimagem.com/creche-municipal-de-meixomil.php
Centro Social Paroquial de Lavos,Lavos,figueira-da-foz,"Largo da Igreja, 1 Santa Luzia",,,233 946 788,,,https://www.primeiraimagem.com/centro-social-paroquial-de-lavos.php
A Mimi - Infantário,Queluz,sintra,"Infantário A Mimi Rua D. Maria I, 32  1º-E",2745 - 164,Queluz,214 360 950,,http://www.infantario-popular-sintra.com,https://www.primeiraimagem.com/infantario-a-mimi.php
Creche Municipal de Paços de Ferreira,Paços de Ferreira,pacos-de-ferreira,"Rua do Mosteiro de Ferreira, 160",4590 - 601,Paços de Ferreira,255 860 700,,http://www.colegiomarcadagua.edu.pt,https://www.primeiraimagem.com/creche-municipal-de-pacos-de-ferreira.php
J. Escola João de Deus,Tramagal,abrantes,"Bairro dos Passarinhos, 9",2205 - 658,Tramagal,241 897 195,,,https://www.primeiraimagem.com/j-escola-joao-de-deus.php
S. C. M. Esposende,Esposende,esposende,"Santa Casa da Misericórdia de Esposende Rua Narciso Ferreira, 15",4740 - 281,Esposende,253 962 201,,,https://www.primeiraimagem.com/santa-casa-da-misericordia-de-esposende.php
Gira Sol – Ass. Desenv. de Febres,Febres,cantanhede,"Associação de Desenvolvimento de Febres R. Prof. Dr. Fernando Serra de Oliveira, 38",3061 - 918,Febres,231 469 335,,,https://www.primeiraimagem.com/gira-sol.php
Santa Casa da Misericórdia de Abrantes,Abrantes,abrantes,Avenida Rainha D. Leonor,2200 - 196,Abrantes,241 362 865,,,https://www.primeiraimagem.com/santa.casa-da.misericordia-de-abrantes.php
Conselho Moradores Borda do Campo,Paião,figueira-da-foz,"Conselho de Moradores da Borda do Campo Rua 19 de Setembro, 12 Calvino",3090 - 811,Borda do Campo,233 941 205,,,https://www.primeiraimagem.com/conselho-de-moradores-da-borda-do-campo.php
Prodeco,Covões,cantanhede,"Prodeco - Progresso e Desenvolvimento de Covões Rua da Bica, 501",3060 - 284,Covões,231 460 810,,,https://www.primeiraimagem.com/prodeco-progresso-e-desenvolvimento-de-covoes.php
S. C. M. Esposende - Pólo 2,Esposende,esposende,Santa Casa da Misericórdia de Esposende Largo Dr. Fonseca Lima,4740 - 216,Esposende,253 962 201,,,https://www.primeiraimagem.com/santa-casa-da-misericordia-de-esposende-polo-2.php
A Formiguinha – Pré-Escolar e 1ºCEB,São Pedro de Penaferrim,sintra,,,,,info@aformiguinha.com?Subject=%A9%20Primeira%20Imagem,http://www.aformiguinha.com,https://www.primeiraimagem.com/a-formiguinha-pre-escolar-e-1-ceb.php
Creche Tico e Teca - CPMO,Marinha das Ondas,figueira-da-foz,"Casa do Povo de Marinha das Ondas Rua dos Lagoeiros, 6",3090 - 485,Marinha das Ondas,233 959 500,,,https://www.primeiraimagem.com/creche-tico-e-teca.php
Creche Municipal de Penamaior,Penamaior,pacos-de-ferreira,"Rua do Parque, 222",4595 - 298,Penamaior,255 860 700,,http://www.colegiomarcadagua.edu.pt,https://www.primeiraimagem.com/creche-municipal-de-penamaior.php
A Nossa Escola - Jardim de Infância,Mem Martins,sintra,"Rua João Maria Magalhães Ferraz, nº 5",2725 - 338,Mem Martins,219 260 176,,http://www.infantario-popular-sintra.com,https://www.primeiraimagem.com/a-nossa-escola.php
Goltz de Carvalho - Creche e J. Inf.,Buarcos,figueira-da-foz,"Creche e Jardim de Infância Rua Tomás de Aquino, 16",3080 - 293,Figueira da Foz,233 413 196,,,https://www.primeiraimagem.com/goltz-de-carvalho.php
Assoc. Humanitária de Salreu,Salreu,estarreja,"Associação Humanitária de Salreu R. Associação Humanitária de Salreu, 8",3865 - 283,Salreu,234 840 910,,https://www.colegiosantaeulalia.pt/,https://www.primeiraimagem.com/associacao-humanitaria-de-salreu.php
Progresso e Vida (ADPVT),Tocha,cantanhede,"Associação de Desenvolmento Progresso e Vida da Tocha Rua do Preventório, 999",3060 - 675,Tocha,231 443 078,,,https://www.primeiraimagem.com/associacao-de-desenvolmento-progresso-e-vida-da-tocha.php
Abarca- ABRCA,Barrô,agueda,"Assoc. Barroense Recreio Cultura e Assistência Rua do Pavilhão Desportivo, 1",3754 - 001,Barrô,234 601 962,,https://www.colegiosantaeulalia.pt/,https://www.primeiraimagem.com/abarca.php
SCM Cantanhede,Cantanhede,cantanhede,Santa Casa da Misericórdia de Cantanhede Edifício Sede Rua Dr. António José da Silva Poiares,3060 - 141,Cantanhede,231 422 578,,,https://www.primeiraimagem.com/santa-casa-da-misericordia-de-cantanhede-edificio-sede.php
Creche Municipal Seroa,Seroa,pacos-de-ferreira,"Rua Alto dos Matos, 126",4595 - 424,Seroa,255 860 700,,http://www.colegiomarcadagua.edu.pt,https://www.primeiraimagem.com/creche-municipal-de-seroa.php
ARCOR,Óis da Ribeira,agueda,"Associação Recreativa e Cultural de Óis da Ribeira Largo do Centro Social, 50",3750 - 650,Óis da Ribeira,234 629 818,,https://www.colegiosantaeulalia.pt/,https://www.primeiraimagem.com/arcor.php
S. C. M. Fão,Fão,esposende,Santa Casa da Misericórdia de Fão Loteamento Santa Bárbara,4740 - 352,Fão,253 982 379,,,https://www.primeiraimagem.com/santa-casa-da-misericordia-de-fao.php
J. Escola João de Deus - Alhadas,Alhadas,figueira-da-foz,"Largo do Jardim Escola, 26",3090 - 401,Figueira da Foz,233 930 155,,,https://www.primeiraimagem.com/j-escola-joao-de-deus-alhadas.php
Creche Municipal Sanfins,Sanfins,pacos-de-ferreira,"Rua dos Talhos, 97",4595 - 384,Sanfins,255 860 700,,http://www.colegiomarcadagua.edu.pt,https://www.primeiraimagem.com/creche-municipal-de-sanfins.php
Assoc. Baptista de Águeda Shalom,Águeda,agueda,"Associação Baptista de Águeda Shalom Rua do Cabeço, 420 Vale Sobreirinhos",3750 - 323,Águeda,234 607 092,,https://www.colegiosantaeulalia.pt/,https://www.primeiraimagem.com/associacao-baptista-de-agueda-shalom.php
A Quinta de Sintra - Colégio,Mem Martins,sintra,Colégio A Quinta de Sintra Rua Entre Vinhas Recoveiro,2725 - 506,Mem Martins,219 171 266,,http://www.infantario-popular-sintra.com,https://www.primeiraimagem.com/colegio-a-quinta-de-sintra.php
A Nova Escola - Jardim Infância,Agualva,sintra,"A Nova Escola - Jardim de Infância R. Hermenegildo Capelo, 6 A",2735 - 119,Agualva,214 313 606,,http://www.infantario-popular-sintra.com,https://www.primeiraimagem.com/a-nova-escola-jardim-de-infancia.php
SCM Cantanhede - Creche Pares,Cantanhede,cantanhede,Santa Casa da Misericórdia de Cantanhede Rua Dr. António José da Silva Poiares,3060 - 141,Cantanhede,231 422 578,,,https://www.primeiraimagem.com/santa-casa-da-misericordia-de-cantanhede-creche-pares.php
C. P. Soc. Sta. Marinha de Avanca,Avanca,estarreja,"Centro Paroquial Social Santa Marinha de Avanca Largo da Igreja, 79",3860 - 133,Avanca,234 884 902,,https://www.colegiosantaeulalia.pt/,https://www.primeiraimagem.com/centro-paroquial-social-santa-marinha-de-avanca.php
J. Escola João de Deus - Fig. Foz 1,São Julião,figueira-da-foz,Figueira da Foz 1 Rua Visconde Marinha Grande,3080 - 135,Figueira da Foz,233 422 313,,,https://www.primeiraimagem.com/j-escola-joao-de-deus-1.php
C. S. P. São Miguel de Fermelã,Fermelã,estarreja,"Centro Social Paroquial S. Miguel de Fermelã Rua do Lameiro, 5",3865 - 138,Fermelã,234 914 557,,https://www.colegiosantaeulalia.pt/,https://www.primeiraimagem.com/centro-social-paroquial-s-miguel-de-fermela.php
Associação Fermentelense Assistência a Crianças,Fermentelos,agueda,"Rua João Nunes Geraldo, 10",3750 - 466,Fermentelos,234 721 615,,https://www.colegiosantaeulalia.pt/,https://www.primeiraimagem.com/associacao-fermentelense-assistencia-a-criancas.php
J. Escola João de Deus - Fig. Foz 2,Buarcos,figueira-da-foz,Figueira da Foz 2 Rua Joaquim Sotto Mayor,3080 - 209,Figueira da Foz,233 422 773,,,https://www.primeiraimagem.com/j-escola-joao-de-deus-2.php
SCM Carrazeda de Ansiães,Carrazeda de Ansiães,carrazeda-de-ansiaes,Santa Casa da Misericórdia de Carrazeda de Ansiães Rua Marechal Gomes da Costa,5140 - 080,Carrazeda de Ansiães,278 616 747,,,https://www.primeiraimagem.com/santa-casa-da-misericordia-de-carrazeda-de-ansiaes.php
Figueiró - Centro Social e Paroquial,Figueiró,pacos-de-ferreira,"Centro Social e Paroquial de  Figueiró Praceta do Centro Social, nº 5",4590 - 276,Paços Ferreira,255 893 199,,http://www.colegiomarcadagua.edu.pt,https://www.primeiraimagem.com/centro-social-e-paroquial-de-figueiro.php
A Ternurinha - Jardim Infantil,Cacém,sintra,"Rua Marquês de Pombal, Campo Joaquim Vieira",2735 - 297,Cacém,219 140 385,,http://www.infantario-popular-sintra.com,https://www.primeiraimagem.com/a-ternurinha-jardim-infantil.php
Aqui Há Bebé  –  Colégio,Terrugem,sintra,Colégio Aqui Há Bebé Estrada Principal de Alfaquiques,2705 - 425,São João das Lampas,219 612 268,,http://www.infantario-popular-sintra.com,https://www.primeiraimagem.com/colegio-aqui-ha-bebe.php
C. Paroq. Assistência de Pardilhó,Pardilhó,estarreja,"Centro Paroquial de Assistência de Pardilhó Rua do Salgueiro, 3",3860 - 513,Pardilhó,234 851 566,,https://www.colegiosantaeulalia.pt/,https://www.primeiraimagem.com/centro-paroquial-de-assistencia-de-pardilho.php
Bela Vista - C. Educ. Integrada,Águeda,agueda,"Bela Vista - Centro de Educação Integrada Rua S. Pedro, 48",3750 - 317,Águeda,234 622 474,,https://www.colegiosantaeulalia.pt/,https://www.primeiraimagem.com/bela-vista-centro-de-educacao-integrada.php
A. C. A. S. Vila Chã de Ourique,Vila Chã de Ourique,cartaxo,Associação Comunitária de Assistência Social de Vila Chã de Ourique Rua 5 de Abril de 1975,2070 - 630,Vila Chã de Ourique,243 789 549,,,https://www.primeiraimagem.com/associacao-comunitaria-de-assistencia-social-de-vila-cha-de-ourique.php
Marca d‘Água - Colégio,Frazão,pacos-de-ferreira,"Logotipo Colégio Marca d‘Água Rua das Escolas de Moinhos, nº 35",4595 - 158,Frazão,255 862 054,colegiomarcadagua@gmail.com?Subject=%A9%20Primeira%20Imagem,http://www.colegiomarcadagua.edu.pt,https://www.primeiraimagem.com/colegio-marca-d-agua.php
Misericórdia - Obra da Figueira,Buarcos,figueira-da-foz,Largo Silva Soares,3080 - 144,Figueira da Foz,233 407 750,,,https://www.primeiraimagem.com/misericordia-obra-da-figueira.php
Obra Social Cultural Sílvia Cardoso,Paços de Ferreira,pacos-de-ferreira,"Rua Rainha D. Leonor, nº 31 a 35",4590 - 612,Paços de Ferreira,255 861 169,,http://www.colegiomarcadagua.edu.pt,https://www.primeiraimagem.com/obra-social-cultural-silvia-cardoso.php
Assoc. Reformados Freg. Terrugem,Terrugem,sintra,"Associação de Reformados da Freguesia da Terrugem Estrada de A-Do-Pipo, 9 e 11",2705 - 831,Terrugem,219 617 279,,http://www.infantario-popular-sintra.com,https://www.primeiraimagem.com/associacao-de-reformados-da-freguesia-da-terrugem.php
Assoc. Comunitária de Vale da Pedra,Vale da Pedra,cartaxo,"Associação Comunitária de Vale da Pedra Rua da Pré-escola, 8",2070 - 727,Vale da Pedra,243 750 300,,,https://www.primeiraimagem.com/associacao-comunitaria-de-vale-da-pedra.php
C. Soc. Infantil Aguada de Baixo,Aguada de Baixo,agueda,"Centro Social Infantil de Aguada de Baixo Av. José Augusto Rodrigues Seabra, 44",3750 - 031,Aguada de Baixo,234 666 590,,https://www.colegiosantaeulalia.pt/,https://www.primeiraimagem.com/centro-social-infantil-de-aguada-de-baixo.php
C. S. P. São Tomé de Canelas,Canelas,estarreja,"Centro Social e Paroquial de S. Tomé de Canelas Rua Campo da Cruz, 46",3865 - 006,Canelas,234 849 912,,https://www.colegiosantaeulalia.pt/,https://www.primeiraimagem.com/centro-social-e-paroquial-de-s-tome-de-canelas.php
Penamaior - Centro Social da Paróquia,Penamaior,pacos-de-ferreira,"Centro Social da Paróquia de Penamaior Rua Presa do Monte, nº 113",4595 - 338,Penamaior,255 868 290,,http://www.colegiomarcadagua.edu.pt,https://www.primeiraimagem.com/centro-social-da-paroquia-de-penamaior.php
Bebés em Companhia - Creche,Mem Martins,sintra,"Creche Bebés em Companhia Avenida Chaby Pinheiro, nº 39",2725 - 265,Mem Martins,210 085 056,,http://www.infantario-popular-sintra.com,https://www.primeiraimagem.com/creche-bebes-em-companhia.php
Sanfins de Ferreira - Centro Social Paroquial,Sanfins de Ferreira,pacos-de-ferreira,"Centro Social Paroquial de Sanfins de Ferreira Rua Emília Aranha, nº 17",4595 - 119,Sanfins,255 872 209,,http://www.colegiomarcadagua.edu.pt,https://www.primeiraimagem.com/centro-social-paroquial-de-sanfins-de-ferreira.php
Centro Social Paroquial da Ereira,Ereira,cartaxo,Rua do Olival,2070 - 314,Cartaxo,243 719 138,,,https://www.primeiraimagem.com/centro-social-paroquial-da-ereira.php
O Cocas - Associação Figueira Viva,Tavarede,figueira-da-foz,Creche O Cocas Rua da Escola n.º1 Carritos Tavarede,3080 - 843,Figueira da Foz,933 463 237,,,https://www.primeiraimagem.com/creche-o-cocas.php
Bem Me Quer - Infantário,Rio de Mouro,sintra,"Infantário Bem Me Quer Rua Tristão Vaz Teixeira, 2A",2635 - 399,Rio de Mouro,219 161 741,,http://www.infantario-popular-sintra.com,https://www.primeiraimagem.com/infantario-bem-me-quer.php
C. Soc. Teixugueira - SCME,Beduído,estarreja,"Centro Social da Teixugueira Santa Casa da Misericórdia de Estarreja Rua da Misericórdia, 337",3860 - 337,Estarreja,234 844 264,,https://www.colegiosantaeulalia.pt/,https://www.primeiraimagem.com/centro-social-da-teixugueira.php
C. Soc. Paroq. de Valongo do Vouga,Valongo do Vouga,agueda,"Centro Social Paroquial de Valongo do Vouga R. António Pereira Vidal Xavier, 37",3750 - 803,Valongo do Vouga,234 644 634,,https://www.colegiosantaeulalia.pt/,https://www.primeiraimagem.com/centro-social-paroquial-de-valongo-do-vouga.php
Casa da Criança - S.C.M.F.V.,Figueiró dos Vinhos,figueiro-dos-vinhos,Santa Casa da Misericórdia de Figueiró dos Vinhos Avenida José Malhoa,3260 - 402,Figueiró dos Vinhos,236 552 150,,,https://www.primeiraimagem.com/casa-da-crianca_figueiro-dos-vinhos.php
C. Soc. Paroquial da Borralha,Borralha,agueda,"Centro Social Paroquial da Borralha Rua Chão da Moita, 233 Brejo",3750 - 866,Borralha,234 602 301,,https://www.colegiosantaeulalia.pt/,https://www.primeiraimagem.com/centro-social-paroquial-da-borralha.php
Colégio Pergaminho Mágico,Cartaxo,cartaxo,"Rua José Ribeiro da Costa, 32",2070 - 099,Cartaxo,914 999 935,,,https://www.primeiraimagem.com/colegio-pergaminho-magico.php
Fund. Cónego Filipe Figueiredo,Beduído,estarreja,"Fundação Cónego Filipe de Figueiredo Rua Frei Brandão, 36",3860 - 304,Estarreja,234 848 287,,https://www.colegiosantaeulalia.pt/,https://www.primeiraimagem.com/fundacao-conego-filipe-de-figueiredo.php
C. P. A. Freixo de Espada à Cinta,Freixo de Espada à Cinta,freixo-de-espada-a-cinta,"Centro Paroquial de Assistência de Freixo de Espada à Cinta Avenida Guerra Junqueiro, 257",5180 - 104,Freixo de Espada à Cinta,279 652 074,,,https://www.primeiraimagem.com/centro-paroquial-de-assistencia-de-freixo-de-espada-a-cinta.php
Savantes S-Kool,Ferreira,pacos-de-ferreira,"Rua de Samonde, 60 Ferreira",4590 - 764,Paços de Ferreira,910 597 903,,http://www.colegiomarcadagua.edu.pt,https://www.primeiraimagem.com/savantes-s-kool.php
Butterflies School,São Pedro de Penaferrim,sintra,"Alameda da Beloura, 1 Quinta da Beloura",2710 - 697,Linhó,937 656 633,,http://www.infantario-popular-sintra.com,https://www.primeiraimagem.com/butterflies-school.php
SCM Freixo de Espada à Cinta,Freixo de Espada à Cinta,freixo-de-espada-a-cinta,Santa Casa da Misericórdia de Freixo de Espada à Cinta Largo do Terreirinho,5180 - 120,Freixo de Espada à Cinta,279 658 220,,,https://www.primeiraimagem.com/xanta-casa-da-misericordia-de-freixo-de-espada-a-cinta.php
A Árvore - Centro Social de Palmela,Palmela,palmela,Rua Heliodoro Salgado,2950 - 241,Palmela,212 352 108,,http://www.colegioapalmeira.pt,https://www.primeiraimagem.com/a-arvore-centro-social-de-palmela.php
C. P. S. S. da Freguesia de Alvares,Alvares,gois,Centro Paroquial de Solidariedade Social da Freguesia de Alvares Cortes,3330 - 133,Alvares,235 580 000,,,https://www.primeiraimagem.com/centro-paroquial-de-solidariedade-social-da-freguesia-de-alvares.php
Cresce no Paço - CPBESP,Pontével,cartaxo,Centro Paroquial de Bem Estar Social de Pontével Beco do Sítio do Paço,2070 - 417,Pontével,243 759 507,,,https://www.primeiraimagem.com/cresce-no-paco.php
C. C. Paroquial de Rio de Mouro,Rio de Mouro,sintra,Centro Comunitário Paroquial de Rio de Mouro Rua Óscar Monteiro Torres,2635 - 384,Rio de Mouro,219 178 980,,http://www.infantario-popular-sintra.com,https://www.primeiraimagem.com/centro-comunitario-paroquial-de-rio-de-mouro.php
Jardim de Infância do Cartaxo,Cartaxo,cartaxo,"Av. Calouste Gulbenkian, 14",2070 - 010,Cartaxo,243 700 000,,,https://www.primeiraimagem.com/jardim-de-infancia-do-cartaxo.php
Ass. Cult. Recreat. Fornelos,Fornelos,fafe,Associação Cultural e Recreativa de Fornelos Rua da Quintã,4820 - 422,Fornelos,253 490 841,,,https://www.primeiraimagem.com/associacao-cultural-e-recreativa-de-fornelos.php
Fundação Benjamim Dias Costa,Avanca,estarreja,"Rua da Nestlé, nº 45",3860 - 071,Avanca,234 850 820,,https://www.colegiosantaeulalia.pt/,https://www.primeiraimagem.com/fundacao-benjamim-dias-costa.php
C. Soc. Paroq. S. João das Lampas,S. João das Lampas,sintra,"Centro Social e Paroquial de São João das Lampas Avenida Central, nº 56",2705  - 737,S. João das Lampas,219 618 241,,http://www.infantario-popular-sintra.com,https://www.primeiraimagem.com/centro-social-e-paroquial-de-sao-joao-das-lampas.php
A Cegonha - Centro Social de Palmela,Poceirão,palmela,Rua da Liberdade,2965 - 312,Poceirão,265 995 787,,http://www.colegioapalmeira.pt,https://www.primeiraimagem.com/a-cegonha-centro-social-de-palmela.php
A Cegonha - Infantário da Parede,Parede,cascais,"Rua José Elias Garcia, nº 1070",2775 - 216,Parede,214 533 036,,,https://www.primeiraimagem.com/a-cegonha-infantario-da-parede.php
Ass. Cult. Recreat. Travassós,Travassós,fafe,"Associação Cultural e Recreativa de Travassós Rua da Capela, 391",4820 - 811,Travassós,253 506 293,,,https://www.primeiraimagem.com/associacao-cultural-e-recreativa-de-travassos.php
Centro Social Rocha Barros,Góis,gois,"Bairro Verde, nº 4",3330 - 240,Góis,235 778 032,,,https://www.primeiraimagem.com/centro-social-rocha-barros.php
C. Soc. Paroquial de Mira Sintra,Mira Sintra,sintra,"Centro Social Paroquial de Mira Sintra Rua São Francisco de Assis, 27 Mira Sintra",2735 - 412,Agualva,219 185 382,,http://www.infantario-popular-sintra.com,https://www.primeiraimagem.com/centro-social-paroquial-de-mira-sintra.php
A Palmeira - Colégio,Pinhal Novo,palmela,Logotipo Colégio A Palmeira Rua 5 de Outubro Bairro do Pinheiro Grande,2955 - 042,Pinhal Novo,212 389 410,geral@colegioapalmeira.pt?Subject=%A9%20Primeira%20Imagem,http://www.colegioapalmeira.pt,https://www.primeiraimagem.com/colegio-a-palmeira.php
A Chupeta - Creche e Infantário,Cascais,cascais,"Avenida Costa Pinto, nº 440",2750 - 329,Cascais,214 821 521,,,https://www.primeiraimagem.com/a-chupeta-creche-e-infantario.php
ASSMR,Moreira do Rei,fafe,"Associação de Solidariedade Social de Moreira do Rei Av. Visconde Moreira do Rei, 1191 - r/c",4820 - 533,Fafe,938 055 239,,,https://www.primeiraimagem.com/associacao-de-solidariedade-social-de-moreira-do-rei.php
C. Social Paroquial de Pinhal Novo,Pinhal Novo,palmela,"Centro Social Paroquial de Pinhal Novo Largo José Maria dos Santos, 14",2955 - 119,Pinhal Novo,212 362 570,,http://www.colegioapalmeira.pt,https://www.primeiraimagem.com/centro-social-paroquial-de-pinhal-novo.php
A Girafa - Creche e Jardim de Infância,Rio Tinto,gondomar,"Av. das Forças Armadas, nº 33",4435 - 029,Rio Tinto,229 711 473,,http://www.colegiopaulovi.com,https://www.primeiraimagem.com/a-girafa.php
A Escolinha da Tita – Infantário,S. Domingos de Rana,cascais,,,,,escolinhadatita@gmail.com?Subject=%A9%20Primeira%20Imagem,,https://www.primeiraimagem.com/a-escolinha-da-tita.php
C. Social da Quinta da Boa Vista,Belas,sintra,"Centro Social da Quinta da Boa Vista Rua da Escola, 86 Meleças",2605 - 121,Belas,219 164 809,,http://www.infantario-popular-sintra.com,https://www.primeiraimagem.com/centro-social-da-quinta-da-boa-vista.php
C. Soc. Paroquial Santa Marta,Casal de Cambra,sintra,"Centro Social Paroquial Santa Marta Largo Igreja, 9",2605 - 786,Casal de Cambra,219 814 976,,http://www.infantario-popular-sintra.com,https://www.primeiraimagem.com/centro-social-paroquial-santa-marta.php
Alegria de Aprender - Infantário,Rio Tinto,gondomar,Av. da Conduta nº 203,4435 - 485,Rio tinto,224 881 466,,http://www.colegiopaulovi.com,https://www.primeiraimagem.com/infantario-alegria-de-aprender.php
Cantinho dos Sonhos - Infantário,Pinhal Novo,palmela,Rua 1º de Maio Quinta Custódio Azenha Lagoa da Palha,2955 - 009,Pinhal Novo,216 052 086,,http://www.colegioapalmeira.pt,https://www.primeiraimagem.com/cantinho-dos-sonhos-infantario.php
C. F.  Juventude de Arões,Arões,fafe,Centro para Formação da Juventude de Arões Rua do Assento,4820 - 000,S. Romão de Arões,253 590 523,,,https://www.primeiraimagem.com/centro-para-formacao-da-juventude-de-aroes.php
A Nova Toca - Externato,S. Domingos de Rana,cascais,"Externato A Nova Toca‎ Rua Dia Mundial Criança, nº 146",2785 - 001,S. Domingos de Rana,214 523 125,,,https://www.primeiraimagem.com/externato-a-nova-toca.php
Centro Infantil de Golães,Golães,fafe,"Rua do Assento, 90",4820 - 460,Golães,253 494 390,,,https://www.primeiraimagem.com/centro-infantil-de-golaes.php
C.A.C. Major Valentim Loureiro - A.S.R.C.B.F. Vai Avante,S. Pedro da Cova,gondomar,Urb. Bairro Mineiro,4510 - 336,S. Pedro da Cova,962 014 002,,http://www.colegiopaulovi.com,https://www.primeiraimagem.com/c-a-c-major-valentim-loureiro.php
Casa do Povo de Palmela,Poceirão,palmela,"Rua Henrique Franco da Silva, CCI -10915 Lagameças",2965 - 261,Poceirão,265 998 177,,http://www.colegioapalmeira.pt,https://www.primeiraimagem.com/casa-do-povo-de-palmela.php
C. Social e Paroquial do Cacém,Cacém,sintra,"Centro Social e Paroquial do Cacém Rua da Paz, 5",2735 - 480,Cacém,219 134 143,,http://www.infantario-popular-sintra.com,https://www.primeiraimagem.com/centro-social-e-paroquial-do-cacem.php
Centro Social de Medelo,Medelo,fafe,Av. João Paulo II,4820 - 500,Medelo,253 503 326,,,https://www.primeiraimagem.com/centro-social-de-medelo.php
ABLA - Carcavelos,Carcavelos,cascais,"Associação de Beneficência Luso-Alemã Praceta Infante Dom Henrique, nº 80 Quinta do Junqueiro",2775 - 584,Carcavelos,214 549 000,,,https://www.primeiraimagem.com/associacao-de-beneficencia-luso-alema.php
Carinhos Escritos - Infantário,Rio Tinto,gondomar,"Rua da Ferraria, nº 73",4435 - 250,Rio Tinto,224 044 893,,http://www.colegiopaulovi.com,https://www.primeiraimagem.com/infantario-carinhos-escritos.php
Centro de Apoio à Família - SCMVCG,Jovim,gondomar,"Santa Casa da Misericórdia de Vera Cruz de Gondomar Rua Dr. Lucindo Martins Oliveira, nº 397",4510 - 047,Jovim,224 507 540,,http://www.colegiopaulovi.com,https://www.primeiraimagem.com/centro-de-apoio-a-familia-santa-casa-da-misericordia-de-vera-cruz-de-gondomar.php
C. Social Paroquial de Agualva,Agualva,sintra,"Centro Social Paroquial de Agualva Travessa da Capela, 1",2735 - 087,Agualva,219 146 100,,http://www.infantario-popular-sintra.com,https://www.primeiraimagem.com/centro-social-paroquial-de-agualva.php
ABLA - Parede,Parede,cascais,"Associação de Beneficência Luso-Alemã Rua Cândido dos Reis, nº 206 B",2775 - 178,Parede,210 533 895,,,https://www.primeiraimagem.com/associacao-de-beneficencia-luso-alema_parede.php
Centro Social da Quinta do Anjo,Quinta do Anjo,palmela,"Rua Venâncio da Costa Lima, 138",2950 - 701,Quinta do Anjo,212 880 548,,http://www.colegioapalmeira.pt,https://www.primeiraimagem.com/centro-social-da-quinta-do-anjo.php
Crescer no Campo - Colégio,Pinhal Novo,palmela,Colégio Crescer no Campo Rua do Caramelo Valdera,2955 - 293,Pinhal Novo,212 380 742,,http://www.colegioapalmeira.pt,https://www.primeiraimagem.com/colegio-crescer-no-campo.php
Centro Social de Silvares,Silvares,fafe,"Centro Social da Paróquia de Silvares Rua do Assento, 132 Silvares S. Martinho",4820 - 701,Fafe,253 494 652,,,https://www.primeiraimagem.com/centro-social-da-paroquia-de-silvares.php
C. Social Paroquial de Colares,Colares,sintra,"Centro Social Paroquial de Colares Travessa da Calçadinha, 6",2705 - 190,Colares,219 289 010,,http://www.infantario-popular-sintra.com,https://www.primeiraimagem.com/centro-social-paroquial-de-colares.php
Assoc. Antigos Alunos Salesianos Estoril,Estoril,cascais,"Associação Antigos Alunos Salesianos do Estoril Rua D. Bosco, nº 1381 Amoreira",2765 - 131,Estoril,214 662 270,,,https://www.primeiraimagem.com/associacao-antigos-alunos-salesianos-do-estoril.php
Centro Comunitário de S. Cosme - SCMVCG,S. Cosme,gondomar,"Santa Casa da Misericórdia de Vera Cruz de Gondomar Estrada D. Miguel, nº 455",4420 - 116,Gondomar,224 662 590,,http://www.colegiopaulovi.com,https://www.primeiraimagem.com/centro-comunitario-de-s-cosme.php
"CoopFafe, CRL",Fafe,fafe,"Cooperativa de Solidariedade Social de Fafe, CRL Rua da Cumieira, 488",4824 - 909,Fafe,253 094 950,,,https://www.primeiraimagem.com/cooperativa-de-solidariedade-social-de-fafe-crl.php
C. Social Paroquial de Colares - Almoçageme,Colares,sintra,Centro Social Paroquial de Colares Equipamento de Almoçageme Rua Comendador José Gomes Silva,2705 - 141,Colares,219 293 070,,http://www.infantario-popular-sintra.com,https://www.primeiraimagem.com/centro-social-paroquial-de-colares_equipamentoalmocageme.php
Fundação COI - Creche Vila Bela,Pinhal Novo,palmela,"Rua Manuel Veríssimo Silva, Lt 5/95",2955 - 050,Pinhal Novo,212 362 302,,http://www.colegioapalmeira.pt,https://www.primeiraimagem.com/fundacao-coi-creche-vila-bela.php
Jardim Infância de Antime,Antime,fafe,Jardim de Infância de Antime Bairro de Antime Antime,4820 - 005,Fafe,253 599 034,,,https://www.primeiraimagem.com/jardim-de-infancia-de-antime.php
Brinca e Educa – Colégio,S. Domingos de Rana,cascais,"Rua João de Barros, nº 13 Bairro Cabeço de Mouro",2785 - 103,S. Domingos de Rana,214 451 649,,,https://www.primeiraimagem.com/brinca-e-educa.php
Centro Social de Fânzeres - SCMVCG,Fânzeres,gondomar,"Santa Casa da Misericórdia de Vera Cruz de Gondomar Rua Ator Carlos Daniel, nº 183",4510 - 690,Fânzeres,224 854 880,,http://www.colegiopaulovi.com,https://www.primeiraimagem.com/centro-social-de-fanzeres.php
Fundação COI - Pinhal Novo,Pinhal Novo,palmela,Av. Zeca Afonso,2955-220,Pinhal Novo,212 362 302,,http://www.colegioapalmeira.pt,https://www.primeiraimagem.com/fundacao-coi-pinhal-novo.php
C. Comunitário Paróquia Carcavelos,Carcavelos,cascais,"Centro Comunitário da Paróquia de Carcavelos Avenida do Loureiro, nº 394",2775 - 599,Carcavelos,214 578 952,,,https://www.primeiraimagem.com/centro-comunitario-da-paroquia-de-carcavelos.php
S. C. M. Fafe Inf.1,Fafe,fafe,"Santa Casa da Misericórdia de Fafe Infantário 1 Rua João XXIII, 29",4820 - 268,Fafe,253 599 876,,,https://www.primeiraimagem.com/santa-casa-da-misericordia-de-fafe.php
Calimero - Externato,Algueirão Mem-Martins,sintra,"Logotipo Externato Calimero Rua Caminho do Rio, nº 20",2725 - 432,Mem Martins,219 218 536,geral@externatocalimero.pt?Subject=%A9%20Primeira%20Imagem,http://www.externatocalimero.pt,https://www.primeiraimagem.com/externato-calimero.php
C. Paroq. do Estoril - Centro de Santo António,Estoril,cascais,"Centro Paroquial do Estoril R. D. Afonso Henriques, nº 1760",2765 - 185,Estoril,214 686 797,,,https://www.primeiraimagem.com/centro-de-santo-antonio.php
Ninho do Sol e Nova Árvore,Pinhal Novo,palmela,"R. Luís de Camões, 20 e 24",2955 - 205,Pinhal Novo,212 387 170,,http://www.colegioapalmeira.pt,https://www.primeiraimagem.com/ninho-do-sol-e-nova-arvore.php
Centro Social de Soutelo,Rio Tinto,gondomar,"Rua de Macau, nº 100",4435 - 313,Rio Tinto,224 809 183,,http://www.colegiopaulovi.com,https://www.primeiraimagem.com/centro-social-de-soutelo.php
Carlucci American International School of Lisbon,S. Pedro de Penaferrim,sintra,"Logotipo CAISL Rua António dos Reis, nº 95",2710 - 301,Sintra,219 239 800,info@caislisbon.org?Subject=%A9%20Primeira%20Imagem,,https://www.primeiraimagem.com/caisl.php
S. C. M. Fafe Inf.2,Fafe,fafe,"Santa Casa da Misericórdia de Fafe Infantário 2 Rua de Montenegro, 71",4820 - 280,Fafe,253 494 295,,,https://www.primeiraimagem.com/santa-casa-da-misericordia-de-fafe-2.php
Centro Social e Cultural da Paróquia de Valbom,Valbom,gondomar,"Rua Dr. Joaquim Manuel da Costa, nº 925",4420 - 435,Valbom,224 838 444,,http://www.colegiopaulovi.com,https://www.primeiraimagem.com/centro-social-e-cultural-da-paroquia-de-valbom.php
O Mundo da Criança - Colégio,Pinhal Novo,palmela,"Colégio O Mundo da Criança Rua Lagoa da Palha Velha, Lt. 2/9",2955 - 015,Pinhal Novo,212 382 879,,http://www.colegioapalmeira.pt,https://www.primeiraimagem.com/colegio-o-mundo-da-crianca.php
Castelo Mágico - Creche e J. Infância,Sintra,sintra,"Castelo Mágico - Creche e Jardim de Infância Azinhaga do Lavradio, 21 Cabriz",2710 - 658,Sintra,219 246 003,,http://www.infantario-popular-sintra.com,https://www.primeiraimagem.com/castelo-magico-creche-e-jardim-de-infancia.php
S. G. C. R. Martim de Freitas,Freitas,fafe,"Solidariedade – Grupo Cultural Recreativo Martim de Freitas R. Martins de Freitas, 339",4820 - 440,Fafe,253 506 474,,,https://www.primeiraimagem.com/solidariedade-grupo-cultural-recreativo-martim-de-freitas.php
C. Paroq. do Estoril - Colégio Srª da Boa Nova,Estoril,cascais,"Colégio Senhora da Boa Nova Centro Paroquial do Estoril Rua do Campo Santo, nº 441",2765 - 307,Estoril,214 678 610,,,https://www.primeiraimagem.com/colegio-senhora-da-boa-nova.php
Centro Social Paroquial de Santo António Corim,Rio Tinto,gondomar,"Rua Gil Vicente, nº 145",4435 - 038,Rio tinto,229 755 490,,http://www.colegiopaulovi.com,https://www.primeiraimagem.com/centro-social-paroquial-de-santo-antonio-corim.php
CBESQ - Céu Azul,Queluz,sintra,"Infantário Céu Azul Centro de Bem Estar Social de Queluz R. Padre António Vieira, 8",2745 - 073,Queluz,214 342 819,,http://www.infantario-popular-sintra.com,https://www.primeiraimagem.com/infantario-ceu-azul.php
Os Cenourinhas - USSCM,Marateca,palmela,"União Social Sol Crescente da Marateca Rua Alberto Valente, 9",2965 - 557,Águas de Moura,265 912 078,,http://www.colegioapalmeira.pt,https://www.primeiraimagem.com/os-cenourinhas.php
C. S. P. S. Pedro e S. João do Estoril,S. João do Estoril,cascais,"Centro Social Paroquial S. Pedro e S. João do Estoril Praceta Padre João Cabeçadas, nº 60",2765 - 468,S. João do Estoril,214 661 819,,,https://www.primeiraimagem.com/centro-social-paroquial-s-pedro-e-s-joao-do-estoril.php
Associação Bem Me Quer,Delães,famalicao,"Avenida da Cerqueda, 191",4765 - 607,Delães,252 931 524,,,https://www.primeiraimagem.com/associacao-bem-me-quer.php
Sementes Celestes – Jardim de Infância,Pinhal Novo,palmela,"R. Manuel Maria Barbosa du Bocage, 45",2955 - 207,Pinhal Novo,966 449 684,sementescelestes@gmail.com?Subject=%A9%20Primeira%20Imagem,http://www.colegioapalmeira.pt,https://www.primeiraimagem.com/sementes-celestes-jardim-de-infancia.php
Centro Social Paroquial S. João Foz do Sousa,Foz do Sousa,gondomar,"Rua da Escola, nº 36 Foz do Sousa",4515 - 092,Gondomar,224 503 716,,http://www.colegiopaulovi.com,https://www.primeiraimagem.com/centro-social-paroquial-s-joao-foz-do-sousa.php
C. S. Paróquia Nª Sª da Conceição,S. Domingos de Rana,cascais,Centro Social da Paróquia de Nª Sª da Conceição Estrada de Talaíde Largo da Igreja,2785 - 734,S. Domingos de Rana,214 210 527,,,https://www.primeiraimagem.com/centro-social-da-paroquia-de-n-s-da-conceicao.php
Crescer a Brincar - Polo II,Fânzeres,gondomar,"Avenida da Carvalha, 627",4510 - 501,Fânzeres,915 394 909,,http://www.colegiopaulovi.com,https://www.primeiraimagem.com/crescer-a-brincar-polo-ii.php
Associação Engenho - Sta. Eulália,Arnoso,famalicao,"Av. Dr. Agostinho Fernandes, 120",4775 - 490,Arnoso Santa Eulália,252 916 040,,,https://www.primeiraimagem.com/associacao-engenho-sta-eulalia.php
CBESQ - Sol Dourado,Queluz,sintra,"Infantário Sol Dourado Centro de Bem Estar Social de Queluz Rua Paulo Reis Gil, 48",2745 - 195,Queluz,214 342 817,,http://www.infantario-popular-sintra.com,https://www.primeiraimagem.com/infantario-sol-dourado.php
St. Peter's International School,Palmela,palmela,Quinta dos Barreleiros CCI 3952 Volta da Pedra,2950 - 201,Palmela,212 336 990,,http://www.colegioapalmeira.pt,https://www.primeiraimagem.com/st-peters-international-school.php
Colégio Colibri,Massamá,sintra,"Rua Serrado da Bica, nº 1 Massamá",2735 - 533,Cacém,214 389 840,,http://www.infantario-popular-sintra.com,https://www.primeiraimagem.com/colegio-colibri.php
Associação Engenho - Sta. Maria,Arnoso,famalicao,"Rua Dr. Alcino Pinto, 2",4770 - 522,Arnoso Santa Maria,252 916 040,,,https://www.primeiraimagem.com/associacao-engenho-sta-maria.php
C.S.P.S. Domingos de Rana,S. Domingos de Rana,cascais,"Centro Social Paroquial de S. Domingos de Rana Rua Castelo de Guimarães, nº 1 - C",2785 - 290,S. Domingos de Rana,214 549 040,,,https://www.primeiraimagem.com/centro-social-paroquial-de-s-domingos-de-rana.php
Escolinha da Campainha,Rio Tinto,gondomar,"Cooperativa de Solidariedade Social, CRL Praceta Perlinhas, 29 a 51 r/c",4435 - 393,Rio Tinto,224 956 155,,http://www.colegiopaulovi.com,https://www.primeiraimagem.com/escolinha-da-campainha.php
ASSDZ,Dornelas de Zêzere,pampilhosa-da-serra,"Associação de Solidariedade Social de Dornelas de Zêzere Rua Professor José Dias da Silva, 2",3320 - 053,Dornelas do Zêzere,275 647 455,,,https://www.primeiraimagem.com/associacao-de-solidariedade-social-de-dornelas-de-zezere.php
Colégio Cosme e Damião,Rio de Mouro,sintra,"Rua Francisco Costa, 33",2635 - 317,Rio de Mouro,962 428 342,,http://www.infantario-popular-sintra.com,https://www.primeiraimagem.com/colegio-cosme-e-damiao.php
Associação Gerações,Antas,famalicao,"Av. Marechal Humberto Delgado, 515-499",4760 - 012,Vila Nova de Famalicão,252 374 480,,,https://www.primeiraimagem.com/associacao-geracoes.php
Externato Camões,Rio Tinto,gondomar,"Rua da Estrada Nova, nº 3",4435 - 234,Rio Tinto,224 890 917,,http://www.colegiopaulovi.com,https://www.primeiraimagem.com/externato-camoes.php
SCMPS - Casa da Criança,Pampilhosa da Serra,pampilhosa-da-serra,"Santa Casa da Misericórdia de Pampilhosa da Serra Rua Rangel de Lima, 104",3320 - 229,Pampilhosa da Serra,235 590 110,,,https://www.primeiraimagem.com/santa-casa-da-misericordia-de-pampilhosa-da-serra.php
Colégio Amor de Deus,Alcabideche,cascais,"Avenida de Sintra, nº 1451",2756 - 502,Alcabideche,214 812 220,,,https://www.primeiraimagem.com/colegio-amor-de-deus.php
Colégio Dona Maria II,Massamá,sintra,"Rua Direita de Massamá, 181",2745 - 757,Massamá,214 377 249,,http://www.infantario-popular-sintra.com,https://www.primeiraimagem.com/colegio-dona-maria-ii.php
Colégio Avião de Papel II,Carcavelos,cascais,"Rua Rio Lis, 1 Arneiro",2775 - 386,Carcavelos,967 079 542,,,https://www.primeiraimagem.com/colegio-aviao-de-papel-ii.php
Associação Moradores das Lameiras,Antas,famalicao,AML - Associação Moradores das Lameiras Rua da Associação de Moradores das Lameiras,4760 - 026,Vila Nova de Famalicão,252 501 700,,,https://www.primeiraimagem.com/aml-associacao-moradores-das-lameiras.php
Morangos - Gondomar,Fânzeres,gondomar,"Logotipo Creche Av. Dr. Mário Soares, 3706 e 3708",4510 - 534,Fânzeres,224 800 303,gondomar@morangos.com?Subject=%A9%20Primeira%20Imagem,http://www.morangos.com/,https://www.primeiraimagem.com/morangos-gondomar.php
Colónia Infantil Educação Popular,S. João do Estoril,cascais,,,,,,,https://www.primeiraimagem.com/colonia-infantil-educacao-popular.php
Colégio Lusitano,Algueirão,sintra,"Avenida Marginal, nº 42 e 44",2725 - 087,Algueirão,219 200 301,,http://www.infantario-popular-sintra.com,https://www.primeiraimagem.com/colegio-lusitano.php
ADIL - Creche Regaço Encantado,Lordelo,paredes,"Associação para o Desenvolvimento Integral de Lordelo Rua Albano Jesus Amaral, nº 1",4580 - 797,Lordelo,224 449 233,,,https://www.primeiraimagem.com/creche-regaco-encantado.php
ATA - Creche e Jardim de Infância,Mogege,famalicao,"ATA - Associação de Trabalhadores da Aco Av. Padre António Ferreira, 599",4770 - 350,Mogege VNF,252 990 410,,,https://www.primeiraimagem.com/ata-associacao-de-trabalhadores-da-aco.php
Colégio D. Luísa Sigea,Estoril,cascais,"Av. Bombeiros Voluntários, nº 195",2765 - 202,Estoril,214 647 480,,,https://www.primeiraimagem.com/colegio-d-luisa-sigea.php
Mundo do Colibri - Colégio,Rio Tinto,gondomar,"Colégio Mundo do Colibri Rua Serafim Pereira Coutinho, nº 46",4435 - 359,Rio Tinto,224 801 513,,http://www.colegiopaulovi.com,https://www.primeiraimagem.com/colegio-mundo-do-colibri.php
Colinho das Tias - Creche e Jardim de Infância,Agualva,sintra,,,,,,,https://www.primeiraimagem.com/colinho-das-tias.php
Associação Desenvolvimento Integral de Sobreira,Sobreira,paredes,"Creche da Associação para o Desenvolvimento Integral de Sobreira Avenida S.Pedro, nº 639",4585 - 404,Sobreira,910 767 189,,,https://www.primeiraimagem.com/creche-da-associacao-para-o-desenvolvimento-integral-de-sobreira.php
Colégio São José - Ramalhão,S. Pedro de Penaferrim,sintra,"Rua Elias Garcia, nº 2 São Pedro de Penaferrim",2710 - 703,Sintra,219 107 554,,http://www.infantario-popular-sintra.com,https://www.primeiraimagem.com/colegio-sao-jose--ramalhao.php
C. S. P. S. Pedro de Castelões,Castelões,famalicao,"Centro Social Paroquial S. Pedro de Castelões Rua José Correia Machado, 115",4770 - 865,Castelões VNF,252 921 732,,,https://www.primeiraimagem.com/centro-social-paroquial-s-pedro-de-casteloes.php
O Chorão - Creche e Jardim de Infância,Rio Tinto,gondomar,"Rua da Venda Nova, nº 81",4435 - 469,Rio Tinto,224 801 550,,http://www.colegiopaulovi.com,https://www.primeiraimagem.com/o-chorao.php
Colégio Salesianos do Estoril,Estoril,cascais,"Avenida Marginal, s/n",2765 - 245,Estoril,214 678 970,,,https://www.primeiraimagem.com/colegio-salesianos-do-estoril.php
Colégio Vasco da Gama,Belas,sintra,"Av. Dr. João António Nabais, nº 71-73 Meleças",2605 - 045,Belas,219 198 300,,http://www.infantario-popular-sintra.com,https://www.primeiraimagem.com/colegio-vasco-da-gama.php
Associação para o Desenvolvimento de Rebordosa,Rebordosa,paredes,"Av. Eng. Adelino A. da Costa, nº 465",4585 - 340,Rebordosa,224 444 924,,,https://www.primeiraimagem.com/associacao-para-o-desenvolvimento-de-rebordosa.php
C. S. P. S. Pedro de Castelões - Pedome,Pedome,famalicao,"Centro Social Paroquial S. Pedro de Castelões Polo de Pedome Rua do Outeiro, 49",4765 - 150,Pedome VNF,252 921 374,,,https://www.primeiraimagem.com/centro-social-paroquial-s-pedro-de-casteloes-pedome.php
O Comboio Trolaró,Rio Tinto,gondomar,"Logotipo Creche e Apoio à Infância Rua Almada Negreiros, nº 16",4435 - 090,Rio Tinto,224 860 537,ocomboiotrolaro@gmail.com?Subject=%A9%20Primeira%20Imagem,,https://www.primeiraimagem.com/o-comboio-trolaro.php
Casa do Povo de Valongo do Vouga,Valongo do Vouga,agueda,"Rua da Casa do Povo, 2",3750 - 810,Valongo do Vouga,234 630 500,,https://www.colegiosantaeulalia.pt/,https://www.primeiraimagem.com/casa-do-povo-de-valongo-do-vouga.php
Creche do CRID,Cascais,cascais,"Centro de Reabilitação e Integração de Deficientes Praceta Dr. Luís Filipe Quintela, 30 Fontaínhas",2750 - 630,Cascais,214 866 706,,,https://www.primeiraimagem.com/creche-do-crid.php
Associação Social e Cultural de Louredo,Louredo,paredes,"Avenida Padre Amadeu, 78",4580 - 581,Louredo PRD,926 379 152,,,https://www.primeiraimagem.com/associacao-social-e-cultural-de-louredo.php
Conservatório de Música de Sintra,Rio de Mouro,sintra,"Pré-escolar e 1º CEB Rua Natália Correia, nº 7 Vale Mourão",2635 - 475,Rio de Mouro,219 162 628,geral@conservatoriodemusicadesintra.org?Subject=%A9%20Primeira%20Imagem,http://www.infantario-popular-sintra.com,https://www.primeiraimagem.com/conservatorio-de.musica-de-sintra.php
O Soutinho - Creche e Jardim de Infância,S. Cosme,gondomar,"Praça da República, nº 86",4420 - 294,Gondomar,223 242 499,,http://www.colegiopaulovi.com,https://www.primeiraimagem.com/o-soutinho.php
Centro Social de Cête,Cête,paredes,"Creche do Centro Social de Cête Rua do Cardal, nº 42",4580 - 317,Cête,255 755 099,,,https://www.primeiraimagem.com/creche-do-centro-social-de-cete.php
C. Soc. Cultural S. Pedro de Bairro,Bairro,famalicao,"Centro Social e Cultural de S. Pedro de Bairro Rua da Infância, 199",4765 - 016,Bairro,252 900 730,,,https://www.primeiraimagem.com/centro-social-e-cultural-de-s-pedro-de-bairro.php
O Mágico – CASCR,Águeda,agueda,"Centro de Apoio Social, Cultural e Recreativo Rua Curtinhal, 325",3750 - 309,Giesteira,234 625 627,,https://www.colegiosantaeulalia.pt/,https://www.primeiraimagem.com/o-magico.php
Éramos Um – Cooperativa de Ensino,Parede,cascais,"Praceta Vasco Morgado, nº 67 Urbanização Doroana",2775 - 145,Parede,214 530 512,,,https://www.primeiraimagem.com/eramos-um-cooperativa-de-ensino.php
Centro Social Paroquial de Recarei,Recarei,paredes,"Creche do Centro Social Paroquial de Recarei Rua das Boucetas, nº 10",4585 - 905,Recarei,224 337 470,,,https://www.primeiraimagem.com/creche-do-centro-social-paroquial-de-recarei.php
O Teu Filho - Infantário,Rio Tinto,gondomar,"Rua da Boavista, nº 486",4435 - 123,Rio-Tinto,224 895 848,,http://www.colegiopaulovi.com,https://www.primeiraimagem.com/infantario-o-teu-filho.php
C. Social da Paróquia de Joane,Joane,famalicao,"Centro Social da Paróquia de Joane Avenida Cristo Rei, 78",4770 - 203,Joane,252 991 477,,,https://www.primeiraimagem.com/centro-social-da-paroquia-de-joane.php
Cooperativa Miminhos Alegres,Mem Martins,sintra,"Rua Almada Negreiros, 22",2725 - 540,Mem Martins,218 234 090,,http://www.infantario-popular-sintra.com,https://www.primeiraimagem.com/cooperativa-miminhos-alegres.php
Escola de São Vicente Alcabideche,Alcabideche,cascais,"Centro Social e Paroquial de Alcabideche Rua Rio Grades, nº 190/190 A",2645 - 559,Alcabideche,210 996 750,,,https://www.primeiraimagem.com/escola-de-sao-vicente-alcabideche.php
C. Social da Paróquia de Landim,Landim,famalicao,"Centro Social da Paróquia de Landim Alameda do Mosteiro, 100",4770 - 315,Landim,252 327 575,,,https://www.primeiraimagem.com/centro-social-da-paroquia-de-landim.php
Pinga Amor - Creche e Jardim de Infância,Fânzeres,gondomar,"Logotipo Rua do Valado, nrº 183",4510 - 680,Fânzeres,224 836 080,infantario@pingaamor.pt?Subject=%A9%20Primeira%20Imagem,http://www.pingaamor.pt,https://www.primeiraimagem.com/pinga-amor.php
C. Social da Paróquia de Ruivães,Ruivães,famalicao,"Jardim Infantil Centro Social da Paróquia de Ruivães Largo da Igreja, 51",4770 - 491,Ruivães VNF,252 922 930,,,https://www.primeiraimagem.com/jardim-infantil-centro-social-da-paroquia-de-ruivaes.php
Escola de São Vicente Alvide,Alcabideche,cascais,Centro Social e Paroquial de Alcabideche Rua Furriel João Vieira,2755 - 325,Alcabideche,214 863 741,,,https://www.primeiraimagem.com/escola-de-sao-vicente-alvide.php
Cor e Magia,Agualva,sintra,"Rua Capitão Henrique Galvão, 9",2735 - 366,Agualva,214 310 356,,http://www.infantario-popular-sintra.com,https://www.primeiraimagem.com/cor-e-magia.php
CMP - Creche da Expansão,Paredes,paredes,Câmara Municipal de Paredes Avenida Padre Moreira das Neves,4580 - 162,Paredes,255 788 895,,,https://www.primeiraimagem.com/creche-da-expansao.php
Creche Popular da Idanha,Belas,sintra,"Rua da Suécia, s/n Xetaria",2605 - 231,Belas,214 337 170,,http://www.infantario-popular-sintra.com,https://www.primeiraimagem.com/creche-popular-da-idanha.php
OASFS - Creche de Barreiras,Duas Igrejas,paredes,"Obra de Assistência Social da Freguesia de Sobrosa Travessa dos Vicentes, 75",4580 - 261,Paredes,910 708 772,,,https://www.primeiraimagem.com/creche-de-barreiras.php
Escola de São Vicente Janes,Alcabideche,cascais,"Centro Social e Paroquial de Alcabideche Rua das Tomadas, nº 58",2755 - 119,Alcabideche,214 870 512,,,https://www.primeiraimagem.com/escola-de-sao-vicente-janes.php
"Rá-Mi–Olé, Melmaf - Infantários",Rio Tinto,gondomar,"Logotipo Rá-Mi–Olé Melmaf - Infantários Rua Arnaldo Gama, nº 222",4435 - 113,Rio Tinto,224 807 299,ramiole@ramiole.com?Subject=%A9%20Primeira%20Imagem,http://www.ramiole.com,https://www.primeiraimagem.com/ra-mi-ole.php
C. Social de Educação - Sol Nascente,Ribeirão,famalicao,"Centro Social de Educação - Sol Nascente Rua São João de Deus, 201 Candeeira",4760 - 708,Ribeirão,252 493 479,,,https://www.primeiraimagem.com/centro-social-de-educacao-sol-nascente.php
Obra Assistência Social da Freguesia de Sobrosa,Sobrosa,paredes,"Creche da Obra de Assistência Social da Freguesia de Sobrosa Rua Padre António Moreira de Meireles, nº 216",4580 - 622,Sobrosa,255 963 473,,,https://www.primeiraimagem.com/creche-da-obra-de-assistencia-social-da-freguesia-de-sobrosa.php
Saber Crescer - Creche e Jardim de Infância,S. Cosme,gondomar,"Rua Bento De Jesus Caraça, nº 22/26",4420 - 044,S. Cosme,224 648 384,,http://www.colegiopaulovi.com,https://www.primeiraimagem.com/saber-crescer.php
Doce Alcofinha - Creche,Massamá,sintra,"Pct. João de Deus, Lt. 211 r/c Esq.",2745 - 789,Massamá,214 304 181,,http://www.infantario-popular-sintra.com,https://www.primeiraimagem.com/doce-alcofinha-creche.php
Escola Montessori de Lisboa,Cascais,cascais,"Rua de Santana, nº 1696 Alto do Cobre",2750 - 833,Cascais,215 978 124,,,https://www.primeiraimagem.com/escola-montessori-de-lisboa.php
Moinho de Sonho - Colégio,Moinhos da Funcheira,amadora,"Colégio Moinho de Sonho Rua João de Deus, nº 48 Moinhos da Funcheira",2650 - 226,Amadora,214 988 340,info@moinhodesonho.pt?Subject=%A9%20Primeira%20Imagem,http://www.misericordia-amadora.pt,https://www.primeiraimagem.com/colegio-moinho-de-sonho.php
C. Paroq. Social Sto. André,Macinhata da Seixa,oliveira-de-azemeis,"Centro Paroquial e Social Santo André de Macinhata da Seixa Rua do Centro Social, 90",3720 - 087,Macinhata da Seixa,256 686 049,,https://www.colegiosantaeulalia.pt/,https://www.primeiraimagem.com/centro-paroquial-e-social-santo-andre-de-macinhata-da-seixa.php
Grémio Instrução Liberal,Campo de Ourique,lisboa,"Grémio Instrução Liberal Campo de Ourique Largo Doutor António Viana, nº 4",1250 - 096,Lisboa,213 959 010,,http://www.escolaraiz.pt,https://www.primeiraimagem.com/gremio-instrucao-liberal-campo-de-ourique.php
Santa Casa da Misericórdia de Azurara,Vila do Conde,vila-do-conde,"Travessa Gaspar Manuel, nº 56",4481 - 911,Vila do Conde,252 631 890,,https://www.colegiojardimdascores.com/,https://www.primeiraimagem.com/santa-casa-da-misericordia-de-azurara.php
Obra D. Josefina da Fonseca,Oliveira do Hospital,oliveira-do-hospital,"Rua Dr. Lourenço Justiniano, 12",3440 - 113,Oliveira do Hospital,238 604 487,,,https://www.primeiraimagem.com/obra-d-josefina-da-fonseca.php
O Bercinho - Creche,São Brás,amadora,"Rua Comandante Ramiro Correia, nº 11 r/c Esq.",2700 - 205,Amadora,916 073 717,infofinorio@gmail.com?Subject=%A9%20Primeira%20Imagem,http://www.misericordia-amadora.pt,https://www.primeiraimagem.com/creche-o-bercinho.php
Escola de Pedro Nunes,Campo de Ourique,lisboa,"R. Saraiva de Carvalho, nº 216 - 1º",1250 - 245,Lisboa,213 961 943,,http://www.escolaraiz.pt,https://www.primeiraimagem.com/escola-de-pedro-nunes.php
Casa do Povo de Abraveses,Abraveses,viseu,Rua de Trás,3515 - 141,Viseu,232 451 223,,,https://www.primeiraimagem.com/casa-do-povo-de-abraveses.php
Jardim Infantil Panioli - SDLONPC,Olivais,lisboa,"Secretariado Diocesano de Lisboa da Obra Nacional Pastoral dos Ciganos Rua Cidade Bolama, nº 5 - 2º Esq.",1800 - 076,Lisboa,218 535 048,,http://www.escolaraiz.pt,https://www.primeiraimagem.com/jardim-infantil-panioli.php
Associação Juvenil A Bogalha,São Victor,braga,"Rua Álvaro Dória, 33",4710 - 350,Braga,253 240 530,,,https://www.primeiraimagem.com/associacaoo-juvenil-a-bogalha.php
CEDI - Porta Mágica,Quelfes,olhao,"Centro de Educação e Desenvolvimento Infantil ""Porta Mágica"" ACASO - Associação Cultural e de Apoio Social de Olhão Urbanização Zona Alta, Lote 15",8700 - 254,Olhão,289 710 320,,,https://www.primeiraimagem.com/centro-de-educacao-e-desenvolvimento-infantil-porta-magica.php
Santa Casa da Misericórdia de Tábua,Tábua,tabua,Creche e Jardim de Infância Rua Dr. Francisco Beirão,3420 - 325,Tábua,235 410 263,,,https://www.primeiraimagem.com/santa-casa-da-misericordia-de-tabua-creche-e-jardim-de-infancia.php
Parque dos Infantes - Creche e J. Infância,Palhais,barreiro,"Parque dos Infantes - Creche e Jardim de Infância Rua Mar da Palha, 2",2830 - 502,Palhais,212 149 487,,,https://www.primeiraimagem.com/parque-dos-infantes-creche-e-jardim-de-infancia.php
CLIP - Oporto International School,Aldoar,porto,"Logotipo Rua de Vila Nova, nº 1071",4100 - 506,Porto,226 199 160,info@clip.pt?Subject=%A9%20Primeira%20Imagem,http://www.clip.pt,https://www.primeiraimagem.com/clip.php
Creche Luís Madureira - SCMA,Alfragide,amadora,Logotipo Santa Casa da Misericórdia Amadora Rua da Murgueira Alfragide,2610 - 143,Amadora,219 369 802,elm@misericordia-amadora.pt?Subject=%A9%20Primeira%20Imagem,http://www.misericordia-amadora.pt,https://www.primeiraimagem.com/creche-luis-madureira-scma.php
The Great Kids,Massamá,sintra,"Rua das Indústrias, 10",2745 - 838,Massamá,214 373 659,,http://www.infantario-popular-sintra.com,https://www.primeiraimagem.com/the-great-kids.php
As Luzinhas - Jardim de Infância,Quelfes,olhao,"Jardim de Infância As Luzinhas Obra de Nossa Senhora das Candeias Caminho João da Terça, 26",8700 - 210,Olhão,289 722 296,,,https://www.primeiraimagem.com/jardim-de-infancia-as-luzinhas.php
Gente Pequena - Creche,Lumiar,lisboa,"Rua Manuel Marques, 8C, D, E, F",1750 - 171,Lisboa,217 587 309,,http://www.escolaraiz.pt,https://www.primeiraimagem.com/gente-pequena-creche.php
Associação de S. José,Sé,braga,"Rua Tenente Coronel Dias Pereira, 31",4700 - 445,Braga,253 611 613,,,https://www.primeiraimagem.com/associacao-de-s-jose.php
Sonhos e Fantasias,Belas,sintra,"Rua dos Bombeiros Voluntários, 2",2605 - 019,Belas,214 313 084,,http://www.infantario-popular-sintra.com,https://www.primeiraimagem.com/sonhos-e-fantasias.php
Arca de Noé - Creche,Quelfes,olhao,"Creche Arca de Noé Associação Tempus Rua Florbela Espanca, 336 C, Sítio da Igreja",8700 - 206,Olhão,289 117 611,,,https://www.primeiraimagem.com/creche-arca-de-noe.php
Creche e Jardim de Infância de Alfragide,Alfragide,amadora,"Junta Freguesia de Alfragide Avenida das Laranjeiras, 24",2610 - 098,Amadora,214 714 924,,http://www.misericordia-amadora.pt,https://www.primeiraimagem.com/creche-e-jardim-de-infancia-de-alfragide.php
Geração Chupeta - Creche,Restelo,lisboa,"Creche Geração Chupeta Rua Gregório Lopes, nº 12",1400 - 195,Lisboa,213 019 999,,http://www.escolaraiz.pt,https://www.primeiraimagem.com/creche-geracao-chupeta.php
Colégio Jardim D`Alfragide,Alfragide,amadora,"Largo do Traquinas, 4",2610 - 177,Alfragide,214 714 867,,http://www.misericordia-amadora.pt,https://www.primeiraimagem.com/colegio-jardim-d-alfragide.php
C. Comunitário S. Martinho de Dume,Dume,braga,"Centro Comunitário S. Martinho de Dume Travessa de Sobremoure, 2 Dume",4700 - 067,Braga,253 624 914,,,https://www.primeiraimagem.com/centro-comunitario-s-martinho-de-dume.php
Assoc. Pais e Amigos Freguesia de Cunha,Cunha,braga,"Associação de Pais e Amigos da Freguesia de Cunha Rua de Beirão, nº 3 Cunha",4705 - 472,Braga,253 950 120,,,https://www.primeiraimagem.com/associacao-de-pais-e-amigos-da-freguesia-de-cunha.php
C. Social Paroquial de Campo,Campo,viseu,"Rua José Augusto Seixas, 3",3515 - 360,Viseu,232 452 370,,,https://www.primeiraimagem.com/c-social-paroquial-de-campo.php
C. Social da Paróquia de Mundão,Mundão,viseu,Centro Social da Paróquia de Mundão Rua Pe. Fernando Marques -  Lote 34,3505 - 611,Viseu,232 922 138,,,https://www.primeiraimagem.com/centro-social-da-paroquia-de-mundao.php
Fundação D. Pedro IV - Santana,Arroios,lisboa,"Casa de Infância de Santana Travessa do Torel, nº 1",1150 - 347,Lisboa,218 802 038,,http://www.escolaraiz.pt,https://www.primeiraimagem.com/casa-de-infancia-de-santana.php
The Sailors - Colégio Flor da Linha,Paço de Arcos,oeiras,"Logotipo Rua José Moreira Rato, nº 3",2770 - 106,Paço de Arcos,214 540 430,colegioflordalinha@thesailors.pt?Subject=%A9%20Primeira%20Imagem,https://thesailors.pt/,https://www.primeiraimagem.com/the-sailors-colegio-flor-da-linha.php
Assoc. Cult. e Recreativa de Cabreiros,Cabreiros,braga,"Associação Cultural e Recreativa de Cabreiros Rua Padre Moreira, 13 Cabreiros",4705 - 385,Braga,253 913 588,,,https://www.primeiraimagem.com/associacao-cultural-e-recreativa-de-cabreiros.php
Colégio D. Filipa,Águas Livres,amadora,"Av. dos Hospitais Civis de Lisboa, nº 20",2720 - 274,Amadora,214 968 150,,http://www.misericordia-amadora.pt,https://www.primeiraimagem.com/colegio-d-filipa.php
ASSFA,Abraveses,viseu,"Associação Solidariedade Social Freguesia de Abraveses Rua Abílio Jerónimo, 65",3515 - 094,Viseu,232 451 340,,,https://www.primeiraimagem.com/associacao-solidariedade-social-freguesia-de-abraveses.php
Segunda Casa - COOTL,Linda-a-Velha,oeiras,"Largo da Lagoa, Nº 14 B",2795 - 116,Linda-a-Velha,214 144 089,,http://www.parkids.pt,https://www.primeiraimagem.com/segunda-casa-cootl.php
Fundação D. Pedro IV - Santa Quitéria,Campo de Ourique,lisboa,"Casa de Infância de Santa Quitéria Rua de Santa Isabel, nº 87",1250 - 208,Lisboa,213 966 547,,http://www.escolaraiz.pt,https://www.primeiraimagem.com/casa-de-infancia-de-santa-quiteria.php
Sementinha Mágica - Creche e Jardim Infantil,Cacém,sintra,"Rua D. Pedro I, nº12",2735 - 311,Cacém,219 141 500,,http://www.infantario-popular-sintra.com,https://www.primeiraimagem.com/sementinha-magica.php
SCMO - Santa Ana,Paço de Arcos,oeiras,"Creche e Jardim de Infância Santa Ana Santa Casa da Misericórdia de Oeiras Rua Conde de Rio Maior, nº 28 B",2770 - 036,Paço de Arcos,214 413 646,,http://www.parkids.pt,https://www.primeiraimagem.com/creche-e-jardim-de-infancia-santa-ana.php
SCMS - J. Infância do Banzão,Colares,sintra,"Jardim de Infância do Banzão Santa Casa da Misericórdia de Sintra Rua Verde Pinho, nº 11",2705 - 176,Banzão,219 290 280,,http://www.infantario-popular-sintra.com,https://www.primeiraimagem.com/jardim-de-infancia-do-banzao.php
ASSCR Coutoense,Coutos de Viseu,viseu,"Av. Nossa Senhora de Lurdes, 45",3510 - 602,Couto de Cima,232 996 999,,,https://www.primeiraimagem.com/asscr-coutoense.php
Arca de Noé,São Victor,braga,"Centro de Solidariedade Social  de Valdozende Trav. Dr. Francisco Machado Owen, 45",4715 - 022,Braga,253 614 664,,,https://www.primeiraimagem.com/arca-de-noe.php
Aldeia da Gente Pequena - Pré-Escolar,Maximinos,braga,"Rua Santos Lima, 32 R/C",4700 - 246,Braga,253 110 647,,,https://www.primeiraimagem.com/aldeia-da-gente-pequena-pre-escolar.php
Fundação D. Pedro IV - S. Vicente,S. Vicente,lisboa,"Casa de Infância de São Vicente Rua Voz do Operário, nº 19",1100 - 620,Lisboa,218 864 023,,http://www.escolaraiz.pt,https://www.primeiraimagem.com/casa-de-infancia-de-sao-vicente.php
Ass. Solid. Social de Farminhão,Farminhão,viseu,"Associação Solidariedade Social de Farminhão Rua da Escola, 27",3510 - 643,Farminhão,232 996 525,,,https://www.primeiraimagem.com/associacao-solidariedade-social-de-farminhao.php
Centro S. Francisco de Assis - SCMA,Buraca,amadora,Logotipo Santa Casa da Misericórdia Amadora Rua 8 de Dezembro,2720 - 576,Amadora,214 904 655,csfrancisco@misericordia-amadora.pt?Subject=%A9%20Primeira%20Imagem,http://www.misericordia-amadora.pt,https://www.primeiraimagem.com/centro-s-francisco-de-assis-scma.php
Centro Santa Clara de Assis - SCMA,Buraca,amadora,"Logotipo Santa Casa da Misericórdia Amadora Rua Mães de Água, Loja 37 Bairro do Zambujal",2610 - 108,Amadora,214 710 170,csclara@misericordia-amadora.pt?Subject=%A9%20Primeira%20Imagem,http://www.misericordia-amadora.pt,https://www.primeiraimagem.com/centro-santa-clara-de-assis-scma.php
SCMS - Creche e JI da Portela,Portela de Sintra,sintra,"Creche e Jardim de Infância da Portela Santa Casa da Misericórdia de Sintra Rua Vergílio Ferreira, Nº 8",2710 - 717,Portela de Sintra,219 231 967,,http://www.infantario-popular-sintra.com,https://www.primeiraimagem.com/creche-e-jardim-de-infancia-da-portela.php
Creche e J. Infantil de Benavente,Benavente,benavente,,,,,,,https://www.primeiraimagem.com/creche-e-j-infantil-de-Benavente.php
SCMO - S. Marçal,Carnaxide,oeiras,"Creche e Jardim de Infância S. Marçal Santa Casa da Misericórdia de Oeiras Alameda João Menezes, nº6",2790 - 214,Portela de Carnaxide,214 181 417,,http://www.parkids.pt,https://www.primeiraimagem.com/creche-e-jardim-de-infancia-s-marcal.php
Fundação D. Pedro IV - Olivais,Olivais,lisboa,"Casa de Infância dos Olivais Praça Viscondessa dos Olivais, nº 42",1800 - 379,Lisboa,218 515 901,,http://www.escolaraiz.pt,https://www.primeiraimagem.com/casa-de-infancia-dos-olivais.php
ACRS Pascoal,Abraveses,viseu,Associação Cultural Recreativa e Social de Pascoal Outeiro das Canadas,3515 - 217,Pascoal - Abraveses,232 285 751,,,https://www.primeiraimagem.com/associacao-cultural-recreativa-e-social-de-pascoal.php
Aldeia da Gente Pequena - Creche,Real,braga,"Rua do Tourido, 60",4700 - 298,Braga,253 625 784,,,https://www.primeiraimagem.com/aldeia-da-gente-pequena-creche.php
Centro Infantil de S. Gerardo,Águas Livres,amadora,"Centro Social e Paroquial da Buraca Rua Santa Filomena, nº 11 Alto Cova da Moura",2610 - 210,Amadora,214 974 189,,http://www.misericordia-amadora.pt,https://www.primeiraimagem.com/centro-infantil-de-s-gerardo.php
SCMS - Creche das Maçãs,Colares,sintra,"Santa Casa da Misericórdia de Sintra Rua da Escola, Praia das Maçãs",2705 - 303,Colares,961 488 736,,http://www.infantario-popular-sintra.com,https://www.primeiraimagem.com/creche-das-macas.php
Centro Infantil de Carenque - APACFM,Mina de Água,amadora,Associação Pais e Amigos das Crianças da Freguesia da Mina Rua do Arco Carenque,2700 - 094,Amadora,214 360 155,,http://www.misericordia-amadora.pt,https://www.primeiraimagem.com/centro-infantil-de-carenque.php
Fundação D. Pedro IV - Calafates,Bairro Alto,lisboa,"Casa de Infância de Calafates Rua Diário de Notícias, nº 133",1200 - 143,Lisboa,213 422 417,,http://www.escolaraiz.pt,https://www.primeiraimagem.com/casa-de-infancia-de-calafates.php
Acredita - IPSS,Rio de Loba,viseu,Largo do Soito - Travassós de Baixo,3505 - 564,Viseu,232 184 800,,,https://www.primeiraimagem.com/acredita-ipss.php
SCMO - Rainha D. Leonor,Porto Salvo,oeiras,Creche Rainha D. Leonor Santa Casa da Misericórdia de Oeiras Av. Gaspar Corte Real Talaide,2740 - 234,Porto Salvo,214 210 009,,http://www.parkids.pt,https://www.primeiraimagem.com/creche-rainha-d-leonor.php
C. Social Paroquial do Bombarral,Bombarral,bombarral,"Centro Social e Paroquial do Bombarral Rua Infante D. Henrique, 2",2540 - 101,Bombarral,262 600 190,,,https://www.primeiraimagem.com/centro-social-e-paroquial-do-bombarral.php
Reggio Emilia – Colégio,Algueirão - Mem Martins,sintra,,,,,,http://www.infantario-popular-sintra.com,https://www.primeiraimagem.com/colegio-reggio-emilia.php
SCMO - Pingolé,Porto Salvo,oeiras,Creche e Jardim de Infância Pingolé Santa Casa da Misericórdia de Oeiras Largo José Canas Vila Fria,2740 - 076,Porto Salvo,214 214 289,,http://www.parkids.pt,https://www.primeiraimagem.com/creche-e-jardim-de-infancia-pingole.php
Escola Luís Madureira - SCMA,Buraca,amadora,Logotipo Santa Casa da Misericórdia Amadora Estrada da Portela Quinta das Torres,2610 - 143,Amadora,214 722 280,elm@misericordia-amadora.pt?Subject=%A9%20Primeira%20Imagem,http://www.misericordia-amadora.pt,https://www.primeiraimagem.com/escola-luis-madureira-scma.php
CEBESA - J. Infância Casal do Silva,Falagueira,amadora,"Rua Quinta do Assentista, nº 1",2700 - 871,Amadora,214 937 307,,http://www.misericordia-amadora.pt,https://www.primeiraimagem.com/cebesa-j-infancia-casal-do-silva.php
SCM Vinhais,Vinhais,vinhais,Santa Casa da Misericórdia de Vinhais Quinta Da Misericórdia,5320 - 305,Vinhais,273 771 414,,,https://www.primeiraimagem.com/santa-casa-da-misericordia-de-vinhais.php
Creche Quinta de São Vicente,Benavente,benavente,Urb. Quinta de São Vicente,2130 - 333,Benavente,263 518 260,,,https://www.primeiraimagem.com/creche-quinta-de-sao-vicente.php
CEBESA - Creche José Garcês,Encosta do Sol,amadora,Rua Cidade Nova York Casal da Mira,2650 - 041,Amadora,210 179 388,,http://www.misericordia-amadora.pt,https://www.primeiraimagem.com/cebesa-creche-jose-garces.php
SCMO - Palhaço,Linda-a-Velha,oeiras,Creche e Jardim de Infância Palhaço Santa Casa da Misericórdia de Oeiras Rua 1º de Maio Bairro 25 de Abril,2795 - 158,Linda-a-Velha,214 191 239,,http://www.parkids.pt,https://www.primeiraimagem.com/creche-e-jardim-de-infancia-palhaco.php
Fernão Mendes Pinto – Externato,S. Domingos de Benfica,lisboa,,,,,,http://www.escolaraiz.pt,https://www.primeiraimagem.com/externato-fernao-mendes-pinto.php
SCM Vimioso,Vimioso,vimioso,Santa Casa da Misericórdia de Vimioso Bairro da Atalaia,5230 - 301,Vimioso,273 512 007,,,https://www.primeiraimagem.com/santa-casa-da-misericordia-de-vimioso.php
Quinta dos Girassóis - Colégio,Massamá,sintra,"Colégio Quinta dos Girassóis Rua Direita Massamá, nº 176",2745 - 752,Queluz,214 301 234,,http://www.infantario-popular-sintra.com,https://www.primeiraimagem.com/colegio-quinta-dos-girassois.php
Externato São Miguel Arcanjo,Olivais,lisboa,Avenida Dr. Alfredo Bensaúde Olivais Norte,1800 - 175,Lisboa,218 517 834,,http://www.escolaraiz.pt,https://www.primeiraimagem.com/externato-sao-miguel-arcanjo.php
Quintinha da Fidalga - Colégio,Agualva,sintra,"Logotipo Colégio Quintinha da Fidalga Creche e Jardim de Infância Rua Cidade de Paris, nº 37 A",2735 - 457,Agualva,219 120 162,geral@quintinhadafidalga.com?Subject=%A9%20Primeira%20Imagem,http://www.quintinhadafidalga.com/,https://www.primeiraimagem.com/colegio-quintinha-da-fidalga.php
Creche e J. Infantil de Benavente,Benavente,benavente,Urb. Ribasor - Travessa da Creche,2130 - 207,Benavente,263 589 010,,,https://www.primeiraimagem.com/creche-e-j-infantil-de-benavente.php
CEBESA - Creche de Vila Chã,Mina de Água,amadora,Avenida Artur Semedo Mina,2700 - 783,Amadora,214 929 010,,http://www.misericordia-amadora.pt,https://www.primeiraimagem.com/cebesa-creche-de-vila-cha.php
SCMO - O Traquinas,Queijas,oeiras,Creche e Jardim de Infância O Traquinas Santa Casa da Misericórdia de Oeiras Rua Hintze Ribeiro,2790 - 358,Queijas,214 186 421,,http://www.parkids.pt,https://www.primeiraimagem.com/creche-e-jardim-de-infancia-o-traquinas.php
Quatro Estações - J. Infância,Massamá,sintra,"Quatro Estações - Jardim de Infância R. Prof. Dr. Reinaldo dos Santos, 5A",2745 - 836,Massamá,214 371 445,,http://www.infantario-popular-sintra.com,https://www.primeiraimagem.com/quatro-estacoes-jardim-de-infancia.php
S. C. M. Vila Verde - C. Soutelo,Soutelo,vila-verde,Santa Casa da Misericórdia de Vila Verde Creche Soutelo Travessa da Bouça da Pêga,4730 - 570,Vila Verde,253 310 123,,,https://www.primeiraimagem.com/santa-casa-da-misericordia-de-vila-verde-creche-soutelo.php
Externato Santa Maria de Belém,Belém,lisboa,"Rua Duarte Pacheco Pereira, nº 24",1400 - 140,Lisboa,213 011 343,geral@externatosantamariadebelem.com?Subject=%A9%20Primeira%20Imagem,http://www.escolaraiz.pt,https://www.primeiraimagem.com/externato-santa-maria-de-belem.php
SCMO - O Tão Balalão,Porto Salvo,oeiras,Creche e Jardim de Infância O Tão Balalão Santa Casa da Misericórdia de Oeiras Rua da Escola Primária,2740 - 057,Porto Salvo,214 212 640,,http://www.parkids.pt,https://www.primeiraimagem.com/creche-e-jardim-de-infancia-o-tao-balalao.php
C.B.E.S. Padre Tobias - Creche Porto Alto,Samora Correia,benavente,"Centro Bem Estar Social Padre Tobias Creche do Porto Alto Rua do Alecrim, s/n",2135 - 080,Samora Correia,263 659 550,,,https://www.primeiraimagem.com/centro-bem-estar-social-padre-tobias-creche-do-porto-alto.php
Prime School International Sintra,Portela de Sintra,sintra,"Rua Mestre Neves, 20 Portela de Sintra",2710 - 422,Sintra,219 235 496,,http://www.infantario-popular-sintra.com,https://www.primeiraimagem.com/prime-school-international-sintra.php
Casal Popular da Damaia - Creche e J. Infância,Águas Livres,amadora,"Casal Popular da Damaia - Creche e Jardim de Infância Associação de Solidariedade Social Vencer Rua Carvalho Araújo, Alto da Damaia",2720 - 086,Amadora,214 906 090,,http://www.misericordia-amadora.pt,https://www.primeiraimagem.com/casal-popular-da-damaia-creche-e-jardim-de-infancia.php
SCMO - O Pioneiro,Algés,oeiras,"Creche O Pioneiro Santa Casa da Misericórdia de Oeiras Av. Norton de Matos, nº 8",1495 - 145,Algés,214 103 095,,http://www.parkids.pt,https://www.primeiraimagem.com/creche-o-pioneiro.php
S. C. M. Vila Verde - C. Prado,Vila de Prado,vila-verde,Santa Casa da Misericórdia de Vila Verde Creche do Prado Avenida do Cávado,4730 - 460,Vila de Prado,253 929 060,,,https://www.primeiraimagem.com/santa-casa-da-misericordia-de-vila-verde_creche-do-prado.php
C.B.E.S. Padre Tobias - Creche Miúdos,Samora Correia,benavente,"Centro Bem Estar Social Padre Tobias Estrada da Carregueira, 98",2135 - 244,Samora Correia,263 659 505,,,https://www.primeiraimagem.com/centro-bem-estar-social-padre-tobias-creche-miudos.php
Externato Rainha D. Amélia,Estrela,lisboa,"Rua da Estrela, nº 65 - 1º",1200 - 668,Lisboa,213 942 090,,http://www.escolaraiz.pt,https://www.primeiraimagem.com/externato-rainha-d-amelia.php
SCMO - O Novo Pinóquio,Algés,oeiras,Creche e Jardim de Infância O Novo Pinóquio Santa Casa da Misericórdia de Oeiras Rua Ernesto Silva,1495 - 057,Algés,214 116 737,,http://www.parkids.pt,https://www.primeiraimagem.com/creche-e-jardim-de-infancia-o-novo-pinoquio.php
S. C. M. Vila Verde - C. Marrancos,Marrancos,vila-verde,Santa Casa da Misericórdia de Vila Verde Creche Marrancos Av. Joaquim Ferreira Araújo,4730 - 280,Vila Verde,253 310 123,,,https://www.primeiraimagem.com/santa-casa-da-misericordia-de-vila-verde-creche-marrancos.php
Pequenos Aprendizes - Infantário,Rio de Mouro,sintra,"Infantário Pequenos Aprendizes Av. D. João II, lote 2",2635 - 373,Rio de Mouro,219 177 834,,http://www.infantario-popular-sintra.com,https://www.primeiraimagem.com/infantario-pequenos-aprendizes.php
Casal Popular da Damaia - Creche da Atalaia,Águas Livres,amadora,Associação de Solidariedade Social Vencer Av. Eusébio Leão - Urbanização Atalaia,2720 - 313,Amadora,960 389 513,,http://www.misericordia-amadora.pt,https://www.primeiraimagem.com/casal-popular-da-damaia-creche-da-atalaia.php
C.B.E.S. Padre Tobias,Samora Correia,benavente,"Centro Bem Estar Social Padre Tobias Rua Padre Tobias, s/n",2135 - 275,Samora Correia,263 659 556,,,https://www.primeiraimagem.com/centro-bem-estar-social-padre-tobias.php
Externato Passos Manuel,Arroios,lisboa,,,,,ext.passosmanuel@gmail.com?Subject=%A9%20Primeira%20Imagem,https://externatopassosmanuel.pt/,https://www.primeiraimagem.com/externato-passos-manuel.php
ICCO,Estrela,lisboa,"Infantário Cooperativa de Campo de Ourique Rua Domingos Sequeira, nº 12",1350 - 122,Lisboa,213 964 673,,http://www.escolaraiz.pt,https://www.primeiraimagem.com/icco.php
S. C. M. Vila Verde,Vila Verde,vila-verde,Santa Casa da Misericórdia de Vila Verde Rua Dr. Bernardo Brito Ferreira,4730 - 716,Vila Verde,253 310 120,,,https://www.primeiraimagem.com/santa-casa-da-misericordia-de-vila-verde.php
Patarecos - Ass. Part. Solid. Social,Sintra,sintra,"Patarecos - Associação Particular de Solidariedade Social Av. Humberto Delgado, 24 Várzea de Sintra",2710 - 649,Sintra,219 246 236,,http://www.infantario-popular-sintra.com,https://www.primeiraimagem.com/patarecos-associacao-particular-de-solidariedade-social.php
C.B.E.S. de Santo Estevão,Santo Estevão,benavente,"Centro Bem Estar Social de Santo Estevão Rua das Cardosas, s/n",2130 - 140,Santo Estevão,263 949 424,,,https://www.primeiraimagem.com/centro.bem-estar-social-de-santo-estevao.php
ASSUBUD - Creche,Alfragide,amadora,"Estrada de Alfragide, 49",2610 - 006,Alfragide,934 085 286,,http://www.misericordia-amadora.pt,https://www.primeiraimagem.com/assubud-creche.php
Externato Nobel,Areeiro,lisboa,"Alameda Dom Afonso Henriques, 78A",1000 - 125,Lisboa,218 465 505,,http://www.escolaraiz.pt,https://www.primeiraimagem.com/externato-nobel.php
SCMO - O Chorão,Porto Salvo,oeiras,"Creche e Jardim de Infância O Chorão Santa Casa da Misericórdia de Oeiras Largo da República, nº 10 Ribeira da Lage",2780 - 043,Oeiras,214 452 700,,http://www.parkids.pt,https://www.primeiraimagem.com/creche-e-jardim-de-infancia-o-chorao.php
O Jardim da Isabel - Infantário,Batalha,batalha,"Rua Nossa Senhora do Caminho, 16 A",2440 - 121,Batalha,244 766 039,,,https://www.primeiraimagem.com/o-jardim-da-isabel-infantario.php
Os TOPinhos - Creche da CERCITOP,Mem Martins,sintra,"Os TOPinhos - Creche da CERCITOP, CRL. Avenida Amália Rodrigues",2725 - 643,Mem Martins,219 225 800,,http://www.infantario-popular-sintra.com,https://www.primeiraimagem.com/os-topinhos-creche-da-cercitop-crl.php
"Creche Pimentinha, CRL",Barbudo,vila-verde,"Creche Pimentinha Fortunate Vivere, CRL. R. Padre Frei Albano Emílio Alves, 90 D",4730 - 062,Vila Verde,253 321 105,,,https://www.primeiraimagem.com/creche-pimentinha.php
SCMO - Nª Srª Fátima,Oeiras,oeiras,"Creche e Jardim de Infância Nª Srª Fátima Santa Casa da Misericórdia de Oeiras Rua Sol Nascente, nº 18",2780 - 167,Oeiras,214 570 949,,http://www.parkids.pt,https://www.primeiraimagem.com/creche-e-jardim-de-infancia-n-sra-fatima.php
Creche do Trabalhador de Prado,Vila de Prado,vila-verde,"Lugar do Faial, Rua 3, nº 17",4730 - 460,Vila de Prado,253 921 900,,,https://www.primeiraimagem.com/creche-do-trabalhador-de-prado.php
ASSUBUD - Escolinha,Alfragide,amadora,"Rua da Imprensa, 12 A",2610 - 087,Alfragide,214 715 914,,http://www.misericordia-amadora.pt,https://www.primeiraimagem.com/assubud-escolinha.php
Externato Mãe de Deus,Penha de França,lisboa,"Logotipo Rua Penha de França, 243",1170 - 304,Lisboa,218 149 048,geral@externatomaededeus.org?Subject=%A9%20Primeira%20Imagem,https://www.externatomaededeus.org/,https://www.primeiraimagem.com/externato-mae-de-deus.php
Os Meus Amigos - J. Infância,Cacém,sintra,"Os Meus Amigos - Jardim de Infância R. Joaquim dos Santos Dias, 10 - Lj Dtª",2735 - 342,Cacém,219 141 490,,http://www.infantario-popular-sintra.com,https://www.primeiraimagem.com/os-meus-amigos-jardim-de-infancia.php
Externato Liceal da Casa de S. Vicente de Paulo,Lumiar,lisboa,"Av. Marechal Craveiro Lopes, N.º 10 Campo Grande",1700 - 284,Lisboa,217 521 430,,http://www.escolaraiz.pt,https://www.primeiraimagem.com/externato-liceal-da-casa-de-s-vicente-de-paulo.php
SCMO - Nª Srª da Rocha,Carnaxide,oeiras,"Creche e Jardim de Infância Nª Srª da Rocha Santa Casa da Misericórdia de Oeiras Rua José Afonso, nº 25-A Bairro Luta pela Casa",2790 - 089,Carnaxide,214 184 470,,http://www.parkids.pt,https://www.primeiraimagem.com/creche-e-jardim-de-infancia-n-sra-da-rocha.php
Creche O Pinheirinho - C.S.C.P.S.M.,São Mamede,batalha,"Centro Social e Cultural da Paróquia de São Mamede Travessa da Areeira, 150",2495 - 032,São Mamede,244 704 926,,,https://www.primeiraimagem.com/creche-o-pinheirinho.php
Os Leõezinhos - Coop. Ensino,Portela de Sintra,sintra,"Cooperativa de Ensino Os Leõezinhos Rua Mestre Neves, nº 1",2710 - 422,Portela de Sintra,219 230 425,,http://www.infantario-popular-sintra.com,https://www.primeiraimagem.com/cooperativa-de-ensino-os-leoezinhos.php
Chuva D'Amor - Creche,Vila Verde,vila-verde,"Rua Dr. Manuel Barbosa De Brito, 743",4730 - 769,Vila Verde,935 782 606,,,https://www.primeiraimagem.com/chuva-d-amor-creche.php
Assoc. Unidos de Cabo Verde - J. Infância,Encosta do Sol,amadora,"Jardim Infantil Associação Unidos de Cabo Verde Rua Ramiro Martins, nº 2 Casal da Mira",2650 - 015,Amadora,214 924 177,,http://www.misericordia-amadora.pt,https://www.primeiraimagem.com/jardim-infantil-associacao-unidos-de-cabo-verde.php
SCMO - Bambi,Cruz Quebrada,oeiras,"Jardim de Infância Bambi Santa Casa da Misericórdia de Oeiras Rua Joseph Bleck, nº 31",1495 - 724,Cruz Quebrada - Dafundo,214 197 898,,http://www.parkids.pt,https://www.primeiraimagem.com/jardim-de-infancia-bambi.php
Os Coelhinhos - Externato,Monte Abraão,sintra,"Externato Os Coelhinhos Rua D. Dinis, nº 14",2745 - 246,Queluz,214 304 367,,http://www.infantario-popular-sintra.com,https://www.primeiraimagem.com/externato-os-coelhinhos.php
Externato Infante D. Pedro,Nossa Senhora de Fátima,lisboa,"Av. da República, nº 49 r/c",1050 - 188,Lisboa,217 973 322,,http://www.escolaraiz.pt,https://www.primeiraimagem.com/externato-infante-d-pedro.php
Creche Municipal da Batalha,Batalha,batalha,R. Comendador Dr. Joaquim Vicente da Silva Freire,2440 - 372,Batalha,244 769 110,,,https://www.primeiraimagem.com/creche-municipal-da-batalha.php
Assoalfra,Alfragide,amadora,"Logotipo Centro Social Dr. Francisco Sá Carneiro Rua Dr. Rui Grácio, 1 A",2610 - 065,Alfragide,214 716 594,geral@assoalfra.pt?Subject=%A9%20Primeira%20Imagem,http://www.assoalfra.pt,https://www.primeiraimagem.com/assoalfra.php
SCMO - 1º de Maio,Carnaxide,oeiras,Creche e Jardim de Infância 1º de Maio Santa Casa da Misericórdia de Oeiras Avenida 25 abril,2790 - 161,Carnaxide,214 180 657,,http://www.parkids.pt,https://www.primeiraimagem.com/creche-e-jardim-de-infancia-1-de-maio.php
Centro Social de Escariz,Escariz,vila-verde,"Centro Social da Casa do Povo de Escariz Rua do Lar, 75",4730 - 510,Escariz,253 921 405,,,https://www.primeiraimagem.com/centro-social-da-casa-do-povo-de-escariz.php
Externato Fernão Mendes Pinto,S. Domingos de Benfica,lisboa,"Estrada de Benfica, nº 358",1500 - 099,Lisboa,217 780 188,,http://www.escolaraiz.pt,https://www.primeiraimagem.com/externato-fernao-mendes-pinto-l.php
Creche e Jardim Mouzinho de Albuquerque,Batalha,batalha,"Rua da Cerca Conventual, 183",2440 - 505,Batalha,244 765 486,,,https://www.primeiraimagem.com/creche-e-jardim-mouzinho-de-albuquerque.php
Centro Social da Lage - Creche 2,Lage,vila-verde,"Rua 1, Loteamento do Passal, 3",4730 - 247,Lage,253 927 215,,,https://www.primeiraimagem.com/centro-social-da-lage-creche-2.php
AJPAS - Creche Babete,São Brás,amadora,"Logotipo R António Gabriel Quadros Ferro, 1A",2700 - 890,Casal de São Brás,214 038 703,crechebabete@ajpas.pt?Subject=%A9%20Primeira%20Imagem,https://ajpas.pt/creche-babete/,https://www.primeiraimagem.com/ajpas.php
Santa Catarina - Externato,Cruz Quebrada,oeiras,"Externato Santa Catarina Rua Padre José da Felicidade Alves, nº 3 Cruz Quebrada",1495 - 754,Oeiras,214 157 640,,http://www.parkids.pt,https://www.primeiraimagem.com/externato-santa-catarina.php
Colégio Bernardette Romeira,Quelfes,olhao,"Rua Dâmaso Encarnação, 29",8700 - 249,Olhão,289 701 021,,,https://www.primeiraimagem.com/colegio-bernardette-romeira.php
CPARF,Reguengo do Fetal,batalha,"Centro Paroquial de Assistência de Reguengo Fetal Rua Padre José Vieira de Oliveira, 280",2440 - 208,Reguengo do Fetal,244 705 119,,,https://www.primeiraimagem.com/centro-paroquial-de-assistencia-de-reguengo-fetal.php
Externato Educação Popular,Campolide,lisboa,"Rua João da Mota e Silva, nº 3",1070 - 042,Lisboa,213 812 990,,http://www.escolaraiz.pt,https://www.primeiraimagem.com/externato-educacao-popular.php
AFID Kids - Creche Geração,Buraca,amadora,Logotipo Praça de São José,2610 - 170,Amadora,210 962 170,info@afidkids.pt?Subject=%A9%20Primeira%20Imagem,http://www.afidkids.pt,https://www.primeiraimagem.com/afid-kids-creche-geracao.php
O Vale Azul - Creche,Rio de Mouro,sintra,"Praceta António Gedeão, 14 r/c Vale Mourão",2636 - 002,Rio de Mouro,219 162 475,,http://www.infantario-popular-sintra.com,https://www.primeiraimagem.com/o-vale-azul-creche.php
Rik & Rok - Colégio,Carnaxide,oeiras,"Colégio Rik & Rok Rua Alto do Montijo, nº 3",2790 - 012,Carnaxide,217 127 331,,http://www.parkids.pt,https://www.primeiraimagem.com/colegio-rik-e-rok_i.php
Centro Social da Lage,Lage,vila-verde,"Rua 1, Loteamento do Passal, 3",4730 - 247,Lage,253 927 215,,,https://www.primeiraimagem.com/centro-social-da-lage.php
O Ursinho - Creche,Queluz,sintra,"Av. António Enes, 20 - 1º Esq.",2745 - 161,Queluz,214 363 918,,http://www.infantario-popular-sintra.com,https://www.primeiraimagem.com/o-ursinho-creche.php
Casa do Povo Vila de Prado - Creche 2o,Vila de Prado,vila-verde,"Casa do Povo Vila de Prado - Creche 2 Pr. Comendador Sousa Lima, 32",4730 - 450,Vila de Prado,,,,https://www.primeiraimagem.com/casa-do-povo-vila-de-prado-creche-2.php
Externato de São José,S. Francisco Xavier,lisboa,"Av. das Descobertas, nº 27",1400 - 091,Lisboa,213 037 020,,http://www.escolaraiz.pt,https://www.primeiraimagem.com/externato-de-sao-jose.php
Xicoração - Jardim Infantil,Lavradio,barreiro,"Rua Augusto Pereira Valegas, nº 3 Fidalguinhos",2835 - 309,Lavradio,212 066 860,,,https://www.primeiraimagem.com/xicoracao.php
AFID Kids - Creche da Venteira,Venteira,amadora,Logotipo Av. Aljubarrota - Bairro Janeiro Venteira,2700 - 040,Amadora,214 918 188,info@afidkids.pt?Subject=%A9%20Primeira%20Imagem,http://www.afidkids.pt,https://www.primeiraimagem.com/afid-kids-creche-da-venteira.php
Refúgio dos Anjos - Colégio,Porto Salvo,oeiras,"Colégio Refúgio dos Anjos Av. Doutor Mário Soares Edificio, 11B",2740 - 256,Porto Salvo,929 138 007,,http://www.parkids.pt,https://www.primeiraimagem.com/colegio-refugio-dos-anjos.php
Externato das Pedralvas,Benfica,lisboa,"Rua Maria de Lamas, nº 1",1500 - 438,Lisboa,217 620 620,,http://www.escolaraiz.pt,https://www.primeiraimagem.com/externato-das-pedralvas.php
Ventos Traquinas - Creche e J. Infância,Lavradio,barreiro,"Creche e Jardim de Infância Bairro Quinta da Fonte, Lote 2",2835 - 304,Lavradio,967 551 142,,,https://www.primeiraimagem.com/ventos-traquinas-creche-e-j-infancia.php
O Teu Jardim - Colégio,Queluz,sintra,"Colégio O Teu Jardim Av. Miradouro, 27 - 2º cv",2745 - 035,Queluz,214 390 126,,http://www.infantario-popular-sintra.com,https://www.primeiraimagem.com/colegio-o-teu-jardim.php
Casa do Povo Vila de Prado,Vila de Prado,vila-verde,"Casa do Povo da Vila de Prado Praça Comendador Sousa Lima, 51",4730 - 458,Vila de Prado,253 921 120,,,https://www.primeiraimagem.com/casa-do-povo-da-vila-de-prado.php
AFID Kids - Centro de Recursos do Zambujal,Alfragide,amadora,Logotipo Quinta do Paraíso Alto Moinho,2610 - 316,Amadora,214 724 040,info@afidkids.pt?Subject=%A9%20Primeira%20Imagem,http://www.afidkids.pt,https://www.primeiraimagem.com/afid-kids-centro-de-recursos-do-zambujal.php
Quinta da Politeira - Leceia - Creche e Jardim de Infância,Barcarena,oeiras,"Centro Social Paroquial de Barcarena Largo António Monteiro Ramalho, nº 6",2730 - 238,Barcarena,214 387 250,,http://www.parkids.pt,https://www.primeiraimagem.com/quinta-da-politeira-leceia.php
A-Da-Beja - Creche Municipal,São Brás,amadora,Creche Municipal A-Da-Beja Rua Fernando Maia Quinta do Plátano,2650 - 374,Amadora,219 812 969,,http://www.misericordia-amadora.pt,https://www.primeiraimagem.com/creche-municipal-a-da-beja.php
S.C.M.B. - Creche Rainha D. Leonor,Palhais,barreiro,"Irmandade da Santa Casa da Misericórdia do Barreiro Rua da Praia, 2",2830 - 463,Palhais,212 169 671,,,https://www.primeiraimagem.com/creche-rainha-d-leonor_i.php
Externato Champagnat,Olivais,lisboa,Quinta de Vila Formosa - Aeroporto,1700 - 008,Lisboa,218 540 190,,http://www.escolaraiz.pt,https://www.primeiraimagem.com/externato-champagnat.php
Projeto Família Global,Carnaxide,oeiras,"Alameda João da Mota Prego, nº 1 B Portela de Carnaxide",2790 - 213,Carnaxide,214 183 770,,http://www.parkids.pt,https://www.primeiraimagem.com/projeto-familia-global.php
O Tapadinhas - Colégio,Algueirão,sintra,"Colégio O Tapadinhas Rua da Peninha, nº 3 Bairro Nova Imagem",2725 - 655,Algueirão,219 221 698,,http://www.infantario-popular-sintra.com,https://www.primeiraimagem.com/colegio-o-tapadinhas.php
Escola no Chiado,Misericórdia,lisboa,"Centro da Encarnação Travessa do Rosário, 31 A",1250 - 196,Lisboa,213 467 248,,http://www.escolaraiz.pt,https://www.primeiraimagem.com/escola-no-chiado.php
C. Social Paroquial Cervães,Cervães,vila-verde,"Centro Social Paroquial de Cervães Praceta do Cruzeiro, 4",4730 - 100,Cervães,969 535 013,,,https://www.primeiraimagem.com/centro-social-paroquial-de-cervaes.php
Rumo Kids - Creche,Barreiro,barreiro,"Creche Rumo Kids Cooperativa de Solidariedade Social Avenida dos Fuzileiros Navais, 2 A",2830 - 148,Barreiro,913 587 157,,,https://www.primeiraimagem.com/creche-rumo-kids.php
ABCD - Ass. Cult. Desporto Brandoa,Encosta do Sol,amadora,ABCD - Associação Cultura e Desporto Brandoa Rua Luís Vaz de Camões,2650 - 197,Amadora,214 760 206,,http://www.misericordia-amadora.pt,https://www.primeiraimagem.com/abcd-associacao-cultura-e-desporto-brandoa.php
Palmeirinha - Externato,Oeiras,oeiras,"Externato Palmeirinha Rua Dr. José Carlos Moreira, nº 25",2780 - 123,Oeiras,214 583 733,,http://www.parkids.pt,https://www.primeiraimagem.com/externato-palmeirinha.php
C. Social da Paróquia de Freiriz,Freiriz,vila-verde,"Centro Social da Paróquia de Freiriz Avenida do Centro Social, 1",4730 - 171,Vila Verde,253 929 050,,,https://www.primeiraimagem.com/centro-social-da-paroquia-de-freiriz.php
O Rezingão - Colégio,Monte Abraão,sintra,"Colégio O Rezingão Rua Sousa Pinto, nº 7-7A Monte Abraão",2745 - 335,Queluz,214 373 045,,http://www.infantario-popular-sintra.com,https://www.primeiraimagem.com/colegio-o-rezingao.php
SCMVRSA - Creche Santo António,V. R. Sto. António,vila-real-santo-antonio,"Santa Casa da Misericórdia de Vila Real de Santo António Rua do Lusitano, s/n Hortas",8900 - 406,Vila Real de Santo António,281 511 224,,,https://www.primeiraimagem.com/creche-santo-antonio.php
UMNSC - Casa da Criança,Montijo,montijo,União Mutualista Nossa Senhora da Conceição Praceta Dr. César Ventura,2870 - 248,Montijo,212 301 439,,,https://www.primeiraimagem.com/casa-da-crianca_i.php
A Romã - Creche Municipal,Mina de Água,amadora,"Creche Municipal A Romã Av. Marquês de Pombal, 45 C",2700 - 571,Amadora,214 714 644,,http://www.misericordia-amadora.pt,https://www.primeiraimagem.com/creche-municipal-a-roma.php
Padre António Vieira - Externato,Linda-a-Velha,oeiras,"Externato Padre António Vieira Avenida Tomás Ribeiro, nº 16",2795 - 183,Linda-a-Velha,214 155 880,,http://www.parkids.pt,https://www.primeiraimagem.com/externato-padre-antonio-vieira.php
O Planeta Bebé - Creche,Massamá,sintra,"Rua dos Bem Casados, nº 5",2745 - 730,Massamá,214 374 936,,http://www.infantario-popular-sintra.com,https://www.primeiraimagem.com/o-planeta-bebe-creche.php
Escola da Restauração - Externato,Arroios,lisboa,"Rua Cidade de Liverpool, nº 8 - R/C",1170 - 097,Lisboa,218 142 350,,http://www.escolaraiz.pt,https://www.primeiraimagem.com/escola-da-restauracao-externato.php
Os Pirilampos - Creche NÓS,Barreiro,barreiro,"Creche Os Pirilampos Associação de Pais e Técnicos para a Integração do Deficiente Rua Lavoisier, nº 2 Bairro da CUF",2830 - 302,Barreiro,212 149 000,,,https://www.primeiraimagem.com/creche-os-pirilampos.php
Fundação José Relvas,Alpiarça,alpiarca,Creche e Pré-Escolar Rua Dr. Queiroz Vaz Guedes,2090 - 076,Alpiarça,,,,https://www.primeiraimagem.com/fundacao-jose-relvas.php
SCMVRSA - C. Infantil A Cegonha,Monte Gordo,vila-real-santo-antonio,Centro Infantil A Cegonha Santa Casa da Misericórdia de Vila Real de Santo António Rua Nova de Lisboa,8900 - 438,Monte Gordo,281 544 668,,,https://www.primeiraimagem.com/centro-infantil-a-cegonha.php
OSMMAC - Nossa Senhora do Acolhimento,Caxias,oeiras,"Creche e Jardim de Infância Nossa Senhora do Acolhimento Obra Social Madre Maria Clara Rua Tomás de Lima, nº 6 Laveiras",2760 - 114,Caxias,214 414 710,,http://www.parkids.pt,https://www.primeiraimagem.com/creche-e-jardim-de-infancia-nossa-senhora-do-acolhimento.php
O Piu-Piu - Creche,Agualva,sintra,"Logotipo Creche O Piu-Piu Rua Capitão Henrique Galvão, nº 1 Agualva",2735 - 366,Cacém,214 314 254,crecheopiupiu2@gmail.com?Subject=%A9%20Primeira%20Imagem,http://www.opiupiu.pt,https://www.primeiraimagem.com/creche-o-piu-piu.php
Escola Beiral - Externato Infantil e Primário,Benfica,lisboa,,,,,,http://www.escolaraiz.pt,https://www.primeiraimagem.com/escola-beiral.php
Oficina dos Sonhos - Colégio,Sto. António da Charneca,barreiro,"Colégio Oficina dos Sonhos Estrada Municipal 510, Rua 30, Lote 43 Penalva",2835 - 619,Santo António da Charneca,212 130 258,,,https://www.primeiraimagem.com/colegio-oficina-dos-sonhos.php
O Pinheiro Sabichão - Colégio,Pêro Pinheiro,sintra,"Colégio O Pinheiro Sabichão Av. 19 de Maio, 41",2715 - 001,Pêro Pinheiro,926 362 085,,http://www.infantario-popular-sintra.com,https://www.primeiraimagem.com/colegio-o-pinheiro-sabichao.php
SCMVRSA - C. Infantil A Borboleta,V. R. Sto. António,vila-real-santo-antonio,"Centro Infantil A Borboleta Santa Casa da Misericórdia de Vila Real de Santo António Urb. Laranjeiras, R. Dr. Raul Folques Brito",8900 - 307,Vila Real de Santo António,281 542 247,,,https://www.primeiraimagem.com/centro-infantil-a-borboleta.php
SCMA - Creche do Paço,Almeirim,almeirim,Santa Casa da Misericórdia de Almeirim Rua Febo Moniz,2080 - 133,Almeirim,243 593 047,,,https://www.primeiraimagem.com/creche-do-paco.php
OSMMAC - Madre Maria Clara,Queijas,oeiras,"Creche e Jardim de Infância Madre Maria Clara Obra Social Madre Maria Clara Rua  Visconde Moreira de Rey, nº 12",2790 - 447,Queijas,214 181 227,,http://www.parkids.pt,https://www.primeiraimagem.com/creche-e-jardim-de-infancia-madre-maria-clara.php
Crescer a Cores - Creche,Carnide,lisboa,Creche Crescer a Cores Associação de Solidariedade Social Rua Rio Tejo Bairro Padre Cruz,1600 - 746,Lisboa,215 937 851,,http://www.escolaraiz.pt,https://www.primeiraimagem.com/creche-crescer-a-cores.php
O Refúgio dos Fidalguinhos - Colégio,Lavradio,barreiro,"Colégio O Refúgio dos Fidalguinhos Rua Futebol Clube Barreirense, nº 1 Quinta dos Fidalguinhos",2835 - 311,Lavradio,212 059 850,,,https://www.primeiraimagem.com/colegio-o-refugio-dos-fidalguinhos-lavradio.php
CVP - Creche Os Piratinhas,V. N. Cacela,vila-real-santo-antonio,Cruz Vermelha Portuguesa Largo Manuel Cabanas Vila Nova de Cacela,8900 - 067,Vila Real de Santo António,281 541 827,,,https://www.primeiraimagem.com/creche-os-piratinhas.php
O Pinhão - Jardim Infantil,Santa Maria e São Miguel,sintra,,,,,,http://www.infantario-popular-sintra.com,https://www.primeiraimagem.com/o-pinhao-jardim-infantil.php
SCMA - Colégio Conde de Sobral,Almeirim,almeirim,"Santa Casa da Misericórdia de Almeirim Rua do Paço, 35",2080 - 109,Almeirim,243 594 360,,,https://www.primeiraimagem.com/colegio-conde-de-sobral.php
Os Pequenos Marqueses - Colégio,Oeiras,oeiras,"Colégio Os Pequenos Marqueses Rua Marechal Costa Gomes, lote 18",2780 - 239,Oeiras,917 995 104,,http://www.parkids.pt,https://www.primeiraimagem.com/colegio-os-pequenos-marqueses.php
Creche Rainha D. Leonor - SCMA,Benfica,lisboa,Logotipo Santa Casa da Misericórdia Amadora Rua Dr. Rafael Duque Benfica,1500 - 050,Lisboa,217 160 705,crecherainhadleonor@misericordia-amadora.pt?Subject=%A9%20Primeira%20Imagem,http://www.misericordia-amadora.pt,https://www.primeiraimagem.com/creche-rainha-d-leonor-scma.php
Creche Municipal Largo do Conde,Almeirim,almeirim,Largo Manuel Rodrigues Pisco,2080 - 159,Almeirim,243 594 100,,,https://www.primeiraimagem.com/creche-municipal-largo-do-conde.php
O Carinho - Creche e J. Infância,Lavradio,barreiro,"O Carinho - Creche e Jardim de Infância Rua dos Engenheiros, lote 345",2835 - 000,Lavradio,962 600 341,,,https://www.primeiraimagem.com/o-carinho-creche-e-jardim-de-infancia.php
Creche Quinta dos Miminhos  - JFB,Benfica,lisboa,"Junta de Freguesia de Benfica Rua José Rodrigues Miguéis, s/n",1500 - 378,Lisboa,968 580 647,,http://www.escolaraiz.pt,https://www.primeiraimagem.com/creche-quinta-dos-miminhos.php
O Palhaço Alegre - J. Infância,Rio de Mouro,sintra,"O Palhaço Alegre - Jardim de Infância Calçada da Rinchoa, 13 - r/c Dto Rinchoa",2635 - 311,Rio de Mouro,219 164 958,,http://www.infantario-popular-sintra.com,https://www.primeiraimagem.com/o-palhaco-alegre-jardim-de-infancia.php
C. Soc. Cult. Recreat. Carregosa,Carregosa,oliveira-de-azemeis,"Centro Social Cultural e Recreativo da Carregosa Rua Augusto Santos, 30",3720 - 017,Carregosa,256 412 257,,https://www.colegiosantaeulalia.pt/,https://www.primeiraimagem.com/centro-social-cultural-e-recreativo-da-carregosa.php
"Trrim Trrim - Associação Social, Recreativa e Cultural",Mafamude,vila-nova-de-gaia,"Logotipo Rua da Tapada, 261 Tr.",4430 - 244,V. N. Gaia,227 150 670,trrim_trrim@net.sapo.pt?Subject=%A9%20Primeira%20Imagem,http://www.trrimtrrim.pt,https://www.primeiraimagem.com/trrim-trrim.php
Os Nossos Tempos Livres,Linda-a-Velha,oeiras,"Rua Eng. Frederico Ulrich, nº 25 e 27",2795 - 113,Linda-a-Velha,214 198 523,,http://www.parkids.pt,https://www.primeiraimagem.com/os-nossos-tempos-livres.php
O Início - Colégio,Barreiro,barreiro,"Colégio O Início S.D.U.B. Os Franceses Largo Luís de Camões, nº 49",2830 - 000,Barreiro,212 070 595,,,https://www.primeiraimagem.com/colegio-o-inicio.php
Creche Marquês de Olhão - ASJDL,Beato,lisboa,"Associação São João de Deus de Lisboa Travessa Ilha do Grilo, A",1900 - 261,Lisboa,218 401 080,,http://www.escolaraiz.pt,https://www.primeiraimagem.com/creche-marques-de-olhao.php
The Sailors – Raios de Luz,Canidelo,vila-nova-de-gaia,"Logotipo The Sailors - Raios de Luz Creche e Jardim de Infância Rua do Espinheiro, nº 740 Canidelo",4400 - 450,V. N. Gaia,912 967 125,raiosdeluz@thesailors.pt?Subject=%A9%20Primeira%20Imagem,https://thesailors.pt,https://www.primeiraimagem.com/the-sailors-raios-de-luz.php
O Nial - Externato,Algueirão,sintra,"Externato O Nial Rua Padre José de Anchieta, 25",2725 - 071,Algueirão,219 213 940,,http://www.infantario-popular-sintra.com,https://www.primeiraimagem.com/externato-o-nial.php
Ass. Solid. Soc. Benfica Ribatejo,Benfica Ribatejo,almeirim,Associação Solidariedade Social Benfica Ribatejo Urbanização do Alqueve Cortiçois,2080 - 398,Benfica Ribatejo,243 580 529,,,https://www.primeiraimagem.com/associacao-solidariedade-social-benfica-ribatejo.php
Os Bobocas - Colégio,Barcarena,oeiras,"Colégio Os Bobocas Rua São Francisco Xavier, nº 22",2730 - 166,Barcarena,214 304 896,,http://www.parkids.pt,https://www.primeiraimagem.com/colegio-os-bobocas.php
O Carinho - Colégio,Alto do Seixalinho,barreiro,"Colégio O Carinho Rua José Saramago, 2 Alto Seixalinho",2830 - 555,Barreiro,212 046 943,,,https://www.primeiraimagem.com/colegio-o-carinho.php
Sol dos Pequeninos,Gulpilhares,vila-nova-de-gaia,"Creche e Jardim de Infância Avenida Gago Coutinho, nº 1652",4405 - 709,Vila Nova de Gaia,227 531 624,,https://morangos.com/morangos-gaia-serzedo-creche-e-jardim-de-infancia/,https://www.primeiraimagem.com/sol-dos-pequeninos.php
O Fidalguinho - Creche,Agualva,sintra,"Rua General Padrel, nº 10",2735 - 373,Agualva,214 310 013,,http://www.infantario-popular-sintra.com,https://www.primeiraimagem.com/o-fidalguinho-creche.php
Creche Jardim Infantil de Santo Amaro,Alcântara,lisboa,"Calçada da Tapada, nº 9 e 11",1300 - 000,Lisboa,213 638 349,,http://www.escolaraiz.pt,https://www.primeiraimagem.com/creche-jardim-infantil-de-santo-amaro.php
SCMA - Complexo Social A Casinha,Sobreda,almada,"Santa Casa da Misericórdia de Almada Terreiro Alfredo Marceneiro, nº 6",2815 - 817,Sobreda,212 532 759,,https://parquedossorrisos.pt/,https://www.primeiraimagem.com/complexo-social-a-casinha.php
Jardim de Infância Dom Pedro V,Verderena,barreiro,,,,,secretaria@dompedrov.com?Subject=%A9%20Primeira%20Imagem,,https://www.primeiraimagem.com/jardim-de-infancia-dom-pedro-v.php
O Recantinho - Colégio,Porto Salvo,oeiras,"Colégio O Recantinho Rua Terra da Eira, nº 4",2740 - 114,Porto Salvo,917 536 627,,http://www.parkids.pt,https://www.primeiraimagem.com/colegio-o-recantinho.php
O Pinguças - Creche e Jardim de Infância,Linda-a-Velha,oeiras,"Rua Marconi, nº 12 e 12 A",2795 - 135,Linda-a-Velha,214 151 907,,http://www.parkids.pt,https://www.primeiraimagem.com/o-pingucas-creche-e-jardim-de-infancia.php
Salvador Caetano e Ana Caetano,Vilar de Andorinho,vila-nova-de-gaia,"Centro de Dia e Jardim de Infância Salvador Caetano e Ana Caetano Rua Padre Maia, nº 77",4430 - 479,Vilar de Andorinho,227 871 914,,https://morangos.com/morangos-gaia-serzedo-creche-e-jardim-de-infancia/,https://www.primeiraimagem.com/centro-de-dia-e-jardim-de-infancia-salvador-caetano-e-ana-caetano.php
O Farol - Jardim de Infância,Massamá,sintra,"Jardim de Infância O Farol Largo Padre Américo, 9 r/c Frente",2745 - 000,Massamá,214 371 506,,http://www.infantario-popular-sintra.com,https://www.primeiraimagem.com/jardim-de-infancia-o-farol.php
Creche do Tomás - Crevide,Lumiar,lisboa,"Creche do Tomás - CREVIDE Crevide - Creche Popular de Moscavide Rua Tomás del Negro, Lt. 2001/001",1750 - 105,Lisboa,219 446 086,,http://www.escolaraiz.pt,https://www.primeiraimagem.com/creche-do-tomas-crevide.php
Frases de Encantar - Creche e Jardim de Infância,Sto. António da Charneca,barreiro,"Logotipo Rua do Algarve, n.º 26 Urbanização Pinhal da Vila Chã",2835 - 465,Barreiro,924 205 763,frasesdeencantar@gmail.com ?Subject=%A9%20Primeira%20Imagem,http://www.frasesdeencantar.pt,https://www.primeiraimagem.com/frases-de-encantar.php
O Caracol - Creche e Jardim Infantil,Queluz,sintra,"Rua de Moçambique, 1",2745 - 180,Queluz,214 351 883,,http://www.infantario-popular-sintra.com,https://www.primeiraimagem.com/o-caracol-creche-e-jardim-infantil.php
SCMA - Centro Integrado Arco-íris,Monte da Caparica,almada,"Centro Integrado Arco-íris Santa Casa da Misericórdia de Almada Praça Santa Casa da Misericórdia de Almada, 18 A",2825 - 022,Caparica,212 947 600,,https://parquedossorrisos.pt/,https://www.primeiraimagem.com/centro-integrado-arco-iris.php
Regaço - Centro Social Paroquial de Sto. Ovídio,Mafamude,vila-nova-de-gaia,"Logotipo Centro Social Paroquial de Santo Ovídio Rua Soares dos Reis, nº 243",4400 - 316,V. N. Gaia,223 752 112,geral@regaco.net?Subject=%A9%20Primeira%20Imagem,http://www.regaco.net,https://www.primeiraimagem.com/regaco.php
O Cebolinha - Jardim Escola,Barcarena,oeiras,"Jardim Escola O Cebolinha R. 7 de Junho, nº  88 Leceia",2730 - 174,Barcarena,214 217 454,,http://www.parkids.pt,https://www.primeiraimagem.com/jardim-escola-o-cebolinha.php
Doce Chupeta - Creche e Jardim de Infância,Sto. António da Charneca,barreiro,"Rua do Algarve, nrs. 1A e 1B Vila Chã",2835 - 765,Santo António da Charneca,968 232 167,,,https://www.primeiraimagem.com/doce-chupeta.php
Creche do Monsanto - JFB,Benfica,lisboa,"Junta de Freguesia de Benfica Travessa Francisco Resende, 37",1500 - 289,Lisboa,217 123 000,,http://www.escolaraiz.pt,https://www.primeiraimagem.com/creche-do-monsanto.php
SCMA - Centro Infantil da Trafaria,Trafaria,almada,"Santa Casa da Misericórdia de Almada Avenida 25 de Abril, nº 78",2825 - 893,Trafaria,212 919 500,,https://parquedossorrisos.pt/,https://www.primeiraimagem.com/centro-infantil-da-trafaria.php
"O Barco do Mimo, CRL",Massamá,sintra,Rua Tomás da Anunciação Casal Gouveia,2745 - 702,Massamá,214 375 451,,http://www.infantario-popular-sintra.com,https://www.primeiraimagem.com/o-barco-do-mimo-crl.php
Pimpas - Externato,Mafamude,vila-nova-de-gaia,"Externato Pimpas Rua Quinta do Sardoal, nº 320",4430 - 182,V. N. Gaia,227 134 040,,https://morangos.com/morangos-gaia-serzedo-creche-e-jardim-de-infancia/,https://www.primeiraimagem.com/externato-pimpas.php
Ninho da Cegonha - Creche,Carnaxide,oeiras,"Creche Ninho da Cegonha Associação APOIO Rua Prof. Delfim dos Santos, nº 13",2790 - 208,Carnaxide,214 247 850,,http://www.parkids.pt,https://www.primeiraimagem.com/creche-ninho-da-cegonha.php
Creche de S. José - ISCS,S. Domingos de Benfica,lisboa,"Instituto Santa Catarina de Sena Largo São Domingos de Benfica, nº 14",1500 - 554,Lisboa,217 781 534,,http://www.escolaraiz.pt,https://www.primeiraimagem.com/creche-de-s-jose.php
SCMA - Centro Comunitário do PIA I,Caparica,almada,"Santa Casa da Misericórdia de Almada Rua do Raposo de Cima, nº 5 e 11 a 15",2825 - 099,Caparica,212 947 600,,https://parquedossorrisos.pt/,https://www.primeiraimagem.com/centro-comunitario-do-pia-i.php
Creche da Quinta dos Arcos - CML,Olivais,lisboa,"Av. Dr. Francisco Luís Gomes, 1",1800 - 181,Lisboa,218 173 550,,http://www.escolaraiz.pt,https://www.primeiraimagem.com/creche-da-quinta-dos-arcos-cml.php
Pim-Pam-Pum - CSPG,Gulpilhares,vila-nova-de-gaia,"Jardim Escola Pim-Pam-Pum Centro Social e Paroquial de Gulpilhares Largo da Igreja, nº 101",4405 - 918,Vila Nova de Gaia,227 622 817,,https://morangos.com/morangos-gaia-serzedo-creche-e-jardim-de-infancia/,https://www.primeiraimagem.com/jardim-escola-pim-pam-pum.php
C. S. Caeiro da Matta - Equip. Mouronho,Mouronho,tabua,"Centro Social Caeiro da Matta Equipamento de Mouronho Rua Principal, 188",3420 - 168,Mouronho,235 466 121,,,https://www.primeiraimagem.com/centro-social-caeiro-da-matta-equipamento-de-mouronho.php
NIB - Creche do Bugio,Paço de Arcos,oeiras,"Núcleo de Instrução e Beneficência Rua José Pedro Silva, nº 12 A",2770 - 107,Paço de Arcos,214 420 112,,http://www.parkids.pt,https://www.primeiraimagem.com/creche-do-bugio.php
"Companhia do Bebé - Creche, Jardim de Infância e ATL",Lavradio,barreiro,"Logotipo Av. José Gomes Ferreira, nº 2 Quinta da Fonte",2835 - 389,Lavradio,212 048 355,companhiadobebe@sapo.pt?Subject=%A9%20Primeira%20Imagem,http://www.companhiadobebe.com.pt,https://www.primeiraimagem.com/companhia-do-bebe.php
Colégio Minerva,Barreiro,barreiro,Praça Paulo VI,2830 - 018,Barreiro,212 075 307,,,https://www.primeiraimagem.com/colegio-minerva.php
Rainha Santa - Externato de Vale Fetal,Charneca de Caparica,almada,"Externato Rainha Santa - Vale Fetal Estrada da Bela Vista, nº 89 Vale Fetal",2820 - 169,Charneca de Caparica,212 975 448,,https://parquedossorrisos.pt/,https://www.primeiraimagem.com/externato-rainha-santa-vale-fetal.php
Passinhos de Rei - Creche e Jardim de Infância,Mafamude,vila-nova-de-gaia,"Logotipo Rua S. Tomé e Príncipe, nº 378",4430 - 228,V. N. Gaia,223 700 100,secretaria@passinhosderei.pt?Subject=%A9%20Primeira%20Imagem,http://www.passinhosderei.pt,https://www.primeiraimagem.com/passinhos-de-rei.php
Os Maravilhas - Creche e Jardim de Infância,Canelas,vila-nova-de-gaia,"Rua de Buel, nº 56",4410 - 263,Canelas,918 136 671,,https://morangos.com/morangos-gaia-serzedo-creche-e-jardim-de-infancia/,https://www.primeiraimagem.com/os-maravilhas.php
SCMC - Creche Pinhal,Estoril,cascais,"Santa Casa Misericórdia de Cascais Largo Monte Leite, nº 46 S. João Estoril",2765 - 342,Estoril,214 689 400,,,https://www.primeiraimagem.com/creche-pinhal.php
Baleia Amarela - ARIFA,Amora,seixal,"Rua Cidade de Maputo, 3",2845 - 572,Amora,217 651 305,,https://parquedossorrisos.pt/,https://www.primeiraimagem.com/baleia-amarela-arifa.php
Fundação do Colégio de S. Gonçalo de Amarante,Madalena,amarante,Avenida 25 de Abril Madalena,4600 - 014,Amarante,255 432 020,,,https://www.primeiraimagem.com/fundacao-do-colegio-de-s-goncalo-de-amarante.php
Atelier Montessori,S. João de Brito,lisboa,"Rua D. Pedro Cristo, nº 18",1700 - 136,Lisboa,218 403 257,,http://www.escolaraiz.pt,https://www.primeiraimagem.com/atelier-montessori.php
Estação da Fantasia - Berçário e Creche,Fogueteiro,seixal,"Estação Ferroviária do Fogueteiro, lj 13 a 17",2840 - 732,Seixal,210 822 189,,https://parquedossorrisos.pt/,https://www.primeiraimagem.com/estacao-da-fantasia-bercario-e-creche.php
O Viveirinho - Externato,Mina de Água,amadora,"Rua Movimento das Forças Armadas, nº 12 - R/C",2700 - 597,Amadora,214 932 179,,http://www.misericordia-amadora.pt,https://www.primeiraimagem.com/o-viveirinho-externato.php
OBER - Creche O Traquinas I,Baião,baiao,Obra do Bem Estar Rural de Baião Praça D. Manuel de Castro,4640 - 137,Baião,913 699 968,,,https://www.primeiraimagem.com/creche-o-traquinas-i.php
Associação Tempo de Mudar,Marvila,lisboa,"Associação Tempo de Mudar para o Desenvolvimento do Bairro dos Lóios R. Pedro José Pezerat, Bloco B (edifício Azul) Bairro dos Lóios",1950 - 242,Lisboa,218 596 783,,http://www.escolaraiz.pt,https://www.primeiraimagem.com/associacao-tempo-de-mudar-para-o-desenvolvimento-do-bairro-dos-loios.php
Creche O Crescer - Académico de Leiria,Leiria,leiria,"Rua D. João Pereira Venâncio, 113",2410 - 037,Leiria,244 811 194,,http://www.toquinha.pt/,https://www.primeiraimagem.com/creche-o-crescer.php
Só Bebés - Creche,Telheiras,lisboa,"Rua José Escada, nº 1A",1600 - 482,Lisboa,217 540 813,,http://www.escolaraiz.pt,https://www.primeiraimagem.com/so-bebes-creche.php
CSCFEM - Creche Arco-Íris,Fermedo,arouca,"Creche Arco-Íris Centro Social e Cultural de Fermedo, Escariz e Mato Lugar de Coruto",4540 - 300,Escariz,256 928 078,,https://www.colegiosantaeulalia.pt/,https://www.primeiraimagem.com/creche-arco-iris.php
Jardim do Fraldinhas,Marrazes,leiria,"Creche, Pré-Escolar e 1º Ciclo Rua Bombeiros Voluntários de Leiria, 115",2415 - 713,Leiria,244 840 010,,http://www.toquinha.pt/,https://www.primeiraimagem.com/jardim-do-fraldinhas.php
O Cantinho da Cegonha - Creche,Sacavém,loures,"Logotipo R. Cooperativa A Sacavenense, 27  1º Dto. Lj. Quinta Património",2685 - 005,Sacavém,219 403 864,info@ccegonha.pt?Subject=%A9%20Primeira%20Imagem,http://www.ccegonha.pt,https://www.primeiraimagem.com/creche-o-cantinho-da-cegonha.php
APIST - Creche e Pré-Escolar,S. João de Deus,lisboa,"Logotipo Infantário da Associação do Pessoal do Instituto Superior Técnico Av. Rovisco Pais, 1",1049 - 001,Lisboa,218 417 314,infantario@apist.tecnico.ulisboa.pt?Subject=%A9%20Primeira%20Imagem,http://apist.tecnico.ulisboa.pt/infantario.html,https://www.primeiraimagem.com/infantario-da-associacao-pessoal-do-instituto-superior-tecnico.php
CVP - Creche A Joaninha,Fuseta,olhao,"Cruz Vermelha Portuguesa Rua Nossa Senhora do Carmo, 51/52",8700 - 024,Fuseta,289 793 490,,,https://www.primeiraimagem.com/creche-a-joaninha.php
O Jardim Encantado - Jardim de Infância,Bobadela,loures,"Largo Infante D. Henrique, nº 5 - 1º",2695 - 043,Bobadela,219 941 306,,http://www.crechemimarte.pt,https://www.primeiraimagem.com/o-jardim-encantado.php
Bebé Xarila - Creche,Alvalade,lisboa,"Creche Bebé Xarila Campo Grande, nº 170 - 1º Dtº e Esqº",1700 - 094,Lisboa,217 979 667,,http://www.escolaraiz.pt,https://www.primeiraimagem.com/creche-bebe-xarila.php
C. Social Paroquial de Aveiras de Baixo,Aveiras de Baixo,azambuja,"Centro Social e Paroquial de Aveiras de Baixo Largo Sara Rosa Tavares Fonseca, nº 13",2050 - 015,Aveiras de Baixo,263 475 254,,,https://www.primeiraimagem.com/centro-social-e-paroquial-de-aveiras-de-baixo.php
Sozinho em Casa - Creche,Carnide,lisboa,"Rua Aristides Sousa Mendes, 2 - F",1600 - 413,Lisboa,217 168 118,sozinhoemcasa@sapo.pt?Subject=%A9%20Primeira%20Imagem,http://www.escolaraiz.pt,https://www.primeiraimagem.com/sozinho-em-casa-creche.php
Colégio Parque do Falcão,Arrentela,seixal,"Rua Júlio Augusto Henriques, 7 Arrentela",2840 - 212,Seixal,212 275 035,,https://parquedossorrisos.pt/,https://www.primeiraimagem.com/colegio-parque-do-falcao.php
Bebecas - Creche,S. Domingos de Benfica,lisboa,"Creche Bebecas Rua Abilio Mendes, nº 24b e 26a",1500 - 458,Lisboa,214 015 150,,http://www.escolaraiz.pt,https://www.primeiraimagem.com/creche-bebecas.php
O Jardim Encantado II - Creche,Bobadela,loures,"Rua da Olivença, nº 6 r/c",2695 - 043,Bobadela,309 737 197,,http://www.crechemimarte.pt,https://www.primeiraimagem.com/o-jardim-encantado-ii.php
SCMP - Creche e Jardim de Infância,Paredes,paredes,"Santa Casa Misericórdia de Paredes Rua Elias Moreira Neto, nº 161",4580 - 085,Paredes,255 780 246,,,https://www.primeiraimagem.com/santa-casa-misericordia-de-paredes.php
Centro Social Paroquial de Ribeirão,Ribeirão,famalicao,"Avenida 3 Julho, 79",4760 - 713,Ribeirão,252 490 490,,,https://www.primeiraimagem.com/centro-social-paroquial-de-ribeirao.php
J. Infância de Serra D`El-Rei,Serra D`El-Rei,peniche,"Jardim de Infância de Serra D`El-Rei Rua da Alegria, 36",2525 - 816,Serra D`El-Rei,262 909 854,,,https://www.primeiraimagem.com/jardim-de-infancia-de-serra-d-el-rei.php
SCMA - Olhos de Água,Olhos de Água,albufeira,"Creche do Equip. Social Olhos de Água Santa Casa da Misericórdia de Albufeira Caminho da Zefa, 18",8200 - 632,Albufeira,289 515 427,,,https://www.primeiraimagem.com/creche-do-equip-social-olhos-de-agua.php
Casa do Pessoal Hospital V. N. F.,V. N. Famalicão,famalicao,"Casa do Pessoal do Hospital Distrital de Vila Nova de Famalicão Rua Amadeu Mesquita, 156",4760 - 119,Vila Nova de Famalicão,252 317 738,,,https://www.primeiraimagem.com/casa-do-pessoal-do-hospital-distrital-de-vila-nova-de-famalicao.php
Cáritas Diocesana de Bragança,Sé,braganca,Bairro da Coxa - Rua da Cáritas,5300 - 164,Bragança,273 323 110,,,https://www.primeiraimagem.com/caritas-diocesana-de-braganca.php
Centro Comunitário du Bocage -  J. Infância O Palhacinho,São Sebastião,setubal,Rua Alves Redol Faralhão,2910 - 145,Setúbal,265 783 373,,,https://www.primeiraimagem.com/centro-comunitario-du-bocage-j-infancia-o-palhacinho.php
Creche e J. Infância de Grândola,Grândola,grandola,Creche e Jardim de Infância de Grândola Rua D. Afonso Henriques,7570 - 236,Grândola,269 442 626,,,https://www.primeiraimagem.com/creche-e-jardim-de-infancia-de-grandola.php
C.C.R. C.C.R.,Alcântara,lisboa,"Logotipo Centro Cultural e Recreativo das Crianças do Cruzeiro e Rio-Seco Rua D. João de Castro, nº 86",1300 - 195,Lisboa,213 644 465,ccr.dir@sapo.pt?Subject=%A9%20Primeira%20Imagem,http://www.ccrccr.pt,https://www.primeiraimagem.com/ccr-ccr.php
Creche Municipal de Arreigada,Arreigada,pacos-de-ferreira,"Praceta do Centro Escolar de Arreigada, 17",4595 - 032,Arreigada,255 860 700,,http://www.colegiomarcadagua.edu.pt,https://www.primeiraimagem.com/creche-municipal-de-arreigada.php
CBES Muge,Muge,salvaterra-de-magos,"Rua da Infância, Bairro Cova da Faia",2135 - 340,Muge,243 581 301,,,https://www.primeiraimagem.com/cbes-muge.php
C. S. Paroquia de Penselo,Pencelo,guimaraes,Centro Social da Paroquia de Penselo Lugar da Igreja - Pencelo,4800 - 110,Guimarães,253 556 283,,,https://www.primeiraimagem.com/centro-social-da-paroquia-de-penselo.php
Fund. Helena Albuquerque Quadros,Angeja,albergaria-a-velha,"Fundação Creche Helena Albuquerque Quadros Rua Fernando Santos, 11",3850 - 425,Angeja,234 911 166,,https://www.colegiosantaeulalia.pt/,https://www.primeiraimagem.com/fundacao-creche-helena-albuquerque-quadros.php
AIPICA - Creche e J. Infância da Trafaria,Trafaria,almada,Creche e Jardim de Infância da Trafaria Associação de Iniciativas Populares para a Infância dio Concelho de Almada Rua 1º de Maio,2825 - 883,Trafaria,212 951 124,,https://parquedossorrisos.pt/,https://www.primeiraimagem.com/creche-e-jardim-de-infancia-pao-da-trafaria.php
A Escolinha-Infantário e J. Infância,Foz do Douro,porto,"A Escolinha-Infantário e Jardim de Infância Rua Fernão Mendes Pinto, nº 133",4150 - 321,Porto,226 181 866,,http://www.clip.pt,https://www.primeiraimagem.com/a-escolinha-infantario-e-jardim-de-infancia.php
OSMOPE - Obra Social Ministério Obras Públicas,Bonfim,porto,"Obra Social do Ministério das Obras Públicas Rua Costa Cabral, nº 220",4200 - 208,Porto,220 127 218,,http://www.clip.pt,https://www.primeiraimagem.com/osmope.php
Jardim Infantil de Ourém,Nª Sr.ª da Piedade,ourem,"Rua Eng. Adelino Amaro da Costa, 15",2490 - 510,Ourém,249 545 305,,,https://www.primeiraimagem.com/jardim-infantil-de-ourem.php
Colégio O Brinquinho,Vidais,caldas-da-rainha,"Rua Manuel Marques, 14 Matoeira",2500 - 743,Caldas da Rainha,262 939 002,,,https://www.primeiraimagem.com/colegio-o-brinquinho.php
Confraria ou Irmandade de Sta. Eulália,Repeses,viseu,"Rua do Fojo, 27",3500 - 713,Viseu,232 429 796,,,https://www.primeiraimagem.com/confraria-ou-irmandade-de-sta-eulalia.php
CBES Macinhata do Vouga,Macinhata do Vouga,agueda,"Centro Bem Estar Social Macinhata do Vouga Avenida da República, 4",3750 - 593,Macinhata do Vouga,234 571 154,,https://www.colegiosantaeulalia.pt/,https://www.primeiraimagem.com/centro-bem-estar-social-macinhata-do-vouga.php
Garatuja - Creche e J. Infância,Alcabideche,cascais,"Garatuja - Creche e Jardim de Infância Praceta do Antigo Mercado, nº 80",2645 - 043,Alcabideche,214 603 900,,,https://www.primeiraimagem.com/garatuja-creche-e-jardim-de-infancia.php
Externato Júlio Dinis,Queluz,sintra,"R. Joaquim E. Gaspar Gomes, 64 - R/C",2745 - 133,Queluz,214 350 293,,http://www.infantario-popular-sintra.com,https://www.primeiraimagem.com/externato-julio-dinis.php
O Nosso Jardim - PSI,Póvoa de Santa Iria,vila-franca-de-xira,"Av. Prof. Dr. Egas Moniz, lote C Casal da Serra",2625 - 147,Póvoa de Santa Iria,969 771 771,,https://morangos.com/morangos-parreirinha-creche-e-jardim-de-infancia/,https://www.primeiraimagem.com/o-nosso-jardim-psi.php
Creche Casal do Telhado  - CSP,Santa Eulália,vizela,"Centro Social Paroquial St. Eulália-Vizela Largo da Igreja, 36",4620 - 547,Vizela,253 583 580,,,https://www.primeiraimagem.com/creche-casal-do-telhado.php
Centro Social Paróquia de S. Victor,São Victor,braga,"Rua de São Domingos, 4",4710 - 435,Braga,253 204 628,,,https://www.primeiraimagem.com/centro-social-paroquia-de-s-victor.php
A Colmeia das Abelhinhas,Portimão,portimao,"Rua Sidónio Pais, Lt. 4",8500 - 735,Portimão,965 128 093,,,https://www.primeiraimagem.com/a-colmeia-das-abelhinhas.php
A Praceta - Coop. Ensino Alameda,Oeiras,oeiras,,,,,,http://www.parkids.pt,https://www.primeiraimagem.com/a-praceta-cooperativa-de-ensino-alameda.php
Externato Despertar,Oliveira de Azeméis,oliveira-de-azemeis,"Rua A. Pinto de Carvalho, 13 - 1º",3720 - 224,Oliveira de Azeméis,256 682 342,,https://www.colegiosantaeulalia.pt/,https://www.primeiraimagem.com/externato-despertar.php
Centro Juvenil de Campanhã,Campanhã,porto,"Creche e Jardim de Infância Rua Pinheiro de Campanhã, nº 468",4300 - 415,Porto,225 193 810,,http://www.clip.pt,https://www.primeiraimagem.com/centro-juvenil-de-campanha.php
Casa do Povo de Creixomil,Creixomil,guimaraes,Rua Alto da Bandeira Creixomil,4835 - 014,Guimarães,253 513 503,,,https://www.primeiraimagem.com/casa-do-povo-de-creixomil.php
Os Pioneiros - IPSS,Trofa,agueda,"Associação de Pais de Mourisca do Vouga Rua do Campolinho, 27 Mourisca do Vouga",3750 - 786,Trofa,234 644 838,,https://www.colegiosantaeulalia.pt/,https://www.primeiraimagem.com/os-pioneiros-ipss.php
Patronato de Nossa Sra. da Luz,São Vicente,braga,"Pç. Mouzinho de Albuquerque, 21",4710 - 301,Braga,253 271 399,,,https://www.primeiraimagem.com/patronato-de-nossa-sra-da-luz.php
CDSCCVN - Centro Social,Cercal,ourem,"Centro Desportivo Social e Cultural do Cercal, Vales e Ninho Rua do Baldio, 2",2490 - 112,Cercal,249 585 705,,,https://www.primeiraimagem.com/centro-desportivo-social-e-cultural-do-cercal-vales-e-ninho.php
C.P.P. Creche Os Palmeirinhas,Albufeira,albufeira,Creche Os Palmeirinhas Centro Paroquial Paderne Rua José Carlos Ary dos Santos,8200 - 049,Albufeira,289 583 200,,,https://www.primeiraimagem.com/creche-os-palmeirinhas.php
Infantário Flor de Abril - A Benéfica e Previdente,Bonfim,porto,"A Benéfica e Previdente - Associação Mutualista Rua de Santo Ildefonso, nº 428 A - 1º, 2º e 3º",4000  -466,Porto,225 366 856,,http://www.clip.pt,https://www.primeiraimagem.com/infantario-flor-de-abril.php
Infantário de Carnide - CSVP,Carnide,lisboa,"Confraria S. Vicente de Paulo Rua do Norte, nº 45",1600 - 537,Lisboa,217 140 433,,http://www.escolaraiz.pt,https://www.primeiraimagem.com/infantario-de-carnide.php
CVP - Jardim da Celeste,Quelfes,olhao,"Cruz Vermelha Portuguesa Urbanização J. Marcelino & Rosa, s/n",8701 - 909,Olhão,289 722 365,,,https://www.primeiraimagem.com/jardim-da-celeste.php
O Vale Encantado - Creche,Sto. António dos Cavaleiros,loures,"Creche O Vale Encantado Avenida Bartolomeu Dias, nº 20",2660 - 441,Santo António dos Cavaleiros,219 891 329,,http://www.crechemimarte.pt,https://www.primeiraimagem.com/creche-o-vale-encantado.php
C. Soc. Paróquia de Cavês,Cavez,cabeceiras-de-basto,"Centro Social da Paróquia de Cavês Av. Padre José Barroso Pereira, 47/50",4860 - 164,Cavês,253 654 140,,,https://www.primeiraimagem.com/centro-social-da-paroquia-de-caves.php
C. Social e Cultural de Cabeçudos,Cabeçudos,famalicao,"Centro Social e Cultural de Cabeçudos Alameda Dr. Alberto Sampaio, 104",4770 - 085,Cabeçudos,,,,https://www.primeiraimagem.com/centro-social-e-cultural-de-cabecudos.php
Centro N.ª Sr.ª dos Milagres,Cernache,coimbra,"Centro Social Nossa Senhora dos Milagres Cáritas Diocesana de Coimbra Rua Álvaro Anes, 7",3040 - 757,Coimbra,239 947 244,,https://morangos.com/morangos-coimbra-creche-e-jardim-de-infancia/,https://www.primeiraimagem.com/centro-social-nossa-senhora-dos-milagres.php
Escolinha Jardim Infantil,Ovar,ovar,"Rua Ferreira Meneres, 69",3880 - 080,Ovar,256 574 325,,https://www.colegiosantaeulalia.pt/,https://www.primeiraimagem.com/escolinha-jardim-infantil.php
Barquinha dos Sonhos - GSSDCRM,Friúmes,penacova,"Grupo Solidariedade Social, Desportivo, Cultural e Recreativo de Miro Rua da Portela, 40 - Miro",3360 - 073,Friúmes,239 476 763,,,https://www.primeiraimagem.com/barquinha-dos-sonhos.php
C. Bem Estar Social da Maiorga,Maiorga,alcobaca,"Centro de Bem Estar Social da Maiorga Rua Prof. Bernardo Almeida, 57",2460 - 539,Maiorga,262 598 950,,,https://www.primeiraimagem.com/centro-de-bem-estar-social-da-maiorga.php
Externato Nª Sra. da Assunção,Cascais,cascais,"Externato Nossa Senhora da Assunção R. Padre José Maria Loureiro, nº 8",2750 - 406,Cascais,214 831 258,,,https://www.primeiraimagem.com/externato-nossa-senhora-da-assuncao.php
Assoc. Recreio e Cultura Salgueiral,Creixomil,guimaraes,Associação Recreio e Cultura Salgueiral Praceta João de Barros – Salgueiral Creixomil,4835 - 062,Guimarães,253 525 368,,,https://www.primeiraimagem.com/associacao-recreio-e-cultura-salgueiral.php
F.A.D.S. - C. Infantil Os Vivaços,Quelfes,olhao,"Centro Infantil Os Vivaços Fundação Algarvia de Desenvolvimento Social Praça Dr. Coutinho Pais, Lote 28",8700 - 258,Olhão,289 703 518,,,https://www.primeiraimagem.com/centro-infantil-os-vivacos.php
Assoc. para o Desenvolvimento de Galegos,Galegos,penafiel,Associação para o Desenvolvimento de Galegos Avenida do Carvalheiro - Quinta de Currais Galegos,4560 - 122,Penafiel,255 724 364,,,https://www.primeiraimagem.com/associacao-para-o-desenvolvimento-de-galegos.php
A. D. Freguesia de Guilhufe,Guilhufe,penafiel,Associação para o Desenvolvimento da Freguesia de Guilhufe e Urrô Avenida São João Evangelista,4560 - 161,Guilhufe PNF,919 162 916,,,https://www.primeiraimagem.com/associacao-para-o-desenvolvimento-da-freguesia-de-guilhufe-e-urro.php
Jardim dos Pequeninos - Creche,Quelfes,olhao,"Creche Jardim dos Pequeninos Centro de Bem-Estar Social Nossa Senhora de Fátima Rua Alberto Lopes, 2",8700 - 249,Olhão,289 721 778,,,https://www.primeiraimagem.com/creche-jardim-dos-pequeninos.php
O Capuchinho - Creche e J. Infância - SCMP,Penafiel,penafiel,O Capuchinho - Creche e Jardim de Infância Misericórdia de Penafiel Rua dos Pelames,4560 - 469,Penafiel,255 213 009,,,https://www.primeiraimagem.com/o-capuchinho.php
C. Soc. Paroquial de Recardães,Recardães,agueda,Centro Social Paroquial de Recardães Póvoa da Igreja,3750 - 722,Recardães,234 612 180,,https://www.colegiosantaeulalia.pt/,https://www.primeiraimagem.com/centro-social-paroquial-de-recardaes.php
Centro Social Júlio Antunes,Vermoil,pombal,"Rua do Centro Social, 8",3105 - 437,Vermoil,236 942 248,,,https://www.primeiraimagem.com/centro-social-julio-antunes.php
Centro Social de Recesinhos,Recesinhos,penafiel,"Rua António Huet de Bacelar, nº 81",4560 - 802,S. Martinho de Recesinhos,255 735 269,,,https://www.primeiraimagem.com/centro-social-de-recesinhos.php
Os Catitas - Infantário,Quinta do Conde,sesimbra,"Logotipo Creche e Jardim de Infância Rua Febo Moniz, lote 2694",2975 - 370,Quinta do Conde,210 821 280,falecom@catitas.pt?Subject=%A9%20Primeira%20Imagem,https://www.catitas.pt ,https://www.primeiraimagem.com/os-catitas-infantario.php
S. C. M. Alenquer - Infantário dos Cadafais,Cadafais,alenquer,"Rua do Sol Nascente, 17",2580 - 131,Cadafais,263 730 630,,,https://www.primeiraimagem.com/scm-alenquer-infantario dos-cadafais.php
Lar da Criança de Portimão - Pólo Ouriva,Portimão,portimao,"Rua dos Morgados, Lt. 15",8500 - 484,Portimão,969 835 705,,,https://www.primeiraimagem.com/lar-da-crianca-de-portimao-polo-ouriva.php
O Papião - Colégio,S. Pedro do Estoril,cascais,"Colégio O Papião Rua Conselheiro Fernando de Sousa, nº 117",2765 - 535,S. Pedro do Estoril,214 681 717,,,https://www.primeiraimagem.com/colegio-o-papiao.php
Colégio João Paulo II - Pólo das 7 Fontes,São Victor,braga,"Tv. Rafael Bordalo Pinheiro, 6",4710 - 348,Braga,253 726 390,,,https://www.primeiraimagem.com/colegio-joao-paulo-ii-polo-das-7-fontes.php
SCMS - Pré-Escolar,Soure,soure,Santa Casa da Misericórdia de Soure Pré-Escolar Rua Heróis do 25 de Abril,3130 - 511,Soure,963 412 012,,,https://www.primeiraimagem.com/santa-casa-da-misericordia-de-soure-pre-escolar.php
A Voz do Operário - Esp. Educ. do Laranjeiro,Laranjeiro,almada,,,,,,https://parquedossorrisos.pt/,https://www.primeiraimagem.com/a-voz-do-operario-espaco-educativo-do-laranjeiro.php
Ass. Pais Amigos Inf. J. I. Dr. Leonardo Coimbra Filho,Lordelo do Ouro,porto,"Associação de Pais e Amigos do Infantário e Jardim de Infância Dr. Leonardo Coimbra Filho Rua de Serralves, nº 805",4150 - 708,Porto,226 174 870,,http://www.clip.pt,https://www.primeiraimagem.com/associacao-de-pais-e-amigos-do-infantario-e-jardim-de-infancia-dr-leonardo-coimbra-filho.php
C. Soc. Paroq. da Vera Cruz,Vera Cruz,aveiro,"Centro Social Paroquial da Vera Cruz R. Prior Manuel António Fernandes, 21",3800 - 129,Aveiro,234 380 420,,https://www.colegiosantaeulalia.pt/,https://www.primeiraimagem.com/centro-social-paroquial-da-vera-cruz.php
Creche Bairro Liceu - AMPB,São Julião,setubal,"Associação de Moradores da Praça do Brasil Praceta Jaime Horácio Pacheco Junqueiro, 4",2900 - 710,Setúbal,265 534 724,,,https://www.primeiraimagem.com/creche-bairro-liceu .php
Infantário de Santa Ana,São João do Souto,braga,"Irmandade de Santa Cruz Rua dos Falcões, 14",4700 - 308,Braga,253 205 909,,,https://www.primeiraimagem.com/infantario-de-santa-ana.php
Centro Social Paroquial de Donim,Donim,guimaraes,"Largo da Igreja, 4",4805 - 592,Donim,253 573 391,,,https://www.primeiraimagem.com/centro-social-paroquial-de-donim.php
Centro Social do Barredo,Miragaia,porto,"Creche e Jardim de Infância Rua S. Nicolau, nº 2",4050 - 561,Porto,222 053 188,,http://www.clip.pt,https://www.primeiraimagem.com/centro-social-do-barredo.php
Associação de Infância Dona Teresa - Jardim de Infância,Albergaria-a-Velha,albergaria-a-velha,Jardim de Infância das Lameirinhas Bairro das Lameirinhas,3850 - 079,Albergaria-a-Velha,234 522 499,,https://www.colegiosantaeulalia.pt/,https://www.primeiraimagem.com/associacao-de-infancia-dona-teresa-jardim-de-infancia.php
APDAF,Nª Sr.ª da Piedade,ourem,"Associação para a Promoção e Dinamização do Apoio à Família Praça Dr. Francisco Vieira, 120",2490 - 532,Ourém,249 541 093,,,https://www.primeiraimagem.com/associacao-para-a-promocao-e-dinamizacao-do-apoio-a-familia.php
Escola do Parque - CBESNSS,Aldoar,porto,"Centro de Bem-estar Social Nossa Senhora do Socorro Travessa da Costibela, s/n",4100 - 060,Porto,226 184 993,,http://www.clip.pt,https://www.primeiraimagem.com/escola-do-parque.php
SCMB - Creche Rainha Santa Isabel,S. José de S. Lázaro,braga,Santa Casa da Misericórdia de Braga Rua Sá de Miranda,4700 - 352,Braga,253 201 414,,,https://www.primeiraimagem.com/creche-rainha-santa-isabel.php
SOLAMI,Casal de Cambra,sintra,"Associação Solidariedade e Amizade de Casal de Cambra Rua Cadis, C Comunitario Casal Cambra",2605 - 732,Casal de Cambra,219 809 830,,http://www.infantario-popular-sintra.com,https://www.primeiraimagem.com/solami.php
O Nosso Futuro - Creche e J. Infância,Aldoar,porto,"Logotipo Berçário, Creche e Jardim de Infância Rua Fonte da Moura , 105",4100 - 250,Porto,226 182 782,colegioonossofuturo@gmail.com?Subject=%A9%20Primeira%20Imagem,http://www.onossofuturo.pt,https://www.primeiraimagem.com/o-nosso-futuro.php
Estrelas de Luz - J. Infância,Mina de Água,amadora,"Estrelas de Luz - Jardim de Infância Avenida Fernando Valle, Lt. 30, Lj. B",2700 - 392,Amadora,214 930 638,,http://www.misericordia-amadora.pt,https://www.primeiraimagem.com/estrelas-de-luz-jardim-de-infancia.php
Creche Meio Palmo I - APAJE,Fátima,ourem,"Rua da Forja, 75 a 79",2495 - 630,Fátima,249 533 895,,,https://www.primeiraimagem.com/creche-meio-palmo-i-apaje.php
,,albergaria-a-velha,,,,,,,https://www.primeiraimagem.com/#
Amor Perfeito de Agualva-Cacém,Cacém,sintra,"ARPIAC Rua de S. Paulo, 11 Bairro de Eureca",2735 - 612,Cacém,219 129 463,,http://www.infantario-popular-sintra.com,https://www.primeiraimagem.com/amor-perfeito-de-agualva-cacem.php
SCMB - Centro Infantil Cinderela,Sé,braganca,Santa Casa da Misericórdia de Bragança Rua Emídio Navarro,5300 - 210,Bragança,273 322 143,,,https://www.primeiraimagem.com/scmb-centro-infantil-cinderela .php
Assoc. Pessoal F. Calouste Gulbenkian,Avenidas Novas,lisboa,"Associação do Pessoal da Fundação Calouste Gulbenkian Rua de Dom Luís de Noronha, nº 33",1050 - 071,Lisboa,217 823 566,,http://www.escolaraiz.pt,https://www.primeiraimagem.com/associacao-do-pessoal-da-fundacao-calouste-gulbenkian.php
C. Promoção Soc. Furadouro,Ovar,ovar,Centro de Promoção Social do Furadouro Avenida da República - Furadouro,3880 - 350,Ovar,256 591 171,,https://www.colegiosantaeulalia.pt/,https://www.primeiraimagem.com/centro-de-promocao-social-do-furadouro.php
Jardim dos Palhacinhos,Guia,albufeira,"Creche e Jardim de Infância Vale de Parra, 490 A",8200 - 427,Guia,926 691 230,,,https://www.primeiraimagem.com/jardim-dos-palhacinhos.php
NT Social - Creche Vale de Rãs,Loulé,loule,"Cooperativa de Solidariedade de Loulé, CRL Rua Graça Mira, Urb. Vale de Rãs",8100 - 231,Loulé,289 410 290,,,https://www.primeiraimagem.com/nt-social-creche-vale-de-ras.php
C. Social de Pousada de Saramagos,P. Saramagos,famalicao,"Centro Social de Pousada de Saramagos Avenida de S. Martinho, 201",4770 - 408,Pousada de Saramagos,252 990 450,,,https://www.primeiraimagem.com/centro-social-de-pousada-de-saramagos.php
Sonho Mágico - A.S.R.C.B.F. Vai Avante,S. Cosme,gondomar,"Sonho Mágico - Creche e Jardim de Infância Travessa do Paraíso, nº 21",4420 - 248,Gondomar,968 581 695,,http://www.colegiopaulovi.com,https://www.primeiraimagem.com/sonho-magico.php
Colégio Os Traquinas,Rio de Loba,viseu,"Rua da Soima, Viso",3505 - 518,Viseu,232 421 292,,,https://www.primeiraimagem.com/colegio-os-traquinas.php
Centro Social Arco-Íris,Espinhel,agueda,"Rua do Viso, 260 Paradela",3750 - 405,Espinhel,234 691 577,,https://www.colegiosantaeulalia.pt/,https://www.primeiraimagem.com/centro-social-arco-iris.php
Escola São de Vicente C. Gulbenkian,Alcabideche,cascais,Escola São de Vicente Calouste Gulbenkian Centro Social e Paroquial de Alcabideche Rua da Guiné Bissau,2645 - 267,Alcabideche,215 961 617,,,https://www.primeiraimagem.com/escola-sao-de-vicente-calouste-gulbenkian.php
Ecobabies – Creche e Jardim de Infância,Agualva,sintra,"Rua José Afonso, Lote M1 Agualva",2735 - 538,Cacém,214 338 985,geral@ecobabies.pt?Subject=%A9%20Primeira%20Imagem,http://www.infantario-popular-sintra.com,https://www.primeiraimagem.com/ecobabies.php
ASESM,Salir de Matos,caldas-da-rainha,"Associação de Solidariedade e Educação de Salir de Matos Rua Principal, 4",2500 - 637,Salir de Matos,262 839 550,,,https://www.primeiraimagem.com/associacao-de-solidariedade-e-educacao-de-salir-de-matos.php
Urbanitos - Creche e J. Infância da APPC,Valbom,gondomar,"Creche e Jardim de Infância Urbanitos Associação do Porto de Paralisia Cerebral Rua D. Francisco D’Almeida, nº 153",4420 - 425,Gondomar,224 641 531,,http://www.colegiopaulovi.com,https://www.primeiraimagem.com/creche-e-jardim-de-infancia-urbanitos.php
S.C.M. Pedrógão Grande,Pedrógão Grande,pedrogao-grande,"Santa Casa da Misericórdia de Pedrógão Grande Largo da Deveza, 2 e 4",3270 - 101,Pedrógão Grande,236 488 060,,,https://www.primeiraimagem.com/santa-casa-da-misericordia-de-pedrogao-grande.php
Escola da Terra,Colares,sintra,"Rua da Igreja, 1 Azóia",2705 - 001,Colares,964 143 222,,http://www.infantario-popular-sintra.com,https://www.primeiraimagem.com/escola-da-terra-sintra.php
C. Social e Cultural de Riba de Ave,Riba de Ave,famalicao,"Centro Social e Cultural de Riba de Ave Rua Fernando Pessoa, nº 164",4765 - 247,Riba de Ave,252 981 273,,,https://www.primeiraimagem.com/centro-social-e-cultural-de-riba-de-ave.php
Externato Eduarda Maria,Parede,cascais,"Rua Machado dos Santos, nº 395",2775 - 236,Parede,214 573 571,,,https://www.primeiraimagem.com/externato-eduarda-maria.php
C. Soc. Paroq. de Moscavide,Moscavide,loures,Centro Social Paroquial de Moscavide Praceta do Centro Social,1885 - 085,Moscavide,219 444 301,,http://www.crechemimarte.pt,https://www.primeiraimagem.com/centro-social-paroquial-de-moscavide.php
AAFFA,Fazendas Almeirim,alcanena,"Associação de Apoio às Familias de Fazendas de Almeirim Rua do Infantário, 2",2080 - 631,Fazendas de Almeirim,243 599 418,,,https://www.primeiraimagem.com/associacao-de-apoio-as-familias-de-fazendas-de-almeirim.php
Escola do Povo das Mercês,Rio de Mouro,sintra,Av. Bela Vista - Mercês,2635 - 173,Rio de Mouro,219 217 746,,http://www.infantario-popular-sintra.com,https://www.primeiraimagem.com/escola-do-povo-das-merces.php
C. Social e Cultural Dr. Nuno Simões,Calendário,famalicao,"Centro Social e Cultural Dr. Nuno Simões Rua Doutor Manuel Faria, 81 Calendário",4760 - 331,Vila Nova de Famalicão,252 171 940,,,https://www.primeiraimagem.com/centro-social-e-cultural-dr-nuno-simoes.php
Externato Nª Senhora do Rosário,Cascais,cascais,"Externato Nossa Senhora do Rosário Rua Nossa Senhora do Rosário, nº 456",2750 - 178,Cascais,214 822 098,,,https://www.primeiraimagem.com/externato-nossa-senhora-do-rosario.php
Jardim Escola João de Deus - Campo Grande,Campo Grande,lisboa,"Rua Ernesto de Vasconcelos, 8",1700 - 162,Lisboa,210 939 709,,http://www.escolaraiz.pt,https://www.primeiraimagem.com/jardim-escola-joao-de-deus-campo-grande.php
Escola Gente Pequena,Mem Martins,sintra,"Avenida Professor Bento de Jesus Caraça, nº 7C e 7D",2725 - 032,Mem Martins,219 263 073,,http://www.infantario-popular-sintra.com,https://www.primeiraimagem.com/escola-gente-pequena.php
CBES Figueira de Lorvão,Figueira de Lorvão,penacova,Centro de Bem-Estar Social de Figueira de Lorvão Lg. Cónego Manuel Vieira dos Santos,3360 - 053,Figueira de Lorvão,239 472 741,,,https://www.primeiraimagem.com/centro-de-bem-estar-social-de-figueira-de-lorvao.php
Assoc. Paços 2000 - Creche Dr. José Bastos,Seroa,pacos-de-ferreira,Associação Paços 2000 Lugar de S. Domingos - Seroa,4590 - 529,Paços de Ferreira,255 865 692,,http://www.colegiomarcadagua.edu.pt,https://www.primeiraimagem.com/creche-dr-jose-bastos.php
Casa da Criança - SCMA,Águeda,agueda,"Santa Casa da Misericórdia de Águeda Rua da Misericórdia, 219",3750 - 130,Águeda,234 690 355,,https://www.colegiosantaeulalia.pt/,https://www.primeiraimagem.com/casa-da-crianca-agueda.php
Solinorte -J. Infância Acácio Gomes,Ramalde,porto,"Solinorte - Jardim de Infância Acácio Gomes Rua Maria Lamas, nº 492",4250 - 278,Porto,968 033 061,,http://www.clip.pt,https://www.primeiraimagem.com/solinorte-jardim-de-infancia-acacio-gomes.php
C. Social Paroquial de Vale S. Cosme,Vale S. Cosme,famalicao,Centro Social e Paroquial de Vale S. Cosme Largo Comendador Manuel Gonçalves,4770 - 571,Vale S. Cosme,252 910 300,,,https://www.primeiraimagem.com/centro-social-e-paroquial-de-vale-s-cosme.php
Centro Social Paroquial de Lorvão,Lorvão,penacova,"Casa da Criança Rua do Bairro, s/n",3360-106,Lorvão,239 472 382,,,https://www.primeiraimagem.com/centro-social-paroquial-de-lorvao.php
Creche Era Uma Vez - AISGRA,Grândola,grandola,Associação de Intervenção Social de Grândola Rua João Saguer Cerrado das Aranhas,7570 - 310,Grândola,269 448 212,,,https://www.primeiraimagem.com/creche-era-uma-vez.php
Casa da Pequenada - ASCS,Macinhata do Vouga,agueda,"Associação Social & Cultural de Serém Rua Santo António, 157 Serém de Baixo",3750 - 598,Macinhata do Vouga,234 524 227,,https://www.colegiosantaeulalia.pt/,https://www.primeiraimagem.com/casa-da-pequenada.php
Infancoop,Caldas da Rainha,caldas-da-rainha,"Infancoop - Creche e Pré-Escolar ""Girassol"" Rua Manuel de Matos e Sousa, 71",2500 - 857,Caldas da Rainha,262 840 860,,,https://www.primeiraimagem.com/infancoop-creche-e-pre-escolar-girassol.php
Externato O Nicho,Estoril,cascais,"Estrada de Alapraia, nº 282",2765 - 021,Estoril,214 667 210,,,https://www.primeiraimagem.com/externato-o-nicho.php
C. Social Paroquial S. Miguel de Ceide,Seide,famalicao,"Centro Social e Paroquial São Miguel de Ceide Rua Dr. Manuel Faria, 601",4770 - 639,Seide,252 378 082,,,https://www.primeiraimagem.com/centro-social-e-paroquial-sao-miguel-de-ceide.php
Externato N. Sra. da Apresentação,Cacém,sintra,"Externato Nossa Senhora da Apresentação Rua José Relvas, nº 1 Quinta da Caravela",2735 - 123,Agualva,219 140 050,,http://www.infantario-popular-sintra.com,https://www.primeiraimagem.com/externato-nossa-senhora-da-apresentacao.php
Externato Sueco,Carcavelos,cascais,"Rua Quelimane, nº 174",2775 - 620,Carcavelos,214 570 646,,,https://www.primeiraimagem.com/externato-sueco.php
Fundação Mário da Cunha Brito,São Pedro de Alva,penacova,"Largo Engenheiro Maurício Vieira de Brito, 1",3360 - 258,S. Pedro de Alva,239 450 140,,,https://www.primeiraimagem.com/fundacao-mario-da-cunha-brito.php
Associação Amigos de Urgeses,Urgezes,guimaraes,Rua Amigos de Urgeses Urgezes,4810 - 482,Guimarães,253 521 985,,,https://www.primeiraimagem.com/associacao-amigos-de-urgeses.php
C. Soc. S. Lázaro - Carandá,S. José de S. Lázaro,braga,"Centro Social da Paróquia de S. Lázaro Equip. Carandá Rua Arnaldo Gama, 33",4715 - 006,Braga,253 272 928,,,https://www.primeiraimagem.com/centro-social-da-paroquia-de-s-lazaro.php
SCMP - Creche,Penacova,penacova,"Santa Casa da Misericórdia de Penacova Rua Sto. António, 4",3360 - 337,Penacova,239 470 070,,,https://www.primeiraimagem.com/santa-casa-da-misericordia-de-penacova.php
Externato Nossa Senhora da Conceição,Mem Martins,sintra,"Creche e Jardim de Infância R. Domingos Saraiva, nrs. 16- 16 A",2725 - 286,Mem Martins,219 200 011,mundodossentidos@sapo.pt?Subject=%A9%20Primeira%20Imagem,http://www.infantario-popular-sintra.com,https://www.primeiraimagem.com/externato-nossa-senhora-da-conceicao.php
Fantasias e Letras - J. Infância,S. Domingos de Rana,cascais,"Jardim de Infância Fantasias e Letras Rua dos Canteiros, nº 229 - A",2785 - 611,S. Domingos de Rana,214 456 500,,,https://www.primeiraimagem.com/jardim-de-infancia-fantasias-e-letras.php
O Ninho - Fund. Maria e Oliveira,Alcobaça,alcobaca,"Creche e Jardim de Infância ""O Ninho"" Fundação Maria e Oliveira Rua Maestro Belo Marques, 1",2460 - 061,Alcobaça,262 583 830,,,https://www.primeiraimagem.com/creche-e-jardim-de-infancia-o-ninho.php
Associação Reformados de Lordelo,Lordelo,guimaraes,"Associação de Reformados de Lordelo Rua Padre João Paiva, 15",4815 - 250,Guimarães,252 843 512,,,https://www.primeiraimagem.com/associacao-de-reformados-de-lordelo.php
Casa do Povo de Nine,Nine,famalicao,"Jardim de Infância da Casa do Povo de Nine Largo de Santo António, 82",4775 - 456,Nine VNF,252 961 183,,,https://www.primeiraimagem.com/jardim-de-infancia-da-casa-do-povo-de-nine.php
Faz de Conta - Colégio,Rio de Mouro,sintra,"Colégio Faz de Conta Calçada da Rinchoa, nº 51 A",2635 - 312,Rio de Mouro,219 177 228,,http://www.infantario-popular-sintra.com,https://www.primeiraimagem.com/colegio-faz-de-conta.php
Creche de Sto. António dos Capuchos - SCMP,Penafiel,penafiel,Misericórdia de Penafiel Rua dos Pelames,4560 - 469,Penafiel,255 712 228,,,https://www.primeiraimagem.com/creche-de-santo-antonio-dos-capuchos.php
C. Social Paroquial de Aveiras de Cima,Aveiras de Cima,azambuja,"Centro Social e Paroquial de Aveiras de Cima Travessa da Centieira, nº 3",2050 - 169,Aveiras de Cima,263 475 369,,,https://www.primeiraimagem.com/centro-social-e-paroquial-de-aveiras-de-cima.php
Fraldinhas - Creche e Pré-Escolar,Cascais,cascais,"Praceta Padre Marçal da Silveira, nº 45",2750 - 672,Cascais,214 093 553,,,https://www.primeiraimagem.com/fraldinhas-creche-e-pre-escolar.php
Tempo de Crescer - Creche e Jardim de Infância,Marvila,lisboa,,,,,,http://www.escolaraiz.pt,https://www.primeiraimagem.com/tempo-de-crescer-cresche-e-jardim-de-infancia.php
Associação Vida a Cores - ASPEV,Selho S. Jorge,guimaraes,"ASPEV - Associação Social de Pevidém Vida a Cores Rua do Barreiro de Cima, 353",4835 - 306,Selho S. Jorge,932 040 624,,,https://www.primeiraimagem.com/aspev-associacao-social-de-pevidem-vida-a-cores.php
Fraldinhas e Fraldocas - Creche,Rio de Mouro,sintra,"Creche Fraldinhas e Fraldocas Rua Bartolomeu Perestrelo, nº 2 A/B",2635 - 355,Rio de Mouro,219 165 960,,http://www.infantario-popular-sintra.com,https://www.primeiraimagem.com/creche-fraldinhas-e-fraldocas.php
ASSCDRans,Rans,penafiel,"Associação de Solidariedade Social e Cultura para o Desenvolvimento de Rans Avenida Padre António Pimentel, nº 418",4560 - 755,Rans - PNF,255 720 133,,,https://www.primeiraimagem.com/associacao-de-solidariedade-social-e-cultura-para-o-desenvolvimento-de-rans.php
Liga dos Amigos de Aguada de Cima,Aguada de Cima,agueda,"Rua do Engenho, 586",3750 - 049,Aguada de Cima,234 666 494,,https://www.colegiosantaeulalia.pt/,https://www.primeiraimagem.com/liga-dos-amigos-de-aguada-de-cima.php
J. Escola João de Deus,São Pedro,santarem,Jardim Escola João de Deus Rua Maria da Luz de Deus Ramos Bairro do Girão,2000 - 477,Santarém,243 097 700,,,https://www.primeiraimagem.com/jardim-escola-joao-de-deus_santarem.php
Centro Social de Calendário,Calendário,famalicao,"Rua de S. Julião, 720",4760 - 384,Calendário,252 376 071,,,https://www.primeiraimagem.com/centro-social-de-calendario.php
C. C. S. Integração Social de Tabuadelo,Tabuadelo,guimaraes,"Centro Comunitário de Solidariedade Integração Social de Tabuadelo,Crl Rua São Cipriano, 300",4835 - 461,Tabuadelo,253 567 029,,,https://www.primeiraimagem.com/centro-comunitario-de-solidariedade-integracao-social-de-tabuadelo-crl.php
Assoc. Desenvolvimento  Rio de Moinhos,Rio de Moinhos,penafiel,"Associação para o Desenvolvimento de Rio de Moinhos Praça 20 de Junho, nº 64",4575 - 470,Rio de Moinhos,255 610 510,,,https://www.primeiraimagem.com/associacao-para-o-desenvolvimento-de-rio-de-moinhos.php
C. P. S. Romão de Mesão Frio,Mesão Frio,guimaraes,Centro Paroquial S. Romão de Mesão Frio Lugar do Assento,4810 - 219,Mesão Frio,253 431 225,,,https://www.primeiraimagem.com/centro-paroquial-s-romao-de-mesao-frio.php
Galáxia Branca - Colégio,Monte Abraão,sintra,"Colégio Galáxia Branca Rua D. Diniz, 2",2745 - 262,Monte Abraão,214 376 273,,http://www.infantario-popular-sintra.com,https://www.primeiraimagem.com/colegio-galaxia-branca.php
Centro Social Paroquial de Avidos,Avidos,famalicao,"Rua Manuel Correia Marques, 284",4770 - 796,Avidos,,,,https://www.primeiraimagem.com/centro-social-paroquial-de-avidos.php
Geração de Piratas - Creche,S. Domingos de Rana,cascais,"Logotipo Creche Geração de Piratas Rua Mouzinho da Silveira, 6",2785 - 105,S. Domingos de Rana,218 291 940,creche.direcaojoana@gmail.com?Subject=%A9%20Primeira%20Imagem,https://www.google.com/maps/uv?pb=!1s0xd1ecf2369d62bcf%3A0xe8d3323d673bfaea!3m1!7e115!4shttps%3A%2F%2Flh5.googleusercontent.com%2Fp%2FAF1QipPoG-N_epQqckKvxJ-nTeev3AVa3Kni8GxcfJD6%3Dw284-h160-k-no!5sgera%C3%A7%C3%A3o%20de%20piratas%20-%20Pesquisa%20Google!,https://www.primeiraimagem.com/creche-geracao-de-piratas.php
SCMP - Creche Augusto Neves,Penela,penela,Santa Casa da Misericórdia de Penela Rua Monsenhor Palrinhas,3230 - 272,Penela,239 569 169,,,https://www.primeiraimagem.com/santa-casa-da-misericordia-de-penela-creche-augusto-neves.php
Girassol Dourado - J. Infância,Queluz,sintra,"Girassol Dourado - Jardim de Infância Av. Joaquim Luís, 12",2745 - 287,Queluz,214 377 338,,http://www.infantario-popular-sintra.com,https://www.primeiraimagem.com/girassol-dourado-jardim-de-infancia.php
Horizonte - Crescer para Integrar,S. Domingos de Rana,cascais,"Rua Gaspar Corte Real, nº 43 - 43A",2785 - 453,S. Domingos de Rana,214 533 378,,,https://www.primeiraimagem.com/horizonte-crescer-para-integrar.php
C. Paroquial Moreira de Cónegos,M. Cónegos,guimaraes,"Centro Paroquial de Moreira de Cónegos Avenida de Santa Marta, 9",4815 - 255,Moreira de Cónegos,253 580 070,,,https://www.primeiraimagem.com/centro-paroquial-de-moreira-de-conegos.php
Horizonte - Educar para Incluir,Parede,cascais,"Rua Laura Alves, nº 182",2775 - 114,Parede,214 524 619,,,https://www.primeiraimagem.com/horizonte-educar-para-incluir.php
Centro Social Paroquial de Requião,Requião,famalicao,"Rua Padre Benjamim Salgado, 60",4770 - 449,Requião VNF,252 375 306,,,https://www.primeiraimagem.com/centro-social-paroquial-de-requiao.php
C. Social Paroq. Santo Estevão de Oldrões,Oldrões,penafiel,"Centro Social e Paroquial Santo Estevão de Oldrões Rua Nova do Outeiro, nº 281",4575 - 269,Oldrões - PNF,964 689 446,,,https://www.primeiraimagem.com/centro-social-e-paroquial-santo-estevao-de-oldroes.php
Giz Mágico - Colégio,Massamá,sintra,"Colégio Giz Mágico Avenida 25 de Abril, 41",2745 - 384,Massamá,214 397 807,,http://www.infantario-popular-sintra.com,https://www.primeiraimagem.com/colegio-giz-magico.php
Centro Social de Alfarelos,Alfarelos,soure,"Rua do Cemitério, 1",3130 - 996,Alfarelos,239 642 616,,,https://www.primeiraimagem.com/centro-social-de-alfarelos.php
Casa da Sagrada Família de Penafiel,Penafiel,penafiel,"Creche e Jardim de Infância do Centro Paroquial Rua Direita, nº 87",4560 - 462,Penafiel,255 212 678,,,https://www.primeiraimagem.com/casa-da-sagrada-familia-de-penafiel.php
Herdeiros do Futuro - Colégio,Mem Martins,sintra,"Colégio Herdeiros do Futuro Cooperativa de Solidariedade Social Rua Teresa Gomes nº 12, 14 e 16",2725 - 177,Mem Martins,219 263 543,,http://www.infantario-popular-sintra.com,https://www.primeiraimagem.com/colegio-herdeiros-do-futuro.php
Ideia - O Nosso Sonho - Outeiro,S. Domingos de Rana,cascais,"Rua Ruben Rolo, Edifício IDEIA Outeiro, nº 36",2785 - 816,Outeiro de Polima,214 489 700,,,https://www.primeiraimagem.com/ideia-o-nosso-sonho-outeiro.php
Instituto Duarte de Lemos,Trofa,agueda,"Rua Duarte de Lemos, 113",3750 - 791,Trofa,925 974 560,,https://www.colegiosantaeulalia.pt/,https://www.primeiraimagem.com/instituto-duarte-de-lemos.php
C. Past. D. António Bento Martins Jr,Oliveira,guimaraes,"Centro Pastoral D. António Bento Martins Júnior Rua de Santa Maria, 6",4810 - 248,Guimarães,253 416 144,,,https://www.primeiraimagem.com/centro-pastoral-d-antonio-bento-martins-junior.php
Colégio ATC,Joane,famalicao,"Associação Teatro Construção Rua Doutor Agostinho Fernandes, 113 Joane",4770 - 260,Vila Nova de Famalicão,252 993 906,,,https://www.primeiraimagem.com/colegio-atc.php
Hypha - International School,Colares,sintra,"Rua Dr. Sá Carneiro, 80",2705 - 282,Colares,964 548 790,,http://www.infantario-popular-sintra.com,https://www.primeiraimagem.com/hypha-international-school.php
C. S. D. Manuel Monteiro de Castro,Prazins,guimaraes,"Centro Social D. Manuel Monteiro de Castro Rua Padre João Moreira Leite, 1799 Prazins",4800 - 611,Guimarães,253 471 201,,,https://www.primeiraimagem.com/centro-social-d-manuel-monteiro-de-castro.php
Papagaio Amarelo - Creche,Alenquer,alenquer,"Rua Sacadura Cabral, Lote 15, 1ºandar",2580 - 371,Alenquer,937 800 877,,,https://www.primeiraimagem.com/papagaio-amarelo-creche.php
ACUREDE,Guia,pombal,"Rua Fonte Cabecinho, 2",3105 - 081,Guia PBL,236 952 692,,,https://www.primeiraimagem.com/acurede.php
Centro Social Paroquia de Ferreiros,Ferreiros,braga,"Centro Social da Paroquia de Ferreiros R. Centro Social Paroquial de Ferreiros, 1",4705 - 335,Braga,253 309 580,,,https://www.primeiraimagem.com/centro-social-da-paroquia-de-ferreiros.php
C. Soc. Cult. Recreat. de Pindelo,Pindelo,oliveira-de-azemeis,"Centro Social Cultural e Recreativo de Pindelo R. Padre Manuel José Oliveira, 65",3720 - 454,Pindelo,256 601 103,,https://www.colegiosantaeulalia.pt/,https://www.primeiraimagem.com/centro-social-cultural-e-recreativo-de-pindelo.php
C. S. P. Nª. Senhora da Conceição,Azurém,guimaraes,"Centro Social e Paroquial Nossa Senhora da Conceição Rua Nossa Senhora da Conceição, 787",4800 - 170,Azurém,253 517 964,,,https://www.primeiraimagem.com/centro-social-e-paroquial-nossa-senhora-da-conceicao.php
Reino do Alão - Colégio,Alenquer,alenquer,Colégio Reino do Alão Casal da Choça,2580 - 346,Alenquer,263 098 302,,,https://www.primeiraimagem.com/colegio-reino-do-alao.php
Liga dos Amigos da Quinta do Conde,Quinta do Conde,sesimbra,"Rua Ilha de Porto Santo, Edifício Creche",2975 - 235,Quinta do Conde,212 104 286,,,https://www.primeiraimagem.com/liga-dos-amigos-da-quinta-do-conde.php
S. C. M. Aldeia Galega da Merceana,Merceana,alenquer,Santa Casa da Misericórdia de Aldeia Galega da Merceana Charnais,2584 - 906,Merceana,263 766 050,,,https://www.primeiraimagem.com/santa-casa-da-misericordia-de-aldeia-galega-da-merceana.php
Centro Social Paroquial de Sobreposta,Sobreposta,braga,"Rua do Centro Social, nº 8 Sobreposta",4715 - 648,Braga,253 738 256,,,https://www.primeiraimagem.com/centro-social-paroquial-de-sobreposta.php
SCM Alhos Vedros - O Charlot,Alhos Vedros,moita,Santa Casa Misericórdia de Alhos Vedros - O Charlot Av. Gen. Humberto Delgado,2860 - 021,Alhos Vedros,212 042 017,,,https://www.primeiraimagem.com/santa-casa-misericordia-de-alhos-vedros-o-charlot.php
O Recanto dos Nenucos - Infantário,Quinta do Conde,sesimbra,"Infantário O Recanto dos Nenucos Rua Machado dos Santos, nº 908 Quinta do Conde",2975 - 328,Sesimbra,212 106 712,,,https://www.primeiraimagem.com/infantario-o-recanto-dos-nenucos.php
C. S. P. São Martinho Candoso,Candoso,guimaraes,"Centro Social Paroquial São Martinho Candoso Largo da Igreja, 55 S. Martinho de Candoso",4835 - 380,Guimarães,253 537 472,,,https://www.primeiraimagem.com/centro-social-paroquial-sao-martinho-candoso.php
Centro Infantil de S. Roque,São Roque,oliveira-de-azemeis,"Rua do Infantário, 501",3720 - 746,São Roque,256 871 014,,https://www.colegiosantaeulalia.pt/,https://www.primeiraimagem.com/centro-infantil-de-s-roque.php
S. C. M. Alenquer  - Berçário,Alenquer,alenquer,"Rua Francisco Magalhães, nº 36",2580 - 307,Alenquer,263 730 633,,,https://www.primeiraimagem.com/scm-alenquer-bercario.php
Comissão Melhoramentos de Azeméis,Oliveira de Azeméis,oliveira-de-azemeis,,,,,,,https://www.primeiraimagem.com/comissao-de-melhoramentos-de-azemeis.php
Comossela,Ossela,oliveira-de-azemeis,,,,,,,https://www.primeiraimagem.com/comossela.php
C. S. P. Sta. Eulália de Nespereira,Nespereira,guimaraes,Centro Social da Paróquia Sta. Eulália de Nespereira Rua Padre António Pereira da Silva,4835 - 472,Guimarães,253 565 282,,,https://www.primeiraimagem.com/centro-social-da-paroquia-sta-eulalia-de-nespereira.php
Centro Social e Paroquial S. Miguel,Oliveira de Azeméis,oliveira-de-azemeis,"Rua 25 de Abril, 177",3720 - 281,Oliveira de Azeméis,256 682 705,,https://www.colegiosantaeulalia.pt/,https://www.primeiraimagem.com/centro-social-e-paroquial-s-miguel.php
Cestinho com Botões - Creche,Ferreiros,braga,"Rua Dr. Edgardo Sá Malheiro, 126 -128 Ferreiros",4705 - 267,Braga,926 816 636,,,https://www.primeiraimagem.com/cestinho-com-botoes-creche.php
C. S. Paróquia de Fermentões,Fermentões,guimaraes,"Centro Social da Paróquia de Fermentões Rua do Grisel, 946",4800 - 179,Fermentões,924 687 702,,,https://www.primeiraimagem.com/centro-social-da-paroquia-de-fermentoes.php
Lar da Felicidade - Creche,Meirinhas,pombal,"Rua da Cavadinha, 36",3105 - 229,Meirinhas,236 948 087,,,https://www.primeiraimagem.com/lar-da-felicidade-creche.php
Colégio da Gandarinha,Vila de Cucujães,oliveira-de-azemeis,"Fundação Condessa Penha Longa Largo do Mártir de São Sebastião, 67",3720 - 382,Vila de Cucujães,256 881 525,,https://www.colegiosantaeulalia.pt/,https://www.primeiraimagem.com/colegio-da-gandarinha.php
Tokabrinkar - Infantário,Quinta do Conde,sesimbra,"Infantário Tokabrinkar Rua Sebastião da Gama, Lt 70 Quinta do Conde",2975 - 297,Sesimbra,212 100 355,,,https://www.primeiraimagem.com/infantario-tokabrinkar.php
S. C. M. Alenquer - Centro Infantil e Juvenil,Alenquer,alenquer,"Av. António Maria Jalles, nº 83",2580 - 285,Alenquer,263 730 637,,,https://www.primeiraimagem.com/scm-alenquer-centro-infantil-e-juvenil.php
CLIB - Colégio Luso Internacional de Braga,Gualtar,braga,Rua da Igreja Velha Gualtar,4710 - 069,Braga,253 679 860,,,https://www.primeiraimagem.com/clib-colegio-luso-internacional-de-braga.php
Clube dos Pequenos - CSVH,Gualtar,braga,Clube dos Pequenos - Creche Centro Social do Vale do Homem Rua José Ferreira Alves,4710 - 054,Braga,253 070 260,,,https://www.primeiraimagem.com/clube-dos-pequenos-creche.php
S. C. M. Alenquer - Creche Chemina,Alenquer,alenquer,Rua dos Guerras Edifício da Chemina,2580 - 309,Alenquer,263 730 635,,,https://www.primeiraimagem.com/scm-alenquer-creche-chemina.php
Jardim Escola João de Deus - Olivais,Santa Maria dos Olivais,lisboa,Rua Cidade Vila Cabral,1800 - 131,Lisboa,218 530 002,,http://www.escolaraiz.pt,https://www.primeiraimagem.com/jardim-escola-joao-de-deus-dos-olivais.php
C. S. Paróquia de Polvoreira,Polvoreira,guimaraes,"Centro Social da Paróquia de Polvoreira Avenida Pe. Isac Araújo e Silva, 410",4835 - 186,Polvoreira,253 517 081,,,https://www.primeiraimagem.com/centro-social-da-paroquia-de-polvoreira.php
Tom da Terra - Escola,Sampaio,sesimbra,,,,,,,https://www.primeiraimagem.com/escola-tom-da-terra.php
A Colina - Creche APACCF,Nª. Sra. Anunciada,setubal,A Colina - Creche Associação de Professores e Amigos das Crianças do Casal das Figueiras Rua Óscar Pacheco,2900 - 017,Setúbal,265 548 410,,,https://www.primeiraimagem.com/a-colina-creche.php
Colégio da Penina,Alvor,portimao,Urb. Encosta Penina Lt. 1 - 27,8500 - 329,Alvor,282 110 055,,,https://www.primeiraimagem.com/colegio-da-penina.php
Creche Aldina Valente - AFUL,Ul,oliveira-de-azemeis,"Associação da Freguesia de Ul Rua Domingos Oliveira Fontes, 60",3720 - 581,Ul,916 968 444,,https://www.colegiosantaeulalia.pt/,https://www.primeiraimagem.com/creche-aldina-valente.php
SCM Alfândega da Fé,Alfândega da Fé,alfandega-da-fe,Santa Casa da Misericórdia de Alfândega da Fé Bairro Vale Telheiro Largo do Infantário,5350 - 060,Alfândega da Fé,279  463 412,,,https://www.primeiraimagem.com/santa-casa-da-misericordia-de-alfandega-da-fe.php
Arco-Íris - Creche e Jardim de Infância ASA,Setúbal,setubal,"Arco-Íris - Creche e Jardim de Infância Assistência Social Adventista Rua Manuel Gonçalves Branco, Lt 231",2910 - 020,Setúbal,265 708 700,,,https://www.primeiraimagem.com/arco-iris creche-e-jardim-de-infancia.php
Colégio Alfacoop,Ruílhe,braga,Avª Comendador Padre David Ruílhe,4709 - 008,Braga,253 959 000,,,https://www.primeiraimagem.com/colegio-alfacoop.php
C. S. Paroquial de São Dâmaso,Oliveira,guimaraes,Centro Social Paroquial de São Dâmaso Rua João Xavier de Carvalho Oliveira de Carvalho,4800 - 418,Guimarães,253 413 282,,,https://www.primeiraimagem.com/centro-social-paroquial-de-sao-damaso.php
C. S. Paroquial Mascotelos Santiago,Mascotelos,guimaraes,"Centro Social e Paroquial de Mascotelos Santiago Rua Côto, 258 Mascotelos",4835 - 128,Guimarães,253 414 157,,,https://www.primeiraimagem.com/centro-social-e-paroquial-de-mascotelos-santiago.php
Colégio D. Pedro V,S. José de S. Lázaro,braga,"Avenida Central, 144",4710 - 229,Braga,253 200 640,,,https://www.primeiraimagem.com/colegio-d-pedro-v.php
O Miúdo - Infantário II,S. Gonçalo,amarante,"Praceta Bouça do Pombal, nº 174",4600 - 112,Amarante,255 433 620,,,https://www.primeiraimagem.com/o-miudo-infantario-ii.php
C. S. Paroquial S. Cristovão de Selho,Selho,guimaraes,"Centro Social e Paroquial de São Cristovão de Selho Rua do Campinho, 600 São Cristovão de Selho",4835 - 267,Guimarães,253 536 588,,,https://www.primeiraimagem.com/centro-social-e-paroquial-de-sao-cristovao-de-selho.php
Colégio Dom Diogo de Sousa,São Vicente,braga,Rua Conselheiro Bento Miguel,4710 - 294,Braga,253 201 290,,,https://www.primeiraimagem.com/colegio-dom-diogo-de-sousa.php
Bichinho de Conta - Jardim Infantil,Nª. Sra. Anunciada,setubal,"Rua Alto do Grelhal, 5",2900 - 742,Setúbal,265 526 689,,,https://www.primeiraimagem.com/bichinho-de-conta--jardim-infantil.php
,,alfandega-da-fe,,,,,,,https://www.primeiraimagem.com/
Obra Soc. S. Martinho da Gândara,S. Martinho da Gândara,oliveira-de-azemeis,"Obra Social de S. Martinho da Gândara Rua Quinta do Formal, 249",3720 - 549,S. Martinho da Gândara,256 687 200,,https://www.colegiosantaeulalia.pt/,https://www.primeiraimagem.com/obra-social-de-s-martinho-da-gandara.php
Creche Municipal de Carvalhosa,Carvalhosa,pacos-de-ferreira,,,,,,,https://www.primeiraimagem.com/creche-municipal-de-carvalhosa.php
Externato de São Domingos,Fátima,ourem,,,,,,,https://www.primeiraimagem.com/externato-de-sao-domingos.php
Ché Bebé - Che Lagoense,Parchal,lagoa,,,,,,,https://www.primeiraimagem.com/che-bebe-che-lagoense.php
FAA - Meninos do Aleixo,Quarteira,loule,,,,,,,https://www.primeiraimagem.com/meninos-do-aleixo.php
C. Soc. Paroquial S. João de Brito,S. João de Brito,lisboa,,,,,,,https://www.primeiraimagem.com/centro-social-paroquial-s-joao-de-brito.php
Externato J. Infantil da Torraltinha,Lagos,lagos,,,,,,,https://www.primeiraimagem.com/externato-jardim-infantil-da-torraltinha.php
FAA - Creche Espaço Infantil,Loulé,loule,,,,,,,https://www.primeiraimagem.com/creche-espaco-infantil.php
C. Soc. Paroquial do Campo Grande,Alvalade,lisboa,,,,,,,https://www.primeiraimagem.com/centro-social-paroquial-do-campo-grande.php
Koalas - Creche e Pré-Escolar,Caldas da Rainha,caldas-da-rainha,,,,,,,https://www.primeiraimagem.com/koalas-creche-e-pre-escolar.php
C. Cult. Soc. Sto. Adrião - Polo 4,S. José de S. Lázaro,braga,,,,,,,https://www.primeiraimagem.com/centro-cultural-e-social-de-sto-adriao-polo-4.php
Estrela Mágica - Creche,Almancil,loule,,,,,,,https://www.primeiraimagem.com/estrela-magica-creche.php
O Mundo do Tim Tim,Feijó,almada,,,,,,,https://www.primeiraimagem.com/o-mundo-do-tim-tim.php
C. Soc. Paroq. São Mamede,Santo António,lisboa,,,,,,,https://www.primeiraimagem.com/centro-social-e-paroquial-de-sao-mamede.php
Quinta da Parreirinha - Colégio,Bobadela,loures,,,,,,,https://www.primeiraimagem.com/quinta-da-parreirinha.php
Centro Cénico Bem-Estar de Cela,Cela,alcobaca,,,,,,,https://www.primeiraimagem.com/centro-cenico-e-de-bem-estar-de-cela.php
SOLSIL,Oiã,oliveira-do-bairro,,,,,,,https://www.primeiraimagem.com/associacao-de-solidariedade-social-do-silveiro.php
CSCR Poutena,Vilarinho do Bairro,anadia,,,,,,,https://www.primeiraimagem.com/centro-social-cultural-e-recreativo-de-poutena.php
Palácio da Mymi – Creche,Cascais,cascais,,,,,,,https://www.primeiraimagem.com/palacio-da-mymi-creche.php
O Nosso Jardim - Creche e J. Infância,Fernão Ferro,seixal,,,,,,,https://www.primeiraimagem.com/o-nosso-jardim-creche-e-jardim-de-infancia.php
A Voz do Operário - Esp. Educ. Ilha dos Amores,Parque das Nações,lisboa,,,,,,,https://www.primeiraimagem.com/a-voz-do-operario-espaco-educativo-do-parque-das-nacoes.php
C. Assistência Paroquial de Carvide,Carvide,leiria,,,,,,,https://www.primeiraimagem.com/centro-de-assistencia-paroquial-de-carvide.php
Os Pitruquinhas - Creche e J. Infância,Odivelas,odivelas,,,,,,,https://www.primeiraimagem.com/os-pitruquinhas-creche-e-jardim-de-infancia.php
Pequenada Feliz - Colégio,Camarate,loures,,,,,,,https://www.primeiraimagem.com/colegio-pequenada-feliz.php
C. Social de S. Tiago de Lobão,Lobão,santa-maria-da-feira,,,,,,,https://www.primeiraimagem.com/centro-social-de-s-tiago-de-lobao.php
Creche do Lar Santa Isabel,Mafamude,vila-nova-de-gaia,,,,,,,https://www.primeiraimagem.com/creche-do-lar-santa-isabel.php
CBES Glória do Ribatejo,Glória do Ribatejo,salvaterra-de-magos,,,,,,,https://www.primeiraimagem.com/cbes-gloria-do-ribatejo.php
SCM Mogadouro - Creche,Mogadouro,mogadouro,,,,,,,https://www.primeiraimagem.com/santa-casa-da-misericordia-de-mogadouro-creche.php
C. Soc. Paroquial de São Jorge,Caldas de S. Jorge,santa-maria-da-feira,,,,,,,https://www.primeiraimagem.com/centro-social-paroquial-de-sao-jorge.php
Letras e Números - Infantário,Vilar do Paraíso,vila-nova-de-gaia,,,,,,,https://www.primeiraimagem.com/infantario-letras-e-numeros.php
Ninho da Criança - Colégio Santa Filomena,São João da Madeira,sao-joao-da-madeira,,,,,,,https://www.primeiraimagem.com/ninho-da-crianca-colegio-santa-filomena.php
Algodão Doce - Creche,Maceira,leiria,,,,,,,https://www.primeiraimagem.com/algodao-doce-creche.php
King`s College School,CAscais,cascais,,,,,,,https://www.primeiraimagem.com/king-s-college-school-cascais.php
Fund. Maria Luísa Ruas - Nª Srª Conceição,Gesteira,soure,,,,,,,https://www.primeiraimagem.com/fundacao-maria-luísa-ruas-creche-nossa-senhora-da-conceicao.php
O Baloiço - Externato,Reboleira,amadora,,,,,,,https://www.primeiraimagem.com/externato-o-baloico.php
Escolinha de Sonhos - Creche,Arrentela,seixal,,,,,,,https://www.primeiraimagem.com/escolinha-de-sonhos-creche.php
SFRAA - Creche Quinta de S. Miguel,Falagueira,amadora,,,,,,,https://www.primeiraimagem.com/creche-quinta-de-s-miguel.php
SCMB - Centro Infantil de Barcelos,Barcelos,barcelos,,,,,,,https://www.primeiraimagem.com/centro-infantil-de-barcelos.php
Jardim Escola João de Deus - Estrela,Santa Isabel,lisboa,,,,,,,https://www.primeiraimagem.com/jardim-escola-joao-de-deus-da-estrela.php
Espaço Júnior - Colégio,Amora,seixal,,,,,,,https://www.primeiraimagem.com/colegio-espaco-junior.php
Imaginário - Colégio Infantil,Corroios,seixal,,,,,,,https://www.primeiraimagem.com/imaginario-colegio-infantil.php
C. P. Sagrada Família de Miratejo e Laranjeiro,Corroios,seixal,,,,,,,https://www.primeiraimagem.com/centro-paroquial-da-sagrada-familia-de-miratejo-e-laranjeiro.php
CAI - Cantinho Alegre da Infância,Santo André,barreiro,,,,,,,https://www.primeiraimagem.com/cai-cantinho-alegre-da-infancia.php
Casa da Imaculada Conceição,Arcos,anadia,,,,,,,https://www.primeiraimagem.com/casa-da-imaculada-conceicao.php
Assoc. Infantário S.Tomé de Negrelos,S.Tomé Negrelos,santo-tirso,,,,,,,https://www.primeiraimagem.com/associacao-do-infantario-de-s-tome-de-negrelos.php
Creche e J. Infância Quinta do Lago,Coruche,coruche,,,,,,,https://www.primeiraimagem.com/creche-e-j-infancia-quinta-do-lago.php
J. Escola João de Deus,S. B. Messines,silves,,,,,,,https://www.primeiraimagem.com/jardim-escola-joao-de-deus-sao-bartolomeu.php
Creche Três Pastorinhos - CPQ,Quarteira,loule,,,,,,,https://www.primeiraimagem.com/ccreche-tres-pastorinhos.php
Arco Iris - Creche,Sanguedo,santa-maria-da-feira,,,,,,,https://www.primeiraimagem.com/creche-arco-iris_sanguedo.php
C. Apoio Social de Mozelos,Mozelos,santa-maria-da-feira,,,,,,,https://www.primeiraimagem.com/centro-de-apoio-social-de-mozelos.php
O Pequenote – Creche e Jardim de Infância,S. Félix da Marinha,vila-nova-de-gaia,,,,,,,https://www.primeiraimagem.com/o-pequenote.php
C. Social Santa Joana Princesa,Santa Joana,aveiro,,,,,,,https://www.primeiraimagem.com/centro-social-santa-joana-princesa.php
Morangos - Odivelas,Famões,odivelas,,,,,,,https://www.primeiraimagem.com/morangos-odivelas.php
Os Minorquinhas - Externato,Mina de Água,amadora,,,,,,,https://www.primeiraimagem.com/externato-os-minorquinhas.php
Assoc. Centro Social de Escapães,Escapães,santa-maria-da-feira,,,,,,,https://www.primeiraimagem.com/associacao-do-centro-social-de-escapaes.php
Bebés Fidalgos - Creche e Jardim de Infância,Lavradio,barreiro,,,,,,,https://www.primeiraimagem.com/bebes-fidalgos.php
Centro Comunitário da Quinta do Conde,Quinta do Conde,sesimbra,,,,,,,https://www.primeiraimagem.com/centro-comunitario-da-quinta-do-conde.php
C. Comunitário da Paróquia de Aradas,Aradas,aveiro,,,,,,,https://www.primeiraimagem.com/centro-comunitario-da-paroquia-de-aradas.php
C. Solidariedade Social 'O Pátio',Santa Cruz,coimbra,,,,,,,https://www.primeiraimagem.com/centro-de-solidariedade-social-o-patio.php
C. Comunitário Vila Chã,Vila Chã,esposende,,,,,,,https://www.primeiraimagem.com/centro-comunitario-de-vila-cha.php
SCMSJM - Creche Alberto Pacheco,São João da Madeira,sao-joao-da-madeira,,,,,,,https://www.primeiraimagem.com/creche-alberto-pacheco.php
Centro Social Paroquial de Oeiras – Santo Amaro,Oeiras,oeiras,,,,,,,https://www.primeiraimagem.com/infantario-santo-amaro.php
Casa do Povo Sta. Cruz Alvarenga,Alvarenga,arouca,,,,,,,https://www.primeiraimagem.com/casa-do-povo-de-santa-cruz-de-alvarenga.php
Centro Infantil Nª. Senhora das Dores,Caxias,oeiras,,,,,,,https://www.primeiraimagem.com/centro-infantil-nossa-senhora-das-dores.php
A Previdência Portuguesa - Creche e J.I.,Sto. António dos Olivais,coimbra,,,,,,,https://www.primeiraimagem.com/a-previdencia-portuguesa-creche-e-jardim-de-iInfancia.php
CAIQUE - Cooperativa de Apoio à Infância de Queijas,Queijas,oeiras,,,,,,,https://www.primeiraimagem.com/caique-cooperativa-de-apoio-a-infancia-de-queijas.php
Os Pequenos Génios - Creche e JI,Águas Livres,amadora,,,,,,,https://www.primeiraimagem.com/os-pequenos-genios-creche-e-j.infancia.php
Centro Bem Estar Infantil - FNSG,Avelar,ansiao,,,,,,,https://www.primeiraimagem.com/centro-de-bem-estar-infantil_ansiao.php
Assoc. Social Freguesia de Odeleite,Oldeleite,castro-marim,,,,,,,https://www.primeiraimagem.com/associacao-social-da-freguesia-de-odeleite.php
Colégio Mundo das Descobertas,Amora,seixal,,,,,,,https://www.primeiraimagem.com/colegio-mundo-das-descobertas.php
C. Soc. S. Lázaro - Sá de Miranda,S. José de S. Lázaro,braga,,,,,,,https://www.primeiraimagem.com/centro-social-da-paroquia-de-s-lazaro-equip-sa-de-miranda.php
C. S. Cultura e Recreio da Silva,Silva,barcelos,,,,,,,https://www.primeiraimagem.com/centro-social-de-cultura-e-recreio-da-silva.php
Escolinha Capitão Lebre,Aradas,aveiro,,,,,,,https://www.primeiraimagem.com/escolinha-capitao-lebre.php
Superninho - Creche e Jardim de Infância,Parceiros,leiria,,,,,,,https://www.primeiraimagem.com/superninho-creche-e-jardim-de-infancia.php
O Marujinho - Externato,Seixal,seixal,,,,,,,https://www.primeiraimagem.com/externato-o-marujinho.php
C. Soc. Paroq. São João de Deus,Areeiro,lisboa,,,,,,,https://www.primeiraimagem.com/centro-social-paroquial-de-sao-joao-de-deus.php
C. Social Paroquial de Fragoso,Fragoso,barcelos,,,,,,,https://www.primeiraimagem.com/centro-cocial-e-paroquial-de-fragoso.php
A Escolinha da Pipas - Creche,Lumiar,lisboa,,,,,,,https://www.primeiraimagem.com/a-escolinha-da-pipas-creche.php
C. Soc. Paroq. da Moita de Anadia,Moita,anadia,,,,,,,https://www.primeiraimagem.com/centro-social-e-paroquial-da-moita-de-anadia.php
Trá-lá-lá - Educação para a Criança,Vera Cruz,aveiro,,,,,,,https://www.primeiraimagem.com/tra-la-la-educacao-para-a-crianca.php
Associação J. Infância Nª Sª das Graças (Polo 2),Algés,oeiras,,,,,,,https://www.primeiraimagem.com/associacao-jardim-de-infancia-nossa-senhora-das-gracas-polo-2.php
Creche da Afurada - CSPSVC,Afurada,vila-nova-de-gaia,,,,,,,https://www.primeiraimagem.com/creche-da-afurada.php
SCMC - Creche Abóboda,S. Domingos de Rana,cascais,,,,,,,https://www.primeiraimagem.com/creche-aboboda.php
C. Social da Paroquia de Arcozelo,Arcozelo,barcelos,,,,,,,https://www.primeiraimagem.com/centro-social-da-paroquia-de-arcozelo.php
Centro Social Abel Varzim,Cristelo,barcelos,,,,,,,https://www.primeiraimagem.com/centro-social-cultural-e-recreativo-abel-varzim.php
Os Lusitanus - Colégio,Vale de Milhaços,seixal,,,,,,,https://www.primeiraimagem.com/colegio-os-lusitanus.php
C. P. Bem Estar Soc. Arrentela - O Pica Pau,Arrentela,seixal,,,,,,,https://www.primeiraimagem.com/o-pica-pau-creche-e-jardim-de-infancia.php
Os Pequenos Moinhos - Creche,Parceiros,leiria,,,,,,,https://www.primeiraimagem.com/os-pequenos-moinhos-creche.php
C. Soc. Paroquial de Sobrado,Sobrado,castelo-de-paiva,,,,,,,https://www.primeiraimagem.com/centro-social-paroquial-de-sobrado.php
OBER - Creche O Traquinas II,Gôve,baiao,,,,,,,https://www.primeiraimagem.com/creche-o-traquinas-ii.php
Jardim Infantil Lab. Nac. Eng. Civil,S. João de Brito,lisboa,,,,,,,https://www.primeiraimagem.com/jardim-infantil-do-laboratorio-nacional-de-engenharia-civil.php
ASCR S. Paulo de Frades,S. Paulo de Frades,coimbra,,,,,,,https://www.primeiraimagem.com/associacao-social-cultural-e-recreativa-de-sao-paulo-de-frades.php
Centro Integrado de Aradas,Aradas,aveiro,,,,,,,https://www.primeiraimagem.com/centro-integrado-de-aradas.php
NucliSol - Unidade de Santo André,Santo André,santiago-do-cacem,,,,,,,https://www.primeiraimagem.com/nuclisol-jean-piaget-unidade-de-santo-andre.php
Colégio Nossa Senhora do Amparo,Mirandela,mirandela,,,,,,,https://www.primeiraimagem.com/colegio-nossa-senhora-do-amparo.php
SCMSC - O Ninho,Santo André,santiago-do-cacem,,,,,,,https://www.primeiraimagem.com/o-ninho-creche-e-jardim-de-infancia.php
Associação Encoprof,S. João Baptista,entroncamento,,,,,,,https://www.primeiraimagem.com/infantario-da-associacao-encoprof.php
Escola Jasmim - Ensino Infantil e Básico,Valadares,vila-nova-de-gaia,,,,,,,https://www.primeiraimagem.com/escola-jasmim-ensino-infantil-e-basico.php
SCMRM - J. Infância O Ninho,Rio Maior,rio-maior,,,,,,,https://www.primeiraimagem.com/santa-casa-da.misericordia-de-rio.maior-jardim-de-infancia-o-ninho.php
Centro Infantil de Espinho 1,Silvalde,espinho,,,,,,,https://www.primeiraimagem.com/centro-infantil-de-espinho-1.php
Creche de Vila das Aves,Vila das Aves,santo-tirso,,,,,,,https://www.primeiraimagem.com/creche-de-vila-das-aves.php
C. Social Nª Senhora da Paz,Alhos Vedros,moita,,,,,,,https://www.primeiraimagem.com/centro-social-nossa-senhora-da-paz.php
C. Soc. Cult. Paroq. Souto da Carpalhosa,Souto da Carpalhosa,leiria,,,,,,,https://www.primeiraimagem.com/centro-social-cultural-da-paroquia-do-souto-da-carpalhosa.php
O Grande Jardim - Infantário,Mafamude,vila-nova-de-gaia,,,,,,,https://www.primeiraimagem.com/o-grande-jardim-gaia.php
C. Social Cultural de Gandra,Gandra,esposende,,,,,,,https://www.primeiraimagem.com/centro-social-e-cultural-de-gandra.php
Aladino - Externato,Amora,seixal,,,,,,,https://www.primeiraimagem.com/externato-aladino.php
Inst. Português de Pedagogia Infantil,Póvoa de Santo Adrião,odivelas,,,,,,,https://www.primeiraimagem.com/instituto-portugues-de-pedagogia-infantil.php
AURPIS,Seixal,seixal,,,,,,,https://www.primeiraimagem.com/associacao-unitaria-de-reformados-pensionistas-e-idosos-do-seixal.php
Centro Infantil do Eixo,Eixo,aveiro,,,,,,,https://www.primeiraimagem.com/centro-infantil-do-eixo.php
O Mundo da Alegria - Creche,Odivelas,odivelas,,,,,,,https://www.primeiraimagem.com/o-mundo-da-alegria-creche.php
Brincolândia - Creche,Corroios,seixal,,,,,,,https://www.primeiraimagem.com/brincolandia-creche.php
Kriakrianças - Jardim de Infância,Linda-a-Velha,oeiras,,,,,,,https://www.primeiraimagem.com/kriakriancas-jardim-de-infancia.php
Os Fecucos – Infantário,Mafamude,vila-nova-de-gaia,,,,,,,https://www.primeiraimagem.com/os-fecucos.php
Infantário Popular de Paço de Arcos,Paço de Arcos,oeiras,,,,,,,https://www.primeiraimagem.com/infantario-popular-de-paco-de-arcos.php
Externato de Santa Joana,Santiago,sesimbra,,,,,,,https://www.primeiraimagem.com/externato-de-santa-joana.php
Colégio Andrade Corvo - Pólo I,S. João Baptista,entroncamento,,,,,,,https://www.primeiraimagem.com/colegio-andrade-corvo-polo-i.php
Centro Infantil de Aveiro - SCMA,Glória,aveiro,,,,,,,https://www.primeiraimagem.com/centro-infantil-de-aveiro.php
Anita - Externato,Nossa Senhora de Fátima,lisboa,,,,,,,https://www.primeiraimagem.com/externato-anita.php
Fund. Maria Luísa Ruas - Sede,Gesteira,soure,,,,,,,https://www.primeiraimagem.com/fundacao-maria-luísa-ruas-sede.php
Fundação Santa Margarida do Arrabal,Arrabal,leiria,,,,,,,https://www.primeiraimagem.com/fundacao-santa-margarida-do-arrabal.php
Santa Casa da Misericórdia de Arruda dos Vinhos,Arruda dos Vinhos,arruda-dos-vinhos,,,,,,,https://www.primeiraimagem.com/santa-casa-da-misericordia-de-arruda-dos-vinhos.php
SCMM - Os Meninos da Vila,Moncarapacho,olhao,,,,,,,https://www.primeiraimagem.com/infantario-os-meninos-da-vila.php
Mundo das Tropelias,Odivelas,odivelas,,,,,,,https://www.primeiraimagem.com/mundo-das-tropelias.php
C. Social da Paróquia de Lomar,Lomar,braga,,,,,,,https://www.primeiraimagem.com/centro-social-da-paroquia-de-s-pedro-de-lomar.php
O Pirilampo - Externato,Odivelas,odivelas,,,,,,,https://www.primeiraimagem.com/externato-o-pirilampo.php
Casa dos Bebés - C. S. Ribas,Ribas,celorico-de-basto,,,,,,,https://www.primeiraimagem.com/casa-dos-bebes-centro-social-de-ribas.php
O Botãozinho - C. Coop. Familiar,Carcavelos,cascais,,,,,,,https://www.primeiraimagem.com/o-botaozinho-centro-de-cooperacao-familiar.php
O Trevo - Externato,Corroios,seixal,,,,,,,https://www.primeiraimagem.com/o-trevo-externato.php
CSCR Paredes do Bairro,Paredes do Bairro,anadia,,,,,,,https://www.primeiraimagem.com/cscr-paredes-do-bairro.php
O Gaitinhas - Colégio,Corroios,seixal,,,,,,,https://www.primeiraimagem.com/colegio-o-gaitinhas.php
Jardim de Infância Pingo Doce,Vila Nova da Rainha,azambuja,,,,,,,https://www.primeiraimagem.com/jardim-de-infancia-pingo-doce.php
Brincolândia - Creche e J. Infância,Corroios,seixal,,,,,,,https://www.primeiraimagem.com/brincolandia-creche-e-j-infancia.php
CRIAR-T Centro Comunitário,Amora,seixal,,,,,,,https://www.primeiraimagem.com/criar-t-centro-comunitario.php
Vida Plena - ASSL,Pousos,leiria,,,,,,,https://www.primeiraimagem.com/vida-plena.php
SCMC - Creche Teodoro dos Santos,Cascais,cascais,,,,,,,https://www.primeiraimagem.com/creche-teodoro-dos-santos.php
C. Solid. Social S. Veríssimo,Tamel,barcelos,,,,,,,https://www.primeiraimagem.com/centro-de-solidariedade-social-de-s-verissimo.php
Centro Social de Chorente,Chorente,barcelos,,,,,,,https://www.primeiraimagem.com/centro-social-de-chorente.php
SCMC - Centro Alfredo Pinheiro,Cascais,cascais,,,,,,,https://www.primeiraimagem.com/centro-alfredo-pinheiro.php
SCMS - Creche da Saibreira,Soure,soure,,,,,,,https://www.primeiraimagem.com/santa-casa-da-misericordia-de-soure-creche-da-saibreira.php
CASP - C. Apoio Solid. da Pousa,Pousa,barcelos,,,,,,,https://www.primeiraimagem.com/centro-de-apoio-e-solidariedade-da-pousa.php
O Piriquito - Externato,Arrentela,seixal,,,,,,,https://www.primeiraimagem.com/externato-o-piriquito.php
Caixinha de Cores,Colmeias,leiria,,,,,,,https://www.primeiraimagem.com/caixinha-de-cores.php
Academia dos Miúdos,S. Domingos de Benfica,lisboa,,,,,,,https://www.primeiraimagem.com/academia-dos-miudos.php
A Ritinha - Externato,Avenidas Novas,lisboa,,,,,,,https://www.primeiraimagem.com/externato-a-ritinha.php
Os Infantes - Externato,Corroios,seixal,,,,,,,https://www.primeiraimagem.com/externato-os-infantes.php
Pequenos e Inteligentes - Creche,Famões,odivelas,,,,,,,https://www.primeiraimagem.com/creche-pequenos-e-inteligentes.php
A Voz do Operário - Esp. Educ. da Ajuda (Creche),Ajuda,lisboa,,,,,,,https://www.primeiraimagem.com/a-voz-do-operario-espaco-educativo-da-ajuda-creche.php
Rainha Santa - Externato da Sobreda,Sobreda,almada,,,,,,,https://www.primeiraimagem.com/externato-rainha-santa-sobreda.php
Pequeno Aprendiz - Externato,Seixal,seixal,,,,,,,https://www.primeiraimagem.com/externato-pequeno-aprendiz.php
A Voz do Operário - Esp. Educ. do Restelo,Restelo,lisboa,,,,,,,https://www.primeiraimagem.com/a-voz-do-operario-espaco-educativo-do-restelo.php
C. S. Maria Auxiliadora de Mogofores,Mogofores,anadia,,,,,,,https://www.primeiraimagem.com/centro-social-maria-auxiliadora-de-mogofores.php
Centro de Assistência Paroquial de Amora,Amora,seixal,,,,,,,https://www.primeiraimagem.com/centro-de-assistencia-paroquial-de-amora.php
Palhaço Azul - Creche e J. Infantil,Caneças,odivelas,,,,,,,https://www.primeiraimagem.com/palhaco-azul-creche-e-jardim-infantil.php
Centro Social de Durrães,Durrães,barcelos,,,,,,,https://www.primeiraimagem.com/centro-social-de-durraes.php
Casinha das Surpresas - Creche e J. Infância,Amora,seixal,,,,,,,https://www.primeiraimagem.com/casinha-das-surpresas.php
B-a-Baby - Colégio,Algés,oeiras,,,,,,,https://www.primeiraimagem.com/b-a-baby-colegio.php
A Voz do Operário - Esp. Educ. Quinta dos Ourives,PBeato,lisboa,,,,,,,https://www.primeiraimagem.com/a-voz-do-operario-esp-educ-quinta-dos-ourives-creche.php
Infantário Sta Maria Fonte de Baixo,Barcelos,barcelos,,,,,,,https://www.primeiraimagem.com/infantario-de-santa-maria-da-fonte-de-baixo.php
Prime School International Estoril,Estoril,cascais,,,,,,,https://www.primeiraimagem.com/prime-school-international-estoril.php
Sol da Primavera - Infantário,Amora,seixal,,,,,,,https://www.primeiraimagem.com/sol-da-primavera-infantario.php
Creche S. Paulo VI - CSPPVI,Leiria,leiria,,,,,,,https://www.primeiraimagem.com/creche-s-paulo.vi.php
O Viveiro - OSFMM,Arcozelo,barcelos,,,,,,,https://www.primeiraimagem.com/obra-social-das-franciscanas-missionarias-de-maria-o-viveiro.php
Woogui Boogui - Colégio,Amora,seixal,,,,,,,https://www.primeiraimagem.com/colegio-woogui-boogui.php
Ass. Solid. Social de Loureiro,Loureiro,oliveira-de-azemeis,,,,,,,https://www.primeiraimagem.com/associacao-de-solidariedade-social-de-loureiro.php
ADESCO – Associação de Desenvolvimento Comunitário,Carvalho de Rei,amarante,,,,,,,https://www.primeiraimagem.com/adesco.php
O Filhote - Jardim Infantil,Vilar de Andorinho,vila-nova-de-gaia,,,,,,,https://www.primeiraimagem.com/o-filhote.php
Cantinho dos Traquinas - Colégio,Corroios,seixal,,,,,,,https://www.primeiraimagem.com/colegio-cantinho-dos-traquinas.php
O Bom Principezinho - Creche,Odivelas,odivelas,,,,,,,https://www.primeiraimagem.com/o-bom-principezinho.php
Pipos e Bibas - Infantário,Odivelas,odivelas,,,,,,,https://www.primeiraimagem.com/infantario-pipos-e-bibas.php
O Sabichão - Jardim de Infância,Santiago do Cacém,santiago-do-cacem,,,,,,,https://www.primeiraimagem.com/o-sabichao-jardim-de-infancia.php
Patronato Nª. Sra. Fátima de Vilar,Glória,aveiro,,,,,,,https://www.primeiraimagem.com/patronato-nossa-senhora-de-fatima-de-vilar.php
Os Traquinas - Creche e J. Infância,Cascais,cascais,,,,,,,https://www.primeiraimagem.com/os-traquinas-creche-e-jardim-de-infancia.php
Jardim em Flor - Externato,Arrentela,seixal,,,,,,,https://www.primeiraimagem.com/externato-jardim-em-flor.php
O Tagarela - Jardim Infantil,Vera Cruz,aveiro,,,,,,,https://www.primeiraimagem.com/o-tagarela-jardim-infantil.php
C. Soc. Couto e Mineiro do Pejão,Raiva,castelo-de-paiva,,,,,,,https://www.primeiraimagem.com/centro-social-do-couto-e-mineiro-do-pejao.php
Rik & Rok - Colégio,Encosta do Sol,amadora,,,,,,,https://www.primeiraimagem.com/colegio-rik-e-rok.php
C. Paroquial do Castelo de Sesimbra,Sesimbra,sesimbra,,,,,,,https://www.primeiraimagem.com/centro-paroquial-do-castelo-de-sesimbra.php
CASV Monsarros,V. N. Monsarros,anadia,,,,,,,https://www.primeiraimagem.com/centro-de-apoio-social-de-vila-nova-de-monsarros.php
O Moinho do Bolinha - Jardim de Infância e A.T.L.,Odivelas,odivelas,,,,,,,https://www.primeiraimagem.com/o-moinho-do-bolinha.php
Mãos Dadas - Colégio,Corroios,seixal,,,,,,,https://www.primeiraimagem.com/colegio-maos-dadas.php
Escola Nau,Paço de Arcos,oeiras,,,,,,,https://www.primeiraimagem.com/escola-nau.php
Creche Engenheira Fátima Vide - FLBA,Vila Chã,aveiro,,,,,,,https://www.primeiraimagem.com/creche-engenheira-fatima-vide.php
O Cantinho - Externato,Carcavelos,cascais,,,,,,,https://www.primeiraimagem.com/externato-o-cantinho.php
Ideia - O Nosso Sonho - Tires,S. Domingos de Rana,cascais,,,,,,,https://www.primeiraimagem.com/ideia-o-nosso-sonho-tires.php
C. Soc. Paroq. Nª. Sra. Fátima,Nª. Sra. Fátima,aveiro,,,,,,,https://www.primeiraimagem.com/centro-social-paroquial-nossa-senhora-de-fatima.php
SCMC - Creche da Pampilheira,Cascais,cascais,,,,,,,https://www.primeiraimagem.com/creche-da-pampilheira.php
C. A. P. de Santa Cruz,Eiras,coimbra,,,,,,,https://www.primeiraimagem.com/creche-e-jardim-de-infancia-s-miguel.php
A Voz do Operário - Esp. Educ. da Graça,Graça,lisboa,,,,,,,https://www.primeiraimagem.com/a-voz-do-operario-espaco-educativo-da-graca.php
Ni-Nó-Ni - Centro Infantil CVP,Póvoa de Santo Adrião,odivelas,,,,,,,https://www.primeiraimagem.com/centro-infantil-ni-no-ni.php
CVP - Parque Infantil de Pechão,Pechão,olhao,,,,,,,https://www.primeiraimagem.com/parque-infantil-de-pechao.php
Paraíso Infantil - Externato,Loures,loures,,,,,,,https://www.primeiraimagem.com/externato-paraiso-infantil.php
O Miúdo - Infantário I e Creche III,S. Gonçalo,amarante,,,,,,,https://www.primeiraimagem.com/o-miudo-infantario-i-creche-ii.php
CBES da Sagrada Família,Santa Cruz,coimbra,,,,,,,https://www.primeiraimagem.com/centro-de-bem-estar-social-da-sagrada-familia.php
Os 2 Patinhos - Coop. Mista Ensino do Laranjeiro,Feijó,almada,,,,,,,https://www.primeiraimagem.com/creche-e-jardim-de-infancia-os-2-patinhos.php
Centro Social de Anadia,Arcos,anadia,,,,,,,https://www.primeiraimagem.com/centro-social-de-anadia.php
O Caracol - Externato,Mina de Água,amadora,,,,,,,https://www.primeiraimagem.com/externato-o-caracol.php
Creche Almada Negreiros - Crevide,Olivais,lisboa,,,,,,,https://www.primeiraimagem.com/creche-almada-negreiros-crevide.php
Asas de Santa Joana,Santa Joana,aveiro,,,,,,,https://www.primeiraimagem.com/asas-de-santa-joana.php
O Pintainho - Externato,Odivelas,odivelas,,,,,,,https://www.primeiraimagem.com/o-pintainho-externato.php
Maçã Azul - Infantário,Mem Martins,sintra,,,,,,,https://www.primeiraimagem.com/maca-azul-infantario.php
Torreguia - Coop. Solid. Social C.R.L.,Cascais,cascais,,,,,,,https://www.primeiraimagem.com/creche-torreguia.php
Beija Flor - Jardim de Infância,Seixal,seixal,,,,,,,https://www.primeiraimagem.com/beija-flor-jardim-de-infancia.php
Centro Social Paroquial de Côja,Côja,arganil,,,,,,,https://www.primeiraimagem.com/centro-social-paroquial-de-coja.php
Colégio Taguspark,Porto Salvo,oeiras,,,,,,,https://www.primeiraimagem.com/colegio-taguspark.php
"Cercizimbra, CRL",Sesimbra,sesimbra,,,,,,,https://www.primeiraimagem.com/cercizimbra-crl.php
Os Preguiças - CIMM,Ramada,odivelas,,,,,,,https://www.primeiraimagem.com/creche-os-preguicas.php
Imaginarte - Creche,Espinho,espinho,,,,,,,https://www.primeiraimagem.com/imaginarte-creche.php
NIB - Casa da Criança Rainha Sta. Isabel,Paço de Arcos,oeiras,,,,,,,https://www.primeiraimagem.com/casa-da-crianca-rainha-santa-isabel.php
Centro Social e Paroquial de Santo André - Creche,Santo André,barreiro,,,,,,,https://www.primeiraimagem.com/creche-do-centro-social-e-paroquial-de-santo-andre.php
CATICA - Equipamento Alto da Malhada,Coina,barreiro,,,,,,,https://www.primeiraimagem.com/catica-equipamento-alto-da-malhada.php
Colégio Novo de Gaia,Canidelo,vila-nova-de-gaia,,,,,,,https://www.primeiraimagem.com/colegio-novo-de-gaia.php
D. Emília de Jesus Costa - SCMVNG,Santa Marinha,vila-nova-de-gaia,,,,,,,https://www.primeiraimagem.com/creche-e-jardim-de-infancia-d-emilia-de-jesus-costa.php
SCMSB - C. Inf. António Calçada,S. Brás Alportel,s-bras-alportel,,,,,,,https://www.primeiraimagem.com/centro-infantil-antonio-calcada.php
SCM Miranda do Douro,Miranda do Douro,miranda-do-douro,,,,,,,https://www.primeiraimagem.com/santa-casa-da-misericordia-de-miranda-do-douro.php
Pirilampo - Colégio,Cascais,cascais,,,,,,,https://www.primeiraimagem.com/colegio-pirilampo.php
CBES Foros de Salvaterra,Foros de Salvaterra,salvaterra-de-magos,,,,,,,https://www.primeiraimagem.com/cbes-foros-de-salvaterra.php
Ninho dos Corujinhas,Coruche,coruche,,,,,,,https://www.primeiraimagem.com/ninho-dos-corujinhas.php
CBES Marinhais,Marinhais,salvaterra-de-magos,,,,,,,https://www.primeiraimagem.com/cbes-marinhais.php
Pequenos Sorrisos,Mina de Água,amadora,,,,,,,https://www.primeiraimagem.com/pequenos-sorrisos.php
C. S. P. Entroncamento,S. João Baptista,entroncamento,,,,,,,https://www.primeiraimagem.com/centro-social-paroquial-do-entroncamento.php
SCM Mirandela - C. I. O Miminho,,mirandela,,,,,,,https://www.primeiraimagem.com/santa-casa-da-misericordia-de-mirandela-cento-infantil-o-miminho.php
Assoc. Solid. Humanitária Monte Córdova,Monte Córdova,santo-tirso,,,,,,,https://www.primeiraimagem.com/associacao-de-solidariedade-humanitaria-de-monte-cordova.php
CASATIR,Roriz,santo-tirso,,,,,,,https://www.primeiraimagem.com/centro-de-accao-social-de-acolhimento-a-terceira-idade-de-roriz.php
Avó Aninhas - Creche e Jardim de Infância,Espargo,santa-maria-da-feira,,,,,,,https://www.primeiraimagem.com/avo-aninhas-creche-e-jardim-de-infancia.php
Jardim das Camélias - C. S. Candal Marco,Santa MArinha,vila-nova-de-gaia,,,,,,,https://www.primeiraimagem.com/jardim-das-camelias.php
C. Infantil Sta. Maria da Feira,Santa Maria da Feira,santa-maria-da-feira,,,,,,,https://www.primeiraimagem.com/centro-infantil-de-santa-maria-da-feira.php
Estrela Guia - Colégio,São João da Madeira,sao-joao-da-madeira,,,,,,,https://www.primeiraimagem.com/colegio-estrela-guia.php
Jardim Infantil Costa Verde,Espinho,espinho,,,,,,,https://www.primeiraimagem.com/jardim-infantil-costa-verde.php
O Zebra - Creche e Jardim de Infância,Canelas,vila-nova-de-gaia,,,,,,,https://www.primeiraimagem.com/o-zebra.php
ASCRA,Apúlia,esposende,,,,,,,https://www.primeiraimagem.com/ascra-solidariedade-social.php
Associação Bem Estar de Parceiros,Parceiros,leiria,,,,,,,https://www.primeiraimagem.com/associacao-bem-estar-de-parceiros.php
Os Beicinhas - Creche e Jardim de Infância,Moita,moita,,,,,,,https://www.primeiraimagem.com/os-beicinhas.php
A Casinha Mágica - Externato,Fernão Ferro,seixal,,,,,,,https://www.primeiraimagem.com/externato-a-casinha-magica.php
O Risquinhas - Creche e J.Infância,Valadares,vila-nova-de-gaia,,,,,,,https://www.primeiraimagem.com/o-risquinhas.php
C. Paroq. Soc. Vila Chã,Vila Chã,esposende,,,,,,,https://www.primeiraimagem.com/centro-paroquial-e-social-de-vila-cha.php
CASTIIS,Sanguedo,santa-maria-da-feira,,,,,,,https://www.primeiraimagem.com/c-assistencia-social-a-terceira-idade-e-infancia-de-sanguedo.php
Canteiro dos Sonhos - Creche e Jardim de Infância,Barcarena,oeiras,,,,,,,https://www.primeiraimagem.com/canteiro-dos-sonhos-creche-e-jardim-de-infancia.php
Os Gonçalinhos - Creche,Carcavelos,cascais,,,,,,,https://www.primeiraimagem.com/creche-os-goncalinhos.php
ASSTAS,Seixal,seixal,,,,,,,https://www.primeiraimagem.com/associacao-dos-servicos-sociais-dos-trabalhadores-das-autarquias-do-seixal.php
Casa do Povo de Oliveirinha,Oliveirinha,aveiro,,,,,,,https://www.primeiraimagem.com/centro-infantil-casa-do-povo-de-oliveirinha.php
Jardim Infantil Branca de Neve,Parede,cascais,,,,,,,https://www.primeiraimagem.com/jardim-infantil-branca-de-neve.php
Academia dos Pequenitos - Creche,Maceira,leiria,,,,,,,https://www.primeiraimagem.com/academia-dos-pequenitos-creche.php
ADESBA - Creche,Barreira,leiria,,,,,,,https://www.primeiraimagem.com/adesba-creche.php
Bebé a Bordo,Fernão Ferro,seixal,,,,,,,https://www.primeiraimagem.com/bebe-a-bordo.php
C. S. C. R. de Quimbres,S. Silvestre,coimbra,,,,,,,https://www.primeiraimagem.com/centro-social-cultural-e-recreativo-de-quimbres.php
The Sailors - Bebé de Sonho,São Brás,amadora,,,,,,,https://www.primeiraimagem.com/the-sailors–bebe-de-sonho.php
Creche Eng.º António Pascoal,Glória,aveiro,,,,,,,https://www.primeiraimagem.com/creche-eng-antonio-pascoal.php
O Saltitão - Colégio Infantil,Parceiros,leiria,,,,,,,https://www.primeiraimagem.com/o-saltitao-colegio-infantil.php
Os Ilustres - Colégio,Odivelas,odivelas,,,,,,,https://www.primeiraimagem.com/colegio-os-ilustres.php
OPSDC - Seixo de Mira,Seixo,mira,,,,,,,https://www.primeiraimagem.com/cbi-seixo-de-mira.php
Olival Social,Olival,vila-nova-de-gaia,,,,,,,https://www.primeiraimagem.com/olival-social.php
SCMC - Creche Arneiro,Carcavelos,cascais,,,,,,,https://www.primeiraimagem.com/creche-arneiro.php
Brincadeiras ao Cubo - Colégio,Palhais,barreiro,,,,,,,https://www.primeiraimagem.com/colegio-brincadeiras-ao-cubo.php
CBEIM Casais de Santa Maria,Sto. António dos Olivais,coimbra,,,,,,,https://www.primeiraimagem.com/centro-de-bem-estar-infantil-do-movimento-de-casais-de-santa-maria.php
Creche J. Infância C. Abílio Ferreira Oliveira,Santo Tirso,santo-tirso,,,,,,,https://www.primeiraimagem.com/creche-e-jardim-de-infancia-comendador-abilio-ferreira-de-oliveira.php
A Voz do Operário - Esp. Educ. da Baixa da Banheira,Baixa da Banheira,moita,,,,,,,https://www.primeiraimagem.com/a-voz-do-operario-espaco-educativo-da-baixa-da-banheira.php
CAI - O Caracol,Santo André,barreiro,,,,,,,https://www.primeiraimagem.com/cai-o-caracol.php
C.S.P. de Trouxemil,Trouxemil,coimbra,,,,,,,https://www.primeiraimagem.com/centro-social-e -paroquial-de-trouxemil.php
Santa Casa da Misericórdia de Arruda dos Vinhos - Casal do Telheiro,Arruda dos Vinhos,arruda-dos-vinhos,,,,,,,https://www.primeiraimagem.com/santa-casa-da-misericordia-de-arruda-dos-vinhos-casal-do-telheiro.php
Colégio da Fonte,Porto Salvo,oeiras,,,,,,,https://www.primeiraimagem.com/colegio-da-fonte.php
C. S. Nossa Senhora da Alegria,Antanhol,coimbra,,,,,,,https://www.primeiraimagem.com/centro-social-nossa-senhora-da-alegria.php
A Voz do Operário - Esp. Educ. da Ajuda,Ajuda,lisboa,,,,,,,https://www.primeiraimagem.com/a-voz-do-operario-espaco-educativo-da-ajuda.php
Patronato Santa Mafalda,Arouca,arouca,,,,,,,https://www.primeiraimagem.com/patronato-centro-paroquial-e-social-santa-mafalda.php
Grãos de Gente,Oeiras,oeiras,,,,,,,https://www.primeiraimagem.com/graos-de-gente.php
Centro Social Paroquial da Outurela,Carnaxide,oeiras,,,,,,,https://www.primeiraimagem.com/centro-social-paroquial-da-outurela.php
Os Aprendizes - Laboratório do Conhecimento,Cascais,cascais,,,,,,,https://www.primeiraimagem.com/os-aprendizes-laboratorio-do-conhecimento.php
APPACDM - Creche e JI Dandélio,Sto. António dos Olivais,coimbra,,,,,,,https://www.primeiraimagem.com/appacdm-creche-e-jardim-de-infancia-dandelio.php
C. P. Bem Estar Soc. Fernão Ferro,Fernão Ferro,seixal,,,,,,,https://www.primeiraimagem.com/centro-paroquial-bem-estar-social-de-fernao-ferro.php
C. Soc. Paroquial do Burgo,Burgo,arouca,,,,,,,https://www.primeiraimagem.com/centro-social-e-paroquial-do-burgo.php
Centro Comunitário Paroquial Nossa Senhora das Dores,Caxias,oeiras,,,,,,,https://www.primeiraimagem.com/centro-comunitario-paroquial-nossa-senhora-das-dores.php
Creche Mamã Ganso - ADSL,Sta. Catarina da Serra,leiria,,,,,,,https://www.primeiraimagem.com/creche-mama-ganso.php
S. C. M. Celorico de Basto,Arnóia,celorico-de-basto,,,,,,,https://www.primeiraimagem.com/santa-casa-da-misericordia-de-celorico-de-basto.php
Centro de Amizade e Animação Social,Santiago da Guarda,ansiao,,,,,,,https://www.primeiraimagem.com/centro-de-amizade-e-animacao-social.php
Balão Azul - Externato,Oeiras,oeiras,,,,,,,https://www.primeiraimagem.com/externato-balao-azul.php
O Balão Circular - Creche e J. Infância,Odivelas,odivelas,,,,,,,https://www.primeiraimagem.com/o-balao-circular.php
Ass. Solid. Social de Basto,Gémeos,celorico-de-basto,,,,,,,https://www.primeiraimagem.com/associacao-de-solidariedade-social-de-basto.php
Misericórdia de Sangalhos,Sangalhos,anadia,,,,,,,https://www.primeiraimagem.com/misericordia-da-freguesia-de-sangalhos.php
A Semente - Creche,Porto Salvo,oeiras,,,,,,,https://www.primeiraimagem.com/a-semente-creche.php
C. Bem-Estar Social de Barqueiros,Barqueiros,barcelos,,,,,,,https://www.primeiraimagem.com/centro-de-bem-estar-social-de-barqueiros.php
A Minha Escola - Externato,Paço de Arcos,oeiras,,,,,,,https://www.primeiraimagem.com/externato-a-minha-escola.php
Sítio dos Pequeninos - J. Infância,Amor,leiria,,,,,,,https://www.primeiraimagem.com/sitio-dos-pequeninos-jardim-de-infancia.php
Santa Casa Misericórdia de Anadia,Arcos,anadia,,,,,,,https://www.primeiraimagem.com/santa-casa-misericordia-de-anadiaa.php
O Guia da Criança - Externato,Vale de Milhaços,seixal,,,,,,,https://www.primeiraimagem.com/externato-o-guia-da-crianca.php
SCMB - Creche As Formiguinhas,Arcozelo,barcelos,,,,,,,https://www.primeiraimagem.com/creche-as-formiguinhas.php
O Pequeno Polegar - Colégio,Arrentela,seixal,,,,,,,https://www.primeiraimagem.com/colegio-o-pequeno-polegar.php
Colégio Santiago,Carnaxide,oeiras,,,,,,,https://www.primeiraimagem.com/colegio-santiago.php
SCML - Creche Casa Sanches,Leiria,leiria,,,,,,,https://www.primeiraimagem.com/creche-casa-sanches.php
Creche Girafa - AFA,Amares,amares,,,,,,,https://www.primeiraimagem.com/creche-girafa-associacao-de-fomento-amarense.php
Sol Nascente - Externato,Amora,seixal,,,,,,,https://www.primeiraimagem.com/externato-sol-nascente_i.php
Casa do Povo Amoreira da Gândara,Amoreira da Gândara,anadia,,,,,,,https://www.primeiraimagem.com/casa-do-povo-de-amoreira-da-gandara.php
O Bambi - Creche e J. Infância,Marrazes,leiria,,,,,,,https://www.primeiraimagem.com/o-bambi-creche-e-jardim-de-infancia.php
Jardim do Pinhal - Creche e J. Infância,Corroios,seixal,,,,,,,https://www.primeiraimagem.com/jardim-do-pinhal-creche-e-jardim-de-infancia.php
Dó Ré Mi - Externato Infantil,Corroios,seixal,,,,,,,https://www.primeiraimagem.com/do-re-mi-1-jardim-de-infancia.php
A Patatina - Creche,São João de Brito,lisboa,,,,,,,https://www.primeiraimagem.com/a-patatina-creche.php
Ondas de Imaginação,Famões,odivelas,,,,,,,https://www.primeiraimagem.com/ondas-de-imaginacao.php
Quina - Infantário,Ramada,odivelas,,,,,,,https://www.primeiraimagem.com/infantario-quina.php
Instituto dos Afetos - C.C.Tires,S. Domingos de Rana,cascais,,,,,,,https://www.primeiraimagem.com/instituto-dos-afetos-creche.php
ADECO - J. Infância das Mercês,Mercês,lisboa,,,,,,,https://www.primeiraimagem.com/adeco-jardim-de-infancia-das-merces.php
J. Inf. Cruz Vermelha Portuguesa,Macieira de Rates,barcelos,,,,,,,https://www.primeiraimagem.com/jardim-infantil-da-cruz-vermelha-portuguesa.php
O Meu Mundo - Creche e Pré-Escolar,Figueiró,amarante,,,,,,,https://www.primeiraimagem.com/o-meu-mundo.php
OBER - J. Infância de Gôve,Gôve,baiao,,,,,,,https://www.primeiraimagem.com/jardim-de-infancia-de-gove.php
Golfinho Saltitão - Centro Infantil,Algés,oeiras,,,,,,,https://www.primeiraimagem.com/golfinho-saltitao-centro-infantil.php
APIA - Associação de Proteção à Infância da Ajuda,Ajuda,lisboa,,,,,,,https://www.primeiraimagem.com/apia-associacao-de-proteccao-a-infancia-da-ajuda.php
Ser Criança – Creche e J. Infância,Estoril,cascais,,,,,,,https://www.primeiraimagem.com/ser-crianca.php
OBER - J. Infância de Ancede,Ancede,baiao,,,,,,,https://www.primeiraimagem.com/jardim-de-infancia-de-ancede.php
Creche Municipal do Alto Concelho,Manique do Intendente,azambuja,,,,,,,https://www.primeiraimagem.com/creche-municipal-do-alto-concelho.php
C. C. Bairro das Loureiras - CSPNAP,Camarate,loures,,,,,,,https://www.primeiraimagem.com/centro-comunitario-do-bairro-das-loureiras.php
Ass. Social Avelãs de Caminho,Avelãs de Caminho,anadia,,,,,,,https://www.primeiraimagem.com/associacao-social-de-avelas-de-caminho.php
C. Comunitário Bento XVI,Borba de Montanha,celorico-de-basto,,,,,,,https://www.primeiraimagem.com/centro-comunitario-bento-xvi.php
CBEI de Monte Real,Monte Real,leiria,,,,,,,https://www.primeiraimagem.com/centro-de-bem-estar-infantil-de-monte-real.php
Centro Social S. José de Cluny,Arcos,anadia,,,,,,,https://www.primeiraimagem.com/centro-social-de-s-jose-de-cluny.php
SCMC - Creche O Coelhinho,Chamusca,chamusca,,,,,,,https://www.primeiraimagem.com/creche-o-coelhinho_chamusca.php
Casinha de Nossa Senhora - FOSRDI,Belém,lisboa,,,,,,,https://www.primeiraimagem.com/casinha-de-nossa-senhora.php
Associação J. Infância Nª Sª das Graças,Algés,oeiras,,,,,,,https://www.primeiraimagem.com/associacao-jardim-de-infancia-nossa-senhora-das-gracas.php
SCM Castro Marim,Castro Marim,castro-marim,,,,,,,https://www.primeiraimagem.com/santa-casa-da-misericordia-de-castro-marim.php
O Dominó - Infantário e J. Infância,Pousos,leiria,,,,,,,https://www.primeiraimagem.com/o-domino-infantario-e-jardim-de-infancia.php
Pequenos e Divertidos  - Colégio,Odivelas,odivelas,,,,,,,https://www.primeiraimagem.com/colegio-pequenos-e-divertidos.php
SCMB - C. Maria Eva Nunes Corrêa,Silveiros,barcelos,,,,,,,https://www.primeiraimagem.com/centro-social-comendadora-maria-eva-nunes-correa.php
Academia dos Príncipes - Colégio,Lumiar,lisboa,,,,,,,https://www.primeiraimagem.com/colegio-academia-dos-principes.php
Monte Flor - Colégio,Carnaxide,oeiras,,,,,,,https://www.primeiraimagem.com/colegio-monte-flor.php
SCMC - Creche Bicesse,Alcabideche,cascais,,,,,,,https://www.primeiraimagem.com/creche-bicesse.php
Centro Social Paroq. Nª Sra. do Cabo,Linda-A-Velha,oeiras,,,,,,,https://www.primeiraimagem.com/centro-social-paroq-na-sra-do-cabo.php
Creche de Gandarela de Basto - GCRNIG,Basto (S. Clemente),celorico-de-basto,,,,,,,https://www.primeiraimagem.com/creche-de-gandarela-de-basto.php
Educa a Brincar - Colégio,Castelo,sesimbra,,,,,,,https://www.primeiraimagem.com/colegio-educa-a-brincar.php
Centro Social Santa Cruz do Douro,Santa Cruz do Douro,baiao,,,,,,,https://www.primeiraimagem.com/centro-social-santa-cruz-do-douro.php
Acção Social Universidade de Lisboa,Alvalade,lisboa,,,,,,,https://www.primeiraimagem.com/servicos-de-accao-social-da-universidade-de-lisboa.php
O Ninho - CSPPVI,Leiria,leiria,,,,,,,https://www.primeiraimagem.com/o-ninho.php
Beyond International School,BArcarena,oeiras,,,,,,,https://www.primeiraimagem.com/beyond-international-school.php
O Miúdo - Creche IV,S. Gonçalo,amarante,,,,,,,https://www.primeiraimagem.com/o-miudo-creche-iv.php
Centro Social Paroquial Sta. Marinha do Zêzere,Sta. Marinha do Zêzere,baiao,,,,,,,https://www.primeiraimagem.com/centro-social-e-paroquial-de-santa-marinha-do-zezere.php
Kids Vila Bicuda,Cascais,cascais,,,,,,,https://www.primeiraimagem.com/kids-vila-bicuda.php
Associação Cegonha Branca,Altura,castro-marim,,,,,,,https://www.primeiraimagem.com/associacao-cegonha-branca.php
Fórum Memória de Elefante,Fernão Ferro,seixal,,,,,,,https://www.primeiraimagem.com/forum-memoria-de-elefante.php
Centro Bem Estar Social Alheira,Alheira,barcelos,,,,,,,https://www.primeiraimagem.com/centro-de-bem-estar-social-de-alheira.php
AJE - Creche S. Miguel Arcanjo,Lumiar,lisboa,,,,,,,https://www.primeiraimagem.com/creche-s-miguel-arcanjo.php
C.S.P.C. - Creche d' Os Pastorinhos,Corroios,seixal,,,,,,,https://www.primeiraimagem.com/creche-d-os-pastorinhos.php
Os Trombinhas - Colégio,Odivelas,odivelas,,,,,,,https://www.primeiraimagem.com/colegio-os-trombinhas.php
Lugar dos Principes - Creche e J. Infância,Marrazes,leiria,,,,,,,https://www.primeiraimagem.com/lugar-dos-principes-creche-e-jardim-de-infancia.php
O Bom João - Colégio,Amora,seixal,,,,,,,https://www.primeiraimagem.com/colegio-o-bom-joao.php
O Alicerce - Jardim Infantil,Odivelas,odivelas,,,,,,,https://www.primeiraimagem.com/o-alicerce-jardim-infantil.php
ASP - Associação Social de Pereira,Pereira,barcelos,,,,,,,https://www.primeiraimagem.com/asp-associacao-social-de-pereira.php
Colégio Parque dos Sorrisos,Amora,seixal,,,,,,,https://www.primeiraimagem.com/parque-dos-sorrisos-creche-e-j-infancia-amora.php
C. Materno Infantil e Cultural do Couço,Couço,coruche,,,,,,,https://www.primeiraimagem.com/centro-materno-infantil-e-cultural-do-couco.php
Centro Infantil da S. C. M. Azambuja,Azambuja,azambuja,,,,,,,https://www.primeiraimagem.com/centro-infantil-da-santa-casa-da-misericordia-da-azambuja.php
SFRAA - J. Infância & Creche Falagueira,Falagueira,amadora,,,,,,,https://www.primeiraimagem.com/jardim-de-infancia-e-creche-falagueira.php
OBER - J. Infância de Sta. Marinha do Zêzere,Sta. Marinha do Zêzere,baiao,,,,,,,https://www.primeiraimagem.com/jardim-de-infancia-de-santa-marinha-do-zezere.php
Os Migos - Creche,Águas Livres,amadora,,,,,,,https://www.primeiraimagem.com/os-migos-creche.php
Centro Social de Remelhe,Remelhe,barcelos,,,,,,,https://www.primeiraimagem.com/centro-social-de-remelhe.php
Santa Casa da Misericórdia de Arruda dos Vinhos - Arranhó,Arranhó,arruda-dos-vinhos,,,,,,,https://www.primeiraimagem.com/santa-casa-da-misericordia-de-arruda-dos-vinhos-arranho.php
As Descobertas - Externato,S. Francisco Xavier,lisboa,,,,,,,https://www.primeiraimagem.com/externato-as-descobertas.php
Espaço Júnior - Assoc. Vida Abundante,Moscavide,loures,,,,,,,https://www.primeiraimagem.com/espaco-junior-associacao-vida-abundante.php
Quinta dos Pequenotes - Creche e J. Infância,Esgueira,aveiro,,,,,,,https://www.primeiraimagem.com/quinta-dos-pequenotes-creche-e-jardim-de-infancia.php
C. Apoio Familiar Pinto de Carvalho,Oliveira de Azeméis,oliveira-de-azemeis,,,,,,,https://www.primeiraimagem.com/centro-de-apoio-familiar-pinto-de-carvalho.php
Casa da Criança Maria Rita Patrocínio Costa,Monte Redondo,leiria,,,,,,,https://www.primeiraimagem.com/casa-da-crianca-maria-rita-patrocinio-costa.php
A Toquinha dos Miminhos,Colmeias,leiria,,,,,,,https://www.primeiraimagem.com/a-toquinha-dos-miminhos.php
C.S.P.C. - Creche de Santa Teresinha,Corroios,seixal,,,,,,,https://www.primeiraimagem.com/creche-de-santa-teresinha.php
"Os Traquininhas - Creche, J. Infância e CATL",Caranguejeira,leiria,,,,,,,https://www.primeiraimagem.com/os-traquininhas-creche-j-infancia-e-catl.php
Tentativa - Centro Educativo,Leiria,leiria,,,,,,,https://www.primeiraimagem.com/tentativa-centro-educativo.php
Lar de S. José - Creche e J. Infância,Coruche,coruche,,,,,,,https://www.primeiraimagem.com/lar-de-s-jose-creche-e-j-infancia.php
OBER - J. Infância de Loivos da Ribeira,Loivos da Ribeira,baiao,,,,,,,https://www.primeiraimagem.com/jardim-de-infancia-de-loivos-da-ribeira.php
Abrigo Infantil Sta. Maria de Belém,Belém,lisboa,,,,,,,https://www.primeiraimagem.com/abrigo-infantil-de-santa-maria-de-belem.php
O Nosso Recreio - Jardim de Infância,Odivelas,odivelas,,,,,,,https://www.primeiraimagem.com/o-nosso-recreio-jardim-de-infancia.php
Jardim dos Lombos - Externato,Carcavelos,cascais,,,,,,,https://www.primeiraimagem.com/externato-jardim-dos-lombos.php
Jardim do Sol - Externato,Odivelas,odivelas,,,,,,,https://www.primeiraimagem.com/externato-jardim-do-sol.php
C. Soc. Sta. Cristina de Mansores,Mansores,arouca,,,,,,,https://www.primeiraimagem.com/centro-social-santa-cristina-de.mansores.php
ABEI Vialonga - Aboboreira,Vialonga,vila-franca-de-xira,,,,,,,https://www.primeiraimagem.com/associacao-para-o-bem-estar-infantil-da-freguesia-de-vialonga_i.php
Salpicos Vibrantes - Creche,Pontinha,odivelas,,,,,,,https://www.primeiraimagem.com/salpicos-vibrantes-creche.php
C.A.S.C.U.Z.,Sesimbra,sesimbra,,,,,,,https://www.primeiraimagem.com/centro-de-apoio-socio-cultural-unidade-zambujalense.php
C. Soc. Paroquial Regueira de Pontes,Regueira de Pontes,leiria,,,,,,,https://www.primeiraimagem.com/centro-social-paroquial-de-regueira-de-pontes.php
Curiosa Idade,Linda-a-Velha,oeiras,,,,,,,https://www.primeiraimagem.com/curiosa-idade-creche-e-jardim-de-infancia.php
Os Traquinas dos Milagres - Creche e Infantário,Milagres,leiria,,,,,,,https://www.primeiraimagem.com/os-traquinas-dos-milagres-creche-e-infantario.php
Casa do Povo de Tadim,Tadim,braga,,,,,,,https://www.primeiraimagem.com/casa-do-povo-de-tadim.php
C. Social Paroquial Gilmonde,Gilmonde,barcelos,,,,,,,https://www.primeiraimagem.com/centro-social-e-paroquial-de-gilmonde.php
Casa Cor-de-Rosa - CSCPNSL,Sé Nova,coimbra,,,,,,,https://www.primeiraimagem.com/casa-cor-de-rosa.php
Paróquia do Senhor da Vera Cruz - Colégio,Santa Marinha,vila-nova-de-gaia,,,,,,,https://www.primeiraimagem.com/colegio-da-paroquia-do-senhor-da-vera-cruz.php
A Voz do Operário - Esp. Educ. do Lavradio,Lavradio,barreiro,,,,,,,https://www.primeiraimagem.com/a-voz-do-operario-espaco-educativo-do-lavradio.php
APISAL,Arroios,lisboa,,,,,,,https://www.primeiraimagem.com/associacao-pro-infancia-santo-antonio-de-lisboa.php
C. Soc. Paroq. de São Jacinto,São Jacinto,aveiro,,,,,,,https://www.primeiraimagem.com/centro-social-paroquial-de-sao-jacinto.php
Capuchinho Vermelho - Creche e J.I.,S. Martinho do Bispo,coimbra,,,,,,,https://www.primeiraimagem.com/capuchinho-vermelho-creche-e-jardim-de-infancia.php
Casa da Avó Piti - CSCPSM,S. Martinho do Bispo,coimbra,,,,,,,https://www.primeiraimagem.com/casa-da-avo-piti.php
O Piparote,Fernão Ferro,seixal,,,,,,,https://www.primeiraimagem.com/o-piparote.php
C. P. Sto. André de Mosteirô,Mosteirô,santa-maria-da-feira,,,,,,,https://www.primeiraimagem.com/centro-paroquial-de-santo-andre-de-mosteiro.php
O Fruto - C. Soc. Cultural e Recreativo Arvorense,Árvore,vila-do-conde,,,,,,,https://www.primeiraimagem.com/o-fruto-creche-e-jardim-de-infancia.php
Quinta Alegre - Creche e Jardim de Infância,Fernão Ferro,seixal,,,,,,,https://www.primeiraimagem.com/quinta-alegre.php
Tesourinhos à Vista - Creche,Pontinha,odivelas,,,,,,,https://www.primeiraimagem.com/tesourinhos-a-vista-creche.php
CASS,Souselas,coimbra,,,,,,,https://www.primeiraimagem.com/cass-centro-de-apoio-social-de-souselas.php
Instituto S. José,Vila do Conde,vila-do-conde,,,,,,,https://www.primeiraimagem.com/instituto-s-jose.php
Golfinho Saltitão - Creche,Algés,oeiras,,,,,,,https://www.primeiraimagem.com/golfinho-saltitao-creche.php
St. Julian's School,Carcavelos,cascais,,,,,,,https://www.primeiraimagem.com/st-julian-s-school.php
C. Soc. Paroq. S. Pedro de Nariz,Nariz,aveiro,,,,,,,https://www.primeiraimagem.com/centro-social-paroquial-s-pedro-de-nariz.php
O Moinho da Juventude - Creche A Árvore,Águas Livres,amadora,,,,,,,https://www.primeiraimagem.com/creche-a-arvore.php
C. S. Social da Adémia,Trouxemil,coimbra,,,,,,,https://www.primeiraimagem.com/centro-de-solidariedade-social-da-ademia.php
Centro Paroquial de Barcelinhos,Barcelinhos,barcelos,,,,,,,https://www.primeiraimagem.com/centro-paroquial-de-barcelinhos.php
C. Soc. Paroq. Sto. André de Esgueira,Esgueira,aveiro,,,,,,,https://www.primeiraimagem.com/centro-social-e-paroquial-de-santo-andre-de-esgueira.php
SCMSC - CBEI Santa Teresinha,Santiago do Cacém,santiago-do-cacem,,,,,,,https://www.primeiraimagem.com/centro-bem-estar-infantil-santa-teresinha.php
Jardim da Mimi,Miranda do Corvo,miranda-do-corvo,,,,,,,https://www.primeiraimagem.com/jardim-da-mimi.php
Centro Social da Paróquia de Touguinha,Touguinha,vila-do-conde,,,,,,,https://www.primeiraimagem.com/centro-social-da-paroquia-de-touguinha.php
O Pinóquio - Creche e J. I. da Sismaria,Marrazes,leiria,,,,,,,https://www.primeiraimagem.com/o-pinoquio-creche-e-jardim-de-infancia-da-sismaria.php
O Sossego da Mamã - Colégio,Monte da Caparica,almada,,,,,,,https://www.primeiraimagem.com/colegio-o-sossego-da-mama.php
O Portugal dos Pequeninos II,Anta,espinho,,,,,,,https://www.primeiraimagem.com/o-portugal-dos-pequeninos-ii.php
Brincolândia - Jardim de Infância e CATL,Corroios,seixal,,,,,,,https://www.primeiraimagem.com/brincolandia-j-infancia.php
Creche e Jardim de Infância Dona Maria,Seixal,seixal,,,,,,,https://www.primeiraimagem.com/creche-e-jardim-de-infancia-dona-maria.php
JI António Pinheiro Pinto Basto,Belas,sintra,,,,,,,https://www.primeiraimagem.com/ji-antonio-pinheiro-pinto-basto.php
Centro Paroquial de São Bernardo,São Bernardo,aveiro,,,,,,,https://www.primeiraimagem.com/centro-paroquial-de-sao-bernardo.php
Coopescola,Penha de França,lisboa,,,,,,,https://www.primeiraimagem.com/coopescola.php
JIP - Jardim de Infância Popular,Agualva,sintra,,,,,,,https://www.primeiraimagem.com/jip-jardim-de-infancia-popular.php
Os Grilinhos - Externato,Charneca de Caparica,almada,,,,,,,https://www.primeiraimagem.com/externato-os-grilinhos.php
Centro Social Paroquial do Sarzedo,Sarzedo,arganil,,,,,,,https://www.primeiraimagem.com/centro-social-paroquial-do-sarzedo.php
Centro Social São João de Deus - ODPS,Campanhã,porto,,,,,,,https://www.primeiraimagem.com/centro-social-sao-joao-de-deus.php
Krexe e Muito Mais,Rio de Mouro,sintra,,,,,,,https://www.primeiraimagem.com/krexe-e-muito-mais.php
SCMA - D. Filomena Rosário Almeida,Ferreiros,amares,,,,,,,https://www.primeiraimagem.com/infantario-d-filomena-do-rosario-almeida.php
Pimpolhos e Pirulitos - Colégio,Sobreda,almada,,,,,,,https://www.primeiraimagem.com/colegio-pimpolhos-e-pirulitos.php
Creche André Gouveia - ACF,Lumiar,lisboa,,,,,,,https://www.primeiraimagem.com/creche-andre-gouveia.php
Centro Social Paroquial de Oeiras - O Pombal,Oeiras,oeiras,,,,,,,https://www.primeiraimagem.com/o-pombal-creche-e-jardim-de-infancia.php
Centro Social da Paróquia de S. Vicente,São Vicente,braga,,,,,,,https://www.primeiraimagem.com/centro-social-da-paroquia-de-s-vicente.php
Canto Alegre - Infantários,Sto. António da Charneca,barreiro,,,,,,,https://www.primeiraimagem.com/canto-alegre.php
Creche da Graça,São Vicente,lisboa,,,,,,,https://www.primeiraimagem.com/fundacao-maria-do-carm-roque-pereira.php
Ninho Maternal - Colégio,Algueirão Mem-Martins,sintra,,,,,,,https://www.primeiraimagem.com/colegio-ninho-maternal.php
Kriabebés  - Creche,Algés,oeiras,,,,,,,https://www.primeiraimagem.com/kriabebes-creche.php
C.P.B.E.S. de Almalaguês,Almalaguês,coimbra,,,,,,,https://www.primeiraimagem.com/centro-paroquial-de-bem-estar-social-de-almalagues.php
CATICA - Centro Comunitário de Coina,Coina,barreiro,,,,,,,https://www.primeiraimagem.com/catica-centro-comunitario-de-coina.php
Centro Social da Foz do Douro,Foz do Douro,porto,,,,,,,https://www.primeiraimagem.com/centro-social-da-foz-do-douro.php
Colégio S. Francisco de Assis - Lagoas Park,Porto Salvo,oeiras,,,,,,,https://www.primeiraimagem.com/colegio-s-francisco-de-assis-lagoas-park.php
Casa da Cruz - SCMA,Esgueira,aveiro,,,,,,,https://www.primeiraimagem.com/casa-da-cruz.php
Bê-à-Bá - Infantário,Bonfim,porto,,,,,,,https://www.primeiraimagem.com/infantario-be-a-ba.php
O Papagaio - Creche e J. Infância,Baixa da Banheira,moita,,,,,,,https://www.primeiraimagem.com/o-papagaio-creche-e-jardim-de-infancia.php
O Finório - Jardim Infantil,São Brás,amadora,,,,,,,https://www.primeiraimagem.com/o-finorio.php
CEBI - Pólo Arranhó,Arranhó,arruda-dos-vinhos,,,,,,,https://www.primeiraimagem.com/fundacao-cebi-polo-arranho.php
ASDVA - Creche,Anta,espinho,,,,,,,https://www.primeiraimagem.com/associacao-desenvolvimento-vila-de-anta.php
A Flor - Escola Infantil,Ramalde,porto,,,,,,,https://www.primeiraimagem.com/a-flor.php
A. B. E. Sta. Maria de Lamas,Santa Maria de Lamas,santa-maria-da-feira,,,,,,,https://www.primeiraimagem.com/associacao-bem-estar-de-santa-maria-de-lamas.php
Florinhas do Vouga,Glória,aveiro,,,,,,,https://www.primeiraimagem.com/florinhas-do-vouga.php
SCM Mirandela - C. I. Arco Íris,Mirandela,mirandela,,,,,,,https://www.primeiraimagem.com/santa-casa-da-misericordia-de-mirandela-cento-infantil-arco-iris.php
O Golfinho - Creche e Jardim de Infância,Santiago Santo André,santiago-do-cacem,,,,,,,https://www.primeiraimagem.com/o-golfinho.php
Toca e Fica - Creche e J. Infância,Agualva,sintra,,,,,,,https://www.primeiraimagem.com/toca-e-fica-creche-e-jardim-de-infancia.php
Toca do Trincas - Aadies IPSS,Ermidas do Sado,santiago-do-cacem,,,,,,,https://www.primeiraimagem.com/centro-para-a-infancia-toca-do-trincas.php
Centro Infantil de Miranda do Corvo,Miranda do Corvo,miranda-do-corvo,,,,,,,https://www.primeiraimagem.com/centro-infantil-de-miranda-do-corvo.php
Creche Pirilampo Cresce - CERCIGAIA,Canidelo,vila-nova-de-gaia,,,,,,,https://www.primeiraimagem.com/creche-pirilampo-cresce.php
A. Apoio Infantil de Pedreiras,Pedreiras,porto-de-mos,,,,,,,https://www.primeiraimagem.com/associacao-de-apoio-infantil-de-pedreiras.php
Creche e J. Infância da Azervadinha,Coruche,coruche,,,,,,,https://www.primeiraimagem.com/creche-e-j-infancia-da-azervadinha.php
SCM Mogadouro - J. Infância,Mogadouro,mogadouro,,,,,,,https://www.primeiraimagem.com/santa-casa-da-misericordia-de-mogadouro-j-infancia.php
SCMSC - Montinho,Santiago do Cacém,santiago-do-cacem,,,,,,,https://www.primeiraimagem.com/creche-e-jardim-de-infancia-do-montinho.php
Sitio do Bebé - CCDSBA,S. Brás Alportel,s-bras-alportel,,,,,,,https://www.primeiraimagem.com/sitio-do-bebe-creche.php
A Torre dos Pequeninos - Colégio,Areias,santo-tirso,,,,,,,https://www.primeiraimagem.com/colegio-a-torre-dos-pequeninos.php
Creche Quinta dos Avós - AOSM,Oliveira do Douro,vila-nova-de-gaia,,,,,,,https://www.primeiraimagem.com/creche-quinta-dos-avos.php
Park - International School,Alfragide,amadora,,,,,,,https://www.primeiraimagem.com/park-international-school-alfragide.php
CPBES Salvaterra de Magos,Salvaterra de Magos,salvaterra-de-magos,,,,,,,https://www.primeiraimagem.com/cpbes-salvaterra-de-magos.php
OPSDC - Casa da Criança de Mira,Mira,mira,,,,,,,https://www.primeiraimagem.com/casa-da-crianca-de-mira.php
Creche Infância Feliz - SCMVNG,Santa Marinha,vila-nova-de-gaia,,,,,,,https://www.primeiraimagem.com/creche-Infancia-feliz.php
ACARF - Creche,Forjães,esposende,,,,,,,https://www.primeiraimagem.com/associacao-social-cultural-artistica-e-recreativa-de-forjaes.php
Floresta Mágica,Arcozelo,vila-nova-de-gaia,,,,,,,https://www.primeiraimagem.com/floresta-magica.php
Génios em Marcha,Valadares,vila-nova-de-gaia,,,,,,,https://www.primeiraimagem.com/genios-em-marcha.php
J. Escola João de Deus,S. João Baptista,entroncamento,,,,,,,https://www.primeiraimagem.com/j-escola-joao-de-deus_entroncamento.php
C. Soc. Paroq. Santa Catarina da Serra,Sta. Catarina da Serra,leiria,,,,,,,https://www.primeiraimagem.com/centro-social-e-paroquial-de-santa-catarina-da-serra.php
Centro Infantil de Santo Tirso - CVP,Santo Tirso,santo-tirso,,,,,,,https://www.primeiraimagem.com/centro-infantil-de-santo-tirso.php
C. S. P. S. Lourenço Alhos Vedros,Alhos Vedros,moita,,,,,,,https://www.primeiraimagem.com/centro-social-paroquial-de-sao-lourenco-de-alhos-vedros.php
Jardim da Régia - C. S. Candal Marco,Santa Marinha,vila-nova-de-gaia,,,,,,,https://www.primeiraimagem.com/jardim-da-regia.php
SCMB - Rainha Santa Isabel,Barcelos,barcelos,,,,,,,https://www.primeiraimagem.com/infantario-rainha-santa-isabel.php
Centro Infantil de Espinho 2,Espinho,espinho,,,,,,,https://www.primeiraimagem.com/centro-infantil-de-espinho-2.php
Centro Social de Paramos,Paramos,espinho,,,,,,,https://www.primeiraimagem.com/centro-social-de-paramos.php
C. Paroquial Acção Social da Moita,Moita,moita,,,,,,,https://www.primeiraimagem.com/centro-paroquial-de-accao-social-da-moita.php
Joanico – Creche e Jardim de Infância,Mafamude,vila-nova-de-gaia,,,,,,,https://www.primeiraimagem.com/joanico.php
Jumbo - jardim Infantil de Pedroso,Pedroso,vila-nova-de-gaia,,,,,,,https://www.primeiraimagem.com/jumbo-jardim-infantil-de-pedroso.php
O Cantinho da Botica - SCMS,Semide,miranda-do-corvo,,,,,,,https://www.primeiraimagem.com/o-cantinho-da-botica-creche.php
SCMSJM - Centro Infantil,São João da Madeira,sao-joao-da-madeira,,,,,,,https://www.primeiraimagem.com/centro-infantil.php
Colégio Corte Real,Moita,moita,,,,,,,https://www.primeiraimagem.com/colegio-corte-real.php
CRIBB - Creche Os Netinhos,Baixa da Banheira,moita,,,,,,,https://www.primeiraimagem.com/cribb-creche-os-netinhos.php
C. Soc. Paroquial de Romariz,Romariz,santa-maria-da-feira,,,,,,,https://www.primeiraimagem.com/centro-social-paroquial-de-romariz.php
Os Cartolinhas - Assoc. Creches Sta. Marinha,Santa Marinha,vila-nova-de-gaia,,,,,,,https://www.primeiraimagem.com/os-cartolinhas.php
As Joaninhas - Colégio,Amora,seixal,,,,,,,https://www.primeiraimagem.com/colegio-as-joaninhas.php
S. C. M. Ansião,Ansião,ansiao,,,,,,,https://www.primeiraimagem.com/santa-casa-da-misericordia-de-ansiao.php
Centro Social Paroquial da Ilha,Ilha,pombal,,,,,,,https://www.primeiraimagem.com/centro-social-paroquial-da-ilha.php
C. Social Paroquial S. M. Feira,Santa Maria da Feira,santa-maria-da-feira,,,,,,,https://www.primeiraimagem.com/centro-social-paroquial-s-m-feira.php
C. Social Paroquial Sanfins,Sanfins,santa-maria-da-feira,,,,,,,https://www.primeiraimagem.com/centro-social-paroquial-sanfins.php
SCMSJM - Abrigo Infantil Laranjeiras,São João da Madeira,sao-joao-da-madeira,,,,,,,https://www.primeiraimagem.com/abrigo-infantil-das-laranjeiras.php
Pião Mágico - Colégio,Caneças,odivelas,,,,,,,https://www.primeiraimagem.com/colegio-piao-magico.php
SCM Alhos Vedros - O Varino,Alhos Vedros,moita,,,,,,,https://www.primeiraimagem.com/santa-casa-misericordia-de-alhos-vedros-o-varino.php
A Compasso - Creche e J. Infância,Pereira,montemor-o-velho,,,,,,,https://www.primeiraimagem.com/a-compasso-creche-e-jardim-de-infancia.php
Casa Nossa Senhora do Sameiro,S. Paio de Oleiros,santa-maria-da-feira,,,,,,,https://www.primeiraimagem.com/casa-nossa-senhora-do-sameiro.php
C. S. P. Imaculado Coração de Maria,Vila Cova,barcelos,,,,,,,https://www.primeiraimagem.com/centro-social-paroquial-imaculado-coracao-de-maria.php
Arte Mágica - Colégio,Corroios,seixal,,,,,,,https://www.primeiraimagem.com/colegio-arte-magica.php
SCML - C. Infantil de Odiáxere,Odiáxere,lagos,,,,,,,https://www.primeiraimagem.com/centro-infantil-de-odiaxere.php
SCMRM - Creche da Chainça,Rio Maior,rio-maior,,,,,,,https://www.primeiraimagem.com/santa-casa-da.misericordia-de-rio.maior-creche-da-chainca.php
ASSCCB - Creche,Carapelhos,mira,,,,,,,https://www.primeiraimagem.com/associacao-de-solidariedade-social-de-carapelhos-e-corticeiro-de-baixo.php
SCMC - Pézinhos de Lã,Condeixa-a-Nova,condeixa-a-nova,,,,,,,https://www.primeiraimagem.com/pezinhos-de-la.php
Colégio Nossa Senhora da Bonança,Mafamude,vila-nova-de-gaia,,,,,,,https://www.primeiraimagem.com/colegio-nossa-senhora-da-bonanca.php
Favo de Mel,Santiago do Cacém,santiago-do-cacem,,,,,,,https://www.primeiraimagem.com/favo-de-mel-jardim-de-infancia.php
Creche de Malaqueijo - CBES,Malaqueijo,rio-maior,,,,,,,https://www.primeiraimagem.com/creche-de-malaqueijo.php
Casa da Criança Maria R. Salazar,Luso,mealhada,,,,,,,https://www.primeiraimagem.com/casa-da-crianca-maria-resgate-salazar.php
SCMC - Casa da Criança D. Elsa Sotto Mayor,,condeixa-a-nova,,,,,,,https://www.primeiraimagem.com/casa-da-crianca-d-elsa-sotto-mayor.php
Colégio Ibérico de Gaia - Pólo Creche,Aguda,vila-nova-de-gaia,,,,,,,https://www.primeiraimagem.com/colegio-iberico-de-gaia-polo-creche.php
Creche e Jardim de Infância O Comboio,Alvalade,santiago-do-cacem,,,,,,,https://www.primeiraimagem.com/creche-e-jardim-de-infancia-o-comboio.php
Colégio Alto Pina,Rio Maior,rio-maior,,,,,,,https://www.primeiraimagem.com/colegio-alto-pina.php
Casa da Criança - SCMM,Mealhada,mealhada,,,,,,,https://www.primeiraimagem.com/casa-da-crianca_mealhada.php
Pintainhos D'Ouro,Condeixa-a-Velha,condeixa-a-nova,,,,,,,https://www.primeiraimagem.com/pintainhos-d-ouro.php
Colégio Ibérico de Gaia,Arcozelo,vila-nova-de-gaia,,,,,,,https://www.primeiraimagem.com/colegio-iberico-de-gaia.php
SCMS - Os Amiguinhos,Marvila,santarem,,,,,,,https://www.primeiraimagem.com/os-amiguinhos-creche-e-pre-escolar.php
Colégio Águas Férreas,Rio Maior,rio-maior,,,,,,,https://www.primeiraimagem.com/colegio-aguas-ferreas.php
Xica Larica - Creche e J. Infância,S. Martinho do Bispo,coimbra,,,,,,,https://www.primeiraimagem.com/xica-larica-creche-e-j-infancia.php
C. Soc. Freguesia de Casal Comba,Casal Comba,mealhada,,,,,,,https://www.primeiraimagem.com/centro-social-da-freguesia-de-casal-comba.php
Circo Mágico - Colégio Infantil,Grijó,vila-nova-de-gaia,,,,,,,https://www.primeiraimagem.com/circo-magico.php
SCMP - Berço Alviela,Pernes,santarem,,,,,,,https://www.primeiraimagem.com/creche-berco-alviela.php
"Q.I. Colégio - Creche, Jardim de Infância, ATL e Centro de Estudos",Póvoa de Varzim,povoa-de-varzim,,,,,,,https://www.primeiraimagem.com/q-i-colegio.php
C. Assist. Paroq. de Pampilhosa,Pampilhosa,mealhada,,,,,,,https://www.primeiraimagem.com/centro-de-assistencia-paroquial-de-pampilhosa.php
Universo Imaginário - Creche,Sto. António dos Olivais,coimbra,,,,,,,https://www.primeiraimagem.com/creche-universo-imaginario.php
Centro Social Paroquial de Perosinho,Perosinho,vila-nova-de-gaia,,,,,,,https://www.primeiraimagem.com/centro-social-paroquial-de-perosinho.php
O Meu Pequeno Mundo,São Nicolau,santarem,,,,,,,https://www.primeiraimagem.com/o-meu-pequeno-mundo.php
Novo Mundo - Centro Social e Paroquial de Navais,Navais,povoa-de-varzim,,,,,,,https://www.primeiraimagem.com/creche-e-jardim-de-infancia-novo-mundo.php
The Sailors – Perafita,Perafita,matosinhos,,,,,,,https://www.primeiraimagem.com/the-sailors–perafita.php
Os Pimentinhas - Creche e J. Infância,S. Martinho do Bispo,coimbra,,,,,,,https://www.primeiraimagem.com/os-pimentinhas-creche-e-jardim-de-infancia.php
Centro Social de Sandim,Sandim,vila-nova-de-gaia,,,,,,,https://www.primeiraimagem.com/centro-social-de-sandim.php
C. S. P. Caldas de Vizela-S. Miguel,Vizela,vizela,,,,,,,https://www.primeiraimagem.com/centro-social-paroquial-caldas-de-vizela-s-miguel.php
Miminho - Cruz Vermelha Portuguesa,Póvoa de Varzim,povoa-de-varzim,,,,,,,https://www.primeiraimagem.com/miminho-cruz-vermelha-portuguesa.php
The Sailors - Creche,Matosinhos,matosinhos,,,,,,,https://www.primeiraimagem.com/the-sailors.php
OPSDC - Sé Velha,Almedina,coimbra,,,,,,,https://www.primeiraimagem.com/cji-se-velha.php
Centro Social de S. Félix da Marinha,S. Félix da Marinha,vila-nova-de-gaia,,,,,,,https://www.primeiraimagem.com/centro-social-de-s-felix-da-marinha.php
CSPSMA - Creche Mãe Celeste,Abrã,santarem,,,,,,,https://www.primeiraimagem.com/creche-mae-celeste.php
Instituto Madre Matilde,Póvoa de Varzim,povoa-de-varzim,,,,,,,https://www.primeiraimagem.com/instituto-madre-matilde.php
Solinorte - Nortecoope,S. Mamede de Infesta,matosinhos,,,,,,,https://www.primeiraimagem.com/solinorte-nortecoope.php
OPSDC - Passo a Passo,Santa Clara,coimbra,,,,,,,https://www.primeiraimagem.com/cji-passo-a-passo.php
Casa das Histórias - APIEPC,Canelas,vila-nova-de-gaia,,,,,,,https://www.primeiraimagem.com/casa-das-historias.php
CSIS - U. S. Domingos,S. Domingos,santarem,,,,,,,https://www.primeiraimagem.com/unidade-de-s-domingos.php
Educar & Prevenir,Póvoa de Varzim,povoa-de-varzim,,,,,,,https://www.primeiraimagem.com/educar-e-prevenir.php
OPSDC - O Paraíso da Criança,Eiras,coimbra,,,,,,,https://www.primeiraimagem.com/cci-o-paraiso-da-crianca.php
Solinorte - J. I. Henrique Bravo,S. Mamede de Infesta,matosinhos,,,,,,,https://www.primeiraimagem.com/solinorte-jardim-de-infancia-henrique-bravo.php
C. Social Paroquial Oliveira do Douro,Oliveira do Douro,vila-nova-de-gaia,,,,,,,https://www.primeiraimagem.com/centro-social-paroquial-de-oliveira-do-douro.php
CSIS - U. Pe. Manuel F. Borges,Marvila,santarem,,,,,,,https://www.primeiraimagem.com/unidade-padre-manuel-francisco-borges.php
Centro Social Paroquial de Terroso,Terroso,povoa-de-varzim,,,,,,,https://www.primeiraimagem.com/centro-social-paroquial-de-terroso.php
S. C. M. Bom Jesus Matosinhos - O Paraíso,Matosinhos,matosinhos,,,,,,,https://www.primeiraimagem.com/creche-e-jardim-de-infancia-o-paraiso-santa-casa-da-misericordia-bom-jesus-de-matosinhos.php
O Caracol - Casa do Pessoal dos H.U.C.,Sto. António dos Olivais,coimbra,,,,,,,https://www.primeiraimagem.com/o-caracol-creche-e-jardim-de-infancia.php
C. Soc. Paroq. São Pedro de Pedroso,Pedroso,vila-nova-de-gaia,,,,,,,https://www.primeiraimagem.com/centro-social-e-paroquial-sao-pedro-de-pedroso.php
Colégio Jardinita,Alcanede,santarem,,,,,,,https://www.primeiraimagem.com/colegio-jardinita.php
Centro Social Bonitos de Amorim,Amorim,povoa-de-varzim,,,,,,,https://www.primeiraimagem.com/centro-social-bonitos-de-amorim.php
Morangos Coimbra,Sé Nova,coimbra,,,,,,,https://www.primeiraimagem.com/morangos-coimbra.php
S. C. M. Bom Jesus Matosinhos - Biquinha,Matosinhos,matosinhos,,,,,,,https://www.primeiraimagem.com/creche-e-jardim-de-infancia-da-biquinha-santa-casa-da-misericordia-bom-jesus-de-matosinhos.php
C. Paroq. S. João Baptista de Canelas,Canelas,vila-nova-de-gaia,,,,,,,https://www.primeiraimagem.com/centro-paroquial-sao-joao-baptista-de-canelas.php
CES - Fonte Boa,Vale de Santarém,santarem,,,,,,,https://www.primeiraimagem.com/centro-educativo-solidariedade-social-ezn-da-fonte-boa.php
A Ver-O-Mar - Centro Social Paroquial,A Ver-O-Mar,povoa-de-varzim,,,,,,,https://www.primeiraimagem.com/centro-social-paroquial-a-ver-o-mar.php
S. C. M. Bom Jesus Matosinhos - Centro Infantil,Matosinhos,matosinhos,,,,,,,https://www.primeiraimagem.com/centro-infantil-santa-casa-da-misericordia-bom-jesus-de-matosinhos.php
Mondego - Ass. Intervenção Social,Sto. António dos Olivais,coimbra,,,,,,,https://www.primeiraimagem.com/mondego-associacao-de-intervencao-social.php
Associação das Escolas do Torne e do Prado,Santa Marinha,vila-nova-de-gaia,,,,,,,https://www.primeiraimagem.com/associacao-das-escolas-do-torne-e-do-prado.php
Centro Social Serra do Alecrim,Alcanede,santarem,,,,,,,https://www.primeiraimagem.com/centro-social-serra-do-alecrim.php
A Beneficente - Monsenhor Pires Quesado,Póvoa de Varzim,povoa-de-varzim,,,,,,,https://www.primeiraimagem.com/a-beneficente-monsenhor-pires-quesado.php
Jardim de Infância S. Jorge,Alfragide,amadora,,,,,,,https://www.primeiraimagem.com/jardim-de-infancia-s-jorge.php
Jardim Escola João de Deus - II,Sto. António dos Olivais,coimbra,,,,,,,https://www.primeiraimagem.com/jardim-escola-joao-de-deus-ii.php
Aniquibébé - Creche e Jardim de Infância,Mafamude,vila-nova-de-gaia,,,,,,,https://www.primeiraimagem.com/aniquibebe.php
ADSCS - Creche Pim-Pam-Pum,Fazendas Achete,santarem,,,,,,,https://www.primeiraimagem.com/creche-pim-pam-pum.php
A Beneficente - Creche N. Sra. Conceição,Póvoa de Varzim,povoa-de-varzim,,,,,,,https://www.primeiraimagem.com/a-beneficente-creche-nossa-senhora-da-conceicao.php
Santa Cecília - Jardim de Infância,Matosinhos,matosinhos,,,,,,,https://www.primeiraimagem.com/jardim-de-infancia-santa-cecilia.php
Jardim Escola João de Deus - I,Almedina,coimbra,,,,,,,https://www.primeiraimagem.com/jardim-escola-joao-de-deus-i.php
Adeus à Chupeta - Jardim de Infância,Vilar do Paraíso,vila-nova-de-gaia,,,,,,,https://www.primeiraimagem.com/adeus-a-chupeta.php
ADSCS - Creche Andó-Litá,Fazendas Tremês,santarem,,,,,,,https://www.primeiraimagem.com/creche-ando-lita.php
A Beneficente - Creche J. Infância Sto. António,Póvoa de Varzim,povoa-de-varzim,,,,,,,https://www.primeiraimagem.com/a-beneficente-creche-j-infancia-sto-antonio.php
Palmeirinha - Creche e Jardim de Infância,Leça da Palmeira,matosinhos,,,,,,,https://www.primeiraimagem.com/palmeirinha-creche-e-jardim-de-infancia.php
Jardim Escola João de Deus - CI,Sé Nova,coimbra,,,,,,,https://www.primeiraimagem.com/jardim-escola-joao-de-deus-centro-infantil.php
A Quintinha - Jardim de Infância,S. Félix da Marinha,vila-nova-de-gaia,,,,,,,https://www.primeiraimagem.com/a-quintinha-jardim-de-infancia.php
Sonho da Criança - Cercifeira,S. Miguel do Souto,santa-maria-da-feira,,,,,,,https://www.primeiraimagem.com/sonho-da-crianca-cercifeira.php
"A Arca dos Tarecos - Creche, Jardim de Infância e Centro de Estudos",Amorim,povoa-de-varzim,,,,,,,https://www.primeiraimagem.com/a-arca-dos-tarecos.php
O Piratinha - Infantário,S. Mamede de Infesta,matosinhos,,,,,,,https://www.primeiraimagem.com/o-piratinha-infantario.php
C. Soc. S. Lázaro - Fujacal,S. José de S. Lázaro,braga,,,,,,,https://www.primeiraimagem.com/centro-social-da-paroquia-de-s-lazaro-equip-fujacal.php
A Casa da Avó - Creche,Mafamude,vila-nova-de-gaia,,,,,,,https://www.primeiraimagem.com/creche-a-casa-da-avo.php
Patronato Amor de Deus,S. João de Ver,santa-maria-da-feira,,,,,,,https://www.primeiraimagem.com/patronato-amor-de-deus.php
S. C. M. Póvoa de Lanhoso - S. Gonçalo,Póvoa de Lanhoso,povoa-de-lanhoso,,,,,,,https://www.primeiraimagem.com/santa-casa-da-misericordia-de-povoa-de-lanhoso-s-goncalo.php
O Lar do Comércio,Leça do Balio,matosinhos,,,,,,,https://www.primeiraimagem.com/o-lar-do-comercio.php
Creche da CELIUM,Ceira,coimbra,,,,,,,https://www.primeiraimagem.com/creche-da-celium.php
Vovovelos - Creche,Póvoa de Santa Iria,vila-franca-de-xira,,,,,,,https://www.primeiraimagem.com/vovovelos-creche.php
O Jardim - C. S. S. Canedo,Canedo,santa-maria-da-feira,,,,,,,https://www.primeiraimagem.com/o-jardim-centro-de-solidariedade-social-de-canedo.php
S. C. M. Póvoa de Lanhoso,Póvoa de Lanhoso,povoa-de-lanhoso,,,,,,,https://www.primeiraimagem.com/santa-casa-da-misericordia-de-povoa-de-lanhoso.php
O Duende - Creche e J. Infância,Senhora da Hora,matosinhos,,,,,,,https://www.primeiraimagem.com/o-duende.php
Creche Arco-Íris - CTL,Santa Clara,coimbra,,,,,,,https://www.primeiraimagem.com/creche-arco-iri.php
Pulguinhas Mestres - Infantário,Forte da Casa,vila-franca-de-xira,,,,,,,https://www.primeiraimagem.com/infantario-pulguinhas-mestres.php
O Abrigo - Creche,S. João de Ver,santa-maria-da-feira,,,,,,,https://www.primeiraimagem.com/o-abrigo.php
C. Social Paróquia de Taíde,Taíde,povoa-de-lanhoso,,,,,,,https://www.primeiraimagem.com/centro-social-da-paroquia-de-taide.php
"O Barquinho - Jardim de Infância, Lda.",Leça da Palmeira,matosinhos,,,,,,,https://www.primeiraimagem.com/o-barquinho.php
CPSS de Ribeira de Frades,Ribeira de Frades,coimbra,,,,,,,https://www.primeiraimagem.com/centro-paroquial-de-solidariedade-social-de-ribeira-de-frades.php
C. Soc. Paroquial de Santa Eulália,Crespos,braga,,,,,,,https://www.primeiraimagem.com/centro-social-e-paroquial-de-santa-eulalia-de-crespos.php
MASSPO,S. Paio de Oleiros,santa-maria-da-feira,,,,,,,https://www.primeiraimagem.com/movimento-de-apoio-social-a-s-paio-de-oleiros.php
C. Melhoramentos Santo Emilião,Santo Emilião,povoa-de-lanhoso,,,,,,,https://www.primeiraimagem.com/comissao-de-melhoramentos-de-santo-emiliao.php
KIDS.i - República da Pequenada,Leça do Balio,matosinhos,,,,,,,https://www.primeiraimagem.com/kids-i_.php
Colégio St. Paul`s School,S. Martinho do Bispo,coimbra,,,,,,,https://www.primeiraimagem.com/colegio-st-pauls-school.php
O Fofas-Creche e J. Infância,Póvoa de Santa Iria,vila-franca-de-xira,,,,,,,https://www.primeiraimagem.com/o-fofas-creche-e-jardim-de-infancia.php
MACUR,Rio Meão,santa-maria-da-feira,,,,,,,https://www.primeiraimagem.com/movimento-de-assistencia-cultura-urbanismo-e-recreio.php
Associação Em Diálogo,Monsul,povoa-de-lanhoso,,,,,,,https://www.primeiraimagem.com/em-dialogo.php
Jardim Infantil Maria do Rosário,Perafita,matosinhos,,,,,,,https://www.primeiraimagem.com/jardim-infantil-maria-do-rosario.php
Colégio Novo de Coimbra,S. Paulo de Frades,coimbra,,,,,,,https://www.primeiraimagem.com/colegio-novo-de-coimbra.php
O Co.Cas - Colégio,Alhandra,vila-franca-de-xira,,,,,,,https://www.primeiraimagem.com/colegio-o-co-cas.php
Curious Minds – Jardim de Infância,Santa Maria da Feira,santa-maria-da-feira,,,,,,,https://www.primeiraimagem.com/curious-minds-jardim-de-infancia.php
Oga Mitá - Educação,Aldoar,porto,,,,,,,https://www.primeiraimagem.com/olga-mita.php
Jardim Escola João de Deus de Matosinhos,Matosinhos,matosinhos,,,,,,,https://www.primeiraimagem.com/jardim-escola-joao-de-deus-de-matosinhos.php
Colégio de S. José,Sto. António dos Olivais,coimbra,,,,,,,https://www.primeiraimagem.com/colegio-de-s-jose.php
Mega Kids - Externato,Vialonga,vila-franca-de-xira,,,,,,,https://www.primeiraimagem.com/mega-kids-externato.php
Jardim Escola João de Deus - Centro Infantil 1,São João de Brito,lisboa,,,,,,,https://www.primeiraimagem.com/jardim-escola-joao-de-deus-centro-infantil-1.php
Tocas - Creche e Jardim de Infância,Foz do Douro,porto,,,,,,,https://www.primeiraimagem.com/tocas-creche-e-jardim-de-infancia.php
Infantário Divino Salvador,Lavra,matosinhos,,,,,,,https://www.primeiraimagem.com/infantario-divino-salvador.php
Colégio da Rainha Santa Isabel,Sto. António dos Olivais,coimbra,,,,,,,https://www.primeiraimagem.com/colegio-da-rainha-santa-isabel.php
Mamã Galinha - Colégio,Póvoa de Santa Iria,vila-franca-de-xira,,,,,,,https://www.primeiraimagem.com/mama-galinha.php
Colégio João Pé-de-Feijão,Santa Maria da Feira,santa-maria-da-feira,,,,,,,https://www.primeiraimagem.com/colegio-joao-pe-de-feijao.php
"Tickles – Creche, J. Infância e 1º Ciclo",Ramalde,porto,,,,,,,https://www.primeiraimagem.com/tickles.php
Fonte dos Dois Amigos - Colégio,Matosinhos,matosinhos,,,,,,,https://www.primeiraimagem.com/colegio-fonte-dos-dois-amigos.php
Colégio Bissaya Barreto,S. Martinho do Bispo,coimbra,,,,,,,https://www.primeiraimagem.com/colegio-bissaya-barreto.php
IAC Forte da Casa,Forte da Casa,vila-franca-de-xira,,,,,,,https://www.primeiraimagem.com/instituto-de-apoio-a-comunidade-de-forte-da-casa.php
Centro Social Sta. Maria de Fiães,Fiães,santa-maria-da-feira,,,,,,,https://www.primeiraimagem.com/centro-social-de-santa-maria-de-fiaes.php
Tangerina - Educação e Ensino,Lordelo do Ouro,porto,,,,,,,https://www.primeiraimagem.com/tangerina.php
Escola Montessori do Porto,Senhora da Hora,matosinhos,,,,,,,https://www.primeiraimagem.com/escola-montessori-do-porto.php
Centro S. Pedro,Eiras,coimbra,,,,,,,https://www.primeiraimagem.com/centro-social-s-pedro.php
Fundação CEBI,Alverca,vila-franca-de-xira,,,,,,,https://www.primeiraimagem.com/fundacao-cebi.php
Centro Social São Cristovão,Nogueira da Regedoura,santa-maria-da-feira,,,,,,,https://www.primeiraimagem.com/centro-social-sao-cristovao.php
C.A.P. Granja do Ulmeiro,Granja do Ulmeiro,soure,,,,,,,https://www.primeiraimagem.com/centro-de-assistencia-paroquial-de-granja-do-ulmeiro.php
Encanto - Jardim Infantil Paroquial,Leça do Balio,matosinhos,,,,,,,https://www.primeiraimagem.com/encanto-jardim-infantil-paroquial.php
Centro Social Torres do Mondego,Torres do Mondego,coimbra,,,,,,,https://www.primeiraimagem.com/centro-social-de-torres-do-mondego.php
Escola Jardim do Monte,São João dos Montes,vila-franca-de-xira,,,,,,,https://www.primeiraimagem.com/escola-jardim-do-monte.php
Centro Social Paroquial de Arrifana,Arrifana,santa-maria-da-feira,,,,,,,https://www.primeiraimagem.com/centro-social-paroquial-de-arrifana.php
Sol Nascente - Externato,Cedofeita,porto,,,,,,,https://www.primeiraimagem.com/externato-sol-nascente.php
Edukar – Jardim de Infância,S. Mamede de Infesta,matosinhos,,,,,,,https://www.primeiraimagem.com/edukar.php
Centro Social N.ª Sr.ª da Conceição,Assafarge,coimbra,,,,,,,https://www.primeiraimagem.com/centro-social-nossa-senhora-da-conceicao.php
Colégio Pery,São João dos Montes,vila-franca-de-xira,,,,,,,https://www.primeiraimagem.com/colegio-pery.php
Centro Social Paroquial de Argoncilhe,Argoncilhe,santa-maria-da-feira,,,,,,,https://www.primeiraimagem.com/centro-social-paroquial-de-argoncilhe.php
Seteventos,Paranhos,porto,,,,,,,https://www.primeiraimagem.com/seteventos.php
Creche Mãe Maria - A. R. Guerra Junqueiro,Lavra,matosinhos,,,,,,,https://www.primeiraimagem.com/creche-mae-maria.php
Centro Social e Polivalente de Palheira,Assafarge,coimbra,,,,,,,https://www.primeiraimagem.com/centro-social-e-polivalente-de-palheira.php
"Colégio Origami, crl",Quarteira,loule,,,,,,,https://www.primeiraimagem.com/ccolegio-origami-crl.php
Centro Social Padre José Coelho,Fiães,santa-maria-da-feira,,,,,,,https://www.primeiraimagem.com/centro-social-padre-jose-coelho.php
Senhor do Bonfim - Creche,Bonfim,porto,,,,,,,https://www.primeiraimagem.com/creche-senhor-do-bonfim.php
Fundação D. Mariana Seixas,Ranhados,viseu,,,,,,,https://www.primeiraimagem.com/fundacao-d-mariana-seixas.php
Centro Social e Cultural 25 de Abril,Santa Cruz,coimbra,,,,,,,https://www.primeiraimagem.com/centro-social-e-cultural-25-de-abril.php
CASBA,Alverca do Ribatejo,vila-franca-de-xira,,,,,,,https://www.primeiraimagem.com/casba.php
Centro Social Paços Brandão,Paços de Brandão,santa-maria-da-feira,,,,,,,https://www.primeiraimagem.com/centro-social-de-pacos-brandao.php
Santa Teresinha Menino Jesus - J. Infância,Massarelos,porto,,,,,,,https://www.primeiraimagem.com/jardim-de-infancia-santa-teresinha-menino-jesus.php
CIVAS - Creche e Jardim de Infância,Senhora da Hora,matosinhos,,,,,,,https://www.primeiraimagem.com/civas.php
Centro Social de S. João,S. Martinho do Bispo,coimbra,,,,,,,https://www.primeiraimagem.com/centro-social-de-s-joao.php
Casa de S. José - Centro Social Paroquial,Castanheira do Ribatejo,vila-franca-de-xira,,,,,,,https://www.primeiraimagem.com/casa-de-s-jose.php
Centro Social Dr. Crispim,Milheirós de Poiares,santa-maria-da-feira,,,,,,,https://www.primeiraimagem.com/centro-social-doutor-crispim-teixeira-borges-de-castro.php
Salesianos do Porto - Colégio,Bonfim,porto,,,,,,,https://www.primeiraimagem.com/colegio-salesianos-do-porto.php
Centro Infantil de S. Mamede,S. Mamede de Infesta,matosinhos,,,,,,,https://www.primeiraimagem.com/centro-infantil-de-s-mamede.php
Centro Social de Castelo Viegas,Castelo Viegas,coimbra,,,,,,,https://www.primeiraimagem.com/centro-social-de-castelo-viegas.php
C. Soc.Desenvolv. do Sobralinho,Sobralinho,vila-franca-de-xira,,,,,,,https://www.primeiraimagem.com/centro-social-para-o-desenvolvimento-do-sobralinho.php
Centro Social de Souto,S. Miguel do Souto,santa-maria-da-feira,,,,,,,https://www.primeiraimagem.com/centro-social-de-souto.php
Ribadouro - Externato,Bonfim,porto,,,,,,,https://www.primeiraimagem.com/externato-ribadouro.php
C. Social Paroquial Padre Ângelo F. Pinto,Santa Cruz do Bispo,matosinhos,,,,,,,https://www.primeiraimagem.com/centro-social-padre-angelo-ferreira-pinto.php
Jardim de Infância O Palhaço - CML,S. Domingos de Benfica,lisboa,,,,,,,https://www.primeiraimagem.com/jardim-de-infancia-o-palhaco-cml.php
ATL de Bolonha,Póvoa de Santa Íria,vila-franca-de-xira,,,,,,,https://www.primeiraimagem.com/actividades-de-tempos-livres-de-bolonha.php
Centro Social de Gião,Gião,santa-maria-da-feira,,,,,,,https://www.primeiraimagem.com/centro-social-de-giao.php
Primeiros Passos - Colégio,Massarelos,porto,,,,,,,https://www.primeiraimagem.com/colegio-primeiros-passos.php
C. Social Leça do Balio - Infantário Manso,Leça do Balio,matosinhos,,,,,,,https://www.primeiraimagem.com/centro-social-de-leca-do-balio-infantario-manso.php
Centro N.ª Sr.ª de Fátima,Santa Cruz,coimbra,,,,,,,https://www.primeiraimagem.com/centro-social.nossa-senhora-de-fatima.php
ASSAF – Pré-Escolar,Forte da Casa,vila-franca-de-xira,,,,,,,https://www.primeiraimagem.com/associacao-de-solidariedade-social-de-apoio-a-familia_iii.php
Centro Infantil de Lourosa,Lourosa,santa-maria-da-feira,,,,,,,https://www.primeiraimagem.com/centro-infantil-de-lourosa.php
Patati - Creche,Ramalde,porto,,,,,,,https://www.primeiraimagem.com/creche-patati.php
Centro N.ª Sr.ª da Anunciação,Sto. António dos Olivais,coimbra,,,,,,,https://www.primeiraimagem.com/centro-social-nossa-senhora-da-anunciacao.php
C. Social Leça do Balio - Infantário Recarei,Leça do Balio,matosinhos,,,,,,,https://www.primeiraimagem.com/centro-social-de-leca-do-balio-infantario-recarei.php
Crescer a Brincar - Creche,Águas Santas,maia,,,,,,,https://www.primeiraimagem.com/creche-crescer-a-brincar.php
Coopberço - Creche,Misericórdia,lisboa,,,,,,,https://www.primeiraimagem.com/coopberco-creche.php
Crescer Saudável - Creche CSEPDC,Sacavém,loures,,,,,,,https://www.primeiraimagem.com/creche-crescer-saudavel.php
Crescer no Infantado,Loures,loures,,,,,,,https://www.primeiraimagem.com/crescer-no-infantado.php
Colégio São Domingos,S. Domingos de Benfica,lisboa,,,,,,,https://www.primeiraimagem.com/colegio-sao-domingos.php
C. Soc. S. Lázaro – Aveleda,Aveleda,braga,,,,,,,https://www.primeiraimagem.com/centro-social-da-paroquia-de-s-lazaro-equip-aveleda.php
Creche J.I. Freguesia de Moscavide e Portela,Moscavide,loures,,,,,,,https://www.primeiraimagem.com/creche-e-j-infancia-da-freguesia-de-moscavide-e-portela.php
Colégio Moderno,Alvalade,lisboa,,,,,,,https://www.primeiraimagem.com/colegio-moderno.php
Centro Social das Guardeiras,Moreira,maia,,,,,,,https://www.primeiraimagem.com/centro-social-das-guardeiras.php
Cresce Em Loures - Creche,Loures,loures,,,,,,,https://www.primeiraimagem.com/cresce-em-loures-creche-municipal.php
Colégio Manuel Bernardes,Lumiar,lisboa,,,,,,,https://www.primeiraimagem.com/colegio-manuel-bernardes.php
Bolinha de Sabão - Infantário,V. N. Telha,maia,,,,,,,https://www.primeiraimagem.com/bolinha-de-sabao.php
Colégio Mãe Maria,Arroios,lisboa,,,,,,,https://www.primeiraimagem.com/colegio-mae-maria.php
A.S.M.A.N.,Gueifães,maia,,,,,,,https://www.primeiraimagem.com/asman.php
Creche Cinco Estrelas - Crevide,Moscavide,loures,,,,,,,https://www.primeiraimagem.com/creche-cinco-estrelas-crevide.php
Colégio Europeu Astoria,São João de Brito,lisboa,,,,,,,https://www.primeiraimagem.com/colegio-europeu-astoria.php
Verde Água - Colégio,Mafra,mafra,,,,,,,https://www.primeiraimagem.com/colegio-verde-agua.php
Conservatório Artallis,Unhos,loures,,,,,,,https://www.primeiraimagem.com/conservatorio-artallis.php
Colégio Integrado Monte Maior,Montemor,loures,,,,,,,https://www.primeiraimagem.com/colegio-integrado-monte-maior.php
Colégio do Menino Jesus - ASA,Carnide,lisboa,,,,,,,https://www.primeiraimagem.com/colegio-do-menino-jesus.php
Santa Casa Misericórdia de Mafra,Mafra,mafra,,,,,,,https://www.primeiraimagem.com/santa-casa-misericordia-de-mafra.php
CVP - Parque Infantil da Cavalinha,Olhão,olhao,,,,,,,https://www.primeiraimagem.com/parque-infantil-da-cavalinha.php
Colégio de S. Tomás - Sete Rios,S. Domingos de Benfica,lisboa,,,,,,,https://www.primeiraimagem.com/colegio-de s-tomas-sete-rios.php
Quintinha da CEBI,Ericeira,mafra,,,,,,,https://www.primeiraimagem.com/quintinha-da-cebi.php
C. Soc. Paroq. da Bobadela,Bobadela,loures,,,,,,,https://www.primeiraimagem.com/centro-social-e-paroquial-da-bobadela.php
Colégio Cesário Verde,Marvila,lisboa,,,,,,,https://www.primeiraimagem.com/colegio-cesario-verde.php
Posto de Assistência Social da Malveira,Malveira,mafra,,,,,,,https://www.primeiraimagem.com/posto-de-assistencia-social-da-malveira.php
C. Popular Infantil - Nascer do Sol,Bobadela,loures,,,,,,,https://www.primeiraimagem.com/centro-popular-infantil-nascer-do-sol.php
Colégio Amadeu Andrés,Arroios,lisboa,,,,,,,https://www.primeiraimagem.com/colegio-amadeu-andres.php
Mãe Patinha - Jardim de Infância,Malveira,mafra,,,,,,,https://www.primeiraimagem.com/mae-patinha-jardim-de-infancia.php
C. C. S. Santo António dos Cavaleiros,Sto. António dos Cavaleiros,loures,,,,,,,https://www.primeiraimagem.com/centro-cultural-e-social-de-santo-antonio-dos-cavaleiros.php
Chuva de Papel - Creche e J. Infância,Lumiar,lisboa,,,,,,,https://www.primeiraimagem.com/chuva-de-papel-creche-e-jardim-de-infancia.php
Escolinha dos Pequenitos - Creche e J.Infância,Mafra,mafra,,,,,,,https://www.primeiraimagem.com/escolinha-dos-pequenitos-creche-e-jardim-de-infancia.php
C. C. Bairro Sto. António II - CSPNAP,Camarate,loures,,,,,,,https://www.primeiraimagem.com/centro-comunitario-do-bairro-de-sto-antonio-ii.php
Chupetas e Biberons - Creche,Lumiar,lisboa,,,,,,,https://www.primeiraimagem.com/creche-chupetas-e-biberons.php
Centro Social e Paroquial de Igreja Nova,Igreja Nova,mafra,,,,,,,https://www.primeiraimagem.com/centro-social-e-paroquial-de-igreja-nova.php
Ass. Cult. Recreat. Social de Samuel,Samuel,soure,,,,,,,https://www.primeiraimagem.com/associacao-cultural-recreativa-e-social-de-samuel.php
Centro Soc. Paroq. São Francisco de Paula,Prazeres,lisboa,,,,,,,https://www.primeiraimagem.com/sao-francisco-de-paula.php
Arte e Manha - Colégio,Mafra,mafra,,,,,,,https://www.primeiraimagem.com/colegio-arte-e-manha.php
Centro Social de Brufe,Brufe,famalicao,,,,,,,https://www.primeiraimagem.com/centro-social-e-paroquial-de-s-martinho-de-brufe.php
Centro Soc. Paroq. Nossa Senhora da Ajuda,Ajuda,lisboa,,,,,,,https://www.primeiraimagem.com/centro-social-paroquial-de-nossa-senhora-da-ajuda.php
APERCIM - Crescer na Quinta,Santo Isidoro,mafra,,,,,,,https://www.primeiraimagem.com/apercm-crescer-na-quinta.php
Azul e Rosa - Jardim de Infância,Unhos,loures,,,,,,,https://www.primeiraimagem.com/jardim-de-infancia-azul-e-rosa.php
Centro Paroquial Bem-Estar de Alfama,Santa Maria Maior,lisboa,,,,,,,https://www.primeiraimagem.com/centro-paroquial-bem-estar-de-alfama.php
APERCIM - Assoc. Educ. Reab. Crianças Inadaptadas,Mafra,mafra,,,,,,,https://www.primeiraimagem.com/apercim.php
Associação Pomba da Paz - IPSS - E.C.,Sacavém,loures,,,,,,,https://www.primeiraimagem.com/associacao-pomba-da-paz-ipss-espaco-comunitario.php
Centro Infantil Dr. António Costa Leal,Santa Clara,lisboa,,,,,,,https://www.primeiraimagem.com/centro-infantil-dr-antonio-costa-leal.php
C. S. Nossa Senhora de Fátima,Macedo de Cavaleiros,macedo-de-cavaleiros,,,,,,,https://www.primeiraimagem.com/c-s-nossa-senhora-de-fatima.php
Associação Pomba da Paz - IPSS,Unhos,loures,,,,,,,https://www.primeiraimagem.com/associacao-pomba-da-paz-ipss.php
Centro Helen Keller,São Francisco Xavier,lisboa,,,,,,,https://www.primeiraimagem.com/centro-helen-keler.php
Recreio da ACIP,Caíde de Rei,lousada,,,,,,,https://www.primeiraimagem.com/recreio-da-acip.php
Assoc. Nossa Senhora dos Anjos,Camarate,loures,,,,,,,https://www.primeiraimagem.com/associacao-nossa-senhora-dos-anjos.php
Centro Paroquial de Povolide,Povolide,viseu,,,,,,,https://www.primeiraimagem.com/centro-paroquial-de-povolide.php
Os MagNetinhos da ADASM,Meinedo,lousada,,,,,,,https://www.primeiraimagem.com/os-magnetinhos-da-adasm.php
Assoc. Cantinho das Crianças Prior Velho,Prior Velho,loures,,,,,,,https://www.primeiraimagem.com/associacao-cantinho-das-criancas-do-prior-velho.php
Centro Infantil Lousal - CPAZB,Azinheira dos Barros,grandola,,,,,,,https://www.primeiraimagem.com/centro-infantil-lousal.php
Centro Social Paroquial de Lustosa,Lustosa,lousada,,,,,,,https://www.primeiraimagem.com/centro-social-paroquial-de-lustosa.php
Ases Brincalhões - Creche,Bobadela,loures,,,,,,,https://www.primeiraimagem.com/creche-ases-brincalhoes.php
CaselSol – IPSS,Belém,lisboa,,,,,,,https://www.primeiraimagem.com/caselsol-ipss.php
C.B.E.I. Visc. Sousela e Isabel Maria,Sousela,lousada,,,,,,,https://www.primeiraimagem.com/centro-bem-estar-infantil-visconde-sousela-e-isabel-maria.php
Amores Perfeitos II - Creche,Loures,loures,,,,,,,https://www.primeiraimagem.com/amores-perfeitos-ii-creche.php
Casa Protecção e Amparo Sto. António,Estrela,lisboa,,,,,,,https://www.primeiraimagem.com/casa-de-proteccao-e-amparo-de-santo-antonio.php
Assoc. Solid. Social de Nespereira,Nespereira,lousada,,,,,,,https://www.primeiraimagem.com/associacao-de-solidariedade-social-de-nespereira.php
Amores Perfeitos - Creche,Loures,loures,,,,,,,https://www.primeiraimagem.com/creche-amores-perfeitos.php
Casa do Bebé - ACF,Benfica,lisboa,,,,,,,https://www.primeiraimagem.com/casa-do-bebe.php
SCML - Jardim Infantil de S. José,Lousã,lousa,,,,,,,https://www.primeiraimagem.com/santa-casa-da-misericordia-da-lousa.php
Aldeia dos Sonhos - Creche e J. Infância,Sto. António dos Cavaleiros,loures,,,,,,,https://www.primeiraimagem.com/aldeia-dos-sonhos.php
Casa das Abelhinhas,Parque das Nações,lisboa,,,,,,,https://www.primeiraimagem.com/casa-das-abelhinhas.php
Ass. Cult. Desp. Solid. Vinha da Rainha,Vinha da Rainha,soure,,,,,,,https://www.primeiraimagem.com/associacao-cultural-desportiva-de-solidariedade-da-vinha-da-rainha.php
A Turminha dos Pimpolhos,São João da Talha,loures,,,,,,,https://www.primeiraimagem.com/a-turminha-dos-pimpolhos.php
Casa da Floresta Verdes Anos,S. Domingos de Benfica,lisboa,,,,,,,https://www.primeiraimagem.com/casa-da-floresta-verdes-anos.php
C.P.S.S. da Freguesia de Serpins,Serpins,lousa,,,,,,,https://www.primeiraimagem.com/centro-paroquial-de-solidariedade-social-da-freguesia-de-serpins.php
A Mãe Canguru - Creche e J. Infância,Prior Velho,loures,,,,,,,https://www.primeiraimagem.com/a-mae-canguru-creche-e-jardim-de-infancia.php
Casa da Bela Flor - CSPSAC,Campolide,lisboa,,,,,,,https://www.primeiraimagem.com/casa-da-bela-flor.php
ADIC - Jardim de Infância,Vilarinho,lousa,,,,,,,https://www.primeiraimagem.com/adic-associacao-de-defesa-do-idoso-e-da-crianca-de-vilarinho.php
S. C. Misericórdia de Boliqueime,Boliqueime,loule,,,,,,,https://www.primeiraimagem.com/santa-casa-da-misericordia-de-boliqueime.php
Casa da Árvore - Creche,Restelo,lisboa,,,,,,,https://www.primeiraimagem.com/creche-casa-da-arvore.php
SCM de Lourinhã,Lourinhã,lourinha,,,,,,,https://www.primeiraimagem.com/santa-casa-da-misericordia-de-lourinha.php
Quadradinhos - CPA,Almancil,loule,,,,,,,https://www.primeiraimagem.com/quadradinhos-creche-e-pre-escolar.php
Carrocel - Jardim Escola,Benfica,lisboa,,,,,,,https://www.primeiraimagem.com/jardim-escola-carrocel.php
Os Batatinhas - Creche do CSPMF,Moita dos Ferreiros,lourinha,,,,,,,https://www.primeiraimagem.com/creche-os-batatinhas.php
Palhacinho - Infantário,Almancil,loule,,,,,,,https://www.primeiraimagem.com/palhacinho-infantario.php
Caravela - Colégio,S. Domingos de Benfica,lisboa,,,,,,,https://www.primeiraimagem.com/colegio-caravela.php
O Petiz  - A. Cult. Educ. Apoio à Criança,Lourinhã,lourinha,,,,,,,https://www.primeiraimagem.com/o-petiz.php
Externato D. João VI,Falagueira,amadora,,,,,,,https://www.primeiraimagem.com/externato-d-joao-vi.php
Cantinho das Alfazemas – Colégio,Parque das Nações,lisboa,,,,,,,https://www.primeiraimagem.com/colegio-cantinho-das-alfazemas.php
NT Social - Creche e Pré-Escolar,Loulé,loule,,,,,,,https://www.primeiraimagem.com/nt-social-creche-e-pre-escolar.php
Candeia Encantada,S. João de Deus,lisboa,,,,,,,https://www.primeiraimagem.com/jardim-de-infancia-candeia-encantada.php
Casa do Povo da Lourinhã – Creche e Jardim de Infância,Marteleira,lourinha,,,,,,,https://www.primeiraimagem.com/casa-do-povo-de-lourinha-creche-e-jardim-de-infancia.php
Nobel Algarve - Campus de Almancil,Almancil,loule,,,,,,,https://www.primeiraimagem.com/nobel-algarve-british-international-school-almancil.php
CAJ Joao Paulo II,Campo Grande,lisboa,,,,,,,https://www.primeiraimagem.com/caj-joao-paulo-ii.php
Casa do Povo da Lourinhã – Creche,Lourinhã,lourinha,,,,,,,https://www.primeiraimagem.com/casa-do-povo-de-lourinha-creche.php
Small Land - Colégio,S. Julião do Tojal,loures,,,,,,,https://www.primeiraimagem.com/colegio-small-land.php
Grupo de Amigos de Salir,Salir,loule,,,,,,,https://www.primeiraimagem.com/creche-do-centro-comunitario-de-saliro.php
C. Social Sagrado Coração de Jesus,Estrela,lisboa,,,,,,,https://www.primeiraimagem.com/centro-social-do-sagrado-coracao-de-jesus.php
Rosa Azul da Fonte Santa,Loures,loures,,,,,,,https://www.primeiraimagem.com/rosa-azul-da-fonte-santa.php
Colégio S. Gonçalo,Luz,lagos,,,,,,,https://www.primeiraimagem.com/colegio-s-goncalo.php
Pinheirinho Verde - J. Infância,Corroios,seixal,,,,,,,https://www.primeiraimagem.com/pinheirinho-verde-jardim-de-infancia.php
O Cantinho dos Amigos - Colégio,Arrentela,seixal,,,,,,,https://www.primeiraimagem.com/colegio-o-cantinho-dos-amigos.php
J. Infância Dr. Leonel Sotto Mayor,Caldas da Rainha,caldas-da-rainha,,,,,,,https://www.primeiraimagem.com/jardim-de-infancia-dr-leonel-sotto-mayor.php
Casa da Criança do Rogil - Aljezur,Aljezur,aljezur,,,,,,,https://www.primeiraimagem.com/casa-da-crianca-do-rogil.php
C. Soc. Paroq. S. Vicente de Paulo,Campolide,lisboa,,,,,,,https://www.primeiraimagem.com/centro-social-paroquial-sao-vicente-de-paulo.php
Os Cachoeirinhos - Creche e J. Infância,São João da Talha,loures,,,,,,,https://www.primeiraimagem.com/os-cachoeirinhos.php
O Mestre Cuco - Jardim de Infância,Almada,almada,,,,,,,https://www.primeiraimagem.com/jardim-de-infancia-o-mestre-cuco.php
Clube do Bibe,Vilamoura,loule,,,,,,,https://www.primeiraimagem.com/clube-do-bibe.php
C. Soc. Paroq. S. Maximiliano Kolbe,Marvila,lisboa,,,,,,,https://www.primeiraimagem.com/centro-social-paroquial-s-maximiliano-kolbe.php
C. Social Paroquial de Alfeizerão,Alfeizerão,alcobaca,,,,,,,https://www.primeiraimagem.com/centro-social-paroquial-de-alfeizerao.php
Colégio Semear,São Victor,braga,,,,,,,https://www.primeiraimagem.com/colegio-semear.php
SCMC - Centro Infantil Linhó,Alcabideche,cascais,,,,,,,https://www.primeiraimagem.com/centro-infantil-linho.php
OBER - J. Infância de Campelo,Campelo,baiao,,,,,,,https://www.primeiraimagem.com/jardim-de-infancia-de-campelo.php
CPSBM - Estação dos Pequeninos,Alcantarilha,silves,,,,,,,https://www.primeiraimagem.com/estacao-dos-pequeninos.php
Pequenos e Reguilas - Creche e J. Infância,Ramada,odivelas,,,,,,,https://www.primeiraimagem.com/pequenos-e-reguilas.php
"Os Amiguinhos - Creche, Jardim de Infância e ATL",Santa Iria de Azóia,loures,,,,,,,https://www.primeiraimagem.com/os-amiguinhos.php
Colégio Nova Encosta,Ferreira,pacos-de-ferreira,,,,,,,https://www.primeiraimagem.com/colegio-nova-encosta.php
Centro Social Paroquial de Ronfe,Ronfe,guimaraes,,,,,,,https://www.primeiraimagem.com/centro-social-paroquial-de-ronfe.php
Centro Apoio à Criança de Quarteira,Quarteira,loule,,,,,,,https://www.primeiraimagem.com/centro-de-apoio-a-crianca-de-quarteira.php
Seixal International School,Fernão Ferro,seixal,,,,,,,https://www.primeiraimagem.com/seixal-international-school.php
CASLAS - C. Infantil do Chinicato,Lagos,lagos,,,,,,,https://www.primeiraimagem.com/centro-infantil-do-chinicato.php
C. Soc. Paroq. Penha de França,Penha de França,lisboa,,,,,,,https://www.primeiraimagem.com/jardim-infantil-do-centro-social-paroquial-penha-de-franca.php
Vem Brincar - Atividades Educativas,Algueirão,sintra,,,,,,,https://www.primeiraimagem.com/vem-brincar-atividades-educativas.php
C. Soc. Sta. Maria de Sardoura,Sta. Maria Sardoura,castelo-de-paiva,,,,,,,https://www.primeiraimagem.com/centro-social-de-santa.maria-de-sardoura.php
C.A.A.C. Freguesia de Alte,Alte,loule,,,,,,,https://www.primeiraimagem.com/centro-de-animacao-e-apoio-comunitario-da-freguesia-de-alte.php
C. Soc. Paroq. Calhariz de Benfica,S. Domingos de Benfica,lisboa,,,,,,,https://www.primeiraimagem.com/centro-social-paroquial-calhariz-de-benfica.php
Os Vidoeirinhos - CASBI,Bidoeira de Cima,leiria,,,,,,,https://www.primeiraimagem.com/creche-os-vidoeirinhos.php
O Saltarico - Associação,Sto. António dos Cavaleiros,loures,,,,,,,https://www.primeiraimagem.com/associacao-o-saltarico.php
A Casinha da Aldeia - ASCT,Tôr,loule,,,,,,,https://www.primeiraimagem.com/creche-a-casinha-da-aldeia.php
Casa Beneficência Dias Machado,S. Martinho do Campo,santo-tirso,,,,,,,https://www.primeiraimagem.com/casa-beneficencia-dias-machado.php
C. Soc. Paroquial Areias de Vilar,Areias de Vilar,barcelos,,,,,,,https://www.primeiraimagem.com/centro-social-e-paroquial-de-areias-de-vilar.php
NucliSol - São João da Talha,São João da Talha,loures,,,,,,,https://www.primeiraimagem.com/nuclisol-jean-piaget-sao-joao-da-talha.php
SCML - Parque Infantil de Santa Catarina,Misericórdia,lisboa,,,,,,,https://www.primeiraimagem.com/scml-parque-infantil-de-santa-catarina.php
Associação Infantário J. Infância Chiquinha,Ajuda,lisboa,,,,,,,https://www.primeiraimagem.com/associacao-infantario-e-jardim-de-infancia-chiquinha.php
NHC - Jardim de Infância,São João da Talha,loures,,,,,,,https://www.primeiraimagem.com/nhc-jardim-de-infancia.php
SCML - Fundação Júlia Moreira,Penha de França,lisboa,,,,,,,https://www.primeiraimagem.com/scml-fundacao-julia-moreira.php
Associação da Penha de França,Penha de França,lisboa,,,,,,,https://www.primeiraimagem.com/associacao-da-penha-de-franca.php
Mimarte - Creche e Jardim de Infância,Portela-Moscavide,loures,,,,,,,https://www.primeiraimagem.com/mimarte_loures.php
SCML - Estrada da Luz,S. Domingos de Benfica,lisboa,,,,,,,https://www.primeiraimagem.com/scml-creche-da-estrada-da-luz.php
Associação Actividades Sociais Bairro 2 de Maio,Ajuda,lisboa,,,,,,,https://www.primeiraimagem.com/associacao-de-actividades-sociais-do-bairro-2-de-maio.php
Life in Party Kids,Camarate,loures,,,,,,,https://www.primeiraimagem.com/life-in-party-kids.php
SCML - CSP do Bairro Padre Cruz,Carnide,lisboa,,,,,,,https://www.primeiraimagem.com/scml-csp-do-bairro-padre-cruz.php
Centro Social JMJ,Ranhados,viseu,,,,,,,https://www.primeiraimagem.com/centro-social-jesus-maria-jose_viseu.php
Inst. Apoio Soc. Freguesia de Bucelas,Bucelas,loures,,,,,,,https://www.primeiraimagem.com/instituicao-de-apoio-social-da-freguesia-de-bucelas.php
Assoc. Moradores Casal Ventoso,Campo de Ourique,lisboa,,,,,,,https://www.primeiraimagem.com/associacao-de-moradores-do-casal-ventoso.php
SCML - CSP do Bairro das Furnas,S. Domingos de Benfica,lisboa,,,,,,,https://www.primeiraimagem.com/scml-csp-do-bairro-das-furnas.php
SCML - CSC do Bairro da Flamenga,Marvila,lisboa,,,,,,,https://www.primeiraimagem.com/scml-csc-do-bairro-da-flamenga.php
Fundação Obra Nossa Senhora da Purificação,Moscavide,loures,,,,,,,https://www.primeiraimagem.com/fundacao-obra-nossa-senhora-da-purificacao.php
Assist. Infantil Freg. Santa Isabel,Campo de Ourique,lisboa,,,,,,,https://www.primeiraimagem.com/assistencia-infantil-da-freguesia-de-santa-isabel.php
SCML - Creche O Principezinho,Santo António,lisboa,,,,,,,https://www.primeiraimagem.com/scml-creche-o-principezinho.php
Florbela Espanca - Externato,São João da Talha,loures,,,,,,,https://www.primeiraimagem.com/externato-florbela-espanca.php
SCML - Creche Nossa Senhora da Conceição,Santo António,lisboa,,,,,,,https://www.primeiraimagem.com/scml-creche-nossa-senhora-da-conceicao.php
APROS - Creche e Jardim de Infância,S. Domingos de Benfica,lisboa,,,,,,,https://www.primeiraimagem.com/apros-creche-e-jardim-de-infancia.php
SCML - Creche Missão Nossa Senhora,Penha de França,lisboa,,,,,,,https://www.primeiraimagem.com/scml-creche-missao-nossa-senhora.php
Espaço A Criança - CPR,Bobadela,loures,,,,,,,https://www.primeiraimagem.com/espaco-a-crianca.php
APPI - Creche,Santa Maria Maior,lisboa,,,,,,,https://www.primeiraimagem.com/associacao-protectora-da-primeira-infancia.php
Externato Cinderela,Águas Livres,amadora,,,,,,,https://www.primeiraimagem.com/externato-cinderela.php
SCML - Creche Encosta do Castelo,Santa Maria Maior,lisboa,,,,,,,https://www.primeiraimagem.com/scml-creche-encosta-do-castelo.php
APPACDM - A Tartaruga e a Lebre,Alvalade,lisboa,,,,,,,https://www.primeiraimagem.com/creche-a-tartaruga-e-a-lebre.php
ASSAF – Creche,Forte da Casa,vila-franca-de-xira,,,,,,,https://www.primeiraimagem.com/associacao-de-solidariedade-social-de-apoio-a-familia_ii.php
Palmo e Meio - Jardim de Infância,Cedofeita,porto,,,,,,,https://www.primeiraimagem.com/palmo-e-meio-jardim-de-infancia.php
Externato Santo Adrião,Póvoa de Santo Adrião,odivelas,,,,,,,https://www.primeiraimagem.com/externato-santo-adriao.php
Casa de S. Pedro,Buarcos,figueira-da-foz,,,,,,,https://www.primeiraimagem.com/casa-de-s-pedro.php
ASSAF – Berçário / PER,Forte da Casa,vila-franca-de-xira,,,,,,,https://www.primeiraimagem.com/associacao-de-solidariedade-social-de-apoio-a-familia_i.php
Colégio Santa Eulália,Sanguedo,santa-maria-da-feira,,,,,,,https://www.primeiraimagem.com/colegio-santa-eulalia.php
Externato Pica-Pau - J. Infância e 1º Ciclo,Ramada,odivelas,,,,,,,https://www.primeiraimagem.com/externato-pica-pau-j-infancia-e-1-ciclo.php
Casa da Criança S. Julião,Buarcos,figueira-da-foz,,,,,,,https://www.primeiraimagem.com/casa-da-crianca-s-juliao.php
ASSAF – Berçário / Creche,Forte da Casa,vila-franca-de-xira,,,,,,,https://www.primeiraimagem.com/associacao-de-solidariedade-social-de-apoio-a-familia.php
Os Rabinos - Creche e Jardim de Infância,Lordelo do Ouro,porto,,,,,,,https://www.primeiraimagem.com/os-rabinos.php
Externato Pica-Pau - Creche e J. Infância,Ramada,odivelas,,,,,,,https://www.primeiraimagem.com/externato-pica-pau-creche-e-j-infancia.php
C. Solid. Social do Paião,Paião,figueira-da-foz,,,,,,,https://www.primeiraimagem.com/centro-de-solidariedade-social-do-paiao.php
Ass. Promoção Social de Alhandra,Alhandra,vila-franca-de-xira,,,,,,,https://www.primeiraimagem.com/associacao-de-promocao-social-de-alhandra.php
Creche Santa Teresinha - SCMA,Mina,amadora,,,,,,,https://www.primeiraimagem.com/creche-santa-teresinha-scma.php
Espelho de Água - Creche e J. Infância,Odivelas,odivelas,,,,,,,https://www.primeiraimagem.com/espelho-de-agua-creche-e-jardim-de-infancia.php
ADSC de Santana,Ferreira-a-Nova,figueira-da-foz,,,,,,,https://www.primeiraimagem.com/associacao-para-o-desenvolvimento-social-e-cultural-de-santana.php
APAC - J. Infância,Póvoa de Santa Iria,vila-franca-de-xira,,,,,,,https://www.primeiraimagem.com/associacao-popular-de-apoio-a-crianca_ii.php
Oporto British School,Foz do Douro,porto,,,,,,,https://www.primeiraimagem.com/oporto-british-school.php
Espantalho Encantado,Odivelas,odivelas,,,,,,,https://www.primeiraimagem.com/infantario-espantalho-encantado.php
S.C.M. Ferreira do Zêzere,Ferreira do Zêzere,ferreira-do-zezere,,,,,,,https://www.primeiraimagem.com/santa-casa-da-misericordia-de-ferreira-do-zezere.php
APAC - Creche e J. Infância,Póvoa de Santa Iria,vila-franca-de-xira,,,,,,,https://www.primeiraimagem.com/associacao-popular-de-apoio-a-crianca_i.php
Oga Mitá - Educação,Aldoar,porto,,,,,,,https://www.primeiraimagem.com/oga-mita.php
Espantalho Colorido,Odivelas,odivelas,,,,,,,https://www.primeiraimagem.com/creche-espantalho-colorido.php
Santa Casa Misericórdia de Felgueiras,Margaride Santa Eulália,felgueiras,,,,,,,https://www.primeiraimagem.com/santa-casa-misericordia-de-felgueiras.php
APAC - Creche,Póvoa de Santa Iria,vila-franca-de-xira,,,,,,,https://www.primeiraimagem.com/associacao-popular-de-apoio-a-crianca.php
O Sol - Assoc. Creches S. Vicente de Paulo,Santo Ildefonso,porto,,,,,,,https://www.primeiraimagem.com/o-sol-creche-e-jardim-de-infancia.php
Duende Mágico - J. Infância,Odivelas,odivelas,,,,,,,https://www.primeiraimagem.com/duende-magico-j-infancia.php
Os Principezinhos - Creche da ADPV,Margaride Santa Eulália,felgueiras,,,,,,,https://www.primeiraimagem.com/creche-os-principezinhos.php
ABEIVFX - Quinta dos Fidalgos,Vila Franca de Xira,vila-franca-de-xira,,,,,,,https://www.primeiraimagem.com/quinta-dos-fidalgos.php
O Mestre Cuco - Creche,Pragal,almada,,,,,,,https://www.primeiraimagem.com/creche-o-mestre-cuco.php
Di-Dó-Di - Creche CVP,Póvoa de Santo Adrião,odivelas,,,,,,,https://www.primeiraimagem.com/creche-di-do-di.php
O Jardim da Anita - Creche e Jardim de Infância,Lixa,felgueiras,,,,,,,https://www.primeiraimagem.com/o-jardim-da-anita.php
ABEIVFX - Quinta dos Bacelos,Vila Franca de Xira,vila-franca-de-xira,,,,,,,https://www.primeiraimagem.com/quinta-dos-bacelos.php
O Pom Pom - Creche e Jardim de Infância,Paranhos,porto,,,,,,,https://www.primeiraimagem.com/o-pom-pom.php
Creche Colinas do Cruzeiro - Creche e J. Infância,Odivelas,odivelas,,,,,,,https://www.primeiraimagem.com/creche-colinas-do-cruzeiro.php
Misericórdia Nª Senhora do Rosário de Unhão,Unhão,felgueiras,,,,,,,https://www.primeiraimagem.com/misericordia-n-senhora-do-rosario-de-unhao.php
ABEIVFX - Quinta da Ponte,São João dos Montes,vila-franca-de-xira,,,,,,,https://www.primeiraimagem.com/quinta-da-ponte.php
O Petiz - Externato Infantil,Cedofeita,porto,,,,,,,https://www.primeiraimagem.com/o-petiz-externato-infantil.php
Colégio das Colinas,Odivelas,odivelas,,,,,,,https://www.primeiraimagem.com/colegio-das-colinas.php
Externato S. Vicente Paulo,Margaride Santa Eulália,felgueiras,,,,,,,https://www.primeiraimagem.com/externato-s-vicente-paulo.php
O Pequerrucho - Creche e Jardim de Infância,Bonfim,porto,,,,,,,https://www.primeiraimagem.com/o-pequerrucho-creche-e-jardim-de-infancia.php
Centro Infantil de Odivelas,Odivelas,odivelas,,,,,,,https://www.primeiraimagem.com/centro-infantil-de-odivelas.php
Centro Social Nossa Sra. Pedra Maria,Varziela,felgueiras,,,,,,,https://www.primeiraimagem.com/centro-social-nossa-sra-pedra-maria.php
CVP - C. Comunitário da Fuseta,Fuseta,olhao,,,,,,,https://www.primeiraimagem.com/infantario-do-centro-comunitario-da-fuseta.php
Centro Dr. José Azeredo Perdigão,Odivelas,odivelas,,,,,,,https://www.primeiraimagem.com/centro-dr-jose-azeredo-perdigao.php
Centro Social e Paroquial do Divino Salvador de Moure,Moure,felgueiras,,,,,,,https://www.primeiraimagem.com/centro-social-e-paroquial-do-do-divino-salvador-de-moure.php
A. P. S. Castanheira do Ribatejo III,Castanheira do Ribatejo,vila-franca-de-xira,,,,,,,https://www.primeiraimagem.com/associacao-de-promocao-social-da-castanheira-do-ribatejo_iii.php
O Mundo Mágico - Creche e J. Infância,Campanhã,porto,,,,,,,https://www.primeiraimagem.com/o-mundo-magico.php
Centro Comunitário Paroquial de Famões,Famões,odivelas,,,,,,,https://www.primeiraimagem.com/centro-comunitario-paroquial-de-famoes.php
Centro Social e Paroquial de Santão,Santão,felgueiras,,,,,,,https://www.primeiraimagem.com/centro-social-e-paroquial-de-santao.php
A. P. S. Castanheira do Ribatejo II,Castanheira do Ribatejo,vila-franca-de-xira,,,,,,,https://www.primeiraimagem.com/associacao-de-promocao-social-da-castanheira-do-ribatejo_ii.php
O Coelhinho - Creche,Bonfim,porto,,,,,,,https://www.primeiraimagem.com/creche-o-coelhinho.php
Cartola de Sonhos - Creche,Famões,odivelas,,,,,,,https://www.primeiraimagem.com/cartola-de-sonhos-creche.php
Centro Infantil do Terreiro,Borba de Godim,felgueiras,,,,,,,https://www.primeiraimagem.com/centro-infantil-do-terreiro.php
A. P. S. Castanheira do Ribatejo,Castanheira do Ribatejo,vila-franca-de-xira,,,,,,,https://www.primeiraimagem.com/associacao-de-promocao-social-da-castanheira-do-ribatejo.php
O Chorão - Infantário,Paranhos,porto,,,,,,,https://www.primeiraimagem.com/infantario-o-chorao.php
C. Soc. Paroq. da Póvoa de Sto. Adrião,Póvoa de Santo Adrião,odivelas,,,,,,,https://www.primeiraimagem.com/centro-social-paroquial-da-povoa-de-sto-adriao.php
C. S. P. Padre António Mendonça,Airães,felgueiras,,,,,,,https://www.primeiraimagem.com/centro-social-e-paroquial-padre-antonio-mendonca.php
SCM Vila Flor,Vila Flor,vila-flor,,,,,,,https://www.primeiraimagem.com/santa-casa-da-misericordia-de-vila-flor.php
Traquinas em Linha - J. Infância,Rio de Mouro,sintra,,,,,,,https://www.primeiraimagem.com/jardim-de-infancia-traquinas-em-linha.php
C. C. P. Ramada - Sede,Ramada,odivelas,,,,,,,https://www.primeiraimagem.com/centro-comunitario-paroquial-da-ramada.php
As Formiguinhas - Creche e Jardim de Infância,Margaride Santa Eulália,felgueiras,,,,,,,https://www.primeiraimagem.com/as-formiguinhas.php
Venerável Ordem Terceira S. Francisco,Vila do Conde,vila-do-conde,,,,,,,https://www.primeiraimagem.com/veneravel-ordem-terceira-de-s-francisco-de-vila-do-conde.php
Jardim Flori - Externato,Nevogilde,porto,,,,,,,https://www.primeiraimagem.com/externato-jardim-flori.php
C. C. P. Ramada - Creche Sta. Teresinha,Ramada,odivelas,,,,,,,https://www.primeiraimagem.com/creche-santa-teresinha.php
ADS Freguesia de Margaride,Margaride Santa Eulália,felgueiras,,,,,,,https://www.primeiraimagem.com/ads-freguesia-de-margaride.php
Jardim de Infância - IPSS O Sonho,São Sebastião,setubal,,,,,,,https://www.primeiraimagem.com/jardim-de-infancia-ipss-o-sonho.php
J. Infantil Nª Senhora do Livramento,Bonfim,porto,,,,,,,https://www.primeiraimagem.com/jardim-infanti-nossa-senhora-do-livramento.php
Boneca de Corda - Creche e J. Infância,Odivelas,odivelas,,,,,,,https://www.primeiraimagem.com/boneca-de-corda.php
ADIB - Associação para o Desenvolvimento Integral de Barrosas,Idães,felgueiras,,,,,,,https://www.primeiraimagem.com/associacao-para-o-desenvolvimento-integral-de-barrosas.php
O Tecto - Associação de Solidariedade Social,Fajozes,vila-do-conde,,,,,,,https://www.primeiraimagem.com/o-tecto.php
Instituto Profissional do Terço - Creche,Santo Ildefonso,porto,,,,,,,https://www.primeiraimagem.com/creche-do-instituto-profissional-do-terco.php
SCMF - Centro Infantil de Faro,São Pedro,faro,,,,,,,https://www.primeiraimagem.com/centro-infantil-de-faro.php
O Sonho - C. S. Paroquial da Junqueira,Junqueira,vila-do-conde,,,,,,,https://www.primeiraimagem.com/o-sonho-centro-social-paroquial-da-junqueira.php
Centro Social Cultural de Orgens,Orgens,viseu,,,,,,,https://www.primeiraimagem.com/centro-social-cultural-de-orgens.php
AMOVALFLOR,Odivelas,odivelas,,,,,,,https://www.primeiraimagem.com/amovalflor.php
SCMF - Centro Infantil da Torre de Natal,Conceição,faro,,,,,,,https://www.primeiraimagem.com/centro-infantil-da-torre-de-natal.php
Infantário Carolina Michaelis,Cedofeita,porto,,,,,,,https://www.primeiraimagem.com/infantario-carolina-michaelis.php
AMOP - Jardim Infantil,Odivelas,odivelas,,,,,,,https://www.primeiraimagem.com/associacao-de-solidariedade-social-do-bairro-das-patameiras.php
Planeta da Fantasia - Creche e JI,Montenegro,faro,,,,,,,https://www.primeiraimagem.com/planeta-da-fantasia.php
Jardim dos Sonhos,Touguinhó,vila-do-conde,,,,,,,https://www.primeiraimagem.com/jardim-dos-sonhos.php
Florinhas do Lar e Abrigo do Sagrado Coração de Jesus,Bonfim,porto,,,,,,,https://www.primeiraimagem.com/florinhas-do-lar-e-abrigo-do-sagrado-coracao-de-jesus.php
A.C.I.J.R.,Ramada,odivelas,,,,,,,https://www.primeiraimagem.com/associacao-comunitaria-infantil-e-juvenil-da-ramada.php
Algodão Doce - Creche,Telheiras,lisboa,,,,,,,https://www.primeiraimagem.com/creche-algodao-doce.php
C. S. P. S. Sebastião da Pedreira,Avenidas Novas,lisboa,,,,,,,https://www.primeiraimagem.com/centro-social-da-paroquia-de-s-sebastiao-da-pedreira.php
Externato S. João de Brito - EIPM,Ramalde,porto,,,,,,,https://www.primeiraimagem.com/externato-s-joao-de-brito.php
Academia do Mimo - Creche,Ramada,odivelas,,,,,,,https://www.primeiraimagem.com/academia-do-mimo.php
O Caracol Pimpão - Jardim de Infância,Venteira,amadora,,,,,,,https://www.primeiraimagem.com/o-caracol-pimpao-jardim-de-infancia.php
Infantário D. Vitória,Vila do Conde,vila-do-conde,,,,,,,https://www.primeiraimagem.com/infantario-d-vitoria.php
Fundação D. Pedro IV - Arroios,Arroios,lisboa,,,,,,,https://www.primeiraimagem.com/casa-de-infancia-de-arroios.php
A Sandrinha - Colégio,Pontinha,odivelas,,,,,,,https://www.primeiraimagem.com/colegio-a-sandrinha.php
O Girassol - Obra de Santa Zita,Sé,faro,,,,,,,https://www.primeiraimagem.com/creche-o-girassol.php
Colégio Jardim das Cores,Vila do Conde,vila-do-conde,,,,,,,https://www.primeiraimagem.com/colegio-jardim-das-cores.php
Escravas do Sagrado Coração de Jesus - Externato,Bonfim,porto,,,,,,,https://www.primeiraimagem.com/externato-das-escravas-do-sagrado-coracao-de-jesus.php
A Ovelhinha - Creche,Odivelas,odivelas,,,,,,,https://www.primeiraimagem.com/creche-a-ovelhinha.php
Creche da Madalena - CSPSVC,Madalena,vila-nova-de-gaia,,,,,,,https://www.primeiraimagem.com/creche-da-madalena.php
Centro Social Paroquial de Caxinas,Vila do Conde,vila-do-conde,,,,,,,https://www.primeiraimagem.com/centro-social-paroquial-de-caxinas.php
Escola Montessori do Porto - Pólo,Aldoar,porto,,,,,,,https://www.primeiraimagem.com/escola-montessori-do-porto-polo.php
S. C. M. Vila de Óbidos,Óbidos,obidos,,,,,,,https://www.primeiraimagem.com/santa-casa-da-misericordia-da-vila-de-obidos.php
Lugar Encantado - Infantário,Sé,faro,,,,,,,https://www.primeiraimagem.com/lugar-encantado-infantario.php
Centro Social em Macieira - SCMVC,Macieira da Maia,vila-do-conde,,,,,,,https://www.primeiraimagem.com/centro-social-em-macieira.php
Escola Francesa do Porto,Lordelo do Ouro,porto,,,,,,,https://www.primeiraimagem.com/escola-francesa-do-porto.php
Creche das Gaeiras,Gaeiras,obidos,,,,,,,https://www.primeiraimagem.com/creche-das-gaeiras.php
J. Escola João de Deus,Sé,faro,,,,,,,https://www.primeiraimagem.com/jardim-escola-joao-de-deus-faro.php
Centro Social e Paroquial de Mindelo,Mindelo,vila-do-conde,,,,,,,https://www.primeiraimagem.com/centro-social-e-paroquial-de-mindelo.php
Tocábrincar – Creche e Jardim de Infância,S. Marcos,sintra,,,,,,,https://www.primeiraimagem.com/tocabrincar.php
CSCRA - Creche,Óbidos,obidos,,,,,,,https://www.primeiraimagem.com/centro-social-cultural-e-recreativo-arelhense.php
F.V.R.M. - Creche Malta Pequena,Sé,faro,,,,,,,https://www.primeiraimagem.com/creche-malta-pequena.php
O Reguila - AMSAC,Sto. António dos Cavaleiros,loures,,,,,,,https://www.primeiraimagem.com/o-reguila.php
A Casa Amarela - Infantário,Carnide,lisboa,,,,,,,https://www.primeiraimagem.com/infantario-a-casa-amarela.php
Creche Primavera - A Benéfica e Previdente,Santo Ildefonso,porto,,,,,,,https://www.primeiraimagem.com/creche-primavera.php
C. S. C. D. Olho Marinho,Olho Marinho,obidos,,,,,,,https://www.primeiraimagem.com/centro-social-e-cultural-para-o-desenvolvimento-de-olho-marinho.php
F.V.R.M. - C. Infantil Estrela do Mar,Sé,faro,,,,,,,https://www.primeiraimagem.com/centro-infantil-estrela-do-mar.php
Casa da Criança - SCMVC,Vila do Conde,vila-do-conde,,,,,,,https://www.primeiraimagem.com/casa-da-crianca.php
Creche da Liga dos Combatentes,Cedofeita,porto,,,,,,,https://www.primeiraimagem.com/creche-da-liga-dos-combatentes.php
Centro Social Valado dos Frades,Valado dos Frades,nazare,,,,,,,https://www.primeiraimagem.com/centro-social-valado-dos-frades.php
F.A.D.S. - Os Vivaços,Estoi,faro,,,,,,,https://www.primeiraimagem.com/os-vivacos.php
APTIAF Vila Cova,Vila do Conde,vila-do-conde,,,,,,,https://www.primeiraimagem.com/associacao-de-proteccao-a-terceira-idade-vila-cova.php
Colégio Espinheira Rio,Ramalde,porto,,,,,,,https://www.primeiraimagem.com/colegio-espinheira-rio.php
Centro Social Freguesia de Famalicão,Famalicão,nazare,,,,,,,https://www.primeiraimagem.com/centro-social-da-freguesia-de-famalicao.php
F.A.D.S. - C. Infantil de Montenegro,Montenegro,faro,,,,,,,https://www.primeiraimagem.com/centro-infantil-de-montenegro.php
SCMVB - Creche de Budens,Budens,vila-do-bispo,,,,,,,https://www.primeiraimagem.com/creche-de-budens.php
Os Amiguinhos Terlu,Algueirão,sintra,,,,,,,https://www.primeiraimagem.com/os-amiguinhos-terlu.php
Santa Casa da Misericórdia da Murtosa,Murtosa,murtosa,,,,,,,https://www.primeiraimagem.com/santa-casa-da-misericordia-da-murtosa.php
COOPPOFA,São Pedro,faro,,,,,,,https://www.primeiraimagem.com/cooperativa-de-consumo-popular-de-faro.php
A Escolinha - Jardim de Infância,Leiria,leiria,,,,,,,https://www.primeiraimagem.com/a-escolinha-jardim-de-infancia.php
Colégio de Nossa Senhora do Rosário,Ramalde,porto,,,,,,,https://www.primeiraimagem.com/colegio-de-nossa-senhora-do-rosario.php
Escolinha do Outeiro da Gafanha,Murtosa,murtosa,,,,,,,https://www.primeiraimagem.com/escolinha-do-outeiro-da-gafanha.php
Colégio Oficina Divertida,São Pedro,faro,,,,,,,https://www.primeiraimagem.com/colegio-oficina-divertida.php
Creche Dr.ª Maria Júlia Martins - SCMVM,Cantelães,vieira-do-minho,,,,,,,https://www.primeiraimagem.com/creche-dra-maria-julia-martins.php
Colégio Cebes,Foz,porto,,,,,,,https://www.primeiraimagem.com/colegio-cebes.php
Ursinhos Carinhosos - Jardim de Infância,Montijo,montijo,,,,,,,https://www.primeiraimagem.com/ursinhos-carinhosos-jardim-de-infancia.php
Colégio Nossa Senhora do Alto,Sé,faro,,,,,,,https://www.primeiraimagem.com/colegio-de-nossa-senhora-do-alto.php
Centro Sagrada Família - FOSRDI,Algés,oeiras,,,,,,,https://www.primeiraimagem.com/centro-sagrada-familia.php
Colégio Casa Nossa Sra. da Conceição,Cedofeita,porto,,,,,,,https://www.primeiraimagem.com/colegio-casa-nossa-sra-da-conceicao.php
UMNSC - Centro Infantil António Marques,Montijo,montijo,,,,,,,https://www.primeiraimagem.com/centro-infantil-antonio-marques.php
Centro Infantil do Hospital de Faro,Sé,faro,,,,,,,https://www.primeiraimagem.com/centro-infantil-do-hospital-de-faro.php
Maria Droste - Externato,Ermesinde,valongo,,,,,,,https://www.primeiraimagem.com/externato-maria-droste.php
Colégio Nª. Senhora da Conceição,Santiago,guimaraes,,,,,,,https://www.primeiraimagem.com/colegio-de-nossa-senhora-da-conceicao.php
Jardim da Joana - Serviços Educativos,Valongo,valongo,,,,,,,https://www.primeiraimagem.com/jardim-da-joana.php
"Centro Infantil ""O Despertar""",Sé,faro,,,,,,,https://www.primeiraimagem.com/centro-infantil-o-despertar.php
Chupetão - Novo Colégio,Aldoar,porto,,,,,,,https://www.primeiraimagem.com/chupetao.php
SCMM - C. Infância S. Jorge,Sarilhos Grandes,montijo,,,,,,,https://www.primeiraimagem.com/scmm-centro-de-infancia-s-jorge.php
CASCD - CBEI Nª Srª de Fátima,Sé,faro,,,,,,,https://www.primeiraimagem.com/centro-de-bem-estar-infantil-nossa-senhora-de-fatima.php
Centro Social Paroquial Sto. André Sobrado,Sobrado,valongo,,,,,,,https://www.primeiraimagem.com/centro-social-e-paroquial-santo-andre-de-sobrado.php
SCMM - C. Infância Rainha Sta. Isabel,Afonsoeiro,montijo,,,,,,,https://www.primeiraimagem.com/scmm-centro-de-infancia-rainha-santa-isabel.php
CASCD - CBEI da Falfosa,Sta. Bárbara Nexe,faro,,,,,,,https://www.primeiraimagem.com/centro-de-bem-estar-infantil-da-falfosa.php
Centro Social Ermesinde,Ermesinde,valongo,,,,,,,https://www.primeiraimagem.com/centro-social-ermesinde.php
Centro Social Rainha D. Leonor - ODPS,Foz do Douro,porto,,,,,,,https://www.primeiraimagem.com/centro-social-rainha-d-leonor.php
Mini Milkies - Creche,Montijo,montijo,,,,,,,https://www.primeiraimagem.com/mini-milkies-creche.php
Cantinho do Bebé - Crecheo,Sé,faro,,,,,,,https://www.primeiraimagem.com/cantinho-do-bebe-creche.php
Centro Social e Paroquial de Alfena,Alfena,valongo,,,,,,,https://www.primeiraimagem.com/centro-social-e-paroquial-de-alfena.php
C. P. Bem-Estar Social Almeirim,Almeirim,almeirim,,,,,,,https://www.primeiraimagem.com/centro-paroquial-de-bem-estar-social-de-almeirim.php
Colégio Cantinho das Descobertas,Montijo,montijo,,,,,,,https://www.primeiraimagem.com/colegio-cantinho-das-descobertas.php
C. Social Nª. Senhora do Carmo,São Pedro,faro,,,,,,,https://www.primeiraimagem.com/centro-social-nossa-senhora-do-carmo.php
Centro Paroq. Social S. Martinho de Campo,Campo,valongo,,,,,,,https://www.primeiraimagem.com/centro-paroquial-e-social-de-sao-martinho-de-campo.php
Centro Social do Lagarteiro - ODPS,Campanhã,porto,,,,,,,https://www.primeiraimagem.com/centro-social-do-lagarteiro.php
Colégio do Oceano,Montijo,montijo,,,,,,,https://www.primeiraimagem.com/colegio-do-oceano.php
ANSN,Ilha da Culatra,faro,,,,,,,https://www.primeiraimagem.com/associacao-nossa-senhora-dos-navegantes.php
Associação Feijoeiro Mágico,Alfena,valongo,,,,,,,https://www.primeiraimagem.com/associacao-feijoeiro-magico.php
Centro Social do Cerco do Porto - ODPS,Campanhã,porto,,,,,,,https://www.primeiraimagem.com/centro-social-do-cerco-do-porto.php
Centro Paroquial Montijo - J.I. Papagaio,Montijo,montijo,,,,,,,https://www.primeiraimagem.com/jardim-de-infancia-papagaio.php
A Joaninha - CCSPSBN,Sta. Bárbara Nexe,faro,,,,,,,https://www.primeiraimagem.com/jardim-de-infancia-a-joaninha.php
Associação de Promoção Social do Calvário,Campo,valongo,,,,,,,https://www.primeiraimagem.com/associacao-de-promocao-social-do-calvario.php
Centro Social do Carriçal - ODPS,Paranhos,porto,,,,,,,https://www.primeiraimagem.com/centro-social-do-carrical.php
Centro Paroquial Montijo - J.I. Girassol,Montijo,montijo,,,,,,,https://www.primeiraimagem.com/jardim-de-infancia-girassol.php
SCMF - Creche Nª Srª da Lapa,V. N. Famalicão,famalicao,,,,,,,https://www.primeiraimagem.com/creche-nossa-senhora-da-lapa.php
Gugulândia - Creche e J. Infância,Queijas,oeiras,,,,,,,https://www.primeiraimagem.com/gugulandia-creche-e-j-infancia.php
Centro Social Padre David,Ruílhe,braga,,,,,,,https://www.primeiraimagem.com/centro-social-pe-david-de-oliveira-martins.php
C. Soc. Paroq. N. Sra. Atalaia - Escolinha,Atalaia,montijo,,,,,,,https://www.primeiraimagem.com/escolinha-nossa-senhora-da-atalaia.php
SCMF - Creche Nª Srª da Guia,Outiz,famalicao,,,,,,,https://www.primeiraimagem.com/creche-nossa-senhora-da-guia.php
A Criança - Jardim de Infância,Valongo,valongo,,,,,,,https://www.primeiraimagem.com/a-crianca-jardim-de-infancia.php
Centro Social de S. Roque da Lameira - ODPS,Campanhã,porto,,,,,,,https://www.primeiraimagem.com/centro-social-de-s-roque-da-lameira.php
C. Soc. Paroq. N. Sra. Atalaia - Creche,Atalaia,montijo,,,,,,,https://www.primeiraimagem.com/creche-nossa-senhora-da-atalaia.php
Recreio do João - CRL,Vermoim,famalicao,,,,,,,https://www.primeiraimagem.com/recreio-do-joao-cooperativa-de-solidariedade-social-crl.php
A Cegonha - Jardim Escola,Valongo,valongo,,,,,,,https://www.primeiraimagem.com/a-cegonha.php
Centro Social de Fonte da Moura - ODPS,Aldoar,porto,,,,,,,https://www.primeiraimagem.com/centro-social-de-fonte-da-moura.php
C. Acção Social e Cultural das Faias,Pegões,montijo,,,,,,,https://www.primeiraimagem.com/centro-de-accao-social-e-cultural-das-faias.php
Mundos de Vida,Lousado,famalicao,,,,,,,https://www.primeiraimagem.com/mundos-de-vida.php
S. C. M. Vale de Cambra,S. Pedro Castelões,vale-de-cambra,,,,,,,https://www.primeiraimagem.com/santa-casa-da-misericordia-de-vale-de-cambra.php
Centro Social da Sé Catedral do Porto,Sé do Porto,porto,,,,,,,https://www.primeiraimagem.com/centro-social-da-se-catedral-do-porto.php
Associação Infantário Bairro do Mouco,Montijo,montijo,,,,,,,https://www.primeiraimagem.com/associacao-infantario-bairro-do-mouco.php
Mais Plural,Gavião,famalicao,,,,,,,https://www.primeiraimagem.com/mais-plural.php
C. S. P. S. Pedro de Castelões,S. Pedro Castelões,vale-de-cambra,,,,,,,https://www.primeiraimagem.com/centro-social-paroquial-s-pedro-de-casteloes_s_p_c.php
Cooperativa A Torre,Restelo,lisboa,,,,,,,https://www.primeiraimagem.com/cooperativa-a-torre.php
Alipikenos - Creche ALIP,Pegões,montijo,,,,,,,https://www.primeiraimagem.com/alipikenos-creche-alip.php
Júlio Brandão - Infantário,V. N. Famalicão,famalicao,,,,,,,https://www.primeiraimagem.com/julio-brandao-infantario.php
S. C. M. Vagos Z.I.,Vagos,vagos,,,,,,,https://www.primeiraimagem.com/santa-casa-da-misericordia-de-vagos-creche-z-i.php
Tutor T - Creche e Jardim de Infância,Parque das Nações,lisboa,,,,,,,https://www.primeiraimagem.com/tutor-t.php
O Ninho da Luz - Creche e J. Infância,Santo Varão,montemor-o-velho,,,,,,,https://www.primeiraimagem.com/o-ninho-da-luz-creche-e-jardim-de-infancia.php
Jardim de Infância da ACB,V. N. Famalicão,famalicao,,,,,,,https://www.primeiraimagem.com/jardim-de-infancia-da-acb.php
S. C. M. Vagos,Vagos,vagos,,,,,,,https://www.primeiraimagem.com/santa-casa-da-misericordia-de-vagos.php
Centro Soc. Paroq. N. Sr.ª Vitória,Vitória,porto,,,,,,,https://www.primeiraimagem.com/centro-social-paroquial-nossa-senhora-da-vitoria.php
Casa do Povo de Arazede,Arazede,montemor-o-velho,,,,,,,https://www.primeiraimagem.com/casa-do-povo-de-arazede.php
J. Infantil D. Elzira Cupertino de Miranda,Louro,famalicao,,,,,,,https://www.primeiraimagem.com/creche-e-jardim-infantil-dona-elzira-cupertino-de-miranda.php
Cantinho dos Sonhos - CSBEO,Ouca,vagos,,,,,,,https://www.primeiraimagem.com/cantinho-dos-sonhos.php
Centro Soc. Paróq. N. Senhora Ajuda,Lordelo do Ouro,porto,,,,,,,https://www.primeiraimagem.com/centro-social-da-paroquia-de-nossa-senhora-da-ajuda.php
C. S. Paroquial de Meãs do Campo,Meãs do Campo,montemor-o-velho,,,,,,,https://www.primeiraimagem.com/centro-social-paroquial-de-meas-do-campo.php
Instituto de São José,Oliveira,famalicao,,,,,,,https://www.primeiraimagem.com/instituto-de-sao-jose.php
C. S. P. Fonte de Angeão,Fonte de Angeão,vagos,,,,,,,https://www.primeiraimagem.com/centro-social-paroquial-de-fonte-de-angeao.php
O Bercinho de Santa Rita - Creche,Venda Nova,amadora,,,,,,,https://www.primeiraimagem.com/o-bercinho-de-santa-rita.php
AFMP - Jardim de Infância de Liceia,Liceia,montemor-o-velho,,,,,,,https://www.primeiraimagem.com/jardim-de-infancia-de-liceia.php
Creche SocialELOOS,Fradelos,famalicao,,,,,,,https://www.primeiraimagem.com/creche-socialeloos.php
C. Acção Social Covão do Lobo,Covão do Lobo,vagos,,,,,,,https://www.primeiraimagem.com/centro-de-accao-social-de-covao-do-lobo.php
Centro Infantil Justino Teixeira,Campanhã,porto,,,,,,,https://www.primeiraimagem.com/centro-infantil-justino-teixeira.php
AFMP - Jardim de Infância de Gatões,Gatões,montemor-o-velho,,,,,,,https://www.primeiraimagem.com/jardim.de-infancia-de-gatoes.php
Creche Mãe - C.S.P. Sto. Adrião Polo 1,V. N. Famalicão,famalicao,,,,,,,https://www.primeiraimagem.com/creche-mae-patronato-da-sagrada-familia-polo-1.php
C. A. S. D. Santa Catarina,Santa Catarina,vagos,,,,,,,https://www.primeiraimagem.com/comissao-de-apoio-social-e-desenvolvimento-de-santa-catarina.php
Centro de Caridade Nª. Srª. Perpétuo Socorro,Bonfim,porto,,,,,,,https://www.primeiraimagem.com/perpetuo-socorro.php
AFMP - Centro Infante D. Pedro,Tentúgal,montemor-o-velho,,,,,,,https://www.primeiraimagem.com/centro-infante-d-pedro.php
Creche Mãe - C.S.P. Sto. Adrião,V. N. Famalicão,famalicao,,,,,,,https://www.primeiraimagem.com/creche-mae-patronato-da-sagrada-familia.php
C.  Soc. Freguesia de Soza,Soza,vagos,,,,,,,https://www.primeiraimagem.com/centro-social-da-freguesia-de-soza.php
C. Social Paroquial S. Miguel de Nevogilde,Nevogilde,porto,,,,,,,https://www.primeiraimagem.com/centro-social-e-paroquial-de-s-miguel-de-nevogilde.php
AFMP - Centro Ilda Moreno,Montemor-o-Velho,montemor-o-velho,,,,,,,https://www.primeiraimagem.com/centro-ilda.moreno.php
Colégio Talvaizinho,V. N. Famalicão,famalicao,,,,,,,https://www.primeiraimagem.com/colegio-talvaizinho.php
Associação BETEL,Ponte de Vagos,vagos,,,,,,,https://www.primeiraimagem.com/associacao-betel.php
Colégio Alfa-Beta,Queijas,oeiras,,,,,,,https://www.primeiraimagem.com/colegio-alfa-beta.php
AFMP - Cantinho das Cegonhas,Montemor-o-Velho,montemor-o-velho,,,,,,,https://www.primeiraimagem.com/cantinho-das-cegonhas.php
Colégio Machado Ruivo,V. N. Famalicão,famalicao,,,,,,,https://www.primeiraimagem.com/colegio-machado-ruivo.php
CBEISA,Santo André,v-n-poiares,,,,,,,https://www.primeiraimagem.com/centro-de-bem-estar-infantil-de-santo-andre.php
Beloquitas - Creche e Jardim de Infância,Alcântara,lisboa,,,,,,,https://www.primeiraimagem.com/beloquitas.php
SCML - Creche do Casal do Pinto,Beato,lisboa,,,,,,,https://www.primeiraimagem.com/scml-creche-do-casal-do-pinto.php
C. Social Leça do Balio - Infantário Gondivai,Leça do Balio,matosinhos,,,,,,,https://www.primeiraimagem.com/centro-social-de-leca-do-balio-infantario-gondivai.php
ADIP,S. Miguel de Poiares,v-n-poiares,,,,,,,https://www.primeiraimagem.com/associacao-de-desenvolvimento-integrado-de-poiares.php
Associação Nun´Álvares de Campanhã,Campanhã,porto,,,,,,,https://www.primeiraimagem.com/associacao-nun-alvares-de-campanha.php
SCML - Creche da Ameixoeira,Santa Clara,lisboa,,,,,,,https://www.primeiraimagem.com/scml-creche-da-ameixoeira.php
C. Cultural Solidariedade Social de Guifões,Guifões,matosinhos,,,,,,,https://www.primeiraimagem.com/centro-cultural-solidariedade-social-de-guifoes.php
SCMB - Berço do Tejo,V. N. Barquinha,v-n-barquinha,,,,,,,https://www.primeiraimagem.com/santa-casa-misericordia-vila-nova-da-barquinha.php
Associação Benjamim,Paranhos,porto,,,,,,,https://www.primeiraimagem.com/associacao-benjamim.php
SCML - Creche Convento do Desagravo,São Vicente,lisboa,,,,,,,https://www.primeiraimagem.com/scml-creche-convento-do-desagravo.php
Bom Jesus - Externato,Matosinhos,matosinhos,,,,,,,https://www.primeiraimagem.com/externato-bom-jesus_i.php
Creche Nossa Senhora d’Atalaia,Atalaia,v-n-barquinha,,,,,,,https://www.primeiraimagem.com/creche-nossa-senhora-d-atalaia.php
C. S. Caeiro da Matta - Equip. Midões,Midões,tabua,,,,,,,https://www.primeiraimagem.com/centro-social-caeiro-da-matta-equipamento-de-midoes.php
SCML - CPS Rainha D. Leonor,São Vicente,lisboa,,,,,,,https://www.primeiraimagem.com/scml-cps-rainha-d-leonor.php
Betucho - Creche e Jardim de Infância,Leça da Palmeira,matosinhos,,,,,,,https://www.primeiraimagem.com/betucho.php
ABCrescimento,V. N. Barquinha,v-n-barquinha,,,,,,,https://www.primeiraimagem.com/abcrescimento.php
Alcofinha - Creche,Nevogilde,porto,,,,,,,https://www.primeiraimagem.com/creche-alcofinha.php
SCML - CPS da Prodac,Marvila,lisboa,,,,,,,https://www.primeiraimagem.com/scml-cps-da-prodac.php
ASSUS - Assoc. Solidariedade Social Urbanização do Seixo,S. Mamede de Infesta,matosinhos,,,,,,,https://www.primeiraimagem.com/assus-associacao-de-solidariedade-social-da-urbanizacao-do-seixo.php
O Moinho - Creche,S. Romão Coronado,trofa,,,,,,,https://www.primeiraimagem.com/o-moinho-creche.php
ACS21 - Bercário Infantário,Cedofeita,porto,,,,,,,https://www.primeiraimagem.com/acs21.php
SCML - CPS da Alta de Lisboa,Santa Clara,lisboa,,,,,,,https://www.primeiraimagem.com/scml-cps-da-alta-de-lisboa.php
Assoc. Social Desenvolvimento de Guifões,Guifões,matosinhos,,,,,,,https://www.primeiraimagem.com/associacao-social-desenvolvimento-de-guifoes.php
Misericórdia da Trofa - Creche e Jardim de Infância,S. Romão do Coronado,trofa,,,,,,,https://www.primeiraimagem.com/misericordia-da-trofa-creche-e-jardim-de-infancia.php
A Toquinha 2 - Infantário,Cedofeita,porto,,,,,,,https://www.primeiraimagem.com/infantario-a-toquinha-2.php
Associação Mais - Creche Sol Poente,Leça da Palmeira,matosinhos,,,,,,,https://www.primeiraimagem.com/associacao-mais-creche-sol-poente.php
SCML - CI Visconde Valmor,Avenidas Novas,lisboa,,,,,,,https://www.primeiraimagem.com/scml-ci-visconde-valmor.php
Cubo Mágico - Creche Pólo 2,Trofa,trofa,,,,,,,https://www.primeiraimagem.com/cubo-magico-creche-polo-2.php
Centro Bem Estar Social Chão de Couce,Chão de Couce,ansiao,,,,,,,https://www.primeiraimagem.com/centro-de-bem-estar-social-chao-de-couce.php
Associação Baptista Ágape,Matosinhos,matosinhos,,,,,,,https://www.primeiraimagem.com/associacao-baptista-agape.php
SCML - CDC da Charneca,Santa Clara,lisboa,,,,,,,https://www.primeiraimagem.com/scml-cdc-da-charneca.php
Cubo Mágico - Creche e Infantário,Santiago de Bougado,trofa,,,,,,,https://www.primeiraimagem.com/cubo-magico.php
A Luzinha Abrigo Infantil Corte Real - ONSC,Cedofeita,porto,,,,,,,https://www.primeiraimagem.com/a-luzinha-do-abrigo-infantil-corte-real.php
As Sete Bicas - Jardim de Infância,Senhora da Hora,matosinhos,,,,,,,https://www.primeiraimagem.com/jardim-de-infancia-as-sete-bicas.php
SCML - CBEI das Janelas Verdes,Estrela,lisboa,,,,,,,https://www.primeiraimagem.com/scml-cbei-das-janelas-verdes.php
Creche e Jardim de Infância Padre Joaquim Ribeiro,Bougado,trofa,,,,,,,https://www.primeiraimagem.com/creche-e-jardim-de-infancia-padre-joaquim-ribeiro.php
A Luzinha - ONSC,Campanhã,porto,,,,,,,https://www.primeiraimagem.com/a-luzinha-creche-e-jardim-de-infancia.php
As Sete Bicas - Creche,Senhora da Hora,matosinhos,,,,,,,https://www.primeiraimagem.com/creche-as-sete-bicas.php
SCML - CAI Vítor Manuel,Alcântara,lisboa,,,,,,,https://www.primeiraimagem.com/scml-cai-vitor-manuel.php
Care For Kids,S. Romão Coronado,trofa,,,,,,,https://www.primeiraimagem.com/care-for-kids.php
"Arco-Íris – Creche, Jardim de Infância e 1º Ciclo",Senhora da Hora,matosinhos,,,,,,,https://www.primeiraimagem.com/arco-iris-creche-jardim-de-infancia-e-1-ciclo.php
SCML - CAI Vale Fundão II,Marvila,lisboa,,,,,,,https://www.primeiraimagem.com/scml-cai-vale-fundao-ii.php
Assoc. Humanitária dos Bombeiros Voluntários da Trofa,Finzes,trofa,,,,,,,https://www.primeiraimagem.com/associacao-humanitaria-dos-bombeiros-voluntarios-da-trofa.php
SCMO - C. I. Maria Helena Rufino,Quelfes,olhao,,,,,,,https://www.primeiraimagem.com/centro-infantil-maria-helena-rufino.php
Anjos do Saber - Colégio,Matosinhos,matosinhos,,,,,,,https://www.primeiraimagem.com/colegio-anjos-do-saber.php
SCML - CAI Vale Fundão I,Marvila,lisboa,,,,,,,https://www.primeiraimagem.com/scml-cai-vale-fundao-i.php
S. Vicente - Creche e Jardim de Infância,São Pedro e Santiago,torres-vedras,,,,,,,https://www.primeiraimagem.com/s-vicente-creche-e-jardim-de-infancia.php
A Casa do Cuco,Ramalde,porto,,,,,,,https://www.primeiraimagem.com/a-casa-do-cuco.php
Academia das Chupetas - Infantário,Matosinhos,matosinhos,,,,,,,https://www.primeiraimagem.com/infantario-academia-das-chupetas.php
SCML - CAI Dr. José Domingos Barreiro,Marvila,lisboa,,,,,,,https://www.primeiraimagem.com/scml-cai-dr-jose-domingos-barreiro.php
S. C. M. Torres Vedras,Torres Vedras,torres-vedras,,,,,,,https://www.primeiraimagem.com/santa-casa-da-misericordia-de-torres-vedras.php
S.C.M.Porto de Mós,Porto de Mós,porto-de-mos,,,,,,,https://www.primeiraimagem.com/santa-casa-da-misericordia-de-porto-de-mos.php
A Conchinha - Colégio S. João Bosco,Matosinhos,matosinhos,,,,,,,https://www.primeiraimagem.com/a-conchinha-colegio-s-joao-bosco.php
SCML - CAI do Bairro Padre Cruz,Carnide,lisboa,,,,,,,https://www.primeiraimagem.com/scml-cai-do-bairro-padre-cruz.php
C. Bem Estar Infantil S. José,Juncal,porto-de-mos,,,,,,,https://www.primeiraimagem.com/centro-de-bem-estar-infantil-s-jose.php
Centro Social do Regado - ODPS,Paranhos,porto,,,,,,,https://www.primeiraimagem.com/centro-social-do-regado.php
SCML - CAI do Bairro da Boavista,Benfica,lisboa,,,,,,,https://www.primeiraimagem.com/scml-cai-do-bairro-da-boavista.php
Obra Social do Sagrado Coração de Maria,S. Sebastião,guimaraes,,,,,,,https://www.primeiraimagem.com/obra-social-do-sagrado-coracao-de-maria_guimaraes.php
St. Dominic´s International School,S. Domingos de Rana,cascais,,,,,,,https://www.primeiraimagem.com/saint-dominic-s-international-school.php
"Mãe Cegonha, CRL",São Victor,braga,,,,,,,https://www.primeiraimagem.com/mae-cegonha-crl.php
SCML - CAI do Bairro Cruz Vermelha,Lumiar,lisboa,,,,,,,https://www.primeiraimagem.com/scml-cai-do-bairro-cruz-vermelha.php
O Principezinho Encantado - J. Infantil,Paranhos,porto,,,,,,,https://www.primeiraimagem.com/jardim-infantil-o-principezinho-encantado.php
Planeta dos Diabretes,Marinha Grande,marinha-grande,,,,,,,https://www.primeiraimagem.com/planeta-dos-diabretes.php
Universo da Brincadeira - Centro Infantil,Alcácer do Sal,alcacer-do-sal,,,,,,,https://www.primeiraimagem.com/centro-infantil-universo-da-brincadeira.php
Creche do Povo,Torres Vedras,torres-vedras,,,,,,,https://www.primeiraimagem.com/creche-do-povo.php
Os Kanitos - Creche,Marinha Grande,marinha-grande,,,,,,,https://www.primeiraimagem.com/os-kanitos-creche.php
Creche do Menino Jesus - CSPSAC,Campelos,torres-vedras,,,,,,,https://www.primeiraimagem.com/creche-do-menino-jesus.php
YMCA - Creche e Jardim de Infância,Santa Maria da Graça,setubal,,,,,,,https://www.primeiraimagem.com/ymca-creche-e-jardim-de-infancia.php
Lindos Carinhos - Creche,Marinha Grande,marinha-grande,,,,,,,https://www.primeiraimagem.com/lindos-carinhos-creche.php
As Pintinhas - SCMC,Cadaval,cadaval,,,,,,,https://www.primeiraimagem.com/as-pintinhas.php
Colégio Avião de Papel,Torres Vedras,torres-vedras,,,,,,,https://www.primeiraimagem.com/colegio-aviao-de-papel.php
Colégio Sagrado Coração de Jesus,Sé,braganca,,,,,,,https://www.primeiraimagem.com/colegio-sagrado-coracao-de-jesus .php
Leiria International School,Marinha Grande,marinha-grande,,,,,,,https://www.primeiraimagem.com/leiria-international-school.php
O Azul - Infantário,Mem Martins,sintra,,,,,,,https://www.primeiraimagem.com/infantario-o-azul.php
Centro Social Paroquial Torres Vedras,Torres Vedras,torres-vedras,,,,,,,https://www.primeiraimagem.com/centro-social-paroquial-torres-vedras.php
Jardim dos Pequeninos - APSVL,Vieira de Leiria,marinha-grande,,,,,,,https://www.primeiraimagem.com/jardim-dos-pequeninos.php
Casa do Povo Freguesia de Freiria,Freiria,torres-vedras,,,,,,,https://www.primeiraimagem.com/casa-do-povo-freguesia-de-freiria.php
Salpicos de Alegria - Creche,Lumiar,lisboa,,,,,,,https://www.primeiraimagem.com/salpicos-de-alegria-creche.php
Centro Comunitário du Bocage - Creche e J. Infância,São Sebastião,setubal,,,,,,,https://www.primeiraimagem.com/centro-comunitario-du-bocage-creche-e-j-infancia.php
C. Soc. Rec. e Cultural da Maceira,Maceira,torres-vedras,,,,,,,https://www.primeiraimagem.com/centro-social-recreativo-e-cultural-da-maceira.php
AIPICA - Jardim de Infância Bento Gonçalves,Feijó,almada,,,,,,,https://www.primeiraimagem.com/jardim-de-infancia-bento-goncalves.php
Saidos da Casca 2 - Creche e J. Infância,Parque das Nações,lisboa,,,,,,,https://www.primeiraimagem.com/saidos-da-casca-2-creche-e-j-infancia.php
Bolinha de Neve,Torres Vedras,torres-vedras,,,,,,,https://www.primeiraimagem.com/bolinha-de-neve.php
Jardim das Descobertas - Creche,Lumiar,lisboa,,,,,,,https://www.primeiraimagem.com/jardim-das-descobertas-creche.php
Saidos da Casca - Creche,Telheiras,lisboa,,,,,,,https://www.primeiraimagem.com/saidos-da-casca-creche.php
Colégio João Paulo II - Pólo Dume,Dume,braga,,,,,,,https://www.primeiraimagem.com/colegio-joao-paulo-ii-polo-dume.php
Associação Solidariedade e Promoção de A-Dos-Cunhados,A-Dos-Cunhados,torres-vedras,,,,,,,https://www.primeiraimagem.com/associacao--de-solidariedade-e-promocao-de-a-dos-cunhados.php
Jardim Infantil Majari - SDLONPC,Ameixoeira,lisboa,,,,,,,https://www.primeiraimagem.com/jardim-infantil-majari.php
Sá de Miranda - Colégio,São Jorge de Arroios,lisboa,,,,,,,https://www.primeiraimagem.com/colegio-sa-de-miranda.php
Assoc. Socorros Freguesia de Turcifal,Turcifal,torres-vedras,,,,,,,https://www.primeiraimagem.com/associacao-de-socorros-da-freguesia-de-turcifal.php
CSP S. José - A Abelhinha,São Sebastião,setubal,,,,,,,https://www.primeiraimagem.com/a-abelhinha-jardim-de-infancia .php
Raiz – Restelo,Restelo,lisboa,,,,,,,https://www.primeiraimagem.com/raiz-restelo.php
A Cadeirinha - C.A.S.P.,S. Pedro da Cadeira,torres-vedras,,,,,,,https://www.primeiraimagem.com/a-cadeirinha-creche.php
Raiz – Belém,Belém,lisboa,,,,,,,https://www.primeiraimagem.com/raiz-belem.php
A.S.A.S. Ponte do Rol,Ponte do Rol,torres-vedras,,,,,,,https://www.primeiraimagem.com/asas-ponde-do-rol.php
O Comboio - J.I. APACCF,Nª. Sra. Anunciada,setubal,,,,,,,https://www.primeiraimagem.com/o-comboio-jardim-de-infancia.php
Queen Elizabeth’s School,Alvalade,lisboa,,,,,,,https://www.primeiraimagem.com/queen-elizabeth-s-school.php
SCMTN - Margarida Pinto Bastos Almeida,São Pedro,torres-novas,,,,,,,https://www.primeiraimagem.com/infantario-margarida-pinto-bastos-almeida.php
G. A. Soc. S. Vicente de Pereira,S. Vicente Pereira,ovar,,,,,,,https://www.primeiraimagem.com/grupo-de-accao-social-de-s-vicente-de-pereira.php
Piloto Diese - Colégio,São João de Brito,lisboa,,,,,,,https://www.primeiraimagem.com/colegio-piloto-diese.php
J. Escola João de Deus,São Pedro,torres-novas,,,,,,,https://www.primeiraimagem.com/j-escola-joao-de-deus_torres-novas.php
C. Social Paroquial de Caldas da Rainha,Caldas da Rainha,caldas-da-rainha,,,,,,,https://www.primeiraimagem.com/centro-social-paroquial-de-caldas-da-rainha.php
Centro Paroquial de Ariz,Ariz,marco-de-canaveses,,,,,,,https://www.primeiraimagem.com/centro-paroquial-de-ariz.php
Colégio Os Timoneiros,Lapas,torres-novas,,,,,,,https://www.primeiraimagem.com/colegio-os-timoneiros.php
Instituto da Sãozinha,Abrigada,alenquer,,,,,,,https://www.primeiraimagem.com/instituto-da-saozinha.php
Tintin – Coleginho,V. N. Telha,maia,,,,,,,https://www.primeiraimagem.com/coleginho-tintin.php
CBES Zona Alta,Santa Maria,torres-novas,,,,,,,https://www.primeiraimagem.com/cbes-zona-alta.php
Nobel Algarve - Campus de Lagoa,Lagoa,lagoa,,,,,,,https://www.primeiraimagem.com/nobel-algarve-british-international-school.php
Santa Casa da Misericórdia da Maia (Vermoim),Vermoim,maia,,,,,,,https://www.primeiraimagem.com/santa-casa-da-misericordia-da-maia-vermoim.php
C. S. P. N.ª Senhora da Purificação,Assentis,torres-novas,,,,,,,https://www.primeiraimagem.com/c-s-p-nossa-senhora-da-purificacao.php
Santa Casa da Misericórdia da Maia (S. Pedro Fins),S. Pedro Fins,maia,,,,,,,https://www.primeiraimagem.com/santa-casa-da-misericordia-da-maia-s-pedro-fins.php
Santa Casa da Misericórdia da Maia (Santa Maria Avioso),Avioso,maia,,,,,,,https://www.primeiraimagem.com/santa-casa-da-misericordia-da-maia-santa-maria-avioso.php
C. S. Divino Espírito Santo de Meia Via,Meia Via,torres-novas,,,,,,,https://www.primeiraimagem.com/c-s-divino-espirito-santo-de-meia-via.php
O Barãozinho - Infantário,Cedofeita,porto,,,,,,,https://www.primeiraimagem.com/infantario-o-baraozinho.php
Park - International School,Campolide,lisboa,,,,,,,https://www.primeiraimagem.com/park-international-school-campolide.php
O Nosso Mundo - Jardim Infantil,Apelação,loures,,,,,,,https://www.primeiraimagem.com/jardim-infantil-o-nosso-mundo.php
Associação de Infância Dona Teresa - Creche,Albergaria-a-Velha,albergaria-a-velha,,,,,,,https://www.primeiraimagem.com/associacao-de-infancia-dona-teresa-creche.php
Os Pirralhos do Marquês - Jardim Infantil,São Mamede,lisboa,,,,,,,https://www.primeiraimagem.com/jardim-infantil-os-pirralhos-do-marques.php
Bué Bebé - Berçário e Creche,Lagos,lagos,,,,,,,https://www.primeiraimagem.com/bue-bebe-bercario-e-creche.php
S. C. M. Vizela,Vizela,vizela,,,,,,,https://www.primeiraimagem.com/santa-casa-da-misericordia-de-vilzela.php
J. I. Inst. Partic. Desenvolvimento Sócio Cultural,Monte da Caparica,almada,,,,,,,https://www.primeiraimagem.com/creche-e-jardim-de-infancia-do-instituto-particular-de-desenvolvimento-socio-cultural.php
Os Pipoquinhas - Creche,Carnide,lisboa,,,,,,,https://www.primeiraimagem.com/creche-os-pipoquinhas.php
C.S.P. Pelariga,Peraliga,pombal,,,,,,,https://www.primeiraimagem.com/centro-social-paroquial-de-pelariga.php
Os Pioneiros - Coop. Ensino,Beato,lisboa,,,,,,,https://www.primeiraimagem.com/cooperativa-de-ensino-os-pioneiros.php
Associação da Moita do Boi,Louriçal,pombal,,,,,,,https://www.primeiraimagem.com/associacao-de-promocao-social-desportiva-recreativa-e-cultural-de-moita-do-boi.php
Os Fraldas - Creche,Areeiro,lisboa,,,,,,,https://www.primeiraimagem.com/os-fraldas-creche.php
APEPI,Pombal,pombal,,,,,,,https://www.primeiraimagem.com/associacao-de-pais-e-educadores-para-a-infancia.php
Obra de Santa Zita,Penha de França,lisboa,,,,,,,https://www.primeiraimagem.com/obra-de-santa-zita-l.php
Jardim Infantil Nossa Senhora do Pilar,Santa Marinha,vila-nova-de-gaia,,,,,,,https://www.primeiraimagem.com/jardim-infantil-nossa-senhora-do-pilar.php
O Pelicano - Colégio,Alto do Pina,lisboa,,,,,,,https://www.primeiraimagem.com/colegio-o-pelicano.php
S.C.M.P. - O Traquinas,Peniche,peniche,,,,,,,https://www.primeiraimagem.com/o-traquinas.php
O Nosso Jardim - Colégio,Santa Catarina,lisboa,,,,,,,https://www.primeiraimagem.com/colegio-o-nosso-jardim.php
Santa Casa da Misericórdia da Maia (Crestins),Moreira,maia,,,,,,,https://www.primeiraimagem.com/santa-casa-da-misericordia-da-maia-crestins.php
S.C.M.P. - J. Infantil Sant´Ana,Peniche,peniche,,,,,,,https://www.primeiraimagem.com/jardim-infantil-sant-ana.php
CBEI,Vila Franca de Xira,vila-franca-de-xira,,,,,,,https://www.primeiraimagem.com/centro-de-bem-estar-infantil-vila-franca-de-xira.php
S.C.M.P. - Creche de Santa Isabel,Peniche,peniche,,,,,,,https://www.primeiraimagem.com/creche-de-santa-isabel.php
O Barquinho - Externato,Alvalade,lisboa,,,,,,,https://www.primeiraimagem.com/externato-o-barquinho-l.php
Santa Casa da Misericórdia da Maia (Águas Santas II),Águas Santas,maia,,,,,,,https://www.primeiraimagem.com/santa-casa-da-misericordia-da-maia-aguas-santas-ii.php
O Mundo das Cores - Creche,São Francisco,alcochete,,,,,,,https://www.primeiraimagem.com/creche-o-mundo-das-cores.php
Centro Social Paróquia de Souto,Souto,terras-de-bouro,,,,,,,https://www.primeiraimagem.com/centro-social-da-paroquia-de-souto.php
Associação Pró Cidadão Deficiente Integrado,Pessegueiro do Vouga,sever-do-vouga,,,,,,,https://www.primeiraimagem.com/associacao-pro-cidadao-deficiente-integrado.php
Santa Casa da Misericórdia da Maia (Águas Santas),Águas Santas,maia,,,,,,,https://www.primeiraimagem.com/santa-casa-da-misericordia-da-maia-aguas-santas.php
C. Soc. Paroquial de Moimenta,Moimenta,terras-de-bouro,,,,,,,https://www.primeiraimagem.com/centro-social-e-paroquial-de-moimenta.php
Os Ratinhos - Colégio Infantil,Barca,maia,,,,,,,https://www.primeiraimagem.com/colegio-infantil-os-ratinhos.php
C.S.P. Padre Ricardo Gameiro - A Nossa Creche,Cova da Piedade,almada,,,,,,,https://www.primeiraimagem.com/a-nossa-creche.php
SCMT - Jardim Infantil A Boneca,Cabanas de Tavira,tavira,,,,,,,https://www.primeiraimagem.com/jardim-infantil-a-boneca.php
C. Assist. Social de Esmoriz,Esmoriz,ovar,,,,,,,https://www.primeiraimagem.com/centro-de-assistencia-social-de-esmoriz.php
O Sorriso - Infantário e Jardim Infantil,Águas Santas,maia,,,,,,,https://www.primeiraimagem.com/o-sorriso.php
SCMT - Centro Infantil O Pinóquio,Tavira,tavira,,,,,,,https://www.primeiraimagem.com/centro-infantil-o-pinoquio.php
Infantário da Pena - CSPP,Arroios,lisboa,,,,,,,https://www.primeiraimagem.com/infantario-da-pena.php
O Pimpolho - Creche e Jardim de Infância,Vermoim,maia,,,,,,,https://www.primeiraimagem.com/o-pimpolho.php
A Escolinha Carvoeiro - CASC,Carvoeiro,lagoa,,,,,,,https://www.primeiraimagem.com/a-escolinha-carvoeiro.php
SCMT - Centro Infantil O Girassol,S. Brás Alportel,tavira,,,,,,,https://www.primeiraimagem.com/centro-infantil-o-girassol.php
A Cidade da Brincadeira,Cova da Piedade,almada,,,,,,,https://www.primeiraimagem.com/a-cidade-da-brincadeira.php
O Mundo Pula - Jardim de Infância e ATL,Maia,maia,,,,,,,https://www.primeiraimagem.com/o-mundo-pula.php
O Pontão - A.S.S.C.T.,Conceição,tavira,,,,,,,https://www.primeiraimagem.com/creche-o-pontao.php
O Gatinho - Infantário,Vermoim,maia,,,,,,,https://www.primeiraimagem.com/o-gatinho.php
Casa do Povo do Gradil,Gradil,mafra,,,,,,,https://www.primeiraimagem.com/casa-do-povo-do-gradil.php
ANIP - Creche e J. Infância,Sé Nova,coimbra,,,,,,,https://www.primeiraimagem.com/associacao-nacional-de-intervencao-precoce.php
Mimarte - Creche e Jardim de Infância,Portela-Moscavide,lisboa,,,,,,,https://www.primeiraimagem.com/mimarte.php
J. Escola João de Deus,Tavira,tavira,,,,,,,https://www.primeiraimagem.com/jardim-escola-joao-de-deus-tavira.php
Morangos Maia,Águas Santas,maia,,,,,,,https://www.primeiraimagem.com/morangos-maia.php
A Minha Casinha - Jardim de Infância,Olhão,lagoa,,,,,,,https://www.primeiraimagem.com/a-minha-casinha-jardim-de-infancia.php
CVP - Centro Infantil A Semente,Tavira,tavira,,,,,,,https://www.primeiraimagem.com/centro-infantil-a-semente.php
Monfortinhos de Real - Infantário,Vermoim,maia,,,,,,,https://www.primeiraimagem.com/monfortinhos-de-real-infantario.php
SCMA - Tempos de Infância,Guia,albufeira,,,,,,,https://www.primeiraimagem.com/creche-tempos-de-infancia.php
CVP - CAI Crianças A Gaivota,Tavira,tavira,,,,,,,https://www.primeiraimagem.com/centro-de-apoio-integrado-a-criancas-a-gaivota.php
Limiar - Externato,Barca,maia,,,,,,,https://www.primeiraimagem.com/externato-limiar.php
Os Pinheirinhos - Creche e Jardim de Infância,São Sebastião,setubal,,,,,,,https://www.primeiraimagem.com/os-pinheirinhos.php
Centro Social Nª Senhora das Dores,Sta Catarina Fonte do Bispo,tavira,,,,,,,https://www.primeiraimagem.com/centro-social-nossa-senhora-das-dores.php
Colégio Nossa Senhora das Graças,Real,braga,,,,,,,https://www.primeiraimagem.com/colegio-nossa-senhora-das-gracas.php
KIDS.i - República da Pequenada,Leça do Balio,maia,,,,,,,https://www.primeiraimagem.com/kids-i.php
S.C.M. Vimeiro,Vimeiro,alcobaca,,,,,,,https://www.primeiraimagem.com/santa-casa-da-misericordia-de-vimeiro.php
Associação Âncora,Santa Luzia,tavira,,,,,,,https://www.primeiraimagem.com/ancora-associacao-centro-comunitario-de-santa-luzia.php
A.S.C.P.,Chão da Parada,caldas-da-rainha,,,,,,,https://www.primeiraimagem.com/associacao-social-e-cultural-paradense.php
Gota de Mel - Creche,Gueifães,maia,,,,,,,https://www.primeiraimagem.com/creche-gota-de-mel.php
Colégio Leonardo da Vinci,São Vicente,braga,,,,,,,https://www.primeiraimagem.com/colegio-leonardo-da-vinci.php
SCMA - Creche Sagrada Família,Alcantarilha,silves,,,,,,,https://www.primeiraimagem.com/creche-sagrada-familia.php
C. C. Bairro Sto. António I - CSPNAP,Camarate,loures,,,,,,,https://www.primeiraimagem.com/centro-comunitario-do-bairro-de-sto-antonio-i.php
J. Infância Waldorf Internacional,Bensafrim,lagos,,,,,,,https://www.primeiraimagem.com/jardim-de-infancia-waldorf-internacional.php
Sociedade Promoção Social - Obra do Frei Gil,Bustos,oliveira-do-bairro,,,,,,,https://www.primeiraimagem.com/sociedade-promocao-social-obra-do-frei-gil.php
O Pátio das Andorinhas - Colégio,Charneca de Caparica,almada,,,,,,,https://www.primeiraimagem.com/colegio-o-patio-das-andorinhas.php
Papagaio de Papel - Creche,Armação de Pêra,silves,,,,,,,https://www.primeiraimagem.com/papagaio-de-papel-creche.php
C. Paroq. Assist. Nª Sra. D’Ajuda,Vestiaria,alcobaca,,,,,,,https://www.primeiraimagem.com/centro-paroquial-de-assistencia-de-n-sra-d-ajuda.php
AMPER - Ass. Amigos de Perrães,Oiã,oliveira-do-bairro,,,,,,,https://www.primeiraimagem.com/amper-associacao-dos-amigos-de-perraes.php
C.S.P. Padre Ricardo Gameiro - Jardim Inf. Romeira,Cova da Piedade,almada,,,,,,,https://www.primeiraimagem.com/equipamento-jardim-infantil-da-romeira.php
CPSBM - Creche e Pré-escolar,S. B. Messines,silves,,,,,,,https://www.primeiraimagem.com/casa-do-povo-de-sao-bartolomeu-de-messines.php
Carvalhosa – Centro Social Paroquial,Carvalhosa,pacos-de-ferreira,,,,,,,https://www.primeiraimagem.com/centro-social-paroquial-carvalhosa.php
ASSA - Alquerubim,Alquerubim,albergaria-a-velha,,,,,,,https://www.primeiraimagem.com/associacao-de-solidariedade-social-de-alquerubim.php
CASLAS - C. Infantil de São João,Lagos,lagos,,,,,,,https://www.primeiraimagem.com/centro-infantil-de-sao-joao.php
Fonte Santa - C.S.S.B.,Serra do Bouro,caldas-da-rainha,,,,,,,https://www.primeiraimagem.com/fonte-santa.php
C. D. S. C. de Martim Longo,Martim Longo,alcoutim,,,,,,,https://www.primeiraimagem.com/centro-de-desenvolvimento-social-e-cultural-de-martim-longo.php
O Cantinho da Brincadeira - Infantário,Laranjeiro,almada,,,,,,,https://www.primeiraimagem.com/infantario-o-cantinho-da-brincadeira.php
Externato O Cisne,Venteira,amadora,,,,,,,https://www.primeiraimagem.com/externato-o-cisne.php
Amigos dos Pequeninos - IPSS,Silves,silves,,,,,,,https://www.primeiraimagem.com/amigos-dos-pequeninos-ipss.php
Assoc. Paços 2000 - Jardim Infância de S. Domingos,Paços de Ferreira,pacos-de-ferreira,,,,,,,https://www.primeiraimagem.com/jardim-de-infancia-de-s-domingos.php
Colégio Andrade Corvo,São Sebastião,setubal,,,,,,,https://www.primeiraimagem.com/colegio-andrade-corvo.php
CASLAS - C. Infantil de Santo Amaro,Lagos,lagos,,,,,,,https://www.primeiraimagem.com/centro-infantil-de-santo-amaro.php
Colégio Rainha D. Leonor,Caldas da Rainha,caldas-da-rainha,,,,,,,https://www.primeiraimagem.com/colegio-rainha-d-leonor.php
C. Soc. Paroq. Freguesia da Atouguia,Atouguia,ourem,,,,,,,https://www.primeiraimagem.com/centro-social-paroquial-da-freguesia-da-atouguia.php
O Barquinho - Externato,Almada,almada,,,,,,,https://www.primeiraimagem.com/externato-o-barquinho.php
C. Assistência Paroquial de Pataias,Pataias,alcobaca,,,,,,,https://www.primeiraimagem.com/centro-de-assistencia-paroquial-de-pataias.php
S.C.M. Oliveira do Bairro,Oliveira do Bairro,oliveira-do-bairro,,,,,,,https://www.primeiraimagem.com/santa-casa-da-misericordia-de-oliveira-do-bairro.php
A Cidade dos Pequeninos,Pêra,silves,,,,,,,https://www.primeiraimagem.com/a-cidade-dos-pequeninos.php
"Coquinhas - Creche, J. Infância e S. Estudo",Leça do Balio,matosinhos,,,,,,,https://www.primeiraimagem.com/coquinhas.php
AIPICA - Creche e J. Infância Pão de Açucar,Cova da Piedade,almada,,,,,,,https://www.primeiraimagem.com/creche-e-jardim-de-infancia-pao-de-acucar.php
CASLAS - C. Infantil de Bensafrim,Bensafrim,lagos,,,,,,,https://www.primeiraimagem.com/centro-infantil-de-bensafrim.php
C. Social S. Pedro de Azurém,Azurém,guimaraes,,,,,,,https://www.primeiraimagem.com/centro-social-de-s-pedro-de-azurem.php
Os Ramaldinhos - ASAS de Ramalde,Ramalde,porto,,,,,,,https://www.primeiraimagem.com/os-ramaldinhos-asas-de-ramalde.php
Creche da Cruz Vermelha Portuguesa,São Victor,braga,,,,,,,https://www.primeiraimagem.com/creche-da-cruz-vermelha-portuguesa.php
C. Cult. Soc. Sto. Adrião - Polo 2,S. José de S. Lázaro,braga,,,,,,,https://www.primeiraimagem.com/centro-cultural-e-social-de-sto-adriao-polo-2.php
Patronato Nª. Sra. das Dores,Travassô,agueda,,,,,,,https://www.primeiraimagem.com/patronato-de-nossa-senhora-das-dores.php
Meninos Rabinos - Infantário,Charneca de Caparica,almada,,,,,,,https://www.primeiraimagem.com/infantario-meninos-rabinos.php
AIPICA - Creche e J. Infância do Castelo,Cacilhas,almada,,,,,,,https://www.primeiraimagem.com/creche-e-jardim-de-infancia-do-castelo.php
ABEI Vialonga,Vialonga,vila-franca-de-xira,,,,,,,https://www.primeiraimagem.com/associacao-para-o-bem-estar-infantil-da-freguesia-de-vialonga.php
C. Soc. Paroq. de Santa Catarina,Santa Catarina,caldas-da-rainha,,,,,,,https://www.primeiraimagem.com/centro-social-paroquial-de-santa-catarina.php
C. Cult. Soc. Sto. Adrião - Polo 1,S. José de S. Lázaro,braga,,,,,,,https://www.primeiraimagem.com/centro-cultural-e-social-de-sto-adriao-polo-1.php
C. Cult. Soc. Sto. Adrião - Polo 3,S. José de S. Lázaro,braga,,,,,,,https://www.primeiraimagem.com/centro-cultural-e-social-de-sto-adriao-polo-3.php
CERCAV,Alvoco das Várzeas,oliveira-do-hospital,,,,,,,https://www.primeiraimagem.com/centro-de-recreio-de-convivio-de-alvoco-das-varzeas.php
Irmanadora CRL,Costa da Caparica,almada,,,,,,,https://www.primeiraimagem.com/irmanadora-crl.php
Bibes e Chuchas – Berçário e Creche,Odivelas,odivelas,,,,,,,https://www.primeiraimagem.com/bibes-e-chuchas.php
Casal das Figueiras - J.I. APACCF,Nª. Sra. Anunciada,setubal,,,,,,,https://www.primeiraimagem.com/casal-das-figueiras-jardim-de-infancia.php
Fundação João Gonçalves Júnior,Alcochete,alcochete,,,,,,,https://www.primeiraimagem.com/fundacao-joao-goncalves-junior.php
Obra Eugénia Garcia Monteiro de Brito,Lagares,oliveira-do-hospital,,,,,,,https://www.primeiraimagem.com/obra-eugenia-garcia-monteiro-de-brito.php
O Relógio - Pólo Gambelas,Montenegro,faro,,,,,,,https://www.primeiraimagem.com/o-relogio-polo-gambelas.php
O Relógio - Instituto D. Francisco Gomes,Sé,faro,,,,,,,https://www.primeiraimagem.com/o-relogio.php
C. S. P. S. Pedro da Palhaça,Palhaça,oliveira-do-bairro,,,,,,,https://www.primeiraimagem.com/centro-social-paroquial-s-pedro-da-palhaca.php
Obra Social do Sagrado Coração de Maria,São Victor,braga,,,,,,,https://www.primeiraimagem.com/obra-social-do-sagrado-coracao-de-maria.php
O Arco-Íris - Ass. Apoio à Criança,Montenegro,faro,,,,,,,https://www.primeiraimagem.com/o-arco-iris-associacao-de-apoio-a-crianca.php
Casa do Povo de Fermentões,Fermentões,guimaraes,,,,,,,https://www.primeiraimagem.com/casa-do-povo-de-fermentoes.php
AIPICA - Creche e J. Infância do Pragal,Pragal,almada,,,,,,,https://www.primeiraimagem.com/creche-e-jardim-de-infancia-pao-do-pragal.php
O Sininho Azul - Creche e J. Infância,Marrazes,leiria,,,,,,,https://www.primeiraimagem.com/o-sininho-azul-creche-e-jardim-de-infancia.php
SCMB - Creche Rainha D. Leonor,Cividade,braga,,,,,,,https://www.primeiraimagem.com/creche-rainha-d-leonor-braga.php
C. S. Paroquial Sande S.Martinho,Sande,guimaraes,,,,,,,https://www.primeiraimagem.com/centro-social-e-paroquial-de-sande-s-martinho.php
C. D. Manuel Trindade Salgueiro,Ílhavo,ilhavo,,,,,,,https://www.primeiraimagem.com/centro-d-manuel-trindade-salgueiro.php
S. C. M. Vieira do Minho,Vieira do Minho,vieira-do-minho,,,,,,,https://www.primeiraimagem.com/santa-casa-da-misericordia-de-vieira-do-minho.php
SCMG - Casa S. João de Deus,Nogueira do Cravo,oliveira-do-hospital,,,,,,,https://www.primeiraimagem.com/santa-casa-da-misericordia-de-galizes.php
Creche da A.R.C.A.,Arco de Baúlhe,cabeceiras-de-basto,,,,,,,https://www.primeiraimagem.com/creche-da-a-r-c-a.php
Santa Casa da Misericórdia de Valongo,Valongo,valongo,,,,,,,https://www.primeiraimagem.com/santa-casa-da-misericordia-de-valongo.php
Nico de Gente - Creche e Jardim de Infância,Gualtar,braga,,,,,,,https://www.primeiraimagem.com/nico-de-gente-creche-e-jardim-de-infancia.php
C. Apoio Social Freguesia São Gregório,São Gregório,caldas-da-rainha,,,,,,,https://www.primeiraimagem.com/centro-de-apoio-social-da-freguesia-de-sao-gregorio.php
C.S.P. Padre Ricardo Gameiro - C. Comunit. Renascer,Feijó,almada,,,,,,,https://www.primeiraimagem.com/equipamento-centro-comunitario-renascer.php
Colégio Imaculada Conceição,Gueifães,maia,,,,,,,https://www.primeiraimagem.com/colegio-externato-imaculada-conceicao.php
C. Infantil da Lagoa - Creche,Ílhavo,ilhavo,,,,,,,https://www.primeiraimagem.com/creche-do-centro-infantil-da-lagoa.php
O Sol - Cáritas Setúbal,São Sebastião,setubal,,,,,,,https://www.primeiraimagem.com/o-sol-creche-e-jardim-de-infancia_setubal.php
C. S. P. S. Pedro de Maceda,Maceda,ovar,,,,,,,https://www.primeiraimagem.com/centro-social-paroquial-sao-pedro-de-maceda.php
Fundação Arcelina Victor dos Santos,Costa da Caparica,almada,,,,,,,https://www.primeiraimagem.com/fundacao-arcelina-victor-dos-santos.php
A Teia - Creche e Jardim de Infância,Valongo,valongo,,,,,,,https://www.primeiraimagem.com/a-teia-creche-e-jardim-de-infancia.php
Soc. Recreativa Lealdade Sampaense,São Paio de Gramaços,oliveira-do-hospital,,,,,,,https://www.primeiraimagem.com/sociedade-recreativa-lealdade-sampaense.php
O Cantinho da Mimi - Creche,São Sebastião,setubal,,,,,,,https://www.primeiraimagem.com/o-cantinho-da-mimi.php
Casa do Povo de Serzedelo,Serzedelo,guimaraes,,,,,,,https://www.primeiraimagem.com/creche-e-jardim-de-infancia-casa-do-povo-de-serzedelo.php
Jardim Infantil Chaborrilho - SDLONPC,Alto do Pina,lisboa,,,,,,,https://www.primeiraimagem.com/jardim-infantil-chaborrilho.php
"Edifacoop, CRL",Sequeira,braga,,,,,,,https://www.primeiraimagem.com/edifacoop.php
Colégio Parque dos Sorrisos,Pragal,almada,,,,,,,https://www.primeiraimagem.com/parque-dos-sorrisos-creche-e-j-infancia-pragal.php
Atrium 7 - Jardim de Infância,Feijó,almada,,,,,,,https://www.primeiraimagem.com/atrium-7.php
Lápis e Cor - J. Infância AHAMA,Albergaria-a-Velha,albergaria-a-velha,,,,,,,https://www.primeiraimagem.com/lapis-e-cor-jardim-de-iInfancia.php
VivaKids - Colégio,Alto da Guerra,setubal,,,,,,,https://www.primeiraimagem.com/colegio-vivakids.php
C. S. P. Santo Condestável,Sé,braganca,,,,,,,https://www.primeiraimagem.com/csp-santo-condestavel.php
CASCI - Creche de Ílhavo,Ílhavo,ilhavo,,,,,,,https://www.primeiraimagem.com/casci-creche-de-ilhavo.php
Centro Social Ribeira do Fárrio,Ribeira do Fárrio,ourem,,,,,,,https://www.primeiraimagem.com/centro-social-ribeira-do-farrio.php
Centro Social da Pasteleira - ODPS,Lordelo do Ouro,porto,,,,,,,https://www.primeiraimagem.com/centro-social-da-pasteleira.php
Fraterna - C. C. S. I. S.,S. Sebastião,guimaraes,,,,,,,https://www.primeiraimagem.com/fraterna.php
Só Miminhos - Creche,S. Domingos de Benfica,lisboa,,,,,,,https://www.primeiraimagem.com/creche-so-miminhos.php
Santa Estefânia - Infantário do Carmo,Oliveira,guimaraes,,,,,,,https://www.primeiraimagem.com/lar-santa-estefania-infantario-do-carmo.php
A. P. Infantário Esc. Prep. Ovar,Ovar,ovar,,,,,,,https://www.primeiraimagem.com/associacao-pais-infantario-j-infancia-escola-preparat-ovar.php
Barquinho Dourado - Creche,Albufeira,albufeira,,,,,,,https://www.primeiraimagem.com/barquinho-dourado-creche.php
Infantário﻿ Popular do Bonfim,Santa Maria da Graça,setubal,,,,,,,https://www.primeiraimagem.com/infantario.popular-do.bonfim.php
Cantinho dos Sonhos - Creche,Lousã,lousa,,,,,,,https://www.primeiraimagem.com/creche-cantinho-dos-sonhos.php
Centro Sócio Cultural de St.º António - ASDL,Laranjeiro,almada,,,,,,,https://www.primeiraimagem.com/centro-socio-cultural-de-sto-antonio.php
C. S. P. S. João de Ovar,São João,ovar,,,,,,,https://www.primeiraimagem.com/centro-social-e-paroquial-de-s-joao-de-ovar.php
Centro Social Paroquial Nª Srª da Conceição,Costa da Caparica,almada,,,,,,,https://www.primeiraimagem.com/centro-social-paroquial-n-sra-da-conceicao.php
Crevide - Pré-Escolar,Moscavide,loures,,,,,,,https://www.primeiraimagem.com/crevide-pre-escolar.php
Os Pitinhos II - Creche e Pré-Escolar,Alto da Guerra,setubal,,,,,,,https://www.primeiraimagem.com/os-pitinhos-ii.php
Ondas de Alegria - J. Infância,Albufeira,albufeira,,,,,,,https://www.primeiraimagem.com/ondas-de-alegria-jardim-de-infancia.php
Eden Montessori Int. School,Ferreiras,albufeira,,,,,,,https://www.primeiraimagem.com/eden-montessori-international-school.php
Frei Luís de Sousa - Externato,Cacilhas,almada,,,,,,,https://www.primeiraimagem.com/externato-frei-luis-de-sousa.php
Voar Mais Alto - Creche e Jardim de Infância,Setúbal,setubal,,,,,,,https://www.primeiraimagem.com/voar-mais-alto.php
O Sorriso Maroto - Creche e Jardim de Infância,São Julião,setubal,,,,,,,https://www.primeiraimagem.com/o-sorriso-maroto.php
I. E. Cristã - Sorrizinho,São Julião,setubal,,,,,,,https://www.primeiraimagem.com/instituto-de-educacao-crista-sorrizinho.php
C. Infantil de Ílhavo,Ílhavo,ilhavo,,,,,,,https://www.primeiraimagem.com/centro-infantil-de-illhavo.php
C. I. Filhos de Santa Maria de Leuca,Fátima,ourem,,,,,,,https://www.primeiraimagem.com/c-i-filhos-de-santa-maria-de-leuca.php
Centro Popular de Lagoa,Lagoa,lagoa,,,,,,,https://www.primeiraimagem.com/centro-popular-de-lagoa.php
"Os Pitinhos II - Berçário, Creche e Pré-Escolar",Alto da Guerra,setubal,,,,,,,https://www.primeiraimagem.com/os-pitinhos-ii-bercario-creche-e-pre-escolar.php
Centro Bem Estar Social de Alcanena,Alcanena,alcanena,,,,,,,https://www.primeiraimagem.com/centro-de-bem-estar-social-de-alcanena.php
Creche Bom Samaritano,Fátima,ourem,,,,,,,https://www.primeiraimagem.com/creche-bom-samaritano.php
Cspespite,Espite,ourem,,,,,,,https://www.primeiraimagem.com/centro-social-paroquial-de-s-joao-batista-de-espite.php
AIPICA - Jardim de Infância do Raposo,Caparica,almada,,,,,,,https://www.primeiraimagem.com/jardim-de-infancia-do-raposo.php
Infantário O Girassol - AMPB,Santa Maria da Graça,setubal,,,,,,,https://www.primeiraimagem.com/infantario-o-girassol.php
"A B C - Creche, Jardim de Infância e Sala de Estudo",Senhora da Hora,matosinhos,,,,,,,https://www.primeiraimagem.com/abc.php
Venerável Ordem Terceira S. Francisco,S. Sebastião,guimaraes,,,,,,,https://www.primeiraimagem.com/veneravel-ordem-terceira-de-sao-francisco.php
Puro Mimo - Creche,Marinha Grande,marinha-grande,,,,,,,https://www.primeiraimagem.com/puro-mimo-creche.php
Externato Casa de Santa Ana,,setubal,,,,,,,https://www.primeiraimagem.com/externato-casa-de-santa-ana.php
SCML - CAI de S. José,Santo António,lisboa,,,,,,,https://www.primeiraimagem.com/scml-cai-de-s-jose.php
Colégio Penas Real,São Francisco,alcochete,,,,,,,https://www.primeiraimagem.com/colegio-penas-real.php
SCML - CAI de Campolide,Campolide,lisboa,,,,,,,https://www.primeiraimagem.com/scml-cai-de-campolide.php
S. C. M. Alenquer - Creche Sementes do Mundo,Lumiar,lisboa,,,,,,,https://www.primeiraimagem.com/scm-alenquer-creche-sementes-do-mundo.php
CSP S. José -  A Cotovia,Pontes,setubal,,,,,,,https://www.primeiraimagem.com/a-cotovia-jardim.infantil .php
S. C. M. Alenquer - Creche Santa Clara,Santa Clara,lisboa,,,,,,,https://www.primeiraimagem.com/scm-alenquer-creche-santa-clara.php
AIPICA - Creche e J. Infância da Liberdade,Pragal,almada,,,,,,,https://www.primeiraimagem.com/creche-e-jardim-de-infancia-da-liberdade.php
São Cristovão - Externato,Benfica,lisboa,,,,,,,https://www.primeiraimagem.com/externato-sao-cristovao.php
Infantário Nª Srª da Purificação,Alvalade,lisboa,,,,,,,https://www.primeiraimagem.com/infantario-nossa-senhora-da-purificacao.php
Escola Pátio da Inês,Marinha Grande,marinha-grande,,,,,,,https://www.primeiraimagem.com/escola-patio-da-ines.php
Colégio Infantil O Recreio,Marinha Grande,marinha-grande,,,,,,,https://www.primeiraimagem.com/colegio-infantil-o-recreio.php
Golfinho Azul - APPACDM,,setubal,,,,,,,https://www.primeiraimagem.com/golfinho-azul-creche.php
Centro Infantil Arco-Íris - S.C.M.M.G.,Marinha Grande,marinha-grande,,,,,,,https://www.primeiraimagem.com/centro-infantil-arco-iris.php
Special One,Marco,marco-de-canaveses,,,,,,,https://www.primeiraimagem.com/special-one.php
C. S. P. Santos Mártires,Sé,braganca,,,,,,,https://www.primeiraimagem.com/csp-santos-martires.php
Malmequer - Infantário e Centro de Estudos,Fornos,marco-de-canaveses,,,,,,,https://www.primeiraimagem.com/malmequer-infantario-e-centro-de-estudos.php
C. S. P. da Vila de Alpendurada,Alpendurada e Matos,marco-de-canaveses,,,,,,,https://www.primeiraimagem.com/centro-social-e-paroquial-da-vila-de-alpendurada.php
Colégio S. Vicente,São Vicente,braga,,,,,,,https://www.primeiraimagem.com/colegio-s-vicente.php
C. S. P. de S. Romão de Carvalhosa,Carvalhosa,marco-de-canaveses,,,,,,,https://www.primeiraimagem.com/centro-social-e-paroquial-de-s-romao-de-carvalhosa.php
Creche ACD,Vila Boa do Bispo,marco-de-canaveses,,,,,,,https://www.primeiraimagem.com/creche-acd.php
C.P.P. Creche Gente Miúda,Paderne,albufeira,,,,,,,https://www.primeiraimagem.com/creche-gente-miuda.php
Pequenos Índios - Colégio,S. Domingos de Benfica,lisboa,,,,,,,https://www.primeiraimagem.com/colegio-pequenos-indios.php
Pedrita - Infantário,Benfica,lisboa,,,,,,,https://www.primeiraimagem.com/infantario-pedrita.php
Patronato Cristo-Rei,Estrela,lisboa,,,,,,,https://www.primeiraimagem.com/patronato-cristo-rei.php
Park - International School,Restelo,lisboa,,,,,,,https://www.primeiraimagem.com/park-international-school-restelo.php
Quinta da Nascente - Creche,Gualtar,braga,,,,,,,https://www.primeiraimagem.com/quinta-da-nascente-creche.php
C. P. de Assistência Torre de Moncorvo,Torre de Moncorvo,torre-de-moncorvo,,,,,,,https://www.primeiraimagem.com/c-p-de-assistencia-torre-de-moncorvo.php
SFGP - Creche e J. Infância,Tomar,tomar,,,,,,,https://www.primeiraimagem.com/sfgp-creche-e-j-infancia.php
J. Escola João de Deus - Tomar 2,Tomar,tomar,,,,,,,https://www.primeiraimagem.com/j-escola-joao-de-deus-tomar-2.php
J. Escola João de Deus - Tomar 1,Tomar,tomar,,,,,,,https://www.primeiraimagem.com/j-escola-joao-de-deus-tomar-1.php
AIPICA - Mini Creche O Futuro,Cova da Piedade,almada,,,,,,,https://www.primeiraimagem.com/mini-creche-o-futuro.php
CIRE - Creche,Sta. Maria dos Olivais,tomar,,,,,,,https://www.primeiraimagem.com/cire-creche.php
Centro Assistência Social de Tomar,Tomar,tomar,,,,,,,https://www.primeiraimagem.com/centro-assistencia-social-de-tomar.php
Academia de Sonhos,Tomar,tomar,,,,,,,https://www.primeiraimagem.com/academia-de-sonhos.php
A Quinta dos Encantos - Infantário,Tomar,tomar,,,,,,,https://www.primeiraimagem.com/a-quinta-dos-encantos-infantario.php
Creche Traquilândia - C.S.P.V.V.,Vilar da Veiga,terras-de-bouro,,,,,,,https://www.primeiraimagem.com/creche-traquilandia.php
Centro Solid. Soc. Valdozende,Valdosende,terras-de-bouro,,,,,,,https://www.primeiraimagem.com/centro-de-solidariedade-social-de-valdozende.php
Externato Modelo,Águas Livres,amadora,,,,,,,https://www.primeiraimagem.com/externato-modelo.php
Creche Santa Maria - CSCP,Peniche,peniche,,,,,,,https://www.primeiraimagem.com/creche-santa-maria-cscp.php
C.P.B.E.S. Atouguia da Baleia,Atouguia da Baleia,peniche,,,,,,,https://www.primeiraimagem.com/centro-paroquial-de-bem-estar-social-de-atouguia-da-baleia.php
Casa da Criança do Rogil - Odeceixe,Odeceixe,aljezur,,,,,,,https://www.primeiraimagem.com/casa-da-crianca-do-rogil-odeceixe.php
Ass. Jardim Infantil de Ferrel,Ferrel,peniche,,,,,,,https://www.primeiraimagem.com/associacao-jardim-infantil-de-ferrel.php
SCMC - Creche Os Pequenos Poetas,Constância,constancia,,,,,,,https://www.primeiraimagem.com/creche-os-pequenos-poetas.php
SCMP - Casa da Criança,Penela,penela,,,,,,,https://www.primeiraimagem.com/santa-casa-da-misericordia-de-penela.php
Traquinas - Creche,Milhundos,penafiel,,,,,,,https://www.primeiraimagem.com/traquinas-creche.php
Coala - Jardim Infantil,Sobreda,almada,,,,,,,https://www.primeiraimagem.com/jardim-infantil-coala.php
S. Vicente - Creche e Jardim de Infância,Penafiel,penafiel,,,,,,,https://www.primeiraimagem.com/sao-vicente-creche-e-jardim-de-infancia.php
Jardim Escola João de Deus - Centro Infantil 2,São João de Brito,lisboa,,,,,,,https://www.primeiraimagem.com/jardim-escola-joao-de-deus-centro-infantil-2.php
Creche Municipal de Santa Marta,Penafiel,penafiel,,,,,,,https://www.primeiraimagem.com/creche-municipal-de-santa-marta.php
O Escorrega - AMBL,São Sebastião,setubal,,,,,,,https://www.primeiraimagem.com/o-escorrega-infantario.php
Creche Municipal de Paço de Sousa,Paço de Sousa,penafiel,,,,,,,https://www.primeiraimagem.com/creche-municipal-de-paco-de-sousa.php
Creche Imaculado Coração de Maria de Irivo,Irivo,penafiel,,,,,,,https://www.primeiraimagem.com/creche-imaculado-coracao-de-maria-de-irivo.php
Externato Tim Tim,Feijó,almada,,,,,,,https://www.primeiraimagem.com/externato-tim-tim.php
Scholé,Matosinhos,matosinhos,,,,,,,https://www.primeiraimagem.com/schole.php
C. S. P. Gafanha da Encarnação,Gafanha da Encarnação,ilhavo,,,,,,,https://www.primeiraimagem.com/centro-social-paroquial-da-gafanha-da-encarnacao.php
Creche Municipal de Eiriz,Eiriz,pacos-de-ferreira,,,,,,,https://www.primeiraimagem.com/creche-municipal-de-eiriz.php
Creche Margarida Brandão SCMC,Sto. António dos Olivais,coimbra,,,,,,,https://www.primeiraimagem.com/creche-margarida-brandao.php
Colégio O Pica-Pau Amarelo,Caldas da Rainha,caldas-da-rainha,,,,,,,https://www.primeiraimagem.com/colegio-o-pica-pau-amarelo.php
J. Infância “A Nuvem” - CPNSA,Nª. Sra. Anunciada,setubal,,,,,,,https://www.primeiraimagem.com/jardim-de-infancia-a-nuvem.php
Santa Estefânia - Creche Mais,Oliveira,guimaraes,,,,,,,https://www.primeiraimagem.com/lar-santa-estefania-creche-mais.php
S.C.M. Aljubarrota,Aljubarrota,alcobaca,,,,,,,https://www.primeiraimagem.com/santa-casa-da-misericordia-de-aljubarrota.php
Assoc. Benef. Cult. - Bustos,Bustos,oliveira-do-bairro,,,,,,,https://www.primeiraimagem.com/associacao-de-beneficencia-e-cultura-bustos.php
Fundação Vieira Gomes,Real,braga,,,,,,,https://www.primeiraimagem.com/fundacao-vieira-gomes.php
Escolinha do Campo - Colégio,Azeitão,setubal,,,,,,,https://www.primeiraimagem.com/colegio-escolinha-do-campo.php
Creche de Lamaçães,Lamaçães,braga,,,,,,,https://www.primeiraimagem.com/creche-de-lamacaes.php
Escolinha da Quinta - Creche e Jardim de Infância,Pontes,setubal,,,,,,,https://www.primeiraimagem.com/escolinha-da-quinta.php
S. C. M. Sever do Vouga,Sever do Vouga,sever-do-vouga,,,,,,,https://www.primeiraimagem.com/santa-casa-da-misericordia-de-sever-do-vouga.php
C. Social de Travanca de Lagos,Travanca de Lagos,oliveira-do-hospital,,,,,,,https://www.primeiraimagem.com/centro-social-de-travanca-de-lagos.php
C. S. S. C. D. Somelos,Ronfe,guimaraes,,,,,,,https://www.primeiraimagem.com/centro-de-solidariedade-social-cultura-e-desporto-somelos.php
C. S. Cortegacense,Cortegaça,ovar,,,,,,,https://www.primeiraimagem.com/centro-social-cortegacense-olivia-e-florindo-cantinho.php
AIPICA - Jardim de Infância do Pombal,Almada,almada,,,,,,,https://www.primeiraimagem.com/jardim-de-infancia-do-pombal.php
Externato Nossa Senhora da Paz,Mina de Água,amadora,,,,,,,https://www.primeiraimagem.com/externato-nossa-senhora-da-paz.php
O Vale dos Pintassilgos - Colégio,São Sebastião,setubal,,,,,,,https://www.primeiraimagem.com/colegio-o-vale-dos-pintassilgos.php
Creche da Sagrada Família - CSP Vila Nova Caparica,Caparica,almada,,,,,,,https://www.primeiraimagem.com/creche-da-sagrada-familia.php
Fundação Bomfim - Colégio,Sé,braga,,,,,,,https://www.primeiraimagem.com/fundacao-bomfim-colegio.php
Patronato S. Pedro  de Maximinos,Maximinos,braga,,,,,,,https://www.primeiraimagem.com/patronato-s-pedro-de-maximinos.php
Quintarola II - Creche e J. Infância,São João da Talha,loures,,,,,,,https://www.primeiraimagem.com/quintarola-ii-creche-e-jardim-de-infancia.php
Fundação Válega,Válega,ovar,,,,,,,https://www.primeiraimagem.com/fundacao-valega.php
CASLAS - C. Infantil da Luz,Luz,lagos,,,,,,,https://www.primeiraimagem.com/centro-infantil-da-luz.php
Cubo Mágico - CASP,Porches,lagoa,,,,,,,https://www.primeiraimagem.com/cubo-magico-porches.php
SCM Riba de Ave - C. Inf. Pevidém,Selho,guimaraes,,,,,,,https://www.primeiraimagem.com/centro-infantil-de-pevidem.php
Eurythmia - Colégio,Foz do Douro,porto,,,,,,,https://www.primeiraimagem.com/colegio-eurythmia.php
Casa do Povo de Azeitão,Azeitão,setubal,,,,,,,https://www.primeiraimagem.com/casa-do-povo-de-azeitao.php
Creche Popular do Monte de Caparica,Monte da Caparica,almada,,,,,,,https://www.primeiraimagem.com/creche-popular-do-monte-de-caparica.php
Centro Comunitário do Laranjeiro/Feijó,Feijó,almada,,,,,,,https://www.primeiraimagem.com/centro-comunitario-do-laranjeiro-feijo.php
CASCI - Centro de Infância da Barra,Gafanha da Nazaré,ilhavo,,,,,,,https://www.primeiraimagem.com/casci-centro-de-infancia-da-barra.php
C.S.P. Padre Ricardo Gameiro - Regaço Materno,Laranjeiro,almada,,,,,,,https://www.primeiraimagem.com/equipamento-centro-comunitario-cova-da-piedade.php
AIPICA - Creche e J. Infância Cubo Mágico,Charneca da Caparica,almada,,,,,,,https://www.primeiraimagem.com/creche-e-jardim-de-infancia-cubo-magico.php
O Ninho - IPSS O Sonho,São Sebastião,setubal,,,,,,,https://www.primeiraimagem.com/o-ninho-ipss-o-sonho.php
C. Soc. Paroquial de Seixo da Beira,Seixo da Beira,oliveira-do-hospital,,,,,,,https://www.primeiraimagem.com/centro-social-e-paroquial-de-seixo-da-beira.php
C. Infantil da Lagoa - Pré-escolar,Ílhavo,ilhavo,,,,,,,https://www.primeiraimagem.com/pre-escolar-do-centro-infantil-da-lagoa.php
Vale Flor - IPSS O Sonho,São Sebastião,setubal,,,,,,,https://www.primeiraimagem.com/vale-flor-ipss-o-sonho.php
Infantário dos Piratas - CTCMA,Albufeira,albufeira,,,,,,,https://www.primeiraimagem.com/infantario-dos-piratas.php
Lápis e Cor - Creche AHAMA,Albergaria-a-Velha,albergaria-a-velha,,,,,,,https://www.primeiraimagem.com/lapis-e-cor-creche.php
SCMB - Centro Infantil da Coxa,Sé,braganca,,,,,,,https://www.primeiraimagem.com/scmb-centro-infantil-da-coxa .php
Creche Meio Palmo II - APAJE,Fátima,ourem,,,,,,,https://www.primeiraimagem.com/creche-meio-palmo-iI-apaje.php
C. Soc. Padre José Kentenich,Gafanha da Nazaré,ilhavo,,,,,,,https://www.primeiraimagem.com/centro-social-padre-jose-kentenich.php
A Turma dos Traquinas,Ferreiras,albufeira,,,,,,,https://www.primeiraimagem.com/a-turma-dos-traquinas.php
The Sailors - S. Vitor,São Victor,braga,,,,,,,https://www.primeiraimagem.com/the-sailors-s-vitor.php
Centro Social Paroquial de Almada,Almada,almada,,,,,,,https://www.primeiraimagem.com/centro-social-paroquial-de-almada.php
Patronato de S. Sebastião,S. Sebastião,guimaraes,,,,,,,https://www.primeiraimagem.com/patronato-de-s-sebastiao.php
Centro Social Vila Nova de Sande,Sande,guimaraes,,,,,,,https://www.primeiraimagem.com/centro-social-vila-nova-de-sande.php
Mundo da Criança,Torres Vedras,torres-vedras,,,,,,,https://www.primeiraimagem.com/mundo-da-crianca.php
Creche J. Inf. Albano Coelho Lima,Selho,guimaraes,,,,,,,https://www.primeiraimagem.com/creche-e-jardim-infantil-slbano-coelho-lima.php
Creche N.ª Senhora da Ajuda,Ramalhal,torres-vedras,,,,,,,https://www.primeiraimagem.com/creche-n-senhora-da-ajuda.php
O Remendinho - Colégio,São Simão,setubal,,,,,,,https://www.primeiraimagem.com/colegio-o-remendinho.php
SCMA - Creche Rainha Santa,Alvor,portimao,,,,,,,https://www.primeiraimagem.com/creche-rainha-santa.php
C. B. E. Infantil e Juvenil do Coração de Jesus,Paranhos,porto,,,,,,,https://www.primeiraimagem.com/centro-de-bem-estar-infantil-e-juvenil-do-coracao-de-jesus.php
GRATO - Creche Jardim do Sol,Portimáo,portimao,,,,,,,https://www.primeiraimagem.com/creche-jardim-do-sol.php
Mais Polvoreira - Creche,Polvoreira,guimaraes,,,,,,,https://www.primeiraimagem.com/mais-polvoreira-creche.php
Colégio Os Amiguinhos,Portimão,portimao,,,,,,,https://www.primeiraimagem.com/colegio-os-amiguinhos.php
Colégio A Flor,Portimão,portimao,,,,,,,https://www.primeiraimagem.com/colegio-a-flor.php
Azul Bebé - Creche,Portimão,portimao,,,,,,,https://www.primeiraimagem.com/azul-bebe-creche.php
S.C.M.P. - Casa da Criança,Pombal,pombal,,,,,,,https://www.primeiraimagem.com/casa-da-crianca_pombal.php
O Pedrinho - C. S. S. Pedro,Albergaria dos Doze,pombal,,,,,,,https://www.primeiraimagem.com/o-pedrinho-centro-social-de-s-pedro.php
Jardim Escola Primeiro Degrau,Pombal,pombal,,,,,,,https://www.primeiraimagem.com/jardim-escola-primeiro-degrau.php
Casa da Criança do Valinho,Fátima,ourem,,,,,,,https://www.primeiraimagem.com/casa-da-crianca-do-valinho.php
Santa Casa da Misericórdia da Maia (Santa Luzia),Moreira,maia,,,,,,,https://www.primeiraimagem.com/santa-casa-da-misericordia-da-maia-santa-luzia.php
Santa Casa da Misericórdia da Maia (Nogueira),Nogueira,maia,,,,,,,https://www.primeiraimagem.com/santa-casa-da-misericordia-da-maia-nogueira.php
Santa Casa da Misericórdia da Maia (Guarda),Moreira,maia,,,,,,,https://www.primeiraimagem.com/santa-casa-da-misericordia-da-maia-guarda.php
Santa Casa da Misericórdia da Maia (Folgosa),Folgosa,maia,,,,,,,https://www.primeiraimagem.com/santa-casa-da-misericordia-da-maia-folgosa.php
O Cogumelo - Cáritas Setúbal,São Sebastião,setubal,,,,,,,https://www.primeiraimagem.com/o-cogumelo-creche-e-jardim-de-infancia.php
Santa Casa da Misericórdia da Maia (Catassol),Gueifães,maia,,,,,,,https://www.primeiraimagem.com/santa-casa-da-misericordia-da-maia-catassol.php
NucliSol - Galinheiras,Santa Clara,lisboa,,,,,,,https://www.primeiraimagem.com/nuclisol-jean-piaget-galinheiras.php
NucliSol - Bairro dos Loios,Marvila,lisboa,,,,,,,https://www.primeiraimagem.com/nuclisol-jean-piaget-bairro-dos-loios.php
NucliSol - Bairro do Armador,Marvila,lisboa,,,,,,,https://www.primeiraimagem.com/nuclisol-jean-piaget-bairro-do-armador.php
O Amanhã da Criança,Pedrouços,maia,,,,,,,https://www.primeiraimagem.com/o-amanha-da-crianca.php
Abrigo Familiar Casa S. José,Mira de Aire,porto-de-mos,,,,,,,https://www.primeiraimagem.com/abrigo-familiar-casa-de-s-jose.php
Maria Catita - Creche,S. Domingos de Benfica,lisboa,,,,,,,https://www.primeiraimagem.com/creche-maria-catita.php
Lua Crescente - Creche e J. Infância,Santa Maria dos Olivais,lisboa,,,,,,,https://www.primeiraimagem.com/lua-crescente.php
A Minha Janela - Instit. Seg. Social,Cedofeita,porto,,,,,,,https://www.primeiraimagem.com/a-minha-janela-instituto-da-seguranca-social.php
C. Melhoramentos de Corticeiro de Cima,Corticeiro de Cima,cantanhede,,,,,,,https://www.primeiraimagem.com/comissao-de-melhoramentos-de-corticeiro-de-cima.php
Centro Social de Bodiosa,Bodiosa,viseu,,,,,,,https://www.primeiraimagem.com/centro-social-de-bodiosa.php
Colégio de Nossa Sra. Esperança,Santo Ildefonso,porto,,,,,,,https://www.primeiraimagem.com/colegio-de-nossa-senhora-da-esperanca.php
C. S. Pe. Manuel Joaquim de Sousa,Caldelas,guimaraes,,,,,,,https://www.primeiraimagem.com/centro-social-padre-manuel-joaquim-de-sousa.php
C. S. P. Sta. Eulália de Vale Maior,Valmaior,albergaria-a-velha,,,,,,,https://www.primeiraimagem.com/centro-social-paroquial-de-santa-eulalia-de-vale-maior.php
SCMB - Centro Infantil S. João de Deus,Sé,braganca,,,,,,,https://www.primeiraimagem.com/scmb-centro-infantil-s-joao-de-deus .php
AIPICA - Creche e J. Infância 25 Abril,Almada,almada,,,,,,,https://www.primeiraimagem.com/creche-e-jardim-de-infancia-25-abril.php
J. Infância “O Aquário” - CPNSA,São Julião,setubal,,,,,,,https://www.primeiraimagem.com/jardim-de-infancia-o-aquario.php
Creche Santa Maria - AMPB,Santa Maria da Graça,setubal,,,,,,,https://www.primeiraimagem.com/creche-santa-maria .php
S.C.M. Ovar,Ovar,ovar,,,,,,,https://www.primeiraimagem.com/santa-casa-da-misericordia-de-ovar.php
Centro Social de Aldeia das Dez,Aldeia das Dez,oliveira-do-hospital,,,,,,,https://www.primeiraimagem.com/centro-social-de-aldeia-das-dez.php
Centro Bem Estar Social de Minde,Minde,alcanena,,,,,,,https://www.primeiraimagem.com/centro-de-bem-estar-social-de-minde.php
Cediara - Creche,Ribeira de Fráguas,albergaria-a-velha,,,,,,,https://www.primeiraimagem.com/cediara.php
Joaninha - IPSS O Sonho,São Sebastião,setubal,,,,,,,https://www.primeiraimagem.com/joaninha-ipss-o-sonho.php
Os Pirilampos - IPSS O Sonho,São Sebastião,setubal,,,,,,,https://www.primeiraimagem.com/os-pirilampos-ipss-o-sonho.php
C. S. P. Imaculado Coração de Maria,Alfragide,amadora,,,,,,,https://www.primeiraimagem.com/centro-social-paroquial-do-imaculado-coracao-de-maria.php
Centro Infantil Quinta Nova,São Sebastião,setubal,,,,,,,https://www.primeiraimagem.com/centro-infantil-quinta-nova.php
Costureirinhas de Cavernães - ASS,Cavernães,viseu,,,,,,,https://www.primeiraimagem.com/costureirinhas-de-cavernaes-ass.php
Creche O Moinho - CAIF,Ferragudo,lagoa,,,,,,,https://www.primeiraimagem.com/creche-o-moinho.php
Creche e Jardim Infância 1º de Maio,Laranjeiro,almada,,,,,,,https://www.primeiraimagem.com/creche-e-jardim-infancia-1-de-maio.php
Centro Comunitário dos Três Vales,Caparica,almada,,,,,,,https://www.primeiraimagem.com/centro-comunitario-dos-tres-vales.php
Colégio UmDóLiTá,Charneca de Caparica,almada,,,,,,,https://www.primeiraimagem.com/colegio-umdolita.php
C. Soc. Paroq. S. Vicente da Branca,Branca,albergaria-a-velha,,,,,,,https://www.primeiraimagem.com/centro-social-paroquial-s-vicente-da-branca.php
A Nossa Casa - Colégio,Esmoriz,ovar,,,,,,,https://www.primeiraimagem.com/colegio-a-nossa-casa.php
SCMA - Quinta dos Pardais,Albufeira,albufeira,,,,,,,https://www.primeiraimagem.com/centro-infantil-quinta-dos-pardais.php
Colégio de Santa Clara,Sé,braganca,,,,,,,https://www.primeiraimagem.com/colegio-de-santa-clara .php
S. C. M. Oliveira de Azeméis,Oliveira de Azeméis,oliveira-de-azemeis,,,,,,,https://www.primeiraimagem.com/santa-casa-da-misericordia-de-oliveira-de-azemeis.php
"C.S.P. Padre Ricardo Gameiro - Creche, J. Inf. Ramalha",Cova da Piedade,almada,,,,,,,https://www.primeiraimagem.com/equipamento-creche-e-jardim-de-infancia-da-ramalha.php
Obra Kolping Diocese de Bragança,Sé,braganca,,,,,,,https://www.primeiraimagem.com/obra-kolping-diocese-de-braganca .php
Creche S. João - CCTV,Torres Vedras,torres-vedras,,,,,,,https://www.primeiraimagem.com/creche-s-joao.php
PROBRANCA,Branca,albergaria-a-velha,,,,,,,https://www.primeiraimagem.com/probranca.php
C. Solidariedade da Imaculada Conceição,Cividade,braga,,,,,,,https://www.primeiraimagem.com/centro-de-solidariedade-da-imaculada-conceicao.php
O Sonho dos Pestinhas - Jardim Infantil,Odivelas,odivelas,,,,,,,https://www.primeiraimagem.com/o-sonho-dos-pestinhas.php
Fundação Aurélio Amaro Diniz (2),Lageosa,oliveira-do-hospital,,,,,,,https://www.primeiraimagem.com/fundacao-aurelio-amaro-diniz-2.php
O Baloiço - Creche,Venteira,amadora,,,,,,,https://www.primeiraimagem.com/creche-o-baloico.php
O Moinho da Juventude - J. Infância,Águas Livres,amadora,,,,,,,https://www.primeiraimagem.com/jardim-de-infancia-da-associacao-cultural-o-moinho-da-juventude.php
Santa Casa da Misericórdia da Maia (Pedrouços),Pedrouços,maia,,,,,,,https://www.primeiraimagem.com/santa-casa-da-misericordia-da-maia-pedroucos.php
Santa Casa da Misericórdia da Maia (Gondim),Gondim,maia,,,,,,,https://www.primeiraimagem.com/santa-casa-da-misericordia-da-maia-gondim.php
NucliSol - Lumiar,Lumiar,lisboa,,,,,,,https://www.primeiraimagem.com/nuclisol-jean-piaget-lumiar.php
NucliSol - Bairro do Condado,Marvila,lisboa,,,,,,,https://www.primeiraimagem.com/nuclisol-jean-piaget-bairro-do-condado.php
Mimá - Externato,Charneca,lisboa,,,,,,,https://www.primeiraimagem.com/externato-mima.php
Kidspot - Creche,Santa Clara,lisboa,,,,,,,https://www.primeiraimagem.com/kidspot-creche.php
Os Amendoinhas - Creche,Albufeira,albufeira,,,,,,,https://www.primeiraimagem.com/creche-os-amendoinhas.php
O Baloiço - Jardim de Infância,São Sebastião,setubal,,,,,,,https://www.primeiraimagem.com/o-baloico-jardim-de-infancia.php
C.S.P. Padre Ricardo Gameiro - O Berço,Cova da Piedade,almada,,,,,,,https://www.primeiraimagem.com/o-berco-equipamento-bairro-n-sra-da-piedade.php
Colégio Pátio da Brincadeira,Almada,almada,,,,,,,https://www.primeiraimagem.com/colegio-patio-da-brincadeira.php
O Búzio - Centro Infantil,Albufeira,albufeira,,,,,,,https://www.primeiraimagem.com/centro-infantil-o-buzio.php
CVP - C. Infantil de Moncarapacho,Moncarapacho,olhao,,,,,,,https://www.primeiraimagem.com/centro-infantil-de-moncarapacho.php
C.P.P. Creche S. José,Ferreiras,albufeira,,,,,,,https://www.primeiraimagem.com/creche-s-jose-albufeira.php
Centro Social do Espírito Santo,Nª Sr.ª Misericórdias,ourem,,,,,,,https://www.primeiraimagem.com/centro-social-do-espirito-santo.php
Centro Paroquial de Estômbar,Estômbar,lagoa,,,,,,,https://www.primeiraimagem.com/centro-paroquial-de-estombar.php
Bem Me Quer - Colégio,Charneca de Caparica,almada,,,,,,,https://www.primeiraimagem.com/colegio-bem-me-quer.php
SCMP - Complexo Social Coca Maravilhas,Portimão,portimao,,,,,,,https://www.primeiraimagem.com/complexo-social-coca-maravilhas.php
Centro Social S. Lourenço de Selho,Selho,guimaraes,,,,,,,https://www.primeiraimagem.com/centro-social-de-s-lourenco-de-selho.php
Colégio Ti-Té,Alvor,portimao,,,,,,,https://www.primeiraimagem.com/colegio-ti-te.php
C. Paroquial da Mexilhoeira Grande,Mexilhoeira Grande,portimao,,,,,,,https://www.primeiraimagem.com/centro-paroquial-da-mexilhoeira-grande.php
Centro S. C. D. Sande S. Clemente,Sande,guimaraes,,,,,,,https://www.primeiraimagem.com/centro-socio-cultural-e-desportivo-de-sande-s-clemente.php
C. Soc. Cabeceiras de Basto,Refojos de Basto,cabeceiras-de-basto,,,,,,,https://www.primeiraimagem.com/centro-social-de-cabeceiras-de-basto.php
O Sobreirinho - ASSMTC,Pombal,pombal,,,,,,,https://www.primeiraimagem.com/o-sobreirinho.php
Externato A Falinha,Pombal,pombal,,,,,,,https://www.primeiraimagem.com/externato-a-falinha.php
Santa Casa da Misericórdia da Maia (Milheirós),Milheirós,maia,,,,,,,https://www.primeiraimagem.com/santa-casa-da-misericordia-da-maia-milheiros.php
O Lar da Criança - Externato,Lapa,lisboa,,,,,,,https://www.primeiraimagem.com/externato-o-lar-da-crianca.php
NucliSol - Campo de Ourique,Campo de Ourique,lisboa,,,,,,,https://www.primeiraimagem.com/nuclisol-jean-piaget-campo-de-ourique.php
NHC - Creche José Mateus,Olivais,lisboa,,,,,,,https://www.primeiraimagem.com/nhc-creche-jose-mateus.php
O Pimpão - Associação Jardim Escola,Tavira,tavira,,,,,,,https://www.primeiraimagem.com/associacao-jardim-escola-infantario-de-tavira-o-pimpao.php
Lycée Français Charles Lepiérre,Campolide,lisboa,,,,,,,https://www.primeiraimagem.com/lycee-francais-charles-lepierre.php
