nome,localidade,concelho,morada,codigo_postal,cidade,telefone,email,website,match_score,matched_cs_name,url
C. Soc. Interparoquial de Abrantes,Abrantes,abrantes,"Centro Social Interparoquial de Abrantes Rua Cidade de Parthenay, 414",2200 - 238,Abrantes,241 331 650,,,77,CENTRO SOCIAL PAROQUIAL DE AREOSA,https://www.primeiraimagem.com/centro-social-interparoquial-de-abrantes.php
Creche Municipal de Figueiró,Figueiró,pacos-de-ferreira,"Rua do Centro Escolar de Figueiró, 26",4590 - 239,Figueiró,255 860 700,,http://www.colegiomarcadagua.edu.pt,38,EQUIP. SOC. OBRA SOCIAL CULTURAL SÍLVIA CARDOSO,https://www.primeiraimagem.com/creche-municipal-de-figueiro.php
SCMAP - Gaivota,Armação de Pêra,silves,"Gaivota - Creche, Jardim de Infância e ATL Santa Casa da Misericórdia de Armação de Pêra Urbanização das Amendoeiras",8365 - 110,Armação de Pêra,282 313 151,,,45,DSA - ESCOLA ALEMÃ DO ALGARVE,https://www.primeiraimagem.com/gaivota-creche-jardim-de-infancia-e-atl.php
C. Soc. Paroq. Nª Srª da Oliveira,Tramagal,abrantes,"Centro Social Paroquial Nossa Senhora da Oliveira R. Nossa Senhora da Oliveira, 168",2205 - 679,Tramagal,241 897 409,,,70,CENTRO SOCIAL Nª SRª DA PAZ,https://www.primeiraimagem.com/centro-social-paroquial-nossa-senhora-da-oliveira.php
Creche Municipal de Ferreira,Ferreira,pacos-de-ferreira,"Rua de Samonde, 141",4590 - 769,Ferreira,255 860 700,,http://www.colegiomarcadagua.edu.pt,41,EQUIP. SOC. OBRA SOCIAL CULTURAL SÍLVIA CARDOSO,https://www.primeiraimagem.com/creche-municipal-de-ferreira.php
Creche Municipal de Frazão,Frazão,pacos-de-ferreira,"Praceta do Centro Escolar de Frazão, 15",4595 - 190,Frazão,255 860 700,,http://www.colegiomarcadagua.edu.pt,42,EQUIP. SOC. OBRA SOCIAL CULTURAL SÍLVIA CARDOSO,https://www.primeiraimagem.com/creche-municipal-de-frazao.php
Creche Municipal de Freamunde,Freamunde,pacos-de-ferreira,"Rua do Centro Escolar de Freamunde, 39",4590 - 401,Freamunde,255 860 700,,http://www.colegiomarcadagua.edu.pt,38,EQUIP. SOC. OBRA SOCIAL CULTURAL SÍLVIA CARDOSO,https://www.primeiraimagem.com/creche-municipal-de-freamunde.php
C. Soc. Paroq. Vale das Mós,Vale da Mós,abrantes,"Centro Social Paroquial de Vale das Mós Rua da Igreja, 3",2205 - 808,Vale das Mós,241 732 228,,,67,JARDIM INFANCIA DO CENTRO SOCIAL PAROQUIAL DE VALE DAS MÓS,https://www.primeiraimagem.com/centro-social-paroquial-de-vale-das-mos.php
Creche Municipal de Lamoso,Lamoso,pacos-de-ferreira,"Praceta do Centro Escolar de Lamoso, 17",4590 - 419,Lamoso,255 860 700,,http://www.colegiomarcadagua.edu.pt,42,EQUIP. SOC. OBRA SOCIAL CULTURAL SÍLVIA CARDOSO,https://www.primeiraimagem.com/creche-municipal-de-lamoso.php
Creche Municipal de Meixomil,Meixomil,pacos-de-ferreira,"Avenida Amadeu Ferreira, 137",4595 - 276,Meixomil,255 860 700,,http://www.colegiomarcadagua.edu.pt,38,EQUIP. SOC. OBRA SOCIAL CULTURAL SÍLVIA CARDOSO,https://www.primeiraimagem.com/creche-municipal-de-meixomil.php
Creche Municipal de Paços de Ferreira,Paços de Ferreira,pacos-de-ferreira,"Rua do Mosteiro de Ferreira, 160",4590 - 601,Paços de Ferreira,255 860 700,,http://www.colegiomarcadagua.edu.pt,41,EQUIP. SOC. OBRA SOCIAL CULTURAL SÍLVIA CARDOSO,https://www.primeiraimagem.com/creche-municipal-de-pacos-de-ferreira.php
S. C. M. Esposende,Esposende,esposende,"Santa Casa da Misericórdia de Esposende Rua Narciso Ferreira, 15",4740 - 281,Esposende,253 962 201,,,75,ESPOSENDE SOLIDARIO - ASSOCIAÇÃO CONCELHIA DESENVOLVIMENTO INTEGRADO,https://www.primeiraimagem.com/santa-casa-da-misericordia-de-esposende.php
Gira Sol – Ass. Desenv. de Febres,Febres,cantanhede,"Associação de Desenvolvimento de Febres R. Prof. Dr. Fernando Serra de Oliveira, 38",3061 - 918,Febres,231 469 335,,,78,GIRA SOL- ASSOCIAÇÃO DE DESENVOLVIMENTO DE FEBRES,https://www.primeiraimagem.com/gira-sol.php
S. C. M. Esposende - Pólo 2,Esposende,esposende,Santa Casa da Misericórdia de Esposende Largo Dr. Fonseca Lima,4740 - 216,Esposende,253 962 201,,,62,"ESCOLA BÁSICA DE FÃO, ESPOSENDE",https://www.primeiraimagem.com/santa-casa-da-misericordia-de-esposende-polo-2.php
Creche Municipal de Penamaior,Penamaior,pacos-de-ferreira,"Rua do Parque, 222",4595 - 298,Penamaior,255 860 700,,http://www.colegiomarcadagua.edu.pt,34,ENCOSTA DOS SONHOS,https://www.primeiraimagem.com/creche-municipal-de-penamaior.php
Abarca- ABRCA,Barrô,agueda,"Assoc. Barroense Recreio Cultura e Assistência Rua do Pavilhão Desportivo, 1",3754 - 001,Barrô,234 601 962,,https://www.colegiosantaeulalia.pt/,67,ABARCA- ASSOCIAÇÃO BARROENSE DE RECREIO CULTURA E ASSISTÊNCIA,https://www.primeiraimagem.com/abarca.php
Creche Municipal Seroa,Seroa,pacos-de-ferreira,"Rua Alto dos Matos, 126",4595 - 424,Seroa,255 860 700,,http://www.colegiomarcadagua.edu.pt,39,EQUIP. SOC. OBRA SOCIAL CULTURAL SÍLVIA CARDOSO,https://www.primeiraimagem.com/creche-municipal-de-seroa.php
ARCOR,Óis da Ribeira,agueda,"Associação Recreativa e Cultural de Óis da Ribeira Largo do Centro Social, 50",3750 - 650,Óis da Ribeira,234 629 818,,https://www.colegiosantaeulalia.pt/,62,A ÁRVORE,https://www.primeiraimagem.com/arcor.php
S. C. M. Fão,Fão,esposende,Santa Casa da Misericórdia de Fão Loteamento Santa Bárbara,4740 - 352,Fão,253 982 379,,,71,C.S.S.C.M. - CENTRO SOCIAL SANTA CRISTINA DE MANSORES,https://www.primeiraimagem.com/santa-casa-da-misericordia-de-fao.php
Creche Municipal Sanfins,Sanfins,pacos-de-ferreira,"Rua dos Talhos, 97",4595 - 384,Sanfins,255 860 700,,http://www.colegiomarcadagua.edu.pt,38,ENCOSTA DOS SONHOS,https://www.primeiraimagem.com/creche-municipal-de-sanfins.php
C. P. Soc. Sta. Marinha de Avanca,Avanca,estarreja,"Centro Paroquial Social Santa Marinha de Avanca Largo da Igreja, 79",3860 - 133,Avanca,234 884 902,,https://www.colegiosantaeulalia.pt/,74,CENTRO PAROQUIAL E SOCIAL DE SANTA MARINHA DE AVANCA,https://www.primeiraimagem.com/centro-paroquial-social-santa-marinha-de-avanca.php
C. S. P. São Miguel de Fermelã,Fermelã,estarreja,"Centro Social Paroquial S. Miguel de Fermelã Rua do Lameiro, 5",3865 - 138,Fermelã,234 914 557,,https://www.colegiosantaeulalia.pt/,70,ESCOLA BÁSICA DE SÃO MIGUEL,https://www.primeiraimagem.com/centro-social-paroquial-s-miguel-de-fermela.php
Figueiró - Centro Social e Paroquial,Figueiró,pacos-de-ferreira,"Centro Social e Paroquial de  Figueiró Praceta do Centro Social, nº 5",4590 - 276,Paços Ferreira,255 893 199,,http://www.colegiomarcadagua.edu.pt,48,EQUIP. SOC. OBRA SOCIAL CULTURAL SÍLVIA CARDOSO,https://www.primeiraimagem.com/centro-social-e-paroquial-de-figueiro.php
C. Paroq. Assistência de Pardilhó,Pardilhó,estarreja,"Centro Paroquial de Assistência de Pardilhó Rua do Salgueiro, 3",3860 - 513,Pardilhó,234 851 566,,https://www.colegiosantaeulalia.pt/,74,CENTRO DE ASSISTÊNCIA PAROQUIAL DE CARVIDE,https://www.primeiraimagem.com/centro-paroquial-de-assistencia-de-pardilho.php
Marca d‘Água - Colégio,Frazão,pacos-de-ferreira,"Logotipo Colégio Marca d‘Água Rua das Escolas de Moinhos, nº 35",4595 - 158,Frazão,255 862 054,colegiomarcadagua@gmail.com?Subject=%A9%20Primeira%20Imagem,http://www.colegiomarcadagua.edu.pt,34,EQUIP. SOC. OBRA SOCIAL CULTURAL SÍLVIA CARDOSO,https://www.primeiraimagem.com/colegio-marca-d-agua.php
Misericórdia - Obra da Figueira,Buarcos,figueira-da-foz,Largo Silva Soares,3080 - 144,Figueira da Foz,233 407 750,,,70,INFANTÁRIO DA MISERICÓRDIA DA MURTOSA,https://www.primeiraimagem.com/misericordia-obra-da-figueira.php
Assoc. Reformados Freg. Terrugem,Terrugem,sintra,"Associação de Reformados da Freguesia da Terrugem Estrada de A-Do-Pipo, 9 e 11",2705 - 831,Terrugem,219 617 279,,http://www.infantario-popular-sintra.com,78,EQUIP SOC DA ASSOCIAÇÃO DE REFORMADOS DA FREGUESIA DE TERRUGEM,https://www.primeiraimagem.com/associacao-de-reformados-da-freguesia-da-terrugem.php
Penamaior - Centro Social da Paróquia,Penamaior,pacos-de-ferreira,"Centro Social da Paróquia de Penamaior Rua Presa do Monte, nº 113",4595 - 338,Penamaior,255 868 290,,http://www.colegiomarcadagua.edu.pt,50,EQUIP. SOC. OBRA SOCIAL CULTURAL SÍLVIA CARDOSO,https://www.primeiraimagem.com/centro-social-da-paroquia-de-penamaior.php
Sanfins de Ferreira - Centro Social Paroquial,Sanfins de Ferreira,pacos-de-ferreira,"Centro Social Paroquial de Sanfins de Ferreira Rua Emília Aranha, nº 17",4595 - 119,Sanfins,255 872 209,,http://www.colegiomarcadagua.edu.pt,50,EQUIP. SOC. OBRA SOCIAL CULTURAL SÍLVIA CARDOSO,https://www.primeiraimagem.com/centro-social-paroquial-de-sanfins-de-ferreira.php
C. Soc. Teixugueira - SCME,Beduído,estarreja,"Centro Social da Teixugueira Santa Casa da Misericórdia de Estarreja Rua da Misericórdia, 337",3860 - 337,Estarreja,234 844 264,,https://www.colegiosantaeulalia.pt/,72,CENTRO SOCIAL DA TEIXUGUEIRA,https://www.primeiraimagem.com/centro-social-da-teixugueira.php
Fund. Cónego Filipe Figueiredo,Beduído,estarreja,"Fundação Cónego Filipe de Figueiredo Rua Frei Brandão, 36",3860 - 304,Estarreja,234 848 287,,https://www.colegiosantaeulalia.pt/,60,COLÉGIO SÃO FILIPE,https://www.primeiraimagem.com/fundacao-conego-filipe-de-figueiredo.php
Savantes S-Kool,Ferreira,pacos-de-ferreira,"Rua de Samonde, 60 Ferreira",4590 - 764,Paços de Ferreira,910 597 903,,http://www.colegiomarcadagua.edu.pt,42,ENCOSTA DOS SONHOS,https://www.primeiraimagem.com/savantes-s-kool.php
Butterflies School,São Pedro de Penaferrim,sintra,"Alameda da Beloura, 1 Quinta da Beloura",2710 - 697,Linhó,937 656 633,,http://www.infantario-popular-sintra.com,57,LISBON MONTESSORI SCHOOL,https://www.primeiraimagem.com/butterflies-school.php
C. P. S. S. da Freguesia de Alvares,Alvares,gois,Centro Paroquial de Solidariedade Social da Freguesia de Alvares Cortes,3330 - 133,Alvares,235 580 000,,,52,ESCOLA BÁSICA DE GÓIS,https://www.primeiraimagem.com/centro-paroquial-de-solidariedade-social-da-freguesia-de-alvares.php
Ass. Cult. Recreat. Fornelos,Fornelos,fafe,Associação Cultural e Recreativa de Fornelos Rua da Quintã,4820 - 422,Fornelos,253 490 841,,,43,"ESCOLA BÁSICA DE SÃO JORGE, FAFE",https://www.primeiraimagem.com/associacao-cultural-e-recreativa-de-fornelos.php
C. Soc. Paroq. S. João das Lampas,S. João das Lampas,sintra,"Centro Social e Paroquial de São João das Lampas Avenida Central, nº 56",2705  - 737,S. João das Lampas,219 618 241,,http://www.infantario-popular-sintra.com,71,ESCOLA BÁSICA DE SÃO JOÃO DAS LAMPAS,https://www.primeiraimagem.com/centro-social-e-paroquial-de-sao-joao-das-lampas.php
A Cegonha - Centro Social de Palmela,Poceirão,palmela,Rua da Liberdade,2965 - 312,Poceirão,265 995 787,,http://www.colegioapalmeira.pt,47,ESCOLA BÁSICA JOAQUIM JOSÉ DE CARVALHO,https://www.primeiraimagem.com/a-cegonha-centro-social-de-palmela.php
Ass. Cult. Recreat. Travassós,Travassós,fafe,"Associação Cultural e Recreativa de Travassós Rua da Capela, 391",4820 - 811,Travassós,253 506 293,,,42,"ESCOLA BÁSICA DE SÃO JORGE, FAFE",https://www.primeiraimagem.com/associacao-cultural-e-recreativa-de-travassos.php
A Palmeira - Colégio,Pinhal Novo,palmela,Logotipo Colégio A Palmeira Rua 5 de Outubro Bairro do Pinheiro Grande,2955 - 042,Pinhal Novo,212 389 410,geral@colegioapalmeira.pt?Subject=%A9%20Primeira%20Imagem,http://www.colegioapalmeira.pt,67,COLÉGIO AIRES REAL,https://www.primeiraimagem.com/colegio-a-palmeira.php
ASSMR,Moreira do Rei,fafe,"Associação de Solidariedade Social de Moreira do Rei Av. Visconde Moreira do Rei, 1191 - r/c",4820 - 533,Fafe,938 055 239,,,22,"ESCOLA BÁSICA DE SÃO JORGE, FAFE",https://www.primeiraimagem.com/associacao-de-solidariedade-social-de-moreira-do-rei.php
C. Social Paroquial de Pinhal Novo,Pinhal Novo,palmela,"Centro Social Paroquial de Pinhal Novo Largo José Maria dos Santos, 14",2955 - 119,Pinhal Novo,212 362 570,,http://www.colegioapalmeira.pt,42,ESCOLA BÁSICA JOAQUIM JOSÉ DE CARVALHO,https://www.primeiraimagem.com/centro-social-paroquial-de-pinhal-novo.php
Cantinho dos Sonhos - Infantário,Pinhal Novo,palmela,Rua 1º de Maio Quinta Custódio Azenha Lagoa da Palha,2955 - 009,Pinhal Novo,216 052 086,,http://www.colegioapalmeira.pt,43,ST. PETERS INTERNATIONAL SCHOOL,https://www.primeiraimagem.com/cantinho-dos-sonhos-infantario.php
C. F.  Juventude de Arões,Arões,fafe,Centro para Formação da Juventude de Arões Rua do Assento,4820 - 000,S. Romão de Arões,253 590 523,,,48,"ESCOLA BÁSICA DE MONTELONGO, FAFE",https://www.primeiraimagem.com/centro-para-formacao-da-juventude-de-aroes.php
Centro Infantil de Golães,Golães,fafe,"Rua do Assento, 90",4820 - 460,Golães,253 494 390,,,49,"ESCOLA BÁSICA DE MONTELONGO, FAFE",https://www.primeiraimagem.com/centro-infantil-de-golaes.php
C.A.C. Major Valentim Loureiro - A.S.R.C.B.F. Vai Avante,S. Pedro da Cova,gondomar,Urb. Bairro Mineiro,4510 - 336,S. Pedro da Cova,962 014 002,,http://www.colegiopaulovi.com,70,ASS SOCIAL RECREATIVA E CULTURAL BEM-FAZER VAIAVANTE - CENTRO DE APOIO À COMUNIDADE MAJOR VALENTIM LOUREIRO,https://www.primeiraimagem.com/c-a-c-major-valentim-loureiro.php
Casa do Povo de Palmela,Poceirão,palmela,"Rua Henrique Franco da Silva, CCI -10915 Lagameças",2965 - 261,Poceirão,265 998 177,,http://www.colegioapalmeira.pt,49,ESCOLA BÁSICA JOAQUIM JOSÉ DE CARVALHO,https://www.primeiraimagem.com/casa-do-povo-de-palmela.php
Centro Social de Medelo,Medelo,fafe,Av. João Paulo II,4820 - 500,Medelo,253 503 326,,,56,COOPFAFE - COOPERATIVA DE SOLIDARIEDADE SOCIAL DE FAFE,https://www.primeiraimagem.com/centro-social-de-medelo.php
Centro Social da Quinta do Anjo,Quinta do Anjo,palmela,"Rua Venâncio da Costa Lima, 138",2950 - 701,Quinta do Anjo,212 880 548,,http://www.colegioapalmeira.pt,43,ESCOLA BÁSICA JOAQUIM JOSÉ DE CARVALHO,https://www.primeiraimagem.com/centro-social-da-quinta-do-anjo.php
Crescer no Campo - Colégio,Pinhal Novo,palmela,Colégio Crescer no Campo Rua do Caramelo Valdera,2955 - 293,Pinhal Novo,212 380 742,,http://www.colegioapalmeira.pt,62,COLÉGIO AIRES REAL,https://www.primeiraimagem.com/colegio-crescer-no-campo.php
Centro Social de Silvares,Silvares,fafe,"Centro Social da Paróquia de Silvares Rua do Assento, 132 Silvares S. Martinho",4820 - 701,Fafe,253 494 652,,,54,COOPFAFE - COOPERATIVA DE SOLIDARIEDADE SOCIAL DE FAFE,https://www.primeiraimagem.com/centro-social-da-paroquia-de-silvares.php
Fundação COI - Creche Vila Bela,Pinhal Novo,palmela,"Rua Manuel Veríssimo Silva, Lt 5/95",2955 - 050,Pinhal Novo,212 362 302,,http://www.colegioapalmeira.pt,43,COLÉGIO AIRES REAL,https://www.primeiraimagem.com/fundacao-coi-creche-vila-bela.php
Fundação COI - Pinhal Novo,Pinhal Novo,palmela,Av. Zeca Afonso,2955-220,Pinhal Novo,212 362 302,,http://www.colegioapalmeira.pt,38,COLÉGIO AIRES REAL,https://www.primeiraimagem.com/fundacao-coi-pinhal-novo.php
S. C. M. Fafe Inf.1,Fafe,fafe,"Santa Casa da Misericórdia de Fafe Infantário 1 Rua João XXIII, 29",4820 - 268,Fafe,253 599 876,,,56,INFANTÁRIO 1 SANTA CASA MISERICÓRDIA FAFE,https://www.primeiraimagem.com/santa-casa-da-misericordia-de-fafe.php
S. C. M. Fafe Inf.2,Fafe,fafe,"Santa Casa da Misericórdia de Fafe Infantário 2 Rua de Montenegro, 71",4820 - 280,Fafe,253 494 295,,,56,INFANTÁRIO 2 SANTA CASA MISERICÓRDIA FAFE,https://www.primeiraimagem.com/santa-casa-da-misericordia-de-fafe-2.php
O Mundo da Criança - Colégio,Pinhal Novo,palmela,"Colégio O Mundo da Criança Rua Lagoa da Palha Velha, Lt. 2/9",2955 - 015,Pinhal Novo,212 382 879,,http://www.colegioapalmeira.pt,56,COLÉGIO AIRES REAL,https://www.primeiraimagem.com/colegio-o-mundo-da-crianca.php
S. G. C. R. Martim de Freitas,Freitas,fafe,"Solidariedade – Grupo Cultural Recreativo Martim de Freitas R. Martins de Freitas, 339",4820 - 440,Fafe,253 506 474,,,47,JARDIM DE INFÂNCIA 1 DA SANTA CASA DA MISERICÓRDIA DE FAFE,https://www.primeiraimagem.com/solidariedade-grupo-cultural-recreativo-martim-de-freitas.php
CBESQ - Céu Azul,Queluz,sintra,"Infantário Céu Azul Centro de Bem Estar Social de Queluz R. Padre António Vieira, 8",2745 - 073,Queluz,214 342 819,,http://www.infantario-popular-sintra.com,73,"COMPLEXO DE APOIO À INFÂNCIA ""CÉU AZUL""",https://www.primeiraimagem.com/infantario-ceu-azul.php
Os Cenourinhas - USSCM,Marateca,palmela,"União Social Sol Crescente da Marateca Rua Alberto Valente, 9",2965 - 557,Águas de Moura,265 912 078,,http://www.colegioapalmeira.pt,40,ST. PETERS INTERNATIONAL SCHOOL,https://www.primeiraimagem.com/os-cenourinhas.php
Associação Bem Me Quer,Delães,famalicao,"Avenida da Cerqueda, 191",4765 - 607,Delães,252 931 524,,,40,"ESCOLA BÁSICA DE FAMALICÃO, NAZARÉ",https://www.primeiraimagem.com/associacao-bem-me-quer.php
Sementes Celestes – Jardim de Infância,Pinhal Novo,palmela,"R. Manuel Maria Barbosa du Bocage, 45",2955 - 207,Pinhal Novo,966 449 684,sementescelestes@gmail.com?Subject=%A9%20Primeira%20Imagem,http://www.colegioapalmeira.pt,46,ESCOLA BÁSICA JOAQUIM JOSÉ DE CARVALHO,https://www.primeiraimagem.com/sementes-celestes-jardim-de-infancia.php
Associação Engenho - Sta. Eulália,Arnoso,famalicao,"Av. Dr. Agostinho Fernandes, 120",4775 - 490,Arnoso Santa Eulália,252 916 040,,,51,"ESCOLA BÁSICA DE FAMALICÃO, NAZARÉ",https://www.primeiraimagem.com/associacao-engenho-sta-eulalia.php
CBESQ - Sol Dourado,Queluz,sintra,"Infantário Sol Dourado Centro de Bem Estar Social de Queluz Rua Paulo Reis Gil, 48",2745 - 195,Queluz,214 342 817,,http://www.infantario-popular-sintra.com,79,"COMPLEXO DE APOIO À INFÂNCIA ""SOL DOURADO""",https://www.primeiraimagem.com/infantario-sol-dourado.php
Associação Engenho - Sta. Maria,Arnoso,famalicao,"Rua Dr. Alcino Pinto, 2",4770 - 522,Arnoso Santa Maria,252 916 040,,,52,"ESCOLA BÁSICA DE FAMALICÃO, NAZARÉ",https://www.primeiraimagem.com/associacao-engenho-sta-maria.php
ASSDZ,Dornelas de Zêzere,pampilhosa-da-serra,"Associação de Solidariedade Social de Dornelas de Zêzere Rua Professor José Dias da Silva, 2",3320 - 053,Dornelas do Zêzere,275 647 455,,,20,"ESCOLA BÁSICA E SECUNDÁRIA ESCALADA,",https://www.primeiraimagem.com/associacao-de-solidariedade-social-de-dornelas-de-zezere.php
Colégio Cosme e Damião,Rio de Mouro,sintra,"Rua Francisco Costa, 33",2635 - 317,Rio de Mouro,962 428 342,,http://www.infantario-popular-sintra.com,78,CRECHE E JARDIM DE INFÂNCIA COSME E DAMIÃO,https://www.primeiraimagem.com/colegio-cosme-e-damiao.php
Associação Gerações,Antas,famalicao,"Av. Marechal Humberto Delgado, 515-499",4760 - 012,Vila Nova de Famalicão,252 374 480,,,42,"ESCOLA BÁSICA DE FAMALICÃO, NAZARÉ",https://www.primeiraimagem.com/associacao-geracoes.php
Externato Camões,Rio Tinto,gondomar,"Rua da Estrada Nova, nº 3",4435 - 234,Rio Tinto,224 890 917,,http://www.colegiopaulovi.com,77,EXTERNATO AEIOU,https://www.primeiraimagem.com/externato-camoes.php
SCMPS - Casa da Criança,Pampilhosa da Serra,pampilhosa-da-serra,"Santa Casa da Misericórdia de Pampilhosa da Serra Rua Rangel de Lima, 104",3320 - 229,Pampilhosa da Serra,235 590 110,,,46,"ESCOLA BÁSICA E SECUNDÁRIA ESCALADA,",https://www.primeiraimagem.com/santa-casa-da-misericordia-de-pampilhosa-da-serra.php
Associação Moradores das Lameiras,Antas,famalicao,AML - Associação Moradores das Lameiras Rua da Associação de Moradores das Lameiras,4760 - 026,Vila Nova de Famalicão,252 501 700,,,52,"ESCOLA BÁSICA DE FAMALICÃO, NAZARÉ",https://www.primeiraimagem.com/aml-associacao-moradores-das-lameiras.php
Morangos - Gondomar,Fânzeres,gondomar,"Logotipo Creche Av. Dr. Mário Soares, 3706 e 3708",4510 - 534,Fânzeres,224 800 303,gondomar@morangos.com?Subject=%A9%20Primeira%20Imagem,http://www.morangos.com/,65,CRECHE MORANGOS COIMBRA,https://www.primeiraimagem.com/morangos-gondomar.php
ADIL - Creche Regaço Encantado,Lordelo,paredes,"Associação para o Desenvolvimento Integral de Lordelo Rua Albano Jesus Amaral, nº 1",4580 - 797,Lordelo,224 449 233,,,61,CRECHE DA EXPANSÃO,https://www.primeiraimagem.com/creche-regaco-encantado.php
ATA - Creche e Jardim de Infância,Mogege,famalicao,"ATA - Associação de Trabalhadores da Aco Av. Padre António Ferreira, 599",4770 - 350,Mogege VNF,252 990 410,,,50,"ESCOLA BÁSICA DE FAMALICÃO, NAZARÉ",https://www.primeiraimagem.com/ata-associacao-de-trabalhadores-da-aco.php
Colégio D. Luísa Sigea,Estoril,cascais,"Av. Bombeiros Voluntários, nº 195",2765 - 202,Estoril,214 647 480,,,78,COLÉGIO CCG,https://www.primeiraimagem.com/colegio-d-luisa-sigea.php
Associação Desenvolvimento Integral de Sobreira,Sobreira,paredes,"Creche da Associação para o Desenvolvimento Integral de Sobreira Avenida S.Pedro, nº 639",4585 - 404,Sobreira,910 767 189,,,49,"ESCOLA BÁSICA DE MOURIZ, PAREDES",https://www.primeiraimagem.com/creche-da-associacao-para-o-desenvolvimento-integral-de-sobreira.php
C. S. P. S. Pedro de Castelões,Castelões,famalicao,"Centro Social Paroquial S. Pedro de Castelões Rua José Correia Machado, 115",4770 - 865,Castelões VNF,252 921 732,,,41,EQUIP SOC CENTRO SOCIAL DA FREGUESIA DE FAMALICÃO,https://www.primeiraimagem.com/centro-social-paroquial-s-pedro-de-casteloes.php
Colégio Vasco da Gama,Belas,sintra,"Av. Dr. João António Nabais, nº 71-73 Meleças",2605 - 045,Belas,219 198 300,,http://www.infantario-popular-sintra.com,78,COLÉGIO NOVO DA MAIA,https://www.primeiraimagem.com/colegio-vasco-da-gama.php
Associação para o Desenvolvimento de Rebordosa,Rebordosa,paredes,"Av. Eng. Adelino A. da Costa, nº 465",4585 - 340,Rebordosa,224 444 924,,,57,"ESCOLA BÁSICA DE MOURIZ, PAREDES",https://www.primeiraimagem.com/associacao-para-o-desenvolvimento-de-rebordosa.php
C. S. P. S. Pedro de Castelões - Pedome,Pedome,famalicao,"Centro Social Paroquial S. Pedro de Castelões Polo de Pedome Rua do Outeiro, 49",4765 - 150,Pedome VNF,252 921 374,,,40,EQUIP SOC CENTRO SOCIAL DA FREGUESIA DE FAMALICÃO,https://www.primeiraimagem.com/centro-social-paroquial-s-pedro-de-casteloes-pedome.php
Associação Social e Cultural de Louredo,Louredo,paredes,"Avenida Padre Amadeu, 78",4580 - 581,Louredo PRD,926 379 152,,,54,"ESCOLA BÁSICA DE MOURIZ, PAREDES",https://www.primeiraimagem.com/associacao-social-e-cultural-de-louredo.php
Centro Social de Cête,Cête,paredes,"Creche do Centro Social de Cête Rua do Cardal, nº 42",4580 - 317,Cête,255 755 099,,,46,CRECHE DA EXPANSÃO,https://www.primeiraimagem.com/creche-do-centro-social-de-cete.php
C. Soc. Cultural S. Pedro de Bairro,Bairro,famalicao,"Centro Social e Cultural de S. Pedro de Bairro Rua da Infância, 199",4765 - 016,Bairro,252 900 730,,,44,EQUIP SOC CENTRO SOCIAL DA FREGUESIA DE FAMALICÃO,https://www.primeiraimagem.com/centro-social-e-cultural-de-s-pedro-de-bairro.php
O Mágico – CASCR,Águeda,agueda,"Centro de Apoio Social, Cultural e Recreativo Rua Curtinhal, 325",3750 - 309,Giesteira,234 625 627,,https://www.colegiosantaeulalia.pt/,75,GIZ MÁGICO,https://www.primeiraimagem.com/o-magico.php
Centro Social Paroquial de Recarei,Recarei,paredes,"Creche do Centro Social Paroquial de Recarei Rua das Boucetas, nº 10",4585 - 905,Recarei,224 337 470,,,48,JARDIM DE INFÂNCIA DE TALHÔ,https://www.primeiraimagem.com/creche-do-centro-social-paroquial-de-recarei.php
C. Social da Paróquia de Joane,Joane,famalicao,"Centro Social da Paróquia de Joane Avenida Cristo Rei, 78",4770 - 203,Joane,252 991 477,,,59,EQUIP SOC CENTRO SOCIAL DA FREGUESIA DE FAMALICÃO,https://www.primeiraimagem.com/centro-social-da-paroquia-de-joane.php
C. Social da Paróquia de Landim,Landim,famalicao,"Centro Social da Paróquia de Landim Alameda do Mosteiro, 100",4770 - 315,Landim,252 327 575,,,57,EQUIP SOC CENTRO SOCIAL DA FREGUESIA DE FAMALICÃO,https://www.primeiraimagem.com/centro-social-da-paroquia-de-landim.php
C. Social da Paróquia de Ruivães,Ruivães,famalicao,"Jardim Infantil Centro Social da Paróquia de Ruivães Largo da Igreja, 51",4770 - 491,Ruivães VNF,252 922 930,,,65,EQUIP SOC CENTRO SOCIAL DA FREGUESIA DE FAMALICÃO,https://www.primeiraimagem.com/jardim-infantil-centro-social-da-paroquia-de-ruivaes.php
Cor e Magia,Agualva,sintra,"Rua Capitão Henrique Galvão, 9",2735 - 366,Agualva,214 310 356,,http://www.infantario-popular-sintra.com,67,CRECHE MÃE MARIA,https://www.primeiraimagem.com/cor-e-magia.php
OASFS - Creche de Barreiras,Duas Igrejas,paredes,"Obra de Assistência Social da Freguesia de Sobrosa Travessa dos Vicentes, 75",4580 - 261,Paredes,910 708 772,,,56,CRECHE DA EXPANSÃO,https://www.primeiraimagem.com/creche-de-barreiras.php
C. Social de Educação - Sol Nascente,Ribeirão,famalicao,"Centro Social de Educação - Sol Nascente Rua São João de Deus, 201 Candeeira",4760 - 708,Ribeirão,252 493 479,,,59,EQUIP SOC CENTRO SOCIAL DA FREGUESIA DE FAMALICÃO,https://www.primeiraimagem.com/centro-social-de-educacao-sol-nascente.php
Obra Assistência Social da Freguesia de Sobrosa,Sobrosa,paredes,"Creche da Obra de Assistência Social da Freguesia de Sobrosa Rua Padre António Moreira de Meireles, nº 216",4580 - 622,Sobrosa,255 963 473,,,55,EQUIP. SOC. SANTA CASA DA MISERICÓRDIA DE PAREDES,https://www.primeiraimagem.com/creche-da-obra-de-assistencia-social-da-freguesia-de-sobrosa.php
C. Paroq. Social Sto. André,Macinhata da Seixa,oliveira-de-azemeis,"Centro Paroquial e Social Santo André de Macinhata da Seixa Rua do Centro Social, 90",3720 - 087,Macinhata da Seixa,256 686 049,,https://www.colegiosantaeulalia.pt/,79,CENTRO SOCIAL E PAROQUIAL SANTO ANDRÉ,https://www.primeiraimagem.com/centro-paroquial-e-social-santo-andre-de-macinhata-da-seixa.php
CEDI - Porta Mágica,Quelfes,olhao,"Centro de Educação e Desenvolvimento Infantil ""Porta Mágica"" ACASO - Associação Cultural e de Apoio Social de Olhão Urbanização Zona Alta, Lote 15",8700 - 254,Olhão,289 710 320,,,40,PARQUE INFANTIL DA CAVALINHA,https://www.primeiraimagem.com/centro-de-educacao-e-desenvolvimento-infantil-porta-magica.php
As Luzinhas - Jardim de Infância,Quelfes,olhao,"Jardim de Infância As Luzinhas Obra de Nossa Senhora das Candeias Caminho João da Terça, 26",8700 - 210,Olhão,289 722 296,,,76,"CRECHE ""AS LUZINHAS""",https://www.primeiraimagem.com/jardim-de-infancia-as-luzinhas.php
Arca de Noé - Creche,Quelfes,olhao,"Creche Arca de Noé Associação Tempus Rua Florbela Espanca, 336 C, Sítio da Igreja",8700 - 206,Olhão,289 117 611,,,56,"CRECHE ""AS LUZINHAS""",https://www.primeiraimagem.com/creche-arca-de-noe.php
Assoc. Cult. e Recreativa de Cabreiros,Cabreiros,braga,"Associação Cultural e Recreativa de Cabreiros Rua Padre Moreira, 13 Cabreiros",4705 - 385,Braga,253 913 588,,,69,ASSOCIAÇÃO SOCIAL CULTURAL E RECREATIVA DE CHORENTE,https://www.primeiraimagem.com/associacao-cultural-e-recreativa-de-cabreiros.php
ASSFA,Abraveses,viseu,"Associação Solidariedade Social Freguesia de Abraveses Rua Abílio Jerónimo, 65",3515 - 094,Viseu,232 451 340,,,60,ASMAN,https://www.primeiraimagem.com/associacao-solidariedade-social-freguesia-de-abraveses.php
Segunda Casa - COOTL,Linda-a-Velha,oeiras,"Largo da Lagoa, Nº 14 B",2795 - 116,Linda-a-Velha,214 144 089,,http://www.parkids.pt,65,COLÉGIO CASA MÃE,https://www.primeiraimagem.com/segunda-casa-cootl.php
SCMO - Santa Ana,Paço de Arcos,oeiras,"Creche e Jardim de Infância Santa Ana Santa Casa da Misericórdia de Oeiras Rua Conde de Rio Maior, nº 28 B",2770 - 036,Paço de Arcos,214 413 646,,http://www.parkids.pt,78,INFANTÁRIO DE STA. ANA - IRMANDADE DE SANTA CRUZ,https://www.primeiraimagem.com/creche-e-jardim-de-infancia-santa-ana.php
SCMS - J. Infância do Banzão,Colares,sintra,"Jardim de Infância do Banzão Santa Casa da Misericórdia de Sintra Rua Verde Pinho, nº 11",2705 - 176,Banzão,219 290 280,,http://www.infantario-popular-sintra.com,76,BELA INFÂNCIA,https://www.primeiraimagem.com/jardim-de-infancia-do-banzao.php
ASSCR Coutoense,Coutos de Viseu,viseu,"Av. Nossa Senhora de Lurdes, 45",3510 - 602,Couto de Cima,232 996 999,,,75,EQUIP. SOC. DA ASSOCIAÇÃO DE SOLIDARIEDADE SOCIAL CULTURAL E RECREATIVA COUTOENSE,https://www.primeiraimagem.com/asscr-coutoense.php
Ass. Solid. Social de Farminhão,Farminhão,viseu,"Associação Solidariedade Social de Farminhão Rua da Escola, 27",3510 - 643,Farminhão,232 996 525,,,67,CENTRO SOCIAL DE SÃO FÉLIX DA MARINHA,https://www.primeiraimagem.com/associacao-solidariedade-social-de-farminhao.php
SCMO - S. Marçal,Carnaxide,oeiras,"Creche e Jardim de Infância S. Marçal Santa Casa da Misericórdia de Oeiras Alameda João Menezes, nº6",2790 - 214,Portela de Carnaxide,214 181 417,,http://www.parkids.pt,76,CRECHE E JARDIM DE INFANCIA DE S. MARÇAL,https://www.primeiraimagem.com/creche-e-jardim-de-infancia-s-marcal.php
ACRS Pascoal,Abraveses,viseu,Associação Cultural Recreativa e Social de Pascoal Outeiro das Canadas,3515 - 217,Pascoal - Abraveses,232 285 751,,,74,EQUIPAMENTO CRECHE ENG.º ANTÓNIO PASCOAL DA FUNDAÇÃO CPSSSDA,https://www.primeiraimagem.com/associacao-cultural-recreativa-e-social-de-pascoal.php
Acredita - IPSS,Rio de Loba,viseu,Largo do Soito - Travassós de Baixo,3505 - 564,Viseu,232 184 800,,,76,EQ. SOCIAL ACREDITA - ASSOCIAÇÃO DE SOLIDARIEDADE SOCIAL DE TRAVASSÓS DE BAIXO,https://www.primeiraimagem.com/acredita-ipss.php
SCMO - Pingolé,Porto Salvo,oeiras,Creche e Jardim de Infância Pingolé Santa Casa da Misericórdia de Oeiras Largo José Canas Vila Fria,2740 - 076,Porto Salvo,214 214 289,,http://www.parkids.pt,74,CRECHE E JARDIM DE INFÂNCIA PINGOLÉ,https://www.primeiraimagem.com/creche-e-jardim-de-infancia-pingole.php
CEBESA - J. Infância Casal do Silva,Falagueira,amadora,"Rua Quinta do Assentista, nº 1",2700 - 871,Amadora,214 937 307,,http://www.misericordia-amadora.pt,76,BELA INFÂNCIA,https://www.primeiraimagem.com/cebesa-j-infancia-casal-do-silva.php
SCM Vinhais,Vinhais,vinhais,Santa Casa da Misericórdia de Vinhais Quinta Da Misericórdia,5320 - 305,Vinhais,273 771 414,,,78,JARDIM INFANTIL DA SANTA CASA DA MISERICÓRDIA DE VINHAIS,https://www.primeiraimagem.com/santa-casa-da-misericordia-de-vinhais.php
Creche Quinta de São Vicente,Benavente,benavente,Urb. Quinta de São Vicente,2130 - 333,Benavente,263 518 260,,,52,CRECHE E JARDIM INFANTIL DE BENAVENTE,https://www.primeiraimagem.com/creche-quinta-de-sao-vicente.php
SCMO - Palhaço,Linda-a-Velha,oeiras,Creche e Jardim de Infância Palhaço Santa Casa da Misericórdia de Oeiras Rua 1º de Maio Bairro 25 de Abril,2795 - 158,Linda-a-Velha,214 191 239,,http://www.parkids.pt,74,CENTRO INFANTIL PALHAÇO,https://www.primeiraimagem.com/creche-e-jardim-de-infancia-palhaco.php
Fernão Mendes Pinto – Externato,S. Domingos de Benfica,lisboa,,,,,,http://www.escolaraiz.pt,79,JARDIM INFANTIL DE GATÕES - ASSOCIAÇÃO FERNÃO MENDES PINTO,https://www.primeiraimagem.com/externato-fernao-mendes-pinto.php
SCM Vimioso,Vimioso,vimioso,Santa Casa da Misericórdia de Vimioso Bairro da Atalaia,5230 - 301,Vimioso,273 512 007,,,78,ESCOLA BÁSICA N.º 1 DE VIMIOSO,https://www.primeiraimagem.com/santa-casa-da-misericordia-de-vimioso.php
Quatro Estações - J. Infância,Massamá,sintra,"Quatro Estações - Jardim de Infância R. Prof. Dr. Reinaldo dos Santos, 5A",2745 - 836,Massamá,214 371 445,,http://www.infantario-popular-sintra.com,79,"JARDIM DE INFÂNCIA ""AS 4 ESTAÇÕES""",https://www.primeiraimagem.com/quatro-estacoes-jardim-de-infancia.php
S. C. M. Vila Verde - C. Soutelo,Soutelo,vila-verde,Santa Casa da Misericórdia de Vila Verde Creche Soutelo Travessa da Bouça da Pêga,4730 - 570,Vila Verde,253 310 123,,,59,"JARDIM DE INFÂNCIA DE VILA VERDE, FIGUEIRA DA FOZ",https://www.primeiraimagem.com/santa-casa-da-misericordia-de-vila-verde-creche-soutelo.php
C.B.E.S. Padre Tobias - Creche Porto Alto,Samora Correia,benavente,"Centro Bem Estar Social Padre Tobias Creche do Porto Alto Rua do Alecrim, s/n",2135 - 080,Samora Correia,263 659 550,,,48,CRECHE E JARDIM INFANTIL DE BENAVENTE,https://www.primeiraimagem.com/centro-bem-estar-social-padre-tobias-creche-do-porto-alto.php
S. C. M. Vila Verde - C. Prado,Vila de Prado,vila-verde,Santa Casa da Misericórdia de Vila Verde Creche do Prado Avenida do Cávado,4730 - 460,Vila de Prado,253 929 060,,,62,"JARDIM DE INFÂNCIA DE VILA VERDE, FIGUEIRA DA FOZ",https://www.primeiraimagem.com/santa-casa-da-misericordia-de-vila-verde_creche-do-prado.php
C.B.E.S. Padre Tobias - Creche Miúdos,Samora Correia,benavente,"Centro Bem Estar Social Padre Tobias Estrada da Carregueira, 98",2135 - 244,Samora Correia,263 659 505,,,48,CRECHE E JARDIM INFANTIL DE BENAVENTE,https://www.primeiraimagem.com/centro-bem-estar-social-padre-tobias-creche-miudos.php
S. C. M. Vila Verde - C. Marrancos,Marrancos,vila-verde,Santa Casa da Misericórdia de Vila Verde Creche Marrancos Av. Joaquim Ferreira Araújo,4730 - 280,Vila Verde,253 310 123,,,56,"JARDIM DE INFÂNCIA DE VILA VERDE, FIGUEIRA DA FOZ",https://www.primeiraimagem.com/santa-casa-da-misericordia-de-vila-verde-creche-marrancos.php
C.B.E.S. Padre Tobias,Samora Correia,benavente,"Centro Bem Estar Social Padre Tobias Rua Padre Tobias, s/n",2135 - 275,Samora Correia,263 659 556,,,48,ESCOLA BÁSICA DE BENAVENTE,https://www.primeiraimagem.com/centro-bem-estar-social-padre-tobias.php
S. C. M. Vila Verde,Vila Verde,vila-verde,Santa Casa da Misericórdia de Vila Verde Rua Dr. Bernardo Brito Ferreira,4730 - 716,Vila Verde,253 310 120,,,77,"JARDIM DE INFÂNCIA DE VILA VERDE, FIGUEIRA DA FOZ",https://www.primeiraimagem.com/santa-casa-da-misericordia-de-vila-verde.php
Patarecos - Ass. Part. Solid. Social,Sintra,sintra,"Patarecos - Associação Particular de Solidariedade Social Av. Humberto Delgado, 24 Várzea de Sintra",2710 - 649,Sintra,219 246 236,,http://www.infantario-popular-sintra.com,70,OS PATARECOS -  ASSOCIAÇÃO PARTICULAR DE SOLIDARIEDADE SOCIAL,https://www.primeiraimagem.com/patarecos-associacao-particular-de-solidariedade-social.php
C.B.E.S. de Santo Estevão,Santo Estevão,benavente,"Centro Bem Estar Social de Santo Estevão Rua das Cardosas, s/n",2130 - 140,Santo Estevão,263 949 424,,,52,ESCOLA BÁSICA DE BENAVENTE,https://www.primeiraimagem.com/centro.bem-estar-social-de-santo-estevao.php
"Creche Pimentinha, CRL",Barbudo,vila-verde,"Creche Pimentinha Fortunate Vivere, CRL. R. Padre Frei Albano Emílio Alves, 90 D",4730 - 062,Vila Verde,253 321 105,,,31,CENTRO DE ESTIMULAÇÃO PRECOCE DE FONTELA,https://www.primeiraimagem.com/creche-pimentinha.php
SCMO - Nª Srª Fátima,Oeiras,oeiras,"Creche e Jardim de Infância Nª Srª Fátima Santa Casa da Misericórdia de Oeiras Rua Sol Nascente, nº 18",2780 - 167,Oeiras,214 570 949,,http://www.parkids.pt,67,JARDIM INFANTIL DO CENTRO SOCIAL PAROQ. Nª SRA. FÁTIMA,https://www.primeiraimagem.com/creche-e-jardim-de-infancia-n-sra-fatima.php
Creche do Trabalhador de Prado,Vila de Prado,vila-verde,"Lugar do Faial, Rua 3, nº 17",4730 - 460,Vila de Prado,253 921 900,,,43,"EQUIP. SOCIAL DO CENTRO SOCIAL, RECREATIVO E CULTURAL DE VILA VERDE",https://www.primeiraimagem.com/creche-do-trabalhador-de-prado.php
ASSUBUD - Escolinha,Alfragide,amadora,"Rua da Imprensa, 12 A",2610 - 087,Alfragide,214 715 914,,http://www.misericordia-amadora.pt,75,ESCOLINHA D'ADR,https://www.primeiraimagem.com/assubud-escolinha.php
SCMO - Nª Srª da Rocha,Carnaxide,oeiras,"Creche e Jardim de Infância Nª Srª da Rocha Santa Casa da Misericórdia de Oeiras Rua José Afonso, nº 25-A Bairro Luta pela Casa",2790 - 089,Carnaxide,214 184 470,,http://www.parkids.pt,68,CENTRO SOCIAL Nª SRª DA PAZ,https://www.primeiraimagem.com/creche-e-jardim-de-infancia-n-sra-da-rocha.php
Creche O Pinheirinho - C.S.C.P.S.M.,São Mamede,batalha,"Centro Social e Cultural da Paróquia de São Mamede Travessa da Areeira, 150",2495 - 032,São Mamede,244 704 926,,,44,CENTRO INFANTIL MOINHO DE VENTO,https://www.primeiraimagem.com/creche-o-pinheirinho.php
Chuva D'Amor - Creche,Vila Verde,vila-verde,"Rua Dr. Manuel Barbosa De Brito, 743",4730 - 769,Vila Verde,935 782 606,,,32,CENTRO DE ESTIMULAÇÃO PRECOCE DE FONTELA,https://www.primeiraimagem.com/chuva-d-amor-creche.php
SCMO - Bambi,Cruz Quebrada,oeiras,"Jardim de Infância Bambi Santa Casa da Misericórdia de Oeiras Rua Joseph Bleck, nº 31",1495 - 724,Cruz Quebrada - Dafundo,214 197 898,,http://www.parkids.pt,67,BAMBI - CRECHE E JARDIM DE INFÂNCIA,https://www.primeiraimagem.com/jardim-de-infancia-bambi.php
Externato Infante D. Pedro,Nossa Senhora de Fátima,lisboa,"Av. da República, nº 49 r/c",1050 - 188,Lisboa,217 973 322,,http://www.escolaraiz.pt,75,ESCOLA BÁSICA INFANTE D. PEDRO,https://www.primeiraimagem.com/externato-infante-d-pedro.php
Creche Municipal da Batalha,Batalha,batalha,R. Comendador Dr. Joaquim Vicente da Silva Freire,2440 - 372,Batalha,244 769 110,,,55,ESCOLA BÁSICA DE BATALHA,https://www.primeiraimagem.com/creche-municipal-da-batalha.php
Externato Fernão Mendes Pinto,S. Domingos de Benfica,lisboa,"Estrada de Benfica, nº 358",1500 - 099,Lisboa,217 780 188,,http://www.escolaraiz.pt,79,JARDIM INFANTIL DE GATÕES - ASSOCIAÇÃO FERNÃO MENDES PINTO,https://www.primeiraimagem.com/externato-fernao-mendes-pinto-l.php
Centro Social da Lage - Creche 2,Lage,vila-verde,"Rua 1, Loteamento do Passal, 3",4730 - 247,Lage,253 927 215,,,60,"EQUIP. SOCIAL DO CENTRO SOCIAL, RECREATIVO E CULTURAL DE VILA VERDE",https://www.primeiraimagem.com/centro-social-da-lage-creche-2.php
Colégio Bernardette Romeira,Quelfes,olhao,"Rua Dâmaso Encarnação, 29",8700 - 249,Olhão,289 701 021,,,43,ESCOLA BÁSICA JOSÉ CARLOS DA MAIA,https://www.primeiraimagem.com/colegio-bernardette-romeira.php
CPARF,Reguengo do Fetal,batalha,"Centro Paroquial de Assistência de Reguengo Fetal Rua Padre José Vieira de Oliveira, 280",2440 - 208,Reguengo do Fetal,244 705 119,,,19,ESCOLA BÁSICA DA REBOLARIA,https://www.primeiraimagem.com/centro-paroquial-de-assistencia-de-reguengo-fetal.php
Centro Social da Lage,Lage,vila-verde,"Rua 1, Loteamento do Passal, 3",4730 - 247,Lage,253 927 215,,,76,"EQUIP. SOCIAL DO CENTRO SOCIAL, RECREATIVO E CULTURAL DE VILA VERDE",https://www.primeiraimagem.com/centro-social-da-lage.php
Casa do Povo Vila de Prado - Creche 2o,Vila de Prado,vila-verde,"Casa do Povo Vila de Prado - Creche 2 Pr. Comendador Sousa Lima, 32",4730 - 450,Vila de Prado,,,,53,"EQUIP. SOCIAL DO CENTRO SOCIAL, RECREATIVO E CULTURAL DE VILA VERDE",https://www.primeiraimagem.com/casa-do-povo-vila-de-prado-creche-2.php
Casa do Povo Vila de Prado,Vila de Prado,vila-verde,"Casa do Povo da Vila de Prado Praça Comendador Sousa Lima, 51",4730 - 458,Vila de Prado,253 921 120,,,56,"EQUIP. SOCIAL DO CENTRO SOCIAL, RECREATIVO E CULTURAL DE VILA VERDE",https://www.primeiraimagem.com/casa-do-povo-da-vila-de-prado.php
Projeto Família Global,Carnaxide,oeiras,"Alameda João da Mota Prego, nº 1 B Portela de Carnaxide",2790 - 213,Carnaxide,214 183 770,,http://www.parkids.pt,78,ASSOC. PARA INSERÇÃO SÓCIO-CULTURAL PROFISSIONAL DA FAMÍLIA- PROJECTO FAMÍLIA GLOBAL,https://www.primeiraimagem.com/projeto-familia-global.php
Escola no Chiado,Misericórdia,lisboa,"Centro da Encarnação Travessa do Rosário, 31 A",1250 - 196,Lisboa,213 467 248,,http://www.escolaraiz.pt,79,ESCOLA PEQUENO CIDADÃO,https://www.primeiraimagem.com/escola-no-chiado.php
C. Social Paroquial Cervães,Cervães,vila-verde,"Centro Social Paroquial de Cervães Praceta do Cruzeiro, 4",4730 - 100,Cervães,969 535 013,,,48,"EQUIP. SOCIAL DO CENTRO SOCIAL, RECREATIVO E CULTURAL DE VILA VERDE",https://www.primeiraimagem.com/centro-social-paroquial-de-cervaes.php
ABCD - Ass. Cult. Desporto Brandoa,Encosta do Sol,amadora,ABCD - Associação Cultura e Desporto Brandoa Rua Luís Vaz de Camões,2650 - 197,Amadora,214 760 206,,http://www.misericordia-amadora.pt,63,ESCOLA BÁSICA DA BRANDOA,https://www.primeiraimagem.com/abcd-associacao-cultura-e-desporto-brandoa.php
C. Social da Paróquia de Freiriz,Freiriz,vila-verde,"Centro Social da Paróquia de Freiriz Avenida do Centro Social, 1",4730 - 171,Vila Verde,253 929 050,,,49,"EQUIP. SOCIAL DO CENTRO SOCIAL, RECREATIVO E CULTURAL DE VILA VERDE",https://www.primeiraimagem.com/centro-social-da-paroquia-de-freiriz.php
C. Soc. Cult. Recreat. Carregosa,Carregosa,oliveira-de-azemeis,"Centro Social Cultural e Recreativo da Carregosa Rua Augusto Santos, 30",3720 - 017,Carregosa,256 412 257,,https://www.colegiosantaeulalia.pt/,74,CENTRO SOCIAL CULTURAL E RECREATIVO DE CARREGOSA,https://www.primeiraimagem.com/centro-social-cultural-e-recreativo-da-carregosa.php
Os Nossos Tempos Livres,Linda-a-Velha,oeiras,"Rua Eng. Frederico Ulrich, nº 25 e 27",2795 - 113,Linda-a-Velha,214 198 523,,http://www.parkids.pt,72,ACTIVIDADES DE TEMPOS LIVRES DE BOLONHA- CRECHE,https://www.primeiraimagem.com/os-nossos-tempos-livres.php
O Início - Colégio,Barreiro,barreiro,"Colégio O Início S.D.U.B. Os Franceses Largo Luís de Camões, nº 49",2830 - 000,Barreiro,212 070 595,,,79,COLÉGIO LUSO-BRITÂNICO,https://www.primeiraimagem.com/colegio-o-inicio.php
Ass. Solid. Soc. Benfica Ribatejo,Benfica Ribatejo,almeirim,Associação Solidariedade Social Benfica Ribatejo Urbanização do Alqueve Cortiçois,2080 - 398,Benfica Ribatejo,243 580 529,,,47,"Escola Básica dos Charcos, Almeirim",https://www.primeiraimagem.com/associacao-solidariedade-social-benfica-ribatejo.php
Pimpas - Externato,Mafamude,vila-nova-de-gaia,"Externato Pimpas Rua Quinta do Sardoal, nº 320",4430 - 182,V. N. Gaia,227 134 040,,https://morangos.com/morangos-gaia-serzedo-creche-e-jardim-de-infancia/,77,"EXTERNATO ""ANITA""",https://www.primeiraimagem.com/externato-pimpas.php
C. S. Caeiro da Matta - Equip. Mouronho,Mouronho,tabua,"Centro Social Caeiro da Matta Equipamento de Mouronho Rua Principal, 188",3420 - 168,Mouronho,235 466 121,,,42,SANTA CASA MISERICÓRDIA DE TÁBUA,https://www.primeiraimagem.com/centro-social-caeiro-da-matta-equipamento-de-mouronho.php
O Cantinho da Cegonha - Creche,Sacavém,loures,"Logotipo R. Cooperativa A Sacavenense, 27  1º Dto. Lj. Quinta Património",2685 - 005,Sacavém,219 403 864,info@ccegonha.pt?Subject=%A9%20Primeira%20Imagem,http://www.ccegonha.pt,55,"AMORES PERFEITOS - BERÇÁRIO E CRECHE, LDA.",https://www.primeiraimagem.com/creche-o-cantinho-da-cegonha.php
CVP - Creche A Joaninha,Fuseta,olhao,"Cruz Vermelha Portuguesa Rua Nossa Senhora do Carmo, 51/52",8700 - 024,Fuseta,289 793 490,,,67,"CRECHE ""AS LUZINHAS""",https://www.primeiraimagem.com/creche-a-joaninha.php
O Jardim Encantado - Jardim de Infância,Bobadela,loures,"Largo Infante D. Henrique, nº 5 - 1º",2695 - 043,Bobadela,219 941 306,,http://www.crechemimarte.pt,77,JARDIM DE INFÂNCIA Nº2 DE LOURES,https://www.primeiraimagem.com/o-jardim-encantado.php
C. Social Paroquial de Aveiras de Baixo,Aveiras de Baixo,azambuja,"Centro Social e Paroquial de Aveiras de Baixo Largo Sara Rosa Tavares Fonseca, nº 13",2050 - 015,Aveiras de Baixo,263 475 254,,,74,CENTRO SOCIAL PAROQUIAL DE AZAMBUJA,https://www.primeiraimagem.com/centro-social-e-paroquial-de-aveiras-de-baixo.php
O Jardim Encantado II - Creche,Bobadela,loures,"Rua da Olivença, nº 6 r/c",2695 - 043,Bobadela,309 737 197,,http://www.crechemimarte.pt,63,ROSA AZUL DA FONTE SANTA - CRECHE E JARDIM INFANTIL,https://www.primeiraimagem.com/o-jardim-encantado-ii.php
Centro Social Paroquial de Ribeirão,Ribeirão,famalicao,"Avenida 3 Julho, 79",4760 - 713,Ribeirão,252 490 490,,,69,EQUIP SOC CENTRO SOCIAL DA FREGUESIA DE FAMALICÃO,https://www.primeiraimagem.com/centro-social-paroquial-de-ribeirao.php
J. Infância de Serra D`El-Rei,Serra D`El-Rei,peniche,"Jardim de Infância de Serra D`El-Rei Rua da Alegria, 36",2525 - 816,Serra D`El-Rei,262 909 854,,,72,JARDIM DE INFÂNCIA DA PRAGEIRA,https://www.primeiraimagem.com/jardim-de-infancia-de-serra-d-el-rei.php
Casa do Pessoal Hospital V. N. F.,V. N. Famalicão,famalicao,"Casa do Pessoal do Hospital Distrital de Vila Nova de Famalicão Rua Amadeu Mesquita, 156",4760 - 119,Vila Nova de Famalicão,252 317 738,,,41,"ESCOLA BÁSICA DE FAMALICÃO, NAZARÉ",https://www.primeiraimagem.com/casa-do-pessoal-do-hospital-distrital-de-vila-nova-de-famalicao.php
Creche Municipal de Arreigada,Arreigada,pacos-de-ferreira,"Praceta do Centro Escolar de Arreigada, 17",4595 - 032,Arreigada,255 860 700,,http://www.colegiomarcadagua.edu.pt,38,EQUIP. SOC. OBRA SOCIAL CULTURAL SÍLVIA CARDOSO,https://www.primeiraimagem.com/creche-municipal-de-arreigada.php
CBES Muge,Muge,salvaterra-de-magos,"Rua da Infância, Bairro Cova da Faia",2135 - 340,Muge,243 581 301,,,62,CRECHE E JARDIM DE INFÂNCIA DO CENTRO DE BEM ESTAR SOCIAL DE MUGE,https://www.primeiraimagem.com/cbes-muge.php
OSMOPE - Obra Social Ministério Obras Públicas,Bonfim,porto,"Obra Social do Ministério das Obras Públicas Rua Costa Cabral, nº 220",4200 - 208,Porto,220 127 218,,http://www.clip.pt,71,OBRA SOCIAL PAULO VI,https://www.primeiraimagem.com/osmope.php
Externato Júlio Dinis,Queluz,sintra,"R. Joaquim E. Gaspar Gomes, 64 - R/C",2745 - 133,Queluz,214 350 293,,http://www.infantario-popular-sintra.com,76,"EXTERNATO ""O NIAL""",https://www.primeiraimagem.com/externato-julio-dinis.php
O Nosso Jardim - PSI,Póvoa de Santa Iria,vila-franca-de-xira,"Av. Prof. Dr. Egas Moniz, lote C Casal da Serra",2625 - 147,Póvoa de Santa Iria,969 771 771,,https://morangos.com/morangos-parreirinha-creche-e-jardim-de-infancia/,52,JARDIM DE INFÂNCIA DE POVOS,https://www.primeiraimagem.com/o-nosso-jardim-psi.php
Externato Despertar,Oliveira de Azeméis,oliveira-de-azemeis,"Rua A. Pinto de Carvalho, 13 - 1º",3720 - 224,Oliveira de Azeméis,256 682 342,,https://www.colegiosantaeulalia.pt/,79,"EXTERNATO ""AS DESCOBERTAS""",https://www.primeiraimagem.com/externato-despertar.php
CVP - Jardim da Celeste,Quelfes,olhao,"Cruz Vermelha Portuguesa Urbanização J. Marcelino & Rosa, s/n",8701 - 909,Olhão,289 722 365,,,44,ESCOLA BÁSICA JOSÉ CARLOS DA MAIA,https://www.primeiraimagem.com/jardim-da-celeste.php
O Vale Encantado - Creche,Sto. António dos Cavaleiros,loures,"Creche O Vale Encantado Avenida Bartolomeu Dias, nº 20",2660 - 441,Santo António dos Cavaleiros,219 891 329,,http://www.crechemimarte.pt,59,COLÉGIO CRESCER NO INFANTADO,https://www.primeiraimagem.com/creche-o-vale-encantado.php
C. Social e Cultural de Cabeçudos,Cabeçudos,famalicao,"Centro Social e Cultural de Cabeçudos Alameda Dr. Alberto Sampaio, 104",4770 - 085,Cabeçudos,,,,49,EQUIP SOC CENTRO SOCIAL DA FREGUESIA DE FAMALICÃO,https://www.primeiraimagem.com/centro-social-e-cultural-de-cabecudos.php
Barquinha dos Sonhos - GSSDCRM,Friúmes,penacova,"Grupo Solidariedade Social, Desportivo, Cultural e Recreativo de Miro Rua da Portela, 40 - Miro",3360 - 073,Friúmes,239 476 763,,,44,ESCOLA BÁSICA DE RIBEIRINHO - PENACOVA,https://www.primeiraimagem.com/barquinha-dos-sonhos.php
Assoc. Recreio e Cultura Salgueiral,Creixomil,guimaraes,Associação Recreio e Cultura Salgueiral Praceta João de Barros – Salgueiral Creixomil,4835 - 062,Guimarães,253 525 368,,,68,CENTRO SOCIAL DE CULTURA E RECREIO DA SILVA,https://www.primeiraimagem.com/associacao-recreio-e-cultura-salgueiral.php
F.A.D.S. - C. Infantil Os Vivaços,Quelfes,olhao,"Centro Infantil Os Vivaços Fundação Algarvia de Desenvolvimento Social Praça Dr. Coutinho Pais, Lote 28",8700 - 258,Olhão,289 703 518,,,49,PARQUE INFANTIL DA CAVALINHA,https://www.primeiraimagem.com/centro-infantil-os-vivacos.php
Assoc. para o Desenvolvimento de Galegos,Galegos,penafiel,Associação para o Desenvolvimento de Galegos Avenida do Carvalheiro - Quinta de Currais Galegos,4560 - 122,Penafiel,255 724 364,,,50,"ESCOLA BÁSICA DE SANTA MARTA, PENAFIEL",https://www.primeiraimagem.com/associacao-para-o-desenvolvimento-de-galegos.php
A. D. Freguesia de Guilhufe,Guilhufe,penafiel,Associação para o Desenvolvimento da Freguesia de Guilhufe e Urrô Avenida São João Evangelista,4560 - 161,Guilhufe PNF,919 162 916,,,50,"ESCOLA BÁSICA DE MILHUNDOS, PENAFIEL",https://www.primeiraimagem.com/associacao-para-o-desenvolvimento-da-freguesia-de-guilhufe-e-urro.php
Jardim dos Pequeninos - Creche,Quelfes,olhao,"Creche Jardim dos Pequeninos Centro de Bem-Estar Social Nossa Senhora de Fátima Rua Alberto Lopes, 2",8700 - 249,Olhão,289 721 778,,,57,"CRECHE ""AS LUZINHAS""",https://www.primeiraimagem.com/creche-jardim-dos-pequeninos.php
Centro Social Júlio Antunes,Vermoil,pombal,"Rua do Centro Social, 8",3105 - 437,Vermoil,236 942 248,,,46,ESCOLA BÁSICA DA FONTE NOVA (CENTRO ESCOLAR),https://www.primeiraimagem.com/centro-social-julio-antunes.php
Centro Social de Recesinhos,Recesinhos,penafiel,"Rua António Huet de Bacelar, nº 81",4560 - 802,S. Martinho de Recesinhos,255 735 269,,,51,CRECHE DE SANTO ANTÓNIO DOS CAPUCHOS,https://www.primeiraimagem.com/centro-social-de-recesinhos.php
SCMS - Pré-Escolar,Soure,soure,Santa Casa da Misericórdia de Soure Pré-Escolar Rua Heróis do 25 de Abril,3130 - 511,Soure,963 412 012,,,46,ESCOLA BÁSICA DE SOBRAL,https://www.primeiraimagem.com/santa-casa-da-misericordia-de-soure-pre-escolar.php
C. Soc. Paroq. da Vera Cruz,Vera Cruz,aveiro,"Centro Social Paroquial da Vera Cruz R. Prior Manuel António Fernandes, 21",3800 - 129,Aveiro,234 380 420,,https://www.colegiosantaeulalia.pt/,71,CRECHE DA VERA E DO CRUZ,https://www.primeiraimagem.com/centro-social-paroquial-da-vera-cruz.php
,,albergaria-a-velha,,,,,,,0,OBRA SOCIAL DE SÃO MARTINHO DA GÂNDARA,https://www.primeiraimagem.com/#
Assoc. Pessoal F. Calouste Gulbenkian,Avenidas Novas,lisboa,"Associação do Pessoal da Fundação Calouste Gulbenkian Rua de Dom Luís de Noronha, nº 33",1050 - 071,Lisboa,217 823 566,,http://www.escolaraiz.pt,73,ASSOCIAÇÃO DO PESSOAL DA FUNDAÇÃO GULBENKIAN,https://www.primeiraimagem.com/associacao-do-pessoal-da-fundacao-calouste-gulbenkian.php
C. Social de Pousada de Saramagos,P. Saramagos,famalicao,"Centro Social de Pousada de Saramagos Avenida de S. Martinho, 201",4770 - 408,Pousada de Saramagos,252 990 450,,,51,EQUIP SOC CENTRO SOCIAL DA FREGUESIA DE FAMALICÃO,https://www.primeiraimagem.com/centro-social-de-pousada-de-saramagos.php
ASESM,Salir de Matos,caldas-da-rainha,"Associação de Solidariedade e Educação de Salir de Matos Rua Principal, 4",2500 - 637,Salir de Matos,262 839 550,,,62,CASELSOL,https://www.primeiraimagem.com/associacao-de-solidariedade-e-educacao-de-salir-de-matos.php
C. Social e Cultural de Riba de Ave,Riba de Ave,famalicao,"Centro Social e Cultural de Riba de Ave Rua Fernando Pessoa, nº 164",4765 - 247,Riba de Ave,252 981 273,,,50,EQUIP SOC CENTRO SOCIAL DA FREGUESIA DE FAMALICÃO,https://www.primeiraimagem.com/centro-social-e-cultural-de-riba-de-ave.php
Externato Eduarda Maria,Parede,cascais,"Rua Machado dos Santos, nº 395",2775 - 236,Parede,214 573 571,,,79,EXTERNATO SANTA MARIA DO MAR,https://www.primeiraimagem.com/externato-eduarda-maria.php
C. Soc. Paroq. de Moscavide,Moscavide,loures,Centro Social Paroquial de Moscavide Praceta do Centro Social,1885 - 085,Moscavide,219 444 301,,http://www.crechemimarte.pt,48,COLÉGIO DE SANTA MARIA,https://www.primeiraimagem.com/centro-social-paroquial-de-moscavide.php
AAFFA,Fazendas Almeirim,alcanena,"Associação de Apoio às Familias de Fazendas de Almeirim Rua do Infantário, 2",2080 - 631,Fazendas de Almeirim,243 599 418,,,43,A PRACETA,https://www.primeiraimagem.com/associacao-de-apoio-as-familias-de-fazendas-de-almeirim.php
C. Social e Cultural Dr. Nuno Simões,Calendário,famalicao,"Centro Social e Cultural Dr. Nuno Simões Rua Doutor Manuel Faria, 81 Calendário",4760 - 331,Vila Nova de Famalicão,252 171 940,,,51,EQUIP SOC CENTRO SOCIAL DA FREGUESIA DE FAMALICÃO,https://www.primeiraimagem.com/centro-social-e-cultural-dr-nuno-simoes.php
Escola Gente Pequena,Mem Martins,sintra,"Avenida Professor Bento de Jesus Caraça, nº 7C e 7D",2725 - 032,Mem Martins,219 263 073,,http://www.infantario-popular-sintra.com,79,CRECHE ALDEIA DA GENTE PEQUENA,https://www.primeiraimagem.com/escola-gente-pequena.php
CBES Figueira de Lorvão,Figueira de Lorvão,penacova,Centro de Bem-Estar Social de Figueira de Lorvão Lg. Cónego Manuel Vieira dos Santos,3360 - 053,Figueira de Lorvão,239 472 741,,,44,CRECHE DA SANTA CASA DA MISERICÓRDIA DE PENACOVA,https://www.primeiraimagem.com/centro-de-bem-estar-social-de-figueira-de-lorvao.php
Assoc. Paços 2000 - Creche Dr. José Bastos,Seroa,pacos-de-ferreira,Associação Paços 2000 Lugar de S. Domingos - Seroa,4590 - 529,Paços de Ferreira,255 865 692,,http://www.colegiomarcadagua.edu.pt,36,EQUIP. SOC. OBRA SOCIAL CULTURAL SÍLVIA CARDOSO,https://www.primeiraimagem.com/creche-dr-jose-bastos.php
C. Social Paroquial de Vale S. Cosme,Vale S. Cosme,famalicao,Centro Social e Paroquial de Vale S. Cosme Largo Comendador Manuel Gonçalves,4770 - 571,Vale S. Cosme,252 910 300,,,53,EQUIP SOC CENTRO SOCIAL DA FREGUESIA DE FAMALICÃO,https://www.primeiraimagem.com/centro-social-e-paroquial-de-vale-s-cosme.php
Centro Social Paroquial de Lorvão,Lorvão,penacova,"Casa da Criança Rua do Bairro, s/n",3360-106,Lorvão,239 472 382,,,44,CRECHE DA SANTA CASA DA MISERICÓRDIA DE PENACOVA,https://www.primeiraimagem.com/centro-social-paroquial-de-lorvao.php
C. Social Paroquial S. Miguel de Ceide,Seide,famalicao,"Centro Social e Paroquial São Miguel de Ceide Rua Dr. Manuel Faria, 601",4770 - 639,Seide,252 378 082,,,56,EQUIP SOC CENTRO SOCIAL DA FREGUESIA DE FAMALICÃO,https://www.primeiraimagem.com/centro-social-e-paroquial-sao-miguel-de-ceide.php
Fundação Mário da Cunha Brito,São Pedro de Alva,penacova,"Largo Engenheiro Maurício Vieira de Brito, 1",3360 - 258,S. Pedro de Alva,239 450 140,,,49,ESCOLA BÁSICA DE RIBEIRINHO - PENACOVA,https://www.primeiraimagem.com/fundacao-mario-da-cunha-brito.php
C. Soc. S. Lázaro - Carandá,S. José de S. Lázaro,braga,"Centro Social da Paróquia de S. Lázaro Equip. Carandá Rua Arnaldo Gama, 33",4715 - 006,Braga,253 272 928,,,62,INFANTÁRIO DE MAZAGÃO - CENTRO PAROQUIAL F. C S S. S.LÁZARO,https://www.primeiraimagem.com/centro-social-da-paroquia-de-s-lazaro.php
SCMP - Creche,Penacova,penacova,"Santa Casa da Misericórdia de Penacova Rua Sto. António, 4",3360 - 337,Penacova,239 470 070,,,71,CRECHE DA SANTA CASA DA MISERICÓRDIA DE PENACOVA,https://www.primeiraimagem.com/santa-casa-da-misericordia-de-penacova.php
Casa do Povo de Nine,Nine,famalicao,"Jardim de Infância da Casa do Povo de Nine Largo de Santo António, 82",4775 - 456,Nine VNF,252 961 183,,,45,"ESCOLA BÁSICA DE FAMALICÃO, NAZARÉ",https://www.primeiraimagem.com/jardim-de-infancia-da-casa-do-povo-de-nine.php
C. Social Paroquial de Aveiras de Cima,Aveiras de Cima,azambuja,"Centro Social e Paroquial de Aveiras de Cima Travessa da Centieira, nº 3",2050 - 169,Aveiras de Cima,263 475 369,,,72,CENTRO SOCIAL PAROQUIAL DE AZAMBUJA,https://www.primeiraimagem.com/centro-social-e-paroquial-de-aveiras-de-cima.php
ASSCDRans,Rans,penafiel,"Associação de Solidariedade Social e Cultura para o Desenvolvimento de Rans Avenida Padre António Pimentel, nº 418",4560 - 755,Rans - PNF,255 720 133,,,35,"ESCOLA BÁSICA DE SANTA MARTA, PENAFIEL",https://www.primeiraimagem.com/associacao-de-solidariedade-social-e-cultura-para-o-desenvolvimento-de-rans.php
Centro Social de Calendário,Calendário,famalicao,"Rua de S. Julião, 720",4760 - 384,Calendário,252 376 071,,,74,EQUIP SOC CENTRO SOCIAL DA FREGUESIA DE FAMALICÃO,https://www.primeiraimagem.com/centro-social-de-calendario.php
Assoc. Desenvolvimento  Rio de Moinhos,Rio de Moinhos,penafiel,"Associação para o Desenvolvimento de Rio de Moinhos Praça 20 de Junho, nº 64",4575 - 470,Rio de Moinhos,255 610 510,,,54,"ESCOLA BÁSICA DE MILHUNDOS, PENAFIEL",https://www.primeiraimagem.com/associacao-para-o-desenvolvimento-de-rio-de-moinhos.php
Centro Social Paroquial de Avidos,Avidos,famalicao,"Rua Manuel Correia Marques, 284",4770 - 796,Avidos,,,,65,EQUIP SOC CENTRO SOCIAL DA FREGUESIA DE FAMALICÃO,https://www.primeiraimagem.com/centro-social-paroquial-de-avidos.php
Horizonte - Educar para Incluir,Parede,cascais,"Rua Laura Alves, nº 182",2775 - 114,Parede,214 524 619,,,79,CENTRO DE APOIO À FAMÍLIA EDUCAR PARA INCLUIR,https://www.primeiraimagem.com/horizonte-educar-para-incluir.php
Centro Social Paroquial de Requião,Requião,famalicao,"Rua Padre Benjamim Salgado, 60",4770 - 449,Requião VNF,252 375 306,,,72,EQUIP SOC CENTRO SOCIAL DA FREGUESIA DE FAMALICÃO,https://www.primeiraimagem.com/centro-social-paroquial-de-requiao.php
C. Social Paroq. Santo Estevão de Oldrões,Oldrões,penafiel,"Centro Social e Paroquial Santo Estevão de Oldrões Rua Nova do Outeiro, nº 281",4575 - 269,Oldrões - PNF,964 689 446,,,51,"ESCOLA BÁSICA DE BOAVISTA, SANTIAGO DE SUBARRIFANA, PENAFIEL",https://www.primeiraimagem.com/centro-social-e-paroquial-santo-estevao-de-oldroes.php
Centro Social de Alfarelos,Alfarelos,soure,"Rua do Cemitério, 1",3130 - 996,Alfarelos,239 642 616,,,57,ESCOLA BÁSICA DE SOBRAL,https://www.primeiraimagem.com/centro-social-de-alfarelos.php
Ideia - O Nosso Sonho - Outeiro,S. Domingos de Rana,cascais,"Rua Ruben Rolo, Edifício IDEIA Outeiro, nº 36",2785 - 816,Outeiro de Polima,214 489 700,,,79,CRECHE O NOSSO SONHO,https://www.primeiraimagem.com/ideia-o-nosso-sonho-outeiro.php
Colégio ATC,Joane,famalicao,"Associação Teatro Construção Rua Doutor Agostinho Fernandes, 113 Joane",4770 - 260,Vila Nova de Famalicão,252 993 906,,,36,"ESCOLA BÁSICA DE FAMALICÃO, NAZARÉ",https://www.primeiraimagem.com/colegio-atc.php
ACUREDE,Guia,pombal,"Rua Fonte Cabecinho, 2",3105 - 081,Guia PBL,236 952 692,,,31,CASA DA CRIANÇA DE POMBAL,https://www.primeiraimagem.com/acurede.php
C. Soc. Cult. Recreat. de Pindelo,Pindelo,oliveira-de-azemeis,"Centro Social Cultural e Recreativo de Pindelo R. Padre Manuel José Oliveira, 65",3720 - 454,Pindelo,256 601 103,,https://www.colegiosantaeulalia.pt/,64,CENTRO SOCIAL DE CULTURA E RECREIO DA SILVA,https://www.primeiraimagem.com/centro-social-cultural-e-recreativo-de-pindelo.php
SCM Alhos Vedros - O Charlot,Alhos Vedros,moita,Santa Casa Misericórdia de Alhos Vedros - O Charlot Av. Gen. Humberto Delgado,2860 - 021,Alhos Vedros,212 042 017,,,43,COLÉGIO CORTE REAL - CRECHE SADO,https://www.primeiraimagem.com/santa-casa-misericordia-de-alhos-vedros-o-charlot.php
Lar da Felicidade - Creche,Meirinhas,pombal,"Rua da Cavadinha, 36",3105 - 229,Meirinhas,236 948 087,,,49,CASA DA CRIANÇA DE POMBAL,https://www.primeiraimagem.com/lar-da-felicidade-creche.php
Colégio da Penina,Alvor,portimao,Urb. Encosta Penina Lt. 1 - 27,8500 - 329,Alvor,282 110 055,,,71,COLÉGIO DO RIO,https://www.primeiraimagem.com/colegio-da-penina.php
Colégio Alfacoop,Ruílhe,braga,Avª Comendador Padre David Ruílhe,4709 - 008,Braga,253 959 000,,,79,COLÉGIO ATLÂNTICO,https://www.primeiraimagem.com/colegio-alfacoop.php
,,alfandega-da-fe,,,,,,,0,CENTRO INFANTIL DE ALFÂNDEGA DA FÉ,https://www.primeiraimagem.com/
Creche Municipal de Carvalhosa,Carvalhosa,pacos-de-ferreira,,,,,,,43,EQUIP. SOC. OBRA SOCIAL CULTURAL SÍLVIA CARDOSO,https://www.primeiraimagem.com/creche-municipal-de-carvalhosa.php
Ché Bebé - Che Lagoense,Parchal,lagoa,,,,,,,65,O PLANETA BEBÉ,https://www.primeiraimagem.com/che-bebe-che-lagoense.php
FAA - Meninos do Aleixo,Quarteira,loule,,,,,,,67,O REINO DO ALÃO,https://www.primeiraimagem.com/meninos-do-aleixo.php
C. Cult. Soc. Sto. Adrião - Polo 4,S. José de S. Lázaro,braga,,,,,,,63,CRECHE - POLO 4 - CENTRO CULTURAL E SOCIAL DE SANTO ADRIÃO,https://www.primeiraimagem.com/centro-cultural-e-social-de-sto-adriao-polo-4.php
O Mundo do Tim Tim,Feijó,almada,,,,,,,78,O MEU MUNDO,https://www.primeiraimagem.com/o-mundo-do-tim-tim.php
C. Soc. Paroq. São Mamede,Santo António,lisboa,,,,,,,75,CENTRO SOCIAL PAROQUIAL DE SÃO MAMEDE,https://www.primeiraimagem.com/centro-social-e-paroquial-de-sao-mamede.php
Quinta da Parreirinha - Colégio,Bobadela,loures,,,,,,,71,COLÉGIO DE SANTA MARIA,https://www.primeiraimagem.com/quinta-da-parreirinha.php
SOLSIL,Oiã,oliveira-do-bairro,,,,,,,30,ESCOLA BÁSICA DA VILA VERDE,https://www.primeiraimagem.com/associacao-de-solidariedade-social-do-silveiro.php
CSCR Poutena,Vilarinho do Bairro,anadia,,,,,,,74,CENTRO CULTURAL RECREATIVO DE POUTENA - CRECHE,https://www.primeiraimagem.com/centro-social-cultural-e-recreativo-de-poutena.php
A Voz do Operário - Esp. Educ. Ilha dos Amores,Parque das Nações,lisboa,,,,,,,70,ESPAÇO EDUCATIVO ILHA DOS AMORES,https://www.primeiraimagem.com/a-voz-do-operario-espaco-educativo-do-parque-das-nacoes.php
Pequenada Feliz - Colégio,Camarate,loures,,,,,,,58,COLÉGIO DE SANTA MARIA,https://www.primeiraimagem.com/colegio-pequenada-feliz.php
C. Social de S. Tiago de Lobão,Lobão,santa-maria-da-feira,,,,,,,69,CENTRO SOCIAL DE LOUROSA,https://www.primeiraimagem.com/centro-social-de-s-tiago-de-lobao.php
Fund. Maria Luísa Ruas - Nª Srª Conceição,Gesteira,soure,,,,,,,45,CASA DA CRIANÇA DE SOURE,https://www.primeiraimagem.com/fundacao-maria-luísa-ruas-creche-nossa-senhora-da-conceicao.php
J. Escola João de Deus,S. B. Messines,silves,,,,,,,60,ESCOLA BÁSICA/JARDIM DE INFÂNCIA N.º 2 DE SILVES,https://www.primeiraimagem.com/jardim-escola-joao-de-deus-sao-bartolomeu.php
C. Apoio Social de Mozelos,Mozelos,santa-maria-da-feira,,,,,,,76,CENTRO DE APOIO SOCIAL DE PORCHES,https://www.primeiraimagem.com/centro-de-apoio-social-de-mozelos.php
Morangos - Odivelas,Famões,odivelas,,,,,,,64,CENTRO COMUNITÁRIO PAROQUIAL DE FAMÕES - CENTRO INFANTIL DE ODIVELAS,https://www.primeiraimagem.com/morangos-odivelas.php
Os Minorquinhas - Externato,Mina de Água,amadora,,,,,,,78,"EXTERNATO ""OS FOFINHOS""",https://www.primeiraimagem.com/externato-os-minorquinhas.php
C. Comunitário Vila Chã,Vila Chã,esposende,,,,,,,71,CENTRO COMUNITÁRIO DA CRIAR-T,https://www.primeiraimagem.com/centro-comunitario-de-vila-cha.php
CAIQUE - Cooperativa de Apoio à Infância de Queijas,Queijas,oeiras,,,,,,,76,BELA INFÂNCIA,https://www.primeiraimagem.com/caique-cooperativa-de-apoio-a-infancia-de-queijas.php
Centro Bem Estar Infantil - FNSG,Avelar,ansiao,,,,,,,62,CENTRO ESCOLAR DE LAGARTEIRA,https://www.primeiraimagem.com/centro-de-bem-estar-infantil_ansiao.php
Assoc. Social Freguesia de Odeleite,Oldeleite,castro-marim,,,,,,,41,CENTRO INFANTIL DA SANTA CASA DA MISERICÓRDIA DE CASTRO MARIM,https://www.primeiraimagem.com/associacao-social-da-freguesia-de-odeleite.php
C. Soc. S. Lázaro - Sá de Miranda,S. José de S. Lázaro,braga,,,,,,,69,"ESCOLA BÁSICA DE SÃO LÁZARO, BRAGA",https://www.primeiraimagem.com/centro-social-da-paroquia-de-s-lazaro-equip-sa-de-miranda.php
Escolinha Capitão Lebre,Aradas,aveiro,,,,,,,75,ESCOLINHA D'ADR,https://www.primeiraimagem.com/escolinha-capitao-lebre.php
C. Soc. Paroq. São João de Deus,Areeiro,lisboa,,,,,,,76,ESCOLA BÁSICA DE SÃO JOÃO DE DEUS,https://www.primeiraimagem.com/centro-social-paroquial-de-sao-joao-de-deus.php
Associação J. Infância Nª Sª das Graças (Polo 2),Algés,oeiras,,,,,,,76,BELA INFÂNCIA,https://www.primeiraimagem.com/associacao-jardim-de-infancia-nossa-senhora-das-gracas-polo-2.php
C. P. Bem Estar Soc. Arrentela - O Pica Pau,Arrentela,seixal,,,,,,,65,CENTRO PAROQUIAL DE BEM ESTAR SOCIAL DE ALMEIRIM,https://www.primeiraimagem.com/o-pica-pau-creche-e-jardim-de-infancia.php
Centro Integrado de Aradas,Aradas,aveiro,,,,,,,77,CENTRO INTEGRADO ARCO-IRIS,https://www.primeiraimagem.com/centro-integrado-de-aradas.php
SCMSC - O Ninho,Santo André,santiago-do-cacem,,,,,,,70,"CRECHE ""O NINHO DOS CUCOS""",https://www.primeiraimagem.com/o-ninho-creche-e-jardim-de-infancia.php
Associação Encoprof,S. João Baptista,entroncamento,,,,,,,71,ASSOCIAÇÃO MACONDE,https://www.primeiraimagem.com/infantario-da-associacao-encoprof.php
C. Social Nª Senhora da Paz,Alhos Vedros,moita,,,,,,,56,"""O NINHO""- CENTRO PAROQUIAL DE ACÇÃO SOCIAL DA MOITA",https://www.primeiraimagem.com/centro-social-nossa-senhora-da-paz.php
Inst. Português de Pedagogia Infantil,Póvoa de Santo Adrião,odivelas,,,,,,,54,"JARDIM INFANTIL ""O PINTAINHO""",https://www.primeiraimagem.com/instituto-portugues-de-pedagogia-infantil.php
Fund. Maria Luísa Ruas - Sede,Gesteira,soure,,,,,,,48,LAR DA SAIBREIRA,https://www.primeiraimagem.com/fundacao-maria-luísa-ruas-sede.php
Fundação Santa Margarida do Arrabal,Arrabal,leiria,,,,,,,75,EXTERNATO SANTA MARGARIDA,https://www.primeiraimagem.com/fundacao-santa-margarida-do-arrabal.php
SCMM - Os Meninos da Vila,Moncarapacho,olhao,,,,,,,48,ESCOLA EB1 DA CAVALINHA,https://www.primeiraimagem.com/infantario-os-meninos-da-vila.php
O Botãozinho - C. Coop. Familiar,Carcavelos,cascais,,,,,,,62,CRECHE E JARDIM DE INFÂNCIA - O BOTÃOZINHO,https://www.primeiraimagem.com/o-botaozinho-centro-de-cooperacao-familiar.php
Jardim de Infância Pingo Doce,Vila Nova da Rainha,azambuja,,,,,,,38,CENTRO SOCIAL PAROQUIAL DE AZAMBUJA,https://www.primeiraimagem.com/jardim-de-infancia-pingo-doce.php
CASP - C. Apoio Solid. da Pousa,Pousa,barcelos,,,,,,,75,CASP - CENTRO DE APOIO E SOLIDARIEDADE DE POUSA,https://www.primeiraimagem.com/centro-de-apoio-e-solidariedade-da-pousa.php
Os Infantes - Externato,Corroios,seixal,,,,,,,79,"EXTERNATO ""SOL NASCENTE""",https://www.primeiraimagem.com/externato-os-infantes.php
Pequenos e Inteligentes - Creche,Famões,odivelas,,,,,,,58,CRECHE BIBES E CHUCHAS,https://www.primeiraimagem.com/creche-pequenos-e-inteligentes.php
A Voz do Operário - Esp. Educ. do Restelo,Restelo,lisboa,,,,,,,76,ESPAÇO EDUCATIVO DO LARANJEIRO - A VOZ DO OPERÁRIO,https://www.primeiraimagem.com/a-voz-do-operario-espaco-educativo-do-restelo.php
Palhaço Azul - Creche e J. Infantil,Caneças,odivelas,,,,,,,66,JARDIM INFANTIL  O ALICERCE,https://www.primeiraimagem.com/palhaco-azul-creche-e-jardim-infantil.php
A Voz do Operário - Esp. Educ. Quinta dos Ourives,PBeato,lisboa,,,,,,,67,ESPAÇO EDUCATIVO DO LARANJEIRO - A VOZ DO OPERÁRIO,https://www.primeiraimagem.com/a-voz-do-operario-esp-educ-quinta-dos-ourives-creche.php
O Viveiro - OSFMM,Arcozelo,barcelos,,,,,,,59,"EXTERNATO ""O VIVEIRINHO""",https://www.primeiraimagem.com/obra-social-das-franciscanas-missionarias-de-maria-o-viveiro.php
Patronato Nª. Sra. Fátima de Vilar,Glória,aveiro,,,,,,,77,PATRONATO NOSSA SENHORA DE FÁTIMA,https://www.primeiraimagem.com/patronato-nossa-senhora-de-fatima-de-vilar.php
CASV Monsarros,V. N. Monsarros,anadia,,,,,,,78,CENTRO APOIO SOCIAL DE VILA NOVA DE MONSARROS,https://www.primeiraimagem.com/centro-de-apoio-social-de-vila-nova-de-monsarros.php
Escola Nau,Paço de Arcos,oeiras,,,,,,,76,ESCOLA RAIZ,https://www.primeiraimagem.com/escola-nau.php
Ideia - O Nosso Sonho - Tires,S. Domingos de Rana,cascais,,,,,,,79,CRECHE O NOSSO SONHO,https://www.primeiraimagem.com/ideia-o-nosso-sonho-tires.php
A Voz do Operário - Esp. Educ. da Graça,Graça,lisboa,,,,,,,74,ESPAÇO EDUCATIVO DO LAVRADIO - A VOZ DO OPERÁRIO,https://www.primeiraimagem.com/a-voz-do-operario-espaco-educativo-da-graca.php
Ni-Nó-Ni - Centro Infantil CVP,Póvoa de Santo Adrião,odivelas,,,,,,,75,CENTRO COMUNITÁRIO PAROQUIAL DE FAMÕES - CENTRO INFANTIL DE ODIVELAS,https://www.primeiraimagem.com/centro-infantil-ni-no-ni.php
CVP - Parque Infantil de Pechão,Pechão,olhao,,,,,,,74,PARQUE INFANTIL DA CAVALINHA,https://www.primeiraimagem.com/parque-infantil-de-pechao.php
Paraíso Infantil - Externato,Loures,loures,,,,,,,50,O REI NA BARRIGA - INFANTADO,https://www.primeiraimagem.com/externato-paraiso-infantil.php
Os 2 Patinhos - Coop. Mista Ensino do Laranjeiro,Feijó,almada,,,,,,,68,ESCOLA N.º1 DO LARANJEIRO,https://www.primeiraimagem.com/creche-e-jardim-de-infancia-os-2-patinhos.php
O Pintainho - Externato,Odivelas,odivelas,,,,,,,76,"EXTERNATO ""O PIRILAMPO""",https://www.primeiraimagem.com/o-pintainho-externato.php
Torreguia - Coop. Solid. Social C.R.L.,Cascais,cascais,,,,,,,71,CRECHE - TORREGUIA COOPERATIVA SOLIDARIEDADE SOCIAL,https://www.primeiraimagem.com/creche-torreguia.php
Centro Social Paroquial de Côja,Côja,arganil,,,,,,,50,CASA DA CRIANÇA JOAQUINA BARRETO ROSA,https://www.primeiraimagem.com/centro-social-paroquial-de-coja.php
Colégio Taguspark,Porto Salvo,oeiras,,,,,,,78,COLÉGIO CCG,https://www.primeiraimagem.com/colegio-taguspark.php
"Cercizimbra, CRL",Sesimbra,sesimbra,,,,,,,54,CENTRO INFANTIL DE COIMBRA,https://www.primeiraimagem.com/cercizimbra-crl.php
Os Preguiças - CIMM,Ramada,odivelas,,,,,,,56,OS PITRUQUINHAS - LISBOA,https://www.primeiraimagem.com/creche-os-preguicas.php
Imaginarte - Creche,Espinho,espinho,,,,,,,43,CENTRO INFANTIL DE ESPINHO II,https://www.primeiraimagem.com/imaginarte-creche.php
CATICA - Equipamento Alto da Malhada,Coina,barreiro,,,,,,,69,EQUIPAMENTO CRECHE E PRÉ-ESCOLAR DO CATICA,https://www.primeiraimagem.com/catica-equipamento-alto-da-malhada.php
SCMSB - C. Inf. António Calçada,S. Brás Alportel,s-bras-alportel,,,,,,,72,"CENTRO INFANTIL ""ANTÓNIO CALÇADA""",https://www.primeiraimagem.com/centro-infantil-antonio-calcada.php
Pirilampo - Colégio,Cascais,cascais,,,,,,,78,COLÉGIO CCG,https://www.primeiraimagem.com/colegio-pirilampo.php
Ninho dos Corujinhas,Coruche,coruche,,,,,,,72,NINHO DA CRIANÇA,https://www.primeiraimagem.com/ninho-dos-corujinhas.php
CBES Marinhais,Marinhais,salvaterra-de-magos,,,,,,,78,"JARDIM DE INFÂNCIA DE MARINHAIS, SALVATERRA DE MAGOS",https://www.primeiraimagem.com/cbes-marinhais.php
Pequenos Sorrisos,Mina de Água,amadora,,,,,,,69,O SORRISO,https://www.primeiraimagem.com/pequenos-sorrisos.php
SCM Mirandela - C. I. O Miminho,,mirandela,,,,,,,62,"CENTRO INFANTIL ""O MIMINHO""",https://www.primeiraimagem.com/santa-casa-da-misericordia-de-mirandela-cento-infantil-o-miminho.php
CASATIR,Roriz,santo-tirso,,,,,,,77,ASSTIR,https://www.primeiraimagem.com/centro-de-accao-social-de-acolhimento-a-terceira-idade-de-roriz.php
Jardim das Camélias - C. S. Candal Marco,Santa MArinha,vila-nova-de-gaia,,,,,,,77,JARDIM DAS CORES,https://www.primeiraimagem.com/jardim-das-camelias.php
Estrela Guia - Colégio,São João da Madeira,sao-joao-da-madeira,,,,,,,75,CRECHE DO NÚCLEO DE ENSINO ESTRELA GUIA,https://www.primeiraimagem.com/colegio-estrela-guia.php
Jardim Infantil Costa Verde,Espinho,espinho,,,,,,,63,EQUIPAMENTO SOCIAL COSTA VERDE,https://www.primeiraimagem.com/jardim-infantil-costa-verde.php
C. Paroq. Soc. Vila Chã,Vila Chã,esposende,,,,,,,75,EQUIP. SOC. DA ASSOCIAÇÃO SOLIDARIEDADE SOCIAL RECREATIVA E DESPORTIVA DE VILA CHÃ DE SÁ,https://www.primeiraimagem.com/centro-paroquial-e-social-de-vila-cha.php
CASTIIS,Sanguedo,santa-maria-da-feira,,,,,,,62,ASSTIR,https://www.primeiraimagem.com/c-assistencia-social-a-terceira-idade-e-infancia-de-sanguedo.php
ASSTAS,Seixal,seixal,,,,,,,67,ASSTIR,https://www.primeiraimagem.com/associacao-dos-servicos-sociais-dos-trabalhadores-das-autarquias-do-seixal.php
C. S. C. R. de Quimbres,S. Silvestre,coimbra,,,,,,,79,EQUIP. SOCIAL DO CENTRO SOC. E RECREATIVO DE QUIMBRES,https://www.primeiraimagem.com/centro-social-cultural-e-recreativo-de-quimbres.php
OPSDC - Seixo de Mira,Seixo,mira,,,,,,,54,CASA DA CRIANÇA DE MIRA,https://www.primeiraimagem.com/cbi-seixo-de-mira.php
A Voz do Operário - Esp. Educ. da Baixa da Banheira,Baixa da Banheira,moita,,,,,,,51,CENTRO SOCIAL PAROQUIAL DA MOITA DE ANADIA,https://www.primeiraimagem.com/a-voz-do-operario-espaco-educativo-da-baixa-da-banheira.php
A Voz do Operário - Esp. Educ. da Ajuda,Ajuda,lisboa,,,,,,,74,ESPAÇO EDUCATIVO DA BAIXA DA BANHEIRA - A VOZ DO OPERÁRIO,https://www.primeiraimagem.com/a-voz-do-operario-espaco-educativo-da-ajuda.php
Os Aprendizes - Laboratório do Conhecimento,Cascais,cascais,,,,,,,59,INFANTÁRIO PEQUENOS APRENDIZES,https://www.primeiraimagem.com/os-aprendizes-laboratorio-do-conhecimento.php
Centro de Amizade e Animação Social,Santiago da Guarda,ansiao,,,,,,,54,CENTRO ESCOLAR DE LAGARTEIRA,https://www.primeiraimagem.com/centro-de-amizade-e-animacao-social.php
Balão Azul - Externato,Oeiras,oeiras,,,,,,,78,"EXTERNATO ""O NIAL""",https://www.primeiraimagem.com/externato-balao-azul.php
Ass. Solid. Social de Basto,Gémeos,celorico-de-basto,,,,,,,75,JARDIM DE INFÂNCIA CENTRO SOCIAL DE CABECEIRAS DE BASTO,https://www.primeiraimagem.com/associacao-de-solidariedade-social-de-basto.php
Misericórdia de Sangalhos,Sangalhos,anadia,,,,,,,75,"PRÉ-ESCOLAR, CRECHE - SANTA CASA DA MISERICÓRDIA DE OLIVEIRA DE AZEMÉIS",https://www.primeiraimagem.com/misericordia-da-freguesia-de-sangalhos.php
Ondas de Imaginação,Famões,odivelas,,,,,,,56,DUENDE MÁGICO,https://www.primeiraimagem.com/ondas-de-imaginacao.php
Quina - Infantário,Ramada,odivelas,,,,,,,77,INFANTÁRIO PIPOS & BIBAS,https://www.primeiraimagem.com/infantario-quina.php
Instituto dos Afetos - C.C.Tires,S. Domingos de Rana,cascais,,,,,,,68,CRECHE - O CANTINHO DOS AFETOS,https://www.primeiraimagem.com/instituto-dos-afetos-creche.php
OBER - J. Infância de Gôve,Gôve,baiao,,,,,,,78,JARDIM DE INFÂNCIA DE GOUVEIA,https://www.primeiraimagem.com/jardim-de-infancia-de-gove.php
OBER - J. Infância de Ancede,Ancede,baiao,,,,,,,76,BELA INFÂNCIA,https://www.primeiraimagem.com/jardim-de-infancia-de-ancede.php
Creche Municipal do Alto Concelho,Manique do Intendente,azambuja,,,,,,,44,CENTRO SOCIAL PAROQUIAL DE AZAMBUJA,https://www.primeiraimagem.com/creche-municipal-do-alto-concelho.php
C. C. Bairro das Loureiras - CSPNAP,Camarate,loures,,,,,,,51,O REI NA BARRIGA - INFANTADO,https://www.primeiraimagem.com/centro-comunitario-do-bairro-das-loureiras.php
Associação J. Infância Nª Sª das Graças,Algés,oeiras,,,,,,,76,BELA INFÂNCIA,https://www.primeiraimagem.com/associacao-jardim-de-infancia-nossa-senhora-das-gracas.php
O Ninho - CSPPVI,Leiria,leiria,,,,,,,67,"CRECHE ""O NINHO DOS CUCOS""",https://www.primeiraimagem.com/o-ninho.php
Associação Cegonha Branca,Altura,castro-marim,,,,,,,40,ESCOLA BÁSICA N.º 1 DE CASTRO MARIM,https://www.primeiraimagem.com/associacao-cegonha-branca.php
Fórum Memória de Elefante,Fernão Ferro,seixal,,,,,,,57,CENTRO SOCIAL FONTE DE MOURA,https://www.primeiraimagem.com/forum-memoria-de-elefante.php
Centro Infantil da S. C. M. Azambuja,Azambuja,azambuja,,,,,,,68,CENTRO SOCIAL PAROQUIAL DE AZAMBUJA,https://www.primeiraimagem.com/centro-infantil-da-santa-casa-da-misericordia-da-azambuja.php
OBER - J. Infância de Sta. Marinha do Zêzere,Sta. Marinha do Zêzere,baiao,,,,,,,76,BELA INFÂNCIA,https://www.primeiraimagem.com/jardim-de-infancia-de-santa-marinha-do-zezere.php
Espaço Júnior - Assoc. Vida Abundante,Moscavide,loures,,,,,,,48,ASSOCIAÇÃO LUIZ PEREIRA MOTTA,https://www.primeiraimagem.com/espaco-junior-associacao-vida-abundante.php
OBER - J. Infância de Loivos da Ribeira,Loivos da Ribeira,baiao,,,,,,,76,BELA INFÂNCIA,https://www.primeiraimagem.com/jardim-de-infancia-de-loivos-da-ribeira.php
O Nosso Recreio - Jardim de Infância,Odivelas,odivelas,,,,,,,73,BONECA DE CORDA JARDIM DE INFÂNCIA,https://www.primeiraimagem.com/o-nosso-recreio-jardim-de-infancia.php
ABEI Vialonga - Aboboreira,Vialonga,vila-franca-de-xira,,,,,,,39,CAT QUINTA DOS BACELOS,https://www.primeiraimagem.com/associacao-para-o-bem-estar-infantil-da-freguesia-de-vialonga_i.php
Salpicos Vibrantes - Creche,Pontinha,odivelas,,,,,,,51,CRECHE BIBES E CHUCHAS,https://www.primeiraimagem.com/salpicos-vibrantes-creche.php
C.A.S.C.U.Z.,Sesimbra,sesimbra,,,,,,,71,BALSA NOVA - A.S.C.D.R.,https://www.primeiraimagem.com/centro-de-apoio-socio-cultural-unidade-zambujalense.php
Casa Cor-de-Rosa - CSCPNSL,Sé Nova,coimbra,,,,,,,67,ESCOLA BÁSICA DE RIO DE COUROS,https://www.primeiraimagem.com/casa-cor-de-rosa.php
APISAL,Arroios,lisboa,,,,,,,55,ASMAN,https://www.primeiraimagem.com/associacao-pro-infancia-santo-antonio-de-lisboa.php
Casa da Avó Piti - CSCPSM,S. Martinho do Bispo,coimbra,,,,,,,65,A CASA DA AVÓ - JARDIM DE INFÂNCIA,https://www.primeiraimagem.com/casa-da-avo-piti.php
O Fruto - C. Soc. Cultural e Recreativo Arvorense,Árvore,vila-do-conde,,,,,,,43,EQUIP. SOC. ASSOCIAÇÃO DE PROTECÇÃO À TERCEIRA IDADE - AF VILA COVA,https://www.primeiraimagem.com/o-fruto-creche-e-jardim-de-infancia.php
Tesourinhos à Vista - Creche,Pontinha,odivelas,,,,,,,54,CRECHE BIBES E CHUCHAS,https://www.primeiraimagem.com/tesourinhos-a-vista-creche.php
CASS,Souselas,coimbra,,,,,,,67,COMPASSO,https://www.primeiraimagem.com/cass-centro-de-apoio-social-de-souselas.php
C. Soc. Paroq. S. Pedro de Nariz,Nariz,aveiro,,,,,,,78,CENTRO SOCIAL E PAROQUIAL SÃO PEDRO DE NARIZ,https://www.primeiraimagem.com/centro-social-paroquial-s-pedro-de-nariz.php
C. Soc. Paroq. Sto. André de Esgueira,Esgueira,aveiro,,,,,,,76,CENTRO SOCIAL E PAROQUIAL DE SANTO ANDRÉ DE ESGUEIRA,https://www.primeiraimagem.com/centro-social-e-paroquial-de-santo-andre-de-esgueira.php
SCMSC - CBEI Santa Teresinha,Santiago do Cacém,santiago-do-cacem,,,,,,,75,CRECHE DE SANTA TERESINHA,https://www.primeiraimagem.com/centro-bem-estar-infantil-santa-teresinha.php
Jardim da Mimi,Miranda do Corvo,miranda-do-corvo,,,,,,,60,JARDIM DE INFÂNCIA DE MIRANDA DO CORVO,https://www.primeiraimagem.com/jardim-da-mimi.php
Centro Social da Paróquia de Touguinha,Touguinha,vila-do-conde,,,,,,,69,EQUIP. SOCIAL CENTRO SOCIAL  PAROQUIAL DE CAXINAS,https://www.primeiraimagem.com/centro-social-da-paroquia-de-touguinha.php
O Sossego da Mamã - Colégio,Monte da Caparica,almada,,,,,,,78,COLÉGIO CCG,https://www.primeiraimagem.com/colegio-o-sossego-da-mama.php
O Portugal dos Pequeninos II,Anta,espinho,,,,,,,46,CENTRO INFANTIL DE ESPINHO II,https://www.primeiraimagem.com/o-portugal-dos-pequeninos-ii.php
Coopescola,Penha de França,lisboa,,,,,,,75,ESCOLA DO ARCO,https://www.primeiraimagem.com/coopescola.php
Centro Social Paroquial do Sarzedo,Sarzedo,arganil,,,,,,,45,CASA DA CRIANÇA JOAQUINA BARRETO ROSA,https://www.primeiraimagem.com/centro-social-paroquial-do-sarzedo.php
SCMA - D. Filomena Rosário Almeida,Ferreiros,amares,,,,,,,65,ESCOLA BÁSICA DO ROSÁRIO,https://www.primeiraimagem.com/infantario-d-filomena-do-rosario-almeida.php
C.P.B.E.S. de Almalaguês,Almalaguês,coimbra,,,,,,,72,EQUIP. SOC. CENTRO PAROQUIAL DE BEM ESTAR SOCIAL DE ALMALAGUÊS,https://www.primeiraimagem.com/centro-paroquial-de-bem-estar-social-de-almalagues.php
O Papagaio - Creche e J. Infância,Baixa da Banheira,moita,,,,,,,70,"CRECHE ""O REGAÇO""",https://www.primeiraimagem.com/o-papagaio-creche-e-jardim-de-infancia.php
CEBI - Pólo Arranhó,Arranhó,arruda-dos-vinhos,,,,,,,44,CRECHE DO CASAL DO TELHEIRO,https://www.primeiraimagem.com/fundacao-cebi-polo-arranho.php
ASDVA - Creche,Anta,espinho,,,,,,,39,ESCOLA BÁSICA N.º 2,https://www.primeiraimagem.com/associacao-desenvolvimento-vila-de-anta.php
A. B. E. Sta. Maria de Lamas,Santa Maria de Lamas,santa-maria-da-feira,,,,,,,79,ESCOLA EB 1 DE STA. MARIA,https://www.primeiraimagem.com/associacao-bem-estar-de-santa-maria-de-lamas.php
SCM Mirandela - C. I. Arco Íris,Mirandela,mirandela,,,,,,,62,JARDIM DE INFÂNCIA DE MIRANDELA,https://www.primeiraimagem.com/santa-casa-da-misericordia-de-mirandela-cento-infantil-arco-iris.php
Toca do Trincas - Aadies IPSS,Ermidas do Sado,santiago-do-cacem,,,,,,,71,CENTRO PARA A INFÂNCIA - TOCA DO TRINCAS,https://www.primeiraimagem.com/centro-para-a-infancia-toca-do-trincas.php
Centro Infantil de Miranda do Corvo,Miranda do Corvo,miranda-do-corvo,,,,,,,74,JARDIM DE INFÂNCIA DE MIRANDA DO CORVO,https://www.primeiraimagem.com/centro-infantil-de-miranda-do-corvo.php
SCM Mogadouro - J. Infância,Mogadouro,mogadouro,,,,,,,76,BELA INFÂNCIA,https://www.primeiraimagem.com/santa-casa-da-misericordia-de-mogadouro-j-infancia.php
SCMSC - Montinho,Santiago do Cacém,santiago-do-cacem,,,,,,,73,CRECHE E JARDIM DE INFÂNCIA DO MONTINHO,https://www.primeiraimagem.com/creche-e-jardim-de-infancia-do-montinho.php
C. S. P. S. Lourenço Alhos Vedros,Alhos Vedros,moita,,,,,,,46,COLÉGIO CORTE REAL - CRECHE SADO,https://www.primeiraimagem.com/centro-social-paroquial-de-sao-lourenco-de-alhos-vedros.php
Centro Social de Paramos,Paramos,espinho,,,,,,,60,CENTRO INFANTIL DE ESPINHO II,https://www.primeiraimagem.com/centro-social-de-paramos.php
O Cantinho da Botica - SCMS,Semide,miranda-do-corvo,,,,,,,48,"ESCOLA BÁSICA DE MOINHOS, MIRANDA DO CORVO",https://www.primeiraimagem.com/o-cantinho-da-botica-creche.php
CRIBB - Creche Os Netinhos,Baixa da Banheira,moita,,,,,,,57,"CRECHE ""O REGAÇO""",https://www.primeiraimagem.com/cribb-creche-os-netinhos.php
C. Soc. Paroquial de Romariz,Romariz,santa-maria-da-feira,,,,,,,77,CENTRO PAROQUIAL DE SANTA MARIA,https://www.primeiraimagem.com/centro-social-paroquial-de-romariz.php
Os Cartolinhas - Assoc. Creches Sta. Marinha,Santa Marinha,vila-nova-de-gaia,,,,,,,74,ASSOCIAÇÃO DAS CRECHES DE SANTA MARINHA DE GAIA,https://www.primeiraimagem.com/os-cartolinhas.php
S. C. M. Ansião,Ansião,ansiao,,,,,,,67,SANTA CASA DA MISERICÓRDIA DE ANSIÃO,https://www.primeiraimagem.com/santa-casa-da-misericordia-de-ansiao.php
Centro Social Paroquial da Ilha,Ilha,pombal,,,,,,,55,ESCOLA BÁSICA DA FONTE NOVA (CENTRO ESCOLAR),https://www.primeiraimagem.com/centro-social-paroquial-da-ilha.php
SCMSJM - Abrigo Infantil Laranjeiras,São João da Madeira,sao-joao-da-madeira,,,,,,,56,CENTRO INFANTIL DE SÃO JOÃO DA MADEIRA,https://www.primeiraimagem.com/abrigo-infantil-das-laranjeiras.php
Pião Mágico - Colégio,Caneças,odivelas,,,,,,,63,COLÉGIO ESPELHO D ÁGUA,https://www.primeiraimagem.com/colegio-piao-magico.php
SCM Alhos Vedros - O Varino,Alhos Vedros,moita,,,,,,,44,"JARDIM DE INFÂNCIA DO CARVALHINHO, MOITA",https://www.primeiraimagem.com/santa-casa-misericordia-de-alhos-vedros-o-varino.php
ASSCCB - Creche,Carapelhos,mira,,,,,,,39,CASA DA CRIANÇA DE MIRA,https://www.primeiraimagem.com/associacao-de-solidariedade-social-de-carapelhos-e-corticeiro-de-baixo.php
Creche de Malaqueijo - CBES,Malaqueijo,rio-maior,,,,,,,54,CRECHE DA CHAINÇA - SCM DE RIO MAIOR,https://www.primeiraimagem.com/creche-de-malaqueijo.php
Colégio Águas Férreas,Rio Maior,rio-maior,,,,,,,79,CRECHE ÁGUAS FÉRREAS,https://www.primeiraimagem.com/colegio-aguas-ferreas.php
C. Assist. Paroq. de Pampilhosa,Pampilhosa,mealhada,,,,,,,67,JARDIM DE INFÂNCIA DA PAMPILHOSA,https://www.primeiraimagem.com/centro-de-assistencia-paroquial-de-pampilhosa.php
OPSDC - Sé Velha,Almedina,coimbra,,,,,,,56,JI DA DEVESA VELHA,https://www.primeiraimagem.com/cji-se-velha.php
OPSDC - Passo a Passo,Santa Clara,coimbra,,,,,,,70,CRECHE E JARDIM DE INFÂNCIA PASSO A PASSO,https://www.primeiraimagem.com/cji-passo-a-passo.php
CSIS - U. S. Domingos,S. Domingos,santarem,,,,,,,74,"ESCOLA BÁSICA DE MINA DE S. DOMINGOS, MÉRTOLA",https://www.primeiraimagem.com/unidade-de-s-domingos.php
Solinorte - J. I. Henrique Bravo,S. Mamede de Infesta,matosinhos,,,,,,,67,JARDIM DE INFÂNCIA HENRIQUE BRAVO,https://www.primeiraimagem.com/solinorte-jardim-de-infancia-henrique-bravo.php
CSIS - U. Pe. Manuel F. Borges,Marvila,santarem,,,,,,,68,UNIDADE DO PADRE MANUEL FRANCISCO BORGES CENTRO SOCIAL INTERPAROQUIAL DE SANTARÉM,https://www.primeiraimagem.com/unidade-padre-manuel-francisco-borges.php
S. C. M. Bom Jesus Matosinhos - O Paraíso,Matosinhos,matosinhos,,,,,,,75,"EXTERNATO ""BOM JESUS"" DE MATOSINHOS",https://www.primeiraimagem.com/creche-e-jardim-de-infancia-o-paraiso-santa-casa-da-misericordia-bom-jesus-de-matosinhos.php
S. C. M. Bom Jesus Matosinhos - Biquinha,Matosinhos,matosinhos,,,,,,,75,"EXTERNATO ""BOM JESUS"" DE MATOSINHOS",https://www.primeiraimagem.com/creche-e-jardim-de-infancia-da-biquinha-santa-casa-da-misericordia-bom-jesus-de-matosinhos.php
Associação das Escolas do Torne e do Prado,Santa Marinha,vila-nova-de-gaia,,,,,,,77,ASSOCIAÇÃO TOM DA TERRA - ECO ESCOLA,https://www.primeiraimagem.com/associacao-das-escolas-do-torne-e-do-prado.php
C. Soc. S. Lázaro - Fujacal,S. José de S. Lázaro,braga,,,,,,,62,INFANTÁRIO DE MAZAGÃO - CENTRO PAROQUIAL F. C S S. S.LÁZARO,https://www.primeiraimagem.com/centro-social-da-paroquia-de-s-lazaro-equip-fujacal.php
Patronato Amor de Deus,S. João de Ver,santa-maria-da-feira,,,,,,,74,PATRONATO DE SÃO JOSE,https://www.primeiraimagem.com/patronato-amor-de-deus.php
S. C. M. Póvoa de Lanhoso - S. Gonçalo,Póvoa de Lanhoso,povoa-de-lanhoso,,,,,,,70,EM DIÁLOGO - ASSOCIAÇÃO PARA O DESENVOLVIMENTO SOCIAL DA PÓVOA DE LANHOSO,https://www.primeiraimagem.com/santa-casa-da-misericordia-de-povoa-de-lanhoso-s-goncalo.php
Vovovelos - Creche,Póvoa de Santa Iria,vila-franca-de-xira,,,,,,,55,CRECHE QUINTA DOS BACELOS - ASSOCIAÇÃO BEM ESTAR INFANTIL VILA FRANCA DE XIRA,https://www.primeiraimagem.com/vovovelos-creche.php
Pulguinhas Mestres - Infantário,Forte da Casa,vila-franca-de-xira,,,,,,,45,JARDIM DE INFÂNCIA DE POVOS,https://www.primeiraimagem.com/infantario-pulguinhas-mestres.php
O Fofas-Creche e J. Infância,Póvoa de Santa Iria,vila-franca-de-xira,,,,,,,55,JARDIM DE INFÂNCIA DE POVOS,https://www.primeiraimagem.com/o-fofas-creche-e-jardim-de-infancia.php
MACUR,Rio Meão,santa-maria-da-feira,,,,,,,46,CRECHE A,https://www.primeiraimagem.com/movimento-de-assistencia-cultura-urbanismo-e-recreio.php
O Co.Cas - Colégio,Alhandra,vila-franca-de-xira,,,,,,,45,ESCOLA BÁSICA DR. VASCO MONIZ,https://www.primeiraimagem.com/colegio-o-co-cas.php
Mega Kids - Externato,Vialonga,vila-franca-de-xira,,,,,,,39,CAT QUINTA DOS BACELOS,https://www.primeiraimagem.com/mega-kids-externato.php
Mamã Galinha - Colégio,Póvoa de Santa Iria,vila-franca-de-xira,,,,,,,38,CAT QUINTA DOS BACELOS,https://www.primeiraimagem.com/mama-galinha.php
Colégio Bissaya Barreto,S. Martinho do Bispo,coimbra,,,,,,,78,COLÉGIO CCG,https://www.primeiraimagem.com/colegio-bissaya-barreto.php
IAC Forte da Casa,Forte da Casa,vila-franca-de-xira,,,,,,,49,ESCOLA BÁSICA DR. VASCO MONIZ,https://www.primeiraimagem.com/instituto-de-apoio-a-comunidade-de-forte-da-casa.php
Fundação CEBI,Alverca,vila-franca-de-xira,,,,,,,38,JARDIM DE INFÂNCIA DE POVOS,https://www.primeiraimagem.com/fundacao-cebi.php
C.A.P. Granja do Ulmeiro,Granja do Ulmeiro,soure,,,,,,,47,CASA DA CRIANÇA DE SOURE,https://www.primeiraimagem.com/centro-de-assistencia-paroquial-de-granja-do-ulmeiro.php
Escola Jardim do Monte,São João dos Montes,vila-franca-de-xira,,,,,,,58,"ESCOLA BÁSICA N.º 1 DO BOM RETIRO, VILA FRANCA DE XIRA",https://www.primeiraimagem.com/escola-jardim-do-monte.php
Colégio Pery,São João dos Montes,vila-franca-de-xira,,,,,,,25,ESCOLA BÁSICA DR. VASCO MONIZ,https://www.primeiraimagem.com/colegio-pery.php
Seteventos,Paranhos,porto,,,,,,,54,VENTOS TRAQUINAS,https://www.primeiraimagem.com/seteventos.php
CASBA,Alverca do Ribatejo,vila-franca-de-xira,,,,,,,30,CAT QUINTA DOS BACELOS,https://www.primeiraimagem.com/casba.php
Casa de S. José - Centro Social Paroquial,Castanheira do Ribatejo,vila-franca-de-xira,,,,,,,51,CENTRO DE BEM ESTAR INFANTIL VILA FRANCA DE XIRA,https://www.primeiraimagem.com/casa-de-s-jose.php
C. Soc.Desenvolv. do Sobralinho,Sobralinho,vila-franca-de-xira,,,,,,,46,ESCOLA BÁSICA DR. VASCO MONIZ,https://www.primeiraimagem.com/centro-social-para-o-desenvolvimento-do-sobralinho.php
Ribadouro - Externato,Bonfim,porto,,,,,,,76,EXTERNATO AEIOU,https://www.primeiraimagem.com/externato-ribadouro.php
C. Social Paroquial Padre Ângelo F. Pinto,Santa Cruz do Bispo,matosinhos,,,,,,,77,CENTRO SOCIAL PAROQUIAL DE FONTE DE ANGEÃO,https://www.primeiraimagem.com/centro-social-padre-angelo-ferreira-pinto.php
ATL de Bolonha,Póvoa de Santa Íria,vila-franca-de-xira,,,,,,,37,JARDIM DE INFÂNCIA DE POVOS,https://www.primeiraimagem.com/actividades-de-tempos-livres-de-bolonha.php
ASSAF – Pré-Escolar,Forte da Casa,vila-franca-de-xira,,,,,,,49,ESCOLA BÁSICA DR. VASCO MONIZ,https://www.primeiraimagem.com/associacao-de-solidariedade-social-de-apoio-a-familia_iii.php
Crescer Saudável - Creche CSEPDC,Sacavém,loures,,,,,,,55,COLÉGIO SABER CRESCER,https://www.primeiraimagem.com/creche-crescer-saudavel.php
C. Soc. S. Lázaro – Aveleda,Aveleda,braga,,,,,,,62,INFANTÁRIO DE MAZAGÃO - CENTRO PAROQUIAL F. C S S. S.LÁZARO,https://www.primeiraimagem.com/centro-social-da-paroquia-de-s-lazaro-equip-aveleda.php
Creche J.I. Freguesia de Moscavide e Portela,Moscavide,loures,,,,,,,54,ROSA AZUL DA FONTE SANTA - CRECHE E JARDIM INFANTIL,https://www.primeiraimagem.com/creche-e-j-infancia-da-freguesia-de-moscavide-e-portela.php
Cresce Em Loures - Creche,Loures,loures,,,,,,,67,EB DE LOURES,https://www.primeiraimagem.com/cresce-em-loures-creche-municipal.php
Colégio Manuel Bernardes,Lumiar,lisboa,,,,,,,78,COLÉGIO CCG,https://www.primeiraimagem.com/colegio-manuel-bernardes.php
A.S.M.A.N.,Gueifães,maia,,,,,,,60,C.S.S.C.M. - CENTRO SOCIAL SANTA CRISTINA DE MANSORES,https://www.primeiraimagem.com/asman.php
Creche Cinco Estrelas - Crevide,Moscavide,loures,,,,,,,54,"AMORES PERFEITOS - BERÇÁRIO E CRECHE, LDA.",https://www.primeiraimagem.com/creche-cinco-estrelas-crevide.php
Verde Água - Colégio,Mafra,mafra,,,,,,,33,"A ESCOLINHA DOS PEQUENITOS, ENSINO E FORMAÇÃO, LDA",https://www.primeiraimagem.com/colegio-verde-agua.php
Conservatório Artallis,Unhos,loures,,,,,,,44,COLÉGIO CRESCER NO INFANTADO,https://www.primeiraimagem.com/conservatorio-artallis.php
Colégio Integrado Monte Maior,Montemor,loures,,,,,,,63,COLÉGIO DE SANTA MARIA,https://www.primeiraimagem.com/colegio-integrado-monte-maior.php
Santa Casa Misericórdia de Mafra,Mafra,mafra,,,,,,,62,"ESCOLA BÁSICA DR. SANCHES DE BRITO, MAFRA",https://www.primeiraimagem.com/santa-casa-misericordia-de-mafra.php
Quintinha da CEBI,Ericeira,mafra,,,,,,,48,CRECHE MUNICIPAL DE MAFRA,https://www.primeiraimagem.com/quintinha-da-cebi.php
C. Soc. Paroq. da Bobadela,Bobadela,loures,,,,,,,47,ESCOLA BÁSICA À-DOS-CÃOS,https://www.primeiraimagem.com/centro-social-e-paroquial-da-bobadela.php
Posto de Assistência Social da Malveira,Malveira,mafra,,,,,,,51,"JARDIM DE INFÂNCIA DO QUINTAL, MAFRA",https://www.primeiraimagem.com/posto-de-assistencia-social-da-malveira.php
C. Popular Infantil - Nascer do Sol,Bobadela,loures,,,,,,,52,JARDIM DE INFÂNCIA Nº2 DE LOURES,https://www.primeiraimagem.com/centro-popular-infantil-nascer-do-sol.php
Colégio Amadeu Andrés,Arroios,lisboa,,,,,,,78,COLÉGIO CCG,https://www.primeiraimagem.com/colegio-amadeu-andres.php
C. C. S. Santo António dos Cavaleiros,Sto. António dos Cavaleiros,loures,,,,,,,55,ASSOCIAÇÃO DOUTOR JOÃO DOS SANTOS,https://www.primeiraimagem.com/centro-cultural-e-social-de-santo-antonio-dos-cavaleiros.php
Escolinha dos Pequenitos - Creche e J.Infância,Mafra,mafra,,,,,,,76,"A ESCOLINHA DOS PEQUENITOS, ENSINO E FORMAÇÃO, LDA",https://www.primeiraimagem.com/escolinha-dos-pequenitos-creche-e-jardim-de-infancia.php
C. C. Bairro Sto. António II - CSPNAP,Camarate,loures,,,,,,,48,ESCOLA BÁSICA À-DOS-CÃOS,https://www.primeiraimagem.com/centro-comunitario-do-bairro-de-sto-antonio-ii.php
Centro Social e Paroquial de Igreja Nova,Igreja Nova,mafra,,,,,,,54,CENTRO DE BEM ESTAR INFANTIL DE NOSSA SENHORA DAS DORES,https://www.primeiraimagem.com/centro-social-e-paroquial-de-igreja-nova.php
Ass. Cult. Recreat. Social de Samuel,Samuel,soure,,,,,,,54,ESCOLA BÁSICA DE SOBRAL,https://www.primeiraimagem.com/associacao-cultural-recreativa-e-social-de-samuel.php
Arte e Manha - Colégio,Mafra,mafra,,,,,,,71,ART & MANHA,https://www.primeiraimagem.com/colegio-arte-e-manha.php
APERCIM - Crescer na Quinta,Santo Isidoro,mafra,,,,,,,47,"JARDIM DE INFÂNCIA DO QUINTAL, MAFRA",https://www.primeiraimagem.com/apercm-crescer-na-quinta.php
APERCIM - Assoc. Educ. Reab. Crianças Inadaptadas,Mafra,mafra,,,,,,,66,ASSOCIAÇÃO PARA A EDUCAÇÃO E REABILITAÇÃO DE CRIANÇAS INADAPTADAS DE MAFRA,https://www.primeiraimagem.com/apercim.php
Associação Pomba da Paz - IPSS - E.C.,Sacavém,loures,,,,,,,56,ASSOCIAÇÃO LUIZ PEREIRA MOTTA,https://www.primeiraimagem.com/associacao-pomba-da-paz-ipss-espaco-comunitario.php
Associação Pomba da Paz - IPSS,Unhos,loures,,,,,,,60,ASSOCIAÇÃO LUIZ PEREIRA MOTTA,https://www.primeiraimagem.com/associacao-pomba-da-paz-ipss.php
Assoc. Nossa Senhora dos Anjos,Camarate,loures,,,,,,,60,ESCOLA BÁSICA À-DOS-CÃOS,https://www.primeiraimagem.com/associacao-nossa-senhora-dos-anjos.php
Os MagNetinhos da ADASM,Meinedo,lousada,,,,,,,67,O CANTINHO DA BRINCADEIRA,https://www.primeiraimagem.com/os-magnetinhos-da-adasm.php
Assoc. Cantinho das Crianças Prior Velho,Prior Velho,loures,,,,,,,50,ASSOCIAÇÃO LUIZ PEREIRA MOTTA,https://www.primeiraimagem.com/associacao-cantinho-das-criancas-do-prior-velho.php
Ases Brincalhões - Creche,Bobadela,loures,,,,,,,59,"AMORES PERFEITOS - BERÇÁRIO E CRECHE, LDA.",https://www.primeiraimagem.com/creche-ases-brincalhoes.php
Casa Protecção e Amparo Sto. António,Estrela,lisboa,,,,,,,66,PATRONATO SANTO ANTÓNIO,https://www.primeiraimagem.com/casa-de-proteccao-e-amparo-de-santo-antonio.php
SCML - Jardim Infantil de S. José,Lousã,lousa,,,,,,,73,"JARDIM DE INFÂNCIA DE SALEMAS, LOURES",https://www.primeiraimagem.com/santa-casa-da-misericordia-da-lousa.php
Aldeia dos Sonhos - Creche e J. Infância,Sto. António dos Cavaleiros,loures,,,,,,,63,ROSA AZUL DA FONTE SANTA - CRECHE E JARDIM INFANTIL,https://www.primeiraimagem.com/aldeia-dos-sonhos.php
Ass. Cult. Desp. Solid. Vinha da Rainha,Vinha da Rainha,soure,,,,,,,47,CASA DA CRIANÇA DE SOURE,https://www.primeiraimagem.com/associacao-cultural-desportiva-de-solidariedade-da-vinha-da-rainha.php
A Turminha dos Pimpolhos,São João da Talha,loures,,,,,,,46,ESCOLA BÁSICA À-DOS-CÃOS,https://www.primeiraimagem.com/a-turminha-dos-pimpolhos.php
Casa da Floresta Verdes Anos,S. Domingos de Benfica,lisboa,,,,,,,64,CASA DA CRIANÇA,https://www.primeiraimagem.com/casa-da-floresta-verdes-anos.php
C.P.S.S. da Freguesia de Serpins,Serpins,lousa,,,,,,,45,"JARDIM DE INFÂNCIA DE SALEMAS, LOURES",https://www.primeiraimagem.com/centro-paroquial-de-solidariedade-social-da-freguesia-de-serpins.php
A Mãe Canguru - Creche e J. Infância,Prior Velho,loures,,,,,,,59,ROSA AZUL DA FONTE SANTA - CRECHE E JARDIM INFANTIL,https://www.primeiraimagem.com/a-mae-canguru-creche-e-jardim-de-infancia.php
Candeia Encantada,S. João de Deus,lisboa,,,,,,,69,ESCOLINHA ENCANTADA - INFANTÁRIO,https://www.primeiraimagem.com/jardim-de-infancia-candeia-encantada.php
Nobel Algarve - Campus de Almancil,Almancil,loule,,,,,,,62,"JARDIM DE INFÂNCIA DE ALMANCIL, LOULÉ",https://www.primeiraimagem.com/nobel-algarve-british-international-school-almancil.php
Small Land - Colégio,S. Julião do Tojal,loures,,,,,,,60,COLÉGIO DE SANTA MARIA,https://www.primeiraimagem.com/colegio-small-land.php
Pinheirinho Verde - J. Infância,Corroios,seixal,,,,,,,76,BELA INFÂNCIA,https://www.primeiraimagem.com/pinheirinho-verde-jardim-de-infancia.php
Os Cachoeirinhos - Creche e J. Infância,São João da Talha,loures,,,,,,,62,COLÉGIO CRESCER NO INFANTADO,https://www.primeiraimagem.com/os-cachoeirinhos.php
Clube do Bibe,Vilamoura,loule,,,,,,,59,COLÉGIO DO AVE,https://www.primeiraimagem.com/clube-do-bibe.php
OBER - J. Infância de Campelo,Campelo,baiao,,,,,,,76,BELA INFÂNCIA,https://www.primeiraimagem.com/jardim-de-infancia-de-campelo.php
Pequenos e Reguilas - Creche e J. Infância,Ramada,odivelas,,,,,,,57,"PEQUENOS E DIVERTIDOS, LDA",https://www.primeiraimagem.com/pequenos-e-reguilas.php
"Os Amiguinhos - Creche, Jardim de Infância e ATL",Santa Iria de Azóia,loures,,,,,,,77,JARDIM DE INFÂNCIA Nº2 DE LOURES,https://www.primeiraimagem.com/os-amiguinhos.php
Colégio Nova Encosta,Ferreira,pacos-de-ferreira,,,,,,,63,ENCOSTA DOS SONHOS,https://www.primeiraimagem.com/colegio-nova-encosta.php
C. Soc. Paroq. Penha de França,Penha de França,lisboa,,,,,,,75,ASSOCIAÇÃO DE PENHA DE FRANÇA,https://www.primeiraimagem.com/jardim-infantil-do-centro-social-paroquial-penha-de-franca.php
C. Soc. Sta. Maria de Sardoura,Sta. Maria Sardoura,castelo-de-paiva,,,,,,,77,CENTRO SOCIAL DE SANTA MARIA DE SARDOURA - CRECHE E LAR DE IDOSOS,https://www.primeiraimagem.com/centro-social-de-santa.maria-de-sardoura.php
Os Vidoeirinhos - CASBI,Bidoeira de Cima,leiria,,,,,,,76,OS CACHOEIRINHOS,https://www.primeiraimagem.com/creche-os-vidoeirinhos.php
O Saltarico - Associação,Sto. António dos Cavaleiros,loures,,,,,,,63,ASSOCIAÇÃO LUIZ PEREIRA MOTTA,https://www.primeiraimagem.com/associacao-o-saltarico.php
NucliSol - São João da Talha,São João da Talha,loures,,,,,,,48,ESCOLA BÁSICA À-DOS-CÃOS,https://www.primeiraimagem.com/nuclisol-jean-piaget-sao-joao-da-talha.php
Mimarte - Creche e Jardim de Infância,Portela-Moscavide,loures,,,,,,,77,JARDIM DE INFÂNCIA Nº2 DE LOURES,https://www.primeiraimagem.com/mimarte_loures.php
Life in Party Kids,Camarate,loures,,,,,,,44,PADRÃO - ESTABELECIMENTO DE ENSINO,https://www.primeiraimagem.com/life-in-party-kids.php
Inst. Apoio Soc. Freguesia de Bucelas,Bucelas,loures,,,,,,,51,"ESCOLA BÁSICA  DE MONTEMOR, LOURES",https://www.primeiraimagem.com/instituicao-de-apoio-social-da-freguesia-de-bucelas.php
SCML - CSC do Bairro da Flamenga,Marvila,lisboa,,,,,,,75,CENTRO SOCIAL COMUNITÁRIO BAIRRO DA FLAMENGA,https://www.primeiraimagem.com/scml-csc-do-bairro-da-flamenga.php
Fundação Obra Nossa Senhora da Purificação,Moscavide,loures,,,,,,,48,ASSOCIAÇÃO DOUTOR JOÃO DOS SANTOS,https://www.primeiraimagem.com/fundacao-obra-nossa-senhora-da-purificacao.php
Florbela Espanca - Externato,São João da Talha,loures,,,,,,,45,PADRÃO - ESTABELECIMENTO DE ENSINO,https://www.primeiraimagem.com/externato-florbela-espanca.php
Espaço A Criança - CPR,Bobadela,loures,,,,,,,50,ESCOLA BÁSICA À-DOS-CÃOS,https://www.primeiraimagem.com/espaco-a-crianca.php
ASSAF – Creche,Forte da Casa,vila-franca-de-xira,,,,,,,67,CRECHE QUINTA DOS BACELOS - ASSOCIAÇÃO BEM ESTAR INFANTIL VILA FRANCA DE XIRA,https://www.primeiraimagem.com/associacao-de-solidariedade-social-de-apoio-a-familia_ii.php
Externato Santo Adrião,Póvoa de Santo Adrião,odivelas,,,,,,,65,"EXTERNATO ""O PIRILAMPO""",https://www.primeiraimagem.com/externato-santo-adriao.php
ASSAF – Berçário / PER,Forte da Casa,vila-franca-de-xira,,,,,,,39,"ESCOLA BÁSICA N.º 1 DO BOM RETIRO, VILA FRANCA DE XIRA",https://www.primeiraimagem.com/associacao-de-solidariedade-social-de-apoio-a-familia_i.php
Externato Pica-Pau - J. Infância e 1º Ciclo,Ramada,odivelas,,,,,,,60,"EXTERNATO ""O PIRILAMPO""",https://www.primeiraimagem.com/externato-pica-pau-j-infancia-e-1-ciclo.php
ASSAF – Berçário / Creche,Forte da Casa,vila-franca-de-xira,,,,,,,45,CAT-0/12 - CAT-12/18 - CRECHE (FIDALGOS) - ASS.BEM ESTAR INFANTIL V.F.XIRA,https://www.primeiraimagem.com/associacao-de-solidariedade-social-de-apoio-a-familia.php
Externato Pica-Pau - Creche e J. Infância,Ramada,odivelas,,,,,,,60,"EXTERNATO ""O PIRILAMPO""",https://www.primeiraimagem.com/externato-pica-pau-creche-e-j-infancia.php
C. Solid. Social do Paião,Paião,figueira-da-foz,,,,,,,79,CENTRO DE SOLIDARIEDADE SOCIAL DO PAIÃO,https://www.primeiraimagem.com/centro-de-solidariedade-social-do-paiao.php
Ass. Promoção Social de Alhandra,Alhandra,vila-franca-de-xira,,,,,,,47,JARDIM DE INFÂNCIA DE POVOS,https://www.primeiraimagem.com/associacao-de-promocao-social-de-alhandra.php
Espelho de Água - Creche e J. Infância,Odivelas,odivelas,,,,,,,71,COLÉGIO ESPELHO D ÁGUA,https://www.primeiraimagem.com/espelho-de-agua-creche-e-jardim-de-infancia.php
APAC - J. Infância,Póvoa de Santa Iria,vila-franca-de-xira,,,,,,,70,JARDIM DE INFÂNCIA N.º 2 DE VILA FRANCA DE XIRA,https://www.primeiraimagem.com/associacao-popular-de-apoio-a-crianca_ii.php
Espantalho Encantado,Odivelas,odivelas,,,,,,,60,"JARDIM INFANTIL ""O PINTAINHO""",https://www.primeiraimagem.com/infantario-espantalho-encantado.php
APAC - Creche e J. Infância,Póvoa de Santa Iria,vila-franca-de-xira,,,,,,,50,JARDIM DE INFÂNCIA N.º 2 DE VILA FRANCA DE XIRA,https://www.primeiraimagem.com/associacao-popular-de-apoio-a-crianca_i.php
Espantalho Colorido,Odivelas,odivelas,,,,,,,59,COLÉGIO ESPELHO D ÁGUA,https://www.primeiraimagem.com/creche-espantalho-colorido.php
APAC - Creche,Póvoa de Santa Iria,vila-franca-de-xira,,,,,,,71,CRECHE QUINTA DOS BACELOS - ASSOCIAÇÃO BEM ESTAR INFANTIL VILA FRANCA DE XIRA,https://www.primeiraimagem.com/associacao-popular-de-apoio-a-crianca.php
O Sol - Assoc. Creches S. Vicente de Paulo,Santo Ildefonso,porto,,,,,,,77,COLÉGIO JARDIM DOS SENTIDOS - ASSOC. DAS OBRAS ASSIST. DA SOCIEDADE DE S. VICENTE DE PAULO,https://www.primeiraimagem.com/o-sol-creche-e-jardim-de-infancia.php
ABEIVFX - Quinta dos Fidalgos,Vila Franca de Xira,vila-franca-de-xira,,,,,,,65,CAT QUINTA DOS BACELOS,https://www.primeiraimagem.com/quinta-dos-fidalgos.php
Di-Dó-Di - Creche CVP,Póvoa de Santo Adrião,odivelas,,,,,,,55,CRECHE BIBES E CHUCHAS,https://www.primeiraimagem.com/creche-di-do-di.php
Creche Colinas do Cruzeiro - Creche e J. Infância,Odivelas,odivelas,,,,,,,60,BONECA DE CORDA JARDIM DE INFÂNCIA,https://www.primeiraimagem.com/creche-colinas-do-cruzeiro.php
ABEIVFX - Quinta da Ponte,São João dos Montes,vila-franca-de-xira,,,,,,,58,CAT QUINTA DOS BACELOS,https://www.primeiraimagem.com/quinta-da-ponte.php
CVP - C. Comunitário da Fuseta,Fuseta,olhao,,,,,,,50,ESCOLA BÁSICA JOSÉ CARLOS DA MAIA,https://www.primeiraimagem.com/infantario-do-centro-comunitario-da-fuseta.php
A. P. S. Castanheira do Ribatejo III,Castanheira do Ribatejo,vila-franca-de-xira,,,,,,,42,JARDIM DE INFÂNCIA DE POVOS,https://www.primeiraimagem.com/associacao-de-promocao-social-da-castanheira-do-ribatejo_iii.php
A. P. S. Castanheira do Ribatejo II,Castanheira do Ribatejo,vila-franca-de-xira,,,,,,,43,JARDIM DE INFÂNCIA DE POVOS,https://www.primeiraimagem.com/associacao-de-promocao-social-da-castanheira-do-ribatejo_ii.php
Cartola de Sonhos - Creche,Famões,odivelas,,,,,,,48,CRECHE BIBES E CHUCHAS,https://www.primeiraimagem.com/cartola-de-sonhos-creche.php
A. P. S. Castanheira do Ribatejo,Castanheira do Ribatejo,vila-franca-de-xira,,,,,,,43,CAT QUINTA DOS BACELOS,https://www.primeiraimagem.com/associacao-de-promocao-social-da-castanheira-do-ribatejo.php
C. Soc. Paroq. da Póvoa de Sto. Adrião,Póvoa de Santo Adrião,odivelas,,,,,,,55,"JARDIM DE INFÂNCIA DR. JOÃO DOS SANTOS, ODIVELAS",https://www.primeiraimagem.com/centro-social-paroquial-da-povoa-de-sto-adriao.php
C. C. P. Ramada - Sede,Ramada,odivelas,,,,,,,40,ESCOLA BÁSICA MARIA MÁXIMA VAZ,https://www.primeiraimagem.com/centro-comunitario-paroquial-da-ramada.php
Venerável Ordem Terceira S. Francisco,Vila do Conde,vila-do-conde,,,,,,,53,EQUIP. SOC. ASSOCIAÇÃO DE PROTECÇÃO À TERCEIRA IDADE - AF VILA COVA,https://www.primeiraimagem.com/veneravel-ordem-terceira-de-s-francisco-de-vila-do-conde.php
C. C. P. Ramada - Creche Sta. Teresinha,Ramada,odivelas,,,,,,,45,CRECHE BIBES E CHUCHAS,https://www.primeiraimagem.com/creche-santa-teresinha.php
O Tecto - Associação de Solidariedade Social,Fajozes,vila-do-conde,,,,,,,55,EQUIP. SOC. ASSOCIAÇÃO DE PROTECÇÃO À TERCEIRA IDADE - AF VILA COVA,https://www.primeiraimagem.com/o-tecto.php
O Sonho - C. S. Paroquial da Junqueira,Junqueira,vila-do-conde,,,,,,,54,EQUIP. SOCIAL CENTRO SOCIAL  PAROQUIAL DE CAXINAS,https://www.primeiraimagem.com/o-sonho-centro-social-paroquial-da-junqueira.php
Jardim dos Sonhos,Touguinhó,vila-do-conde,,,,,,,74,"JARDIM DE INFÂNCIA DA RUA DOS GIRASSÓIS, CAXINAS, VILA DO CONDE",https://www.primeiraimagem.com/jardim-dos-sonhos.php
A.C.I.J.R.,Ramada,odivelas,,,,,,,40,O BALÃO CIRCULAR,https://www.primeiraimagem.com/associacao-comunitaria-infantil-e-juvenil-da-ramada.php
Academia do Mimo - Creche,Ramada,odivelas,,,,,,,54,ESCOLA BÁSICA DO MOSTEIRO,https://www.primeiraimagem.com/academia-do-mimo.php
Infantário D. Vitória,Vila do Conde,vila-do-conde,,,,,,,75,INFANTÁRIO D. VICTÓRIA GRAÇA ANDRADE FERREIRA,https://www.primeiraimagem.com/infantario-d-vitoria.php
A Sandrinha - Colégio,Pontinha,odivelas,,,,,,,59,COLÉGIO ESPELHO D ÁGUA,https://www.primeiraimagem.com/colegio-a-sandrinha.php
S. C. M. Vila de Óbidos,Óbidos,obidos,,,,,,,67,CASA DO POVO DE ÓBIDOS,https://www.primeiraimagem.com/santa-casa-da-misericordia-da-vila-de-obidos.php
Centro Social em Macieira - SCMVC,Macieira da Maia,vila-do-conde,,,,,,,59,EQUIP. SOCIAL CENTRO SOCIAL  PAROQUIAL DE CAXINAS,https://www.primeiraimagem.com/centro-social-em-macieira.php
Escola Francesa do Porto,Lordelo do Ouro,porto,,,,,,,78,ESCOLA DO ARCO,https://www.primeiraimagem.com/escola-francesa-do-porto.php
O Reguila - AMSAC,Sto. António dos Cavaleiros,loures,,,,,,,51,ESCOLA BÁSICA À-DOS-CÃOS,https://www.primeiraimagem.com/o-reguila.php
Casa da Criança - SCMVC,Vila do Conde,vila-do-conde,,,,,,,50,CENTRO DE ACOLHIMENTO DE CRIANÇAS EM RISCO DA SANTA CASA DA MISERICÓRDIA VILA DO CONDE,https://www.primeiraimagem.com/casa-da-crianca.php
Centro Social Valado dos Frades,Valado dos Frades,nazare,,,,,,,51,JARDIM DE INFÂNCIA DO BAIRRO DOS PESCADORES,https://www.primeiraimagem.com/centro-social-valado-dos-frades.php
F.A.D.S. - Os Vivaços,Estoi,faro,,,,,,,74,"CRECHE ""OS VIVAÇOS""",https://www.primeiraimagem.com/os-vivacos.php
APTIAF Vila Cova,Vila do Conde,vila-do-conde,,,,,,,72,EQUIP. SOC. ASSOCIAÇÃO DE PROTECÇÃO À TERCEIRA IDADE - AF VILA COVA,https://www.primeiraimagem.com/associacao-de-proteccao-a-terceira-idade-vila-cova.php
Centro Social Freguesia de Famalicão,Famalicão,nazare,,,,,,,46,CONFRARIA NOSSA SENHORA DA NAZARÉ,https://www.primeiraimagem.com/centro-social-da-freguesia-de-famalicao.php
COOPPOFA,São Pedro,faro,,,,,,,55,COLÉGIO PAPIÃO,https://www.primeiraimagem.com/cooperativa-de-consumo-popular-de-faro.php
Escolinha do Outeiro da Gafanha,Murtosa,murtosa,,,,,,,43,"ESCOLA BÁSICA E SECUNDÁRIA PADRE ANTÓNIO MORAIS DA FONSECA, MURTOSA",https://www.primeiraimagem.com/escolinha-do-outeiro-da-gafanha.php
Creche Dr.ª Maria Júlia Martins - SCMVM,Cantelães,vieira-do-minho,,,,,,,42,CRECHE / JARDIM DE INFÂNCIA / CATL SANTA CECÍLIA - SANTA CASA MISERICÓRDIA VIEIRA DO MINHO,https://www.primeiraimagem.com/creche-dra-maria-julia-martins.php
Maria Droste - Externato,Ermesinde,valongo,,,,,,,44,ARTISTAS & CIENTISTAS,https://www.primeiraimagem.com/externato-maria-droste.php
Jardim da Joana - Serviços Educativos,Valongo,valongo,,,,,,,71,JARDIM DE INFÂNCIA JARDIM DA JOANA,https://www.primeiraimagem.com/jardim-da-joana.php
Chupetão - Novo Colégio,Aldoar,porto,,,,,,,78,COLÉGIO CCG,https://www.primeiraimagem.com/chupetao.php
CASCD - CBEI Nª Srª de Fátima,Sé,faro,,,,,,,65,CASA NOSSA SENHORA DE FÁTIMA,https://www.primeiraimagem.com/centro-de-bem-estar-infantil-nossa-senhora-de-fatima.php
Centro Social Paroquial Sto. André Sobrado,Sobrado,valongo,,,,,,,45,EQUIP. SOC. DA SANTA CASA DA MISERICÓRDIA DE VALONGO,https://www.primeiraimagem.com/centro-social-e-paroquial-santo-andre-de-sobrado.php
CASCD - CBEI da Falfosa,Sta. Bárbara Nexe,faro,,,,,,,65,CENTRO DE BEM ESTAR INFANTIL DA FALFOSA,https://www.primeiraimagem.com/centro-de-bem-estar-infantil-da-falfosa.php
Centro Social Ermesinde,Ermesinde,valongo,,,,,,,43,NOVO COLEGIO DE VALONGO,https://www.primeiraimagem.com/centro-social-ermesinde.php
Centro Social e Paroquial de Alfena,Alfena,valongo,,,,,,,49,"O CAMINHAR, CRECHE E JARDIM DE INFÂNCIA",https://www.primeiraimagem.com/centro-social-e-paroquial-de-alfena.php
Centro Paroq. Social S. Martinho de Campo,Campo,valongo,,,,,,,49,EQUIP. SOC. DA SANTA CASA DA MISERICÓRDIA DE VALONGO,https://www.primeiraimagem.com/centro-paroquial-e-social-de-sao-martinho-de-campo.php
ANSN,Ilha da Culatra,faro,,,,,,,67,ASMAN,https://www.primeiraimagem.com/associacao-nossa-senhora-dos-navegantes.php
Associação Feijoeiro Mágico,Alfena,valongo,,,,,,,50,"ESCOLA BÁSICA DE CALVÁRIO, VALONGO",https://www.primeiraimagem.com/associacao-feijoeiro-magico.php
Centro Paroquial Montijo - J.I. Papagaio,Montijo,montijo,,,,,,,73,CENTRO PAROQUIAL BARCELINHOS,https://www.primeiraimagem.com/jardim-de-infancia-papagaio.php
A Joaninha - CCSPSBN,Sta. Bárbara Nexe,faro,,,,,,,71,"JARDIM DE INFÂNCIA A JOANINHA, SILVARES, FUNDÃO",https://www.primeiraimagem.com/jardim-de-infancia-a-joaninha.php
Associação de Promoção Social do Calvário,Campo,valongo,,,,,,,62,"ESCOLA BÁSICA DE CALVÁRIO, VALONGO",https://www.primeiraimagem.com/associacao-de-promocao-social-do-calvario.php
Centro Paroquial Montijo - J.I. Girassol,Montijo,montijo,,,,,,,74,"CENTRO SOCIAL INFANTIL "" O GIRASSOL""",https://www.primeiraimagem.com/jardim-de-infancia-girassol.php
SCMF - Creche Nª Srª da Lapa,V. N. Famalicão,famalicao,,,,,,,43,EQUIP SOC CENTRO SOCIAL DA FREGUESIA DE FAMALICÃO,https://www.primeiraimagem.com/creche-nossa-senhora-da-lapa.php
C. Soc. Paroq. N. Sra. Atalaia - Escolinha,Atalaia,montijo,,,,,,,75,ESCOLINHA D'ADR,https://www.primeiraimagem.com/escolinha-nossa-senhora-da-atalaia.php
SCMF - Creche Nª Srª da Guia,Outiz,famalicao,,,,,,,45,EQUIP SOC CENTRO SOCIAL DA FREGUESIA DE FAMALICÃO,https://www.primeiraimagem.com/creche-nossa-senhora-da-guia.php
Recreio do João - CRL,Vermoim,famalicao,,,,,,,38,"ESCOLA BÁSICA DE FAMALICÃO, NAZARÉ",https://www.primeiraimagem.com/recreio-do-joao-cooperativa-de-solidariedade-social-crl.php
Mundos de Vida,Lousado,famalicao,,,,,,,32,EQUIP SOC CENTRO SOCIAL DA FREGUESIA DE FAMALICÃO,https://www.primeiraimagem.com/mundos-de-vida.php
Mais Plural,Gavião,famalicao,,,,,,,27,"ESCOLA BÁSICA DE FAMALICÃO, NAZARÉ",https://www.primeiraimagem.com/mais-plural.php
C. S. P. S. Pedro de Castelões,S. Pedro Castelões,vale-de-cambra,,,,,,,68,CASA DE SÃO PEDRO,https://www.primeiraimagem.com/centro-social-paroquial-s-pedro-de-casteloes_s_p_c.php
Cooperativa A Torre,Restelo,lisboa,,,,,,,73,COOPFAFE - COOPERATIVA DE SOLIDARIEDADE SOCIAL DE FAFE,https://www.primeiraimagem.com/cooperativa-a-torre.php
Júlio Brandão - Infantário,V. N. Famalicão,famalicao,,,,,,,39,"ESCOLA BÁSICA DE FAMALICÃO, NAZARÉ",https://www.primeiraimagem.com/julio-brandao-infantario.php
S. C. M. Vagos Z.I.,Vagos,vagos,,,,,,,53,CAI DE SÃO JOSÉ,https://www.primeiraimagem.com/santa-casa-da-misericordia-de-vagos-creche-z-i.php
Jardim de Infância da ACB,V. N. Famalicão,famalicao,,,,,,,52,"ESCOLA BÁSICA DE FAMALICÃO, NAZARÉ",https://www.primeiraimagem.com/jardim-de-infancia-da-acb.php
S. C. M. Vagos,Vagos,vagos,,,,,,,62,BETEL - PONTE DE VAGOS,https://www.primeiraimagem.com/santa-casa-da-misericordia-de-vagos.php
Centro Soc. Paroq. N. Sr.ª Vitória,Vitória,porto,,,,,,,69,CENTRO SOCIAL PAROQUIAL DO TORRÃO,https://www.primeiraimagem.com/centro-social-paroquial-nossa-senhora-da-vitoria.php
J. Infantil D. Elzira Cupertino de Miranda,Louro,famalicao,,,,,,,47,EQUIP SOC CENTRO SOCIAL DA FREGUESIA DE FAMALICÃO,https://www.primeiraimagem.com/creche-e-jardim-infantil-dona-elzira-cupertino-de-miranda.php
Instituto de São José,Oliveira,famalicao,,,,,,,37,"ESCOLA BÁSICA DE FAMALICÃO, NAZARÉ",https://www.primeiraimagem.com/instituto-de-sao-jose.php
Creche SocialELOOS,Fradelos,famalicao,,,,,,,36,EQUIP SOC CENTRO SOCIAL DA FREGUESIA DE FAMALICÃO,https://www.primeiraimagem.com/creche-socialeloos.php
Creche Mãe - C.S.P. Sto. Adrião Polo 1,V. N. Famalicão,famalicao,,,,,,,39,"ESCOLA BÁSICA DE FAMALICÃO, NAZARÉ",https://www.primeiraimagem.com/creche-mae-patronato-da-sagrada-familia-polo-1.php
Centro de Caridade Nª. Srª. Perpétuo Socorro,Bonfim,porto,,,,,,,69,CENTRO DE S. ROQUE,https://www.primeiraimagem.com/perpetuo-socorro.php
Creche Mãe - C.S.P. Sto. Adrião,V. N. Famalicão,famalicao,,,,,,,39,EQUIP SOC CENTRO SOCIAL DA FREGUESIA DE FAMALICÃO,https://www.primeiraimagem.com/creche-mae-patronato-da-sagrada-familia.php
Colégio Talvaizinho,V. N. Famalicão,famalicao,,,,,,,31,"ESCOLA BÁSICA DE FAMALICÃO, NAZARÉ",https://www.primeiraimagem.com/colegio-talvaizinho.php
Associação BETEL,Ponte de Vagos,vagos,,,,,,,77,INFANTÁRIO DA ASSOCIAÇÃO DE SOLIDARIEDADE SOCIAL DE ALQUERUBIM,https://www.primeiraimagem.com/associacao-betel.php
Colégio Alfa-Beta,Queijas,oeiras,,,,,,,78,COLÉGIO CCG,https://www.primeiraimagem.com/colegio-alfa-beta.php
Colégio Machado Ruivo,V. N. Famalicão,famalicao,,,,,,,43,EQUIP SOC CENTRO SOCIAL DA FREGUESIA DE FAMALICÃO,https://www.primeiraimagem.com/colegio-machado-ruivo.php
CBEISA,Santo André,v-n-poiares,,,,,,,50,A TEIA,https://www.primeiraimagem.com/centro-de-bem-estar-infantil-de-santo-andre.php
SCMB - Berço do Tejo,V. N. Barquinha,v-n-barquinha,,,,,,,67,O BARCO DO MIMO,https://www.primeiraimagem.com/santa-casa-misericordia-vila-nova-da-barquinha.php
Associação Benjamim,Paranhos,porto,,,,,,,71,ASSOCIAÇÃO MACONDE,https://www.primeiraimagem.com/associacao-benjamim.php
C. S. Caeiro da Matta - Equip. Midões,Midões,tabua,,,,,,,41,SANTA CASA MISERICÓRDIA DE TÁBUA,https://www.primeiraimagem.com/centro-social-caeiro-da-matta-equipamento-de-midoes.php
SCML - CPS da Prodac,Marvila,lisboa,,,,,,,67,CPS DA FACHA,https://www.primeiraimagem.com/scml-cps-da-prodac.php
SCML - CI Visconde Valmor,Avenidas Novas,lisboa,,,,,,,79,CENTRO INFANTIL VISCONDE VALMOR,https://www.primeiraimagem.com/scml-ci-visconde-valmor.php
Centro Bem Estar Social Chão de Couce,Chão de Couce,ansiao,,,,,,,55,CENTRO ESCOLAR DE LAGARTEIRA,https://www.primeiraimagem.com/centro-de-bem-estar-social-chao-de-couce.php
SCML - CDC da Charneca,Santa Clara,lisboa,,,,,,,71,CENTRO DE DESENVOLVIMENTO COMUNITÁRIO DA CHARNECA,https://www.primeiraimagem.com/scml-cdc-da-charneca.php
A Luzinha Abrigo Infantil Corte Real - ONSC,Cedofeita,porto,,,,,,,70,CENTRO INFANTIL,https://www.primeiraimagem.com/a-luzinha-do-abrigo-infantil-corte-real.php
SCML - CBEI das Janelas Verdes,Estrela,lisboa,,,,,,,78,CENTRO DE BEM ESTAR INFANTIL DAS JANELAS VERDES,https://www.primeiraimagem.com/scml-cbei-das-janelas-verdes.php
A Luzinha - ONSC,Campanhã,porto,,,,,,,64,OS CALCULINHOS,https://www.primeiraimagem.com/a-luzinha-creche-e-jardim-de-infancia.php
SCMO - C. I. Maria Helena Rufino,Quelfes,olhao,,,,,,,43,ESCOLA EB1 DA CAVALINHA,https://www.primeiraimagem.com/centro-infantil-maria-helena-rufino.php
A Conchinha - Colégio S. João Bosco,Matosinhos,matosinhos,,,,,,,78,COLÉGIO CCG,https://www.primeiraimagem.com/a-conchinha-colegio-s-joao-bosco.php
Leiria International School,Marinha Grande,marinha-grande,,,,,,,50,"CENTRO INFANTIL ""ARCO ÍRIS""",https://www.primeiraimagem.com/leiria-international-school.php
Jardim dos Pequeninos - APSVL,Vieira de Leiria,marinha-grande,,,,,,,46,"JARDIM DE INFÂNCIA DE BOAVISTA, MARINHA GRANDE",https://www.primeiraimagem.com/jardim-dos-pequeninos.php
Assoc. Socorros Freguesia de Turcifal,Turcifal,torres-vedras,,,,,,,64,CENTRO DE APOIO SOCIAL DA FREGUESIA DE SÃO GREGÓRIO,https://www.primeiraimagem.com/associacao-de-socorros-da-freguesia-de-turcifal.php
CSP S. José - A Abelhinha,São Sebastião,setubal,,,,,,,69,COLÉGIO CASA DAS ABELHINHAS,https://www.primeiraimagem.com/a-abelhinha-jardim-de-infancia .php
Raiz – Restelo,Restelo,lisboa,,,,,,,74,PARK INTERNATIONAL SCHOOL CAMPUS RESTELO,https://www.primeiraimagem.com/raiz-restelo.php
A Cadeirinha - C.A.S.P.,S. Pedro da Cadeira,torres-vedras,,,,,,,59,ESCOLA BÁSICA DE LEIRINHAS,https://www.primeiraimagem.com/a-cadeirinha-creche.php
Raiz – Belém,Belém,lisboa,,,,,,,67,ABRIGO INFANTIL DE SANTA MARIA DE BELÉM,https://www.primeiraimagem.com/raiz-belem.php
Instituto da Sãozinha,Abrigada,alenquer,,,,,,,73,INSTITUTO DE BENEFICÊNCIA MARIA DA CONCEIÇÃO FERRÃO PIMENTEL,https://www.primeiraimagem.com/instituto-da-saozinha.php
Tintin – Coleginho,V. N. Telha,maia,,,,,,,71,COLÉGIO ORIENTE,https://www.primeiraimagem.com/coleginho-tintin.php
CBES Zona Alta,Santa Maria,torres-novas,,,,,,,78,CRECHE E JARDIM DE INFÂNCIA CENTRO BEM ESTAR SOCIAL DA ZONA ALTA,https://www.primeiraimagem.com/cbes-zona-alta.php
Nobel Algarve - Campus de Lagoa,Lagoa,lagoa,,,,,,,62,NOBEL INTERNATIONAL SCHOOL ALGARVE,https://www.primeiraimagem.com/nobel-algarve-british-international-school.php
C. S. Divino Espírito Santo de Meia Via,Meia Via,torres-novas,,,,,,,72,CRECHE DO CENTRO SOCIAL DO DIVINHO ESPIRITO SANTO,https://www.primeiraimagem.com/c-s-divino-espirito-santo-de-meia-via.php
O Nosso Mundo - Jardim Infantil,Apelação,loures,,,,,,,68,ROSA AZUL DA FONTE SANTA - CRECHE E JARDIM INFANTIL,https://www.primeiraimagem.com/jardim-infantil-o-nosso-mundo.php
J. I. Inst. Partic. Desenvolvimento Sócio Cultural,Monte da Caparica,almada,,,,,,,70,CENTRO SOCIAL E CULTURAL PARA O DESENVOLVIMENTO DO OLHO MARINHO,https://www.primeiraimagem.com/creche-e-jardim-de-infancia-do-instituto-particular-de-desenvolvimento-socio-cultural.php
C.S.P. Pelariga,Peraliga,pombal,,,,,,,38,ESCOLA BÁSICA DE POMBAL,https://www.primeiraimagem.com/centro-social-paroquial-de-pelariga.php
Associação da Moita do Boi,Louriçal,pombal,,,,,,,59,CASA DA CRIANÇA DE POMBAL,https://www.primeiraimagem.com/associacao-de-promocao-social-desportiva-recreativa-e-cultural-de-moita-do-boi.php
S.C.M.P. - O Traquinas,Peniche,peniche,,,,,,,73,CENTRO INFANTIL - O TRAQUINAS,https://www.primeiraimagem.com/o-traquinas.php
S.C.M.P. - J. Infantil Sant´Ana,Peniche,peniche,,,,,,,53,JARDIM DE INFÂNCIA DA PRAGEIRA,https://www.primeiraimagem.com/jardim-infantil-sant-ana.php
CBEI,Vila Franca de Xira,vila-franca-de-xira,,,,,,,23,CAT QUINTA DOS BACELOS,https://www.primeiraimagem.com/centro-de-bem-estar-infantil-vila-franca-de-xira.php
O Mundo das Cores - Creche,São Francisco,alcochete,,,,,,,48,COLÉGIO QUINTA DO CONCELHO,https://www.primeiraimagem.com/creche-o-mundo-das-cores.php
Associação Pró Cidadão Deficiente Integrado,Pessegueiro do Vouga,sever-do-vouga,,,,,,,42,CRECHE DA SANTA CASA DE SEVER DO VOUGA,https://www.primeiraimagem.com/associacao-pro-cidadao-deficiente-integrado.php
C. Assist. Social de Esmoriz,Esmoriz,ovar,,,,,,,79,CENTRO DE ASSISTÊNCIA SOCIAL DE ESMORIZ - CENTRO INFANTIL,https://www.primeiraimagem.com/centro-de-assistencia-social-de-esmoriz.php
A Escolinha Carvoeiro - CASC,Carvoeiro,lagoa,,,,,,,76,"CRECHE ""A ESCOLINHA""",https://www.primeiraimagem.com/a-escolinha-carvoeiro.php
O Pontão - A.S.S.C.T.,Conceição,tavira,,,,,,,67,EQUIP SOC. O PONTAO ASSOCIAÇÃO DE SOLIDARIEDADE SOCIAL DA CONCEIÇÃO DE TAVIRA,https://www.primeiraimagem.com/creche-o-pontao.php
Casa do Povo do Gradil,Gradil,mafra,,,,,,,41,"JARDIM DE INFÂNCIA DO QUINTAL, MAFRA",https://www.primeiraimagem.com/casa-do-povo-do-gradil.php
CVP - CAI Crianças A Gaivota,Tavira,tavira,,,,,,,62,ESPAÇO A CRIANÇA,https://www.primeiraimagem.com/centro-de-apoio-integrado-a-criancas-a-gaivota.php
SCMA - Creche Sagrada Família,Alcantarilha,silves,,,,,,,48,DSA - ESCOLA ALEMÃ DO ALGARVE,https://www.primeiraimagem.com/creche-sagrada-familia.php
C. C. Bairro Sto. António I - CSPNAP,Camarate,loures,,,,,,,49,ESCOLA BÁSICA À-DOS-CÃOS,https://www.primeiraimagem.com/centro-comunitario-do-bairro-de-sto-antonio-i.php
J. Infância Waldorf Internacional,Bensafrim,lagos,,,,,,,76,BELA INFÂNCIA,https://www.primeiraimagem.com/jardim-de-infancia-waldorf-internacional.php
Sociedade Promoção Social - Obra do Frei Gil,Bustos,oliveira-do-bairro,,,,,,,47,ESCOLA BÁSICA DE OLIVEIRA DO BAIRRO,https://www.primeiraimagem.com/sociedade-promocao-social-obra-do-frei-gil.php
Papagaio de Papel - Creche,Armação de Pêra,silves,,,,,,,55,CRECHE E JARDIM DE INFÂNCIA O CANTINHO DOS AVÓS,https://www.primeiraimagem.com/papagaio-de-papel-creche.php
C. Paroq. Assist. Nª Sra. D’Ajuda,Vestiaria,alcobaca,,,,,,,75,CENTRO PAROQUIAL DE ASSISTÊNCIA DE Nª SRª D'AJUDA,https://www.primeiraimagem.com/centro-paroquial-de-assistencia-de-n-sra-d-ajuda.php
AMPER - Ass. Amigos de Perrães,Oiã,oliveira-do-bairro,,,,,,,49,CASA DA MISERICÓRDIA DE OLIVEIRA DO BAIRRO,https://www.primeiraimagem.com/amper-associacao-dos-amigos-de-perraes.php
C.S.P. Padre Ricardo Gameiro - Jardim Inf. Romeira,Cova da Piedade,almada,,,,,,,67,JARDIM MONTE,https://www.primeiraimagem.com/equipamento-jardim-infantil-da-romeira.php
CPSBM - Creche e Pré-escolar,S. B. Messines,silves,,,,,,,47,CRECHE E JARDIM DE INFÂNCIA O CANTINHO DOS AVÓS,https://www.primeiraimagem.com/casa-do-povo-de-sao-bartolomeu-de-messines.php
Carvalhosa – Centro Social Paroquial,Carvalhosa,pacos-de-ferreira,,,,,,,56,EQUIP. SOC. OBRA SOCIAL CULTURAL SÍLVIA CARDOSO,https://www.primeiraimagem.com/centro-social-paroquial-carvalhosa.php
Assoc. Paços 2000 - Jardim Infância de S. Domingos,Paços de Ferreira,pacos-de-ferreira,,,,,,,35,EQUIP. SOC. OBRA SOCIAL CULTURAL SÍLVIA CARDOSO,https://www.primeiraimagem.com/jardim-de-infancia-de-s-domingos.php
Colégio Andrade Corvo,São Sebastião,setubal,,,,,,,78,COLÉGIO CCG,https://www.primeiraimagem.com/colegio-andrade-corvo.php
C. Soc. Paroq. Freguesia da Atouguia,Atouguia,ourem,,,,,,,70,"ESCOLA BÁSICA DA FREGUESIA DA CARVOEIRA,",https://www.primeiraimagem.com/centro-social-paroquial-da-freguesia-da-atouguia.php
Os Ramaldinhos - ASAS de Ramalde,Ramalde,porto,,,,,,,63,"ESCOLA BÁSICA DE MANINHO, MADALENA",https://www.primeiraimagem.com/os-ramaldinhos-asas-de-ramalde.php
C. Cult. Soc. Sto. Adrião - Polo 2,S. José de S. Lázaro,braga,,,,,,,63,CRECHE - POLO 2 - CENTRO CULTURAL E SOCIAL DE SANTO ADRIÃO,https://www.primeiraimagem.com/centro-cultural-e-social-de-sto-adriao-polo-2.php
ABEI Vialonga,Vialonga,vila-franca-de-xira,,,,,,,40,CAT QUINTA DOS BACELOS,https://www.primeiraimagem.com/associacao-para-o-bem-estar-infantil-da-freguesia-de-vialonga.php
C. Cult. Soc. Sto. Adrião - Polo 1,S. José de S. Lázaro,braga,,,,,,,63,CRECHE - POLO 1 CENTRO CULTURAL E SOCIAL DE SANTO ADRIÃO,https://www.primeiraimagem.com/centro-cultural-e-social-de-sto-adriao-polo-1.php
C. Cult. Soc. Sto. Adrião - Polo 3,S. José de S. Lázaro,braga,,,,,,,63,CRECHE - POLO 3 - CENTRO CULTURAL E SOCIAL DE SANTO ADRIÃO,https://www.primeiraimagem.com/centro-cultural-e-social-de-sto-adriao-polo-3.php
CERCAV,Alvoco das Várzeas,oliveira-do-hospital,,,,,,,56,C&V EDUCAÇÃO,https://www.primeiraimagem.com/centro-de-recreio-de-convivio-de-alvoco-das-varzeas.php
C. S. P. S. Pedro da Palhaça,Palhaça,oliveira-do-bairro,,,,,,,45,ESCOLA BÁSICA DA VILA VERDE,https://www.primeiraimagem.com/centro-social-paroquial-s-pedro-da-palhaca.php
O Arco-Íris - Ass. Apoio à Criança,Montenegro,faro,,,,,,,75,CENTRO DE APOIO À CRIANÇA,https://www.primeiraimagem.com/o-arco-iris-associacao-de-apoio-a-crianca.php
C.S.P. Padre Ricardo Gameiro - C. Comunit. Renascer,Feijó,almada,,,,,,,62,CENTRO COMUNITÁRIO RENASCER,https://www.primeiraimagem.com/equipamento-centro-comunitario-renascer.php
O Sol - Cáritas Setúbal,São Sebastião,setubal,,,,,,,68,"ESCOLA BÁSICA DO VISO, SETÚBAL",https://www.primeiraimagem.com/o-sol-creche-e-jardim-de-infancia_setubal.php
Fundação Arcelina Victor dos Santos,Costa da Caparica,almada,,,,,,,73,FUNDAÇÃO COUTO,https://www.primeiraimagem.com/fundacao-arcelina-victor-dos-santos.php
Soc. Recreativa Lealdade Sampaense,São Paio de Gramaços,oliveira-do-hospital,,,,,,,60,EQUIP. SOC. DA ASSOCIAÇÃO CULTURAL RECREATIVA E SOCIAL DE SAMUEL,https://www.primeiraimagem.com/sociedade-recreativa-lealdade-sampaense.php
VivaKids - Colégio,Alto da Guerra,setubal,,,,,,,78,COLÉGIO CCG,https://www.primeiraimagem.com/colegio-vivakids.php
Fraterna - C. C. S. I. S.,S. Sebastião,guimaraes,,,,,,,73,FRATERNA - CENTRO COMUNITÁRIO DE SOLIDARIEDADE E INTEGRAÇÃO SOCIAL,https://www.primeiraimagem.com/fraterna.php
Cantinho dos Sonhos - Creche,Lousã,lousa,,,,,,,46,OS AMIGUINHOS,https://www.primeiraimagem.com/creche-cantinho-dos-sonhos.php
Centro Sócio Cultural de St.º António - ASDL,Laranjeiro,almada,,,,,,,76,CENTRO CULTURAL E SOCIAL DE SANTO ANTÓNIO DOS CAVALEIROS,https://www.primeiraimagem.com/centro-socio-cultural-de-sto-antonio.php
Crevide - Pré-Escolar,Moscavide,loures,,,,,,,51,"ESCOLA BÁSICA  DE MONTEMOR, LOURES",https://www.primeiraimagem.com/crevide-pre-escolar.php
I. E. Cristã - Sorrizinho,São Julião,setubal,,,,,,,72,SOZINHO EM CASA,https://www.primeiraimagem.com/instituto-de-educacao-crista-sorrizinho.php
Cspespite,Espite,ourem,,,,,,,48,CRECHE S. VICENTE,https://www.primeiraimagem.com/centro-social-paroquial-de-s-joao-batista-de-espite.php
Colégio Penas Real,São Francisco,alcochete,,,,,,,67,COLÉGIO DA ALAMEDA,https://www.primeiraimagem.com/colegio-penas-real.php
CSP S. José -  A Cotovia,Pontes,setubal,,,,,,,59,ESCOLA BÁSICA DA COTOVIA,https://www.primeiraimagem.com/a-cotovia-jardim.infantil .php
Colégio Infantil O Recreio,Marinha Grande,marinha-grande,,,,,,,63,"CENTRO INFANTIL ""ARCO ÍRIS""",https://www.primeiraimagem.com/colegio-infantil-o-recreio.php
Golfinho Azul - APPACDM,,setubal,,,,,,,79,CRECHE GOLFINHO AZUL,https://www.primeiraimagem.com/golfinho-azul-creche.php
Special One,Marco,marco-de-canaveses,,,,,,,55,CENTRO SOCIAL DE CUNHA,https://www.primeiraimagem.com/special-one.php
Centro Solid. Soc. Valdozende,Valdosende,terras-de-bouro,,,,,,,79,CENTRO DE SOLIDARIEDADE SOCIAL DE VALDOZENDE,https://www.primeiraimagem.com/centro-de-solidariedade-social-de-valdozende.php
C.P.B.E.S. Atouguia da Baleia,Atouguia da Baleia,peniche,,,,,,,46,SANTA CASA DA MISERICÓRDIA DE PENICHE,https://www.primeiraimagem.com/centro-paroquial-de-bem-estar-social-de-atouguia-da-baleia.php
Ass. Jardim Infantil de Ferrel,Ferrel,peniche,,,,,,,70,JARDIM DE INFÂNCIA DO FILTRO,https://www.primeiraimagem.com/associacao-jardim-infantil-de-ferrel.php
Traquinas - Creche,Milhundos,penafiel,,,,,,,55,"CRECHE, JARDIM DE INFÂNCIA ""O CAPUCHINHO""",https://www.primeiraimagem.com/traquinas-creche.php
Creche Municipal de Santa Marta,Penafiel,penafiel,,,,,,,65,"ESCOLA BÁSICA DE SANTA MARTA, PENAFIEL",https://www.primeiraimagem.com/creche-municipal-de-santa-marta.php
Creche Municipal de Paço de Sousa,Paço de Sousa,penafiel,,,,,,,64,CRECHE DE SANTO ANTÓNIO DOS CAPUCHOS,https://www.primeiraimagem.com/creche-municipal-de-paco-de-sousa.php
Creche Imaculado Coração de Maria de Irivo,Irivo,penafiel,,,,,,,60,"CRECHE, JARDIM DE INFÂNCIA ""O CAPUCHINHO""",https://www.primeiraimagem.com/creche-imaculado-coracao-de-maria-de-irivo.php
Creche Municipal de Eiriz,Eiriz,pacos-de-ferreira,,,,,,,37,EQUIP. SOC. OBRA SOCIAL CULTURAL SÍLVIA CARDOSO,https://www.primeiraimagem.com/creche-municipal-de-eiriz.php
J. Infância “A Nuvem” - CPNSA,Nª. Sra. Anunciada,setubal,,,,,,,76,BELA INFÂNCIA,https://www.primeiraimagem.com/jardim-de-infancia-a-nuvem.php
S.C.M. Aljubarrota,Aljubarrota,alcobaca,,,,,,,79,CENTRO COMUNITÁRIO DE ALJUBARROTA,https://www.primeiraimagem.com/santa-casa-da-misericordia-de-aljubarrota.php
Assoc. Benef. Cult. - Bustos,Bustos,oliveira-do-bairro,,,,,,,36,ESCOLA BÁSICA DA VILA VERDE,https://www.primeiraimagem.com/associacao-de-beneficencia-e-cultura-bustos.php
C. Social de Travanca de Lagos,Travanca de Lagos,oliveira-do-hospital,,,,,,,79,"JARDIM DE INFÂNCIA DE TRAVANCA DE LAGOS, OLIVEIRA DO HOSPITAL",https://www.primeiraimagem.com/centro-social-de-travanca-de-lagos.php
C. S. S. C. D. Somelos,Ronfe,guimaraes,,,,,,,70,JARDIM DE INFÂNCIA DO CENTRO SOCIAL SOLIDARIEDADE CULTURA E DESPORTO SOMELOS,https://www.primeiraimagem.com/centro-de-solidariedade-social-cultura-e-desporto-somelos.php
C. S. Cortegacense,Cortegaça,ovar,,,,,,,62,EB1/JI CORTEGAÇA,https://www.primeiraimagem.com/centro-social-cortegacense-olivia-e-florindo-cantinho.php
Quintarola II - Creche e J. Infância,São João da Talha,loures,,,,,,,57,JARDIM DE INFÂNCIA DA MURTEIRA,https://www.primeiraimagem.com/quintarola-ii-creche-e-jardim-de-infancia.php
Fundação Válega,Válega,ovar,,,,,,,73,FUNDAÇÃO VIDA NOVA,https://www.primeiraimagem.com/fundacao-valega.php
SCM Riba de Ave - C. Inf. Pevidém,Selho,guimaraes,,,,,,,62,CENTRO INFANTIL DE PEVIDÉM,https://www.primeiraimagem.com/centro-infantil-de-pevidem.php
C.S.P. Padre Ricardo Gameiro - Regaço Materno,Laranjeiro,almada,,,,,,,57,"CRECHE ""O REGAÇO""",https://www.primeiraimagem.com/equipamento-centro-comunitario-cova-da-piedade.php
O Ninho - IPSS O Sonho,São Sebastião,setubal,,,,,,,70,CANTINHO DOS SONHOS,https://www.primeiraimagem.com/o-ninho-ipss-o-sonho.php
SCMA - Creche Rainha Santa,Alvor,portimao,,,,,,,67,"CRECHE ""OS PIPOCAS"" - COMPLEXO SOCIAL COCA MARAVILHAS - SANTA CASA DA MISERCICORDIA DE PORTIMÃO",https://www.primeiraimagem.com/creche-rainha-santa.php
S.C.M.P. - Casa da Criança,Pombal,pombal,,,,,,,79,CASA DA CRIANÇA DE POMBAL,https://www.primeiraimagem.com/casa-da-crianca_pombal.php
O Pedrinho - C. S. S. Pedro,Albergaria dos Doze,pombal,,,,,,,48,"""O SOBREIRINHO""",https://www.primeiraimagem.com/o-pedrinho-centro-social-de-s-pedro.php
O Cogumelo - Cáritas Setúbal,São Sebastião,setubal,,,,,,,67,CRECHE CARITAS,https://www.primeiraimagem.com/o-cogumelo-creche-e-jardim-de-infancia.php
A Minha Janela - Instit. Seg. Social,Cedofeita,porto,,,,,,,68,CENTRO INFANTIL A MINHA JANELA,https://www.primeiraimagem.com/a-minha-janela-instituto-da-seguranca-social.php
J. Infância “O Aquário” - CPNSA,São Julião,setubal,,,,,,,76,BELA INFÂNCIA,https://www.primeiraimagem.com/jardim-de-infancia-o-aquario.php
S.C.M. Ovar,Ovar,ovar,,,,,,,67,C.S.S.C.M. - CENTRO SOCIAL SANTA CRISTINA DE MANSORES,https://www.primeiraimagem.com/santa-casa-da-misericordia-de-ovar.php
Joaninha - IPSS O Sonho,São Sebastião,setubal,,,,,,,70,"CRECHE  ""JOANINHA""",https://www.primeiraimagem.com/joaninha-ipss-o-sonho.php
Os Pirilampos - IPSS O Sonho,São Sebastião,setubal,,,,,,,67,"JARDIM DE INFÂNCIA  ""OS PIRILAMPOS""",https://www.primeiraimagem.com/os-pirilampos-ipss-o-sonho.php
PROBRANCA,Branca,albergaria-a-velha,,,,,,,60,TOCÁBRINCAR,https://www.primeiraimagem.com/probranca.php
C.S.P. Padre Ricardo Gameiro - O Berço,Cova da Piedade,almada,,,,,,,61,CAI DO BAIRRO DO PADRE CRUZ,https://www.primeiraimagem.com/o-berco-equipamento-bairro-n-sra-da-piedade.php
CVP - C. Infantil de Moncarapacho,Moncarapacho,olhao,,,,,,,55,PARQUE INFANTIL DA CAVALINHA,https://www.primeiraimagem.com/centro-infantil-de-moncarapacho.php
Bem Me Quer - Colégio,Charneca de Caparica,almada,,,,,,,78,COLÉGIO CCG,https://www.primeiraimagem.com/colegio-bem-me-quer.php
Colégio Ti-Té,Alvor,portimao,,,,,,,74,COLÉGIO DO RIO,https://www.primeiraimagem.com/colegio-ti-te.php
C. Paroquial da Mexilhoeira Grande,Mexilhoeira Grande,portimao,,,,,,,58,LAR DA CRIANÇA DE PORTIMÃO,https://www.primeiraimagem.com/centro-paroquial-da-mexilhoeira-grande.php
Externato A Falinha,Pombal,pombal,,,,,,,72,A FALINHA INFANTÁRIO,https://www.primeiraimagem.com/externato-a-falinha.php
Lycée Français Charles Lepiérre,Campolide,lisboa,,,,,,,56,JI FRANCISCO VIEIRA CALDAS,https://www.primeiraimagem.com/lycee-francais-charles-lepierre.php
