id,nome,localidade,concelho,tipo,website_found,needs_review,review_reason,search_query
832,Casa da Criança da Mealhada,Mealhada,Mealhada,Creche e Jardim de Infância,not found,,,"""Casa da Criança da Mealhada"" Mealhada Portugal"
903,Centro Social Cultural e Recreativo de Carregosa,Oliveira de Azeméis,Oliveira de Azeméis,Creche e Jardim de Infância,not found,,,"""Centro Social Cultural e Recreativo de Carregosa"" Oliveira de Azeméis Portugal"
921,Jardim de Infância Sant'ana,Mealhada,Mealhada,Creche,not found,,,"""Jardim de Infância Sant'ana"" Mealhada Portugal"
966,Centro Social e Paroquial de São Miguel,Estarreja,Estarreja,Creche e Jardim de Infância,not found,,,"""Centro Social e Paroquial de São Miguel"" Estarreja Portugal"
1235,Centro Social Paroquial da Moita de Anadia,Anadia,Moita,Creche e Jardim de Infância,not found,,,"""Centro Social Paroquial da Moita de Anadia"" Anadia Portugal"
1237,Equipamento Social Costa Verde,Espinho,Mortágua,Creche e Jardim de Infância,https://www.cruzadadobem.pt/index.php/estabelecimentos/equipamento-social-costa-verde,yes,word matched in path not domain — verify; combined tipo — may have split pages,"""Equipamento Social Costa Verde"" Espinho Portugal"
1248,Centro de Bem Estar Social de Macinhata do Vouga,Macinhata do Vouga,Águeda,Creche e Jardim de Infância,not found,,,"""Centro de Bem Estar Social de Macinhata do Vouga"" Macinhata do Vouga Portugal"
1255,Infantário da Anunciação,Ílhavo,Ílhavo,Creche,not found,,,"""Infantário da Anunciação"" Ílhavo Portugal"
1267,Centro Social Paroquial de Fonte de Angeão,Fonte de Angeão,Vagos,Creche,not found,,,"""Centro Social Paroquial de Fonte de Angeão"" Fonte de Angeão Portugal"
1301,Obra da Providência,Gafanha da Nazaré,Ílhavo,Creche,not found,,,"""Obra da Providência"" Gafanha da Nazaré Portugal"
4509,Jardim de Infância do Centro Social do Couto Mineiro do Pejão,Raiva,Castelo de Paiva,Creche,not found,,,"""Jardim de Infância do Centro Social do Couto Mineiro do Pejão"" Raiva Portugal"
4512,Jardim de Infância do Centro Social Paroquial de Sobrado,Castelo de Paiva,Murça,Creche,not found,,,"""Jardim de Infância do Centro Social Paroquial de Sobrado"" Castelo de Paiva Portugal"
12132,Associação de Solidariedade Social de L0ureiro,Loureiro,Peso da Régua,Creche e Jardim de Infância,not found,,,"""Associação de Solidariedade Social de L0ureiro"" Loureiro Portugal"
17481,Trá-Lá-Lá - Educação para a Criança,Aveiro,Aveiro,Creche e Jardim de Infância,https://tra-la-la.wixsite.com/tra-la-la/Contact,yes,combined tipo — may have split pages,"""Trá-Lá-Lá - Educação para a Criança"" Aveiro Portugal"
18298,Quinta dos Pequenotes,Aveiro,Aveiro,Creche,not found,,,"""Quinta dos Pequenotes"" Aveiro Portugal"
19945,Sonho da Criança,Souto,Santa Maria da Feira,Creche,not found,,,"""Sonho da Criança"" Souto Portugal"
22178,Associação Baptista Shalom,Águeda,Águeda,Creche,https://www.abshalom.org/,,,"""Associação Baptista Shalom"" Águeda Portugal"
22182,Lápis e Cor,Albergaria a Velha,Albergaria-a-Velha,Creche,not found,,,"""Lápis e Cor"" Albergaria a Velha Portugal"
22183,Cediara - Associação de Solidariedade Social de Ribeira de Fráguas,Ribeira de Fráguas,Albergaria-a-Velha,Creche,not found,,,"""Cediara - Associação de Solidariedade Social de Ribeira de Fráguas"" Ribeira de Fráguas Portugal"
22421,Associação de Pais do Infantário e Jardim-De-Infância da Escola Preparatória de Ovar,Ovar,Ovar,Creche,not found,,,"""Associação de Pais do Infantário e Jardim-De-Infância da Escola Preparatória de Ovar"" Ovar Portugal"
842,Centro Social de Esgueira,Aveiro,Aveiro,Creche e Jardim de Infância,https://www.csesgueira.pt/,yes,combined tipo — may have split pages,"""Centro Social de Esgueira"" Aveiro Portugal"
860,Centro Infantil de Aveiro,Aveiro,Aveiro,Creche e Jardim de Infância,not found,,,"""Centro Infantil de Aveiro"" Aveiro Portugal"
1204,Infantário Centro Social de Santa Maria de Fiães,Fiães,Trancoso,Creche e Jardim de Infância,not found,,,"""Infantário Centro Social de Santa Maria de Fiães"" Fiães Portugal"
1297,Casa da Pequenada,Macinhata do Vouga,Águeda,Jardim de Infância,not found,,,"""Casa da Pequenada"" Macinhata do Vouga Portugal"
18511,"Jardim de Infância ""Lápis e Cor""",Albergaria-A-Velha,Albergaria-a-Velha,Jardim de Infância,not found,,,"""Jardim de Infância ""Lápis e Cor"""" Albergaria-A-Velha Portugal"
29854,Jardim de Infância de Santo António,Escapães,Santa Maria da Feira,Jardim de Infância,https://escoladevidro.pt/lescolas/jardim-de-infancia-de-santo-antonio-escapaes-santa-maria-da-feira/,yes,word matched in path not domain — verify,"""Jardim de Infância de Santo António"" Escapães Portugal"
29855,Jardim de Infância de Fontainhas,Arrifana,Vila Nova de Poiares,Jardim de Infância,not found,,,"""Jardim de Infância de Fontainhas"" Arrifana Portugal"
29856,Jardim de Infância de Bajouca,Pigeiros,Santa Maria da Feira,Jardim de Infância,https://escoladevidro.pt/lescolas/jardim-de-infancia-de-bajouca-pigeiros-santa-maria-da-feira/,yes,word matched in path not domain — verify,"""Jardim de Infância de Bajouca"" Pigeiros Portugal"
29857,Jardim de Infância de Pereiro,Milheirós de Poiares,Santa Maria da Feira,Jardim de Infância,not found,,,"""Jardim de Infância de Pereiro"" Milheirós de Poiares Portugal"
29927,Jardim de Infância de Aldriz,Argoncilhe,Santa Maria da Feira,Jardim de Infância,https://escoladevidro.pt/lescolas/jardim-de-infancia-de-aldriz-santa-maria-da-feira/,yes,word matched in path not domain — verify,"""Jardim de Infância de Aldriz"" Argoncilhe Portugal"
29932,Jardim de Infância de Ordonhe,Argoncilhe,Santa Maria da Feira,Jardim de Infância,not found,,,"""Jardim de Infância de Ordonhe"" Argoncilhe Portugal"
29993,"Jardim de Infância de Travanca, Susana",Travanca,Oliveira de Azeméis,Jardim de Infância,https://escoladevidro.pt/lescolas/jardim-de-infancia-de-travanca-susana-oliveira-de-azemeis/,yes,word matched in path not domain — verify,"""Jardim de Infância de Travanca, Susana"" Travanca Portugal"
30393,Jardim de Infância da Pampilhosa,Pampilhosa,Mealhada,Jardim de Infância,not found,,,"""Jardim de Infância da Pampilhosa"" Pampilhosa Portugal"
30394,"Jardim de Infância de Luso, Centro Escolar do Luso",Luso,Mealhada,Jardim de Infância,not found,,,"""Jardim de Infância de Luso, Centro Escolar do Luso"" Luso Portugal"
30395,Jardim de Infância de Casal Comba,Casal Comba,Mealhada,Jardim de Infância,https://www.noticiasdecoimbra.pt/criancas-de-casal-comba-tem-novo-jardim-de-infancia/,yes,word matched in path not domain — verify,"""Jardim de Infância de Casal Comba"" Casal Comba Portugal"
30396,Jardim de Infância de Antes,Antes,Mealhada,Jardim de Infância,not found,,,"""Jardim de Infância de Antes"" Antes Portugal"
30397,Jardim de Infância de Carqueijo,Casal Comba,Mealhada,Jardim de Infância,not found,,,"""Jardim de Infância de Carqueijo"" Casal Comba Portugal"
30398,Jardim de Infância de Quinta do Valongo,Quinta do Valongo,Mealhada,Jardim de Infância,not found,,,"""Jardim de Infância de Quinta do Valongo"" Quinta do Valongo Portugal"
30399,Jardim de Infância de Canedo,Pampilhosa,Mealhada,Jardim de Infância,https://escoladevidro.pt/lescolas/jardim-de-infancia-de-canedo-mealhada/,yes,word matched in path not domain — verify,"""Jardim de Infância de Canedo"" Pampilhosa Portugal"
30416,"Jardim de Infância de Soutelo, Albergaria-A-Velha",Branca Alb,Coruche,Jardim de Infância,https://escoladevidro.pt/lescolas/jardim-de-infancia-de-soutelo-albergaria-a-velha/,yes,word matched in path not domain — verify,"""Jardim de Infância de Soutelo, Albergaria-A-Velha"" Branca Alb Portugal"
30417,Jardim de Infância de Telhadela,Ribeira de Fráguas,Albergaria-a-Velha,Jardim de Infância,https://escoladevidro.pt/lescolas/jardim-de-infancia-de-telhadela-albergaria-a-velha/,yes,word matched in path not domain — verify,"""Jardim de Infância de Telhadela"" Ribeira de Fráguas Portugal"
30433,Jardim de Infância de Vagos,Vagos,Vagos,Jardim de Infância,https://aevagos.pt/images/area-alunos/2_Aviso_Matricula_%20Pre-Escolar%201.pdf,,,"""Jardim de Infância de Vagos"" Vagos Portugal"
30434,Jardim de Infância de Calvão,Calvão,Vagos,Jardim de Infância,https://escoladevidro.pt/lescolas/jardim-de-infancia-de-calvao-vagos/,yes,word matched in path not domain — verify,"""Jardim de Infância de Calvão"" Calvão Portugal"
30436,Escola Básica de Fonte de Angeão,Fonte de Angeão,Vagos,Jardim de Infância,not found,,,"""Escola Básica de Fonte de Angeão"" Fonte de Angeão Portugal"
30438,Jardim de Infância de Lomba,Santo António de Vagos,Vagos,Jardim de Infância,https://moovitapp.com/index/en/public_transit-Jardim_de_Inf%C3%A2ncia_de_Lomba-Porto-site_265225113-1904,yes,word matched in path not domain — verify,"""Jardim de Infância de Lomba"" Santo António de Vagos Portugal"
30460,Jardim de Infância de Sangalhos,Sangalhos,Anadia,Jardim de Infância,not found,,,"""Jardim de Infância de Sangalhos"" Sangalhos Portugal"
30461,Jardim de Infância de Avelãs de Cima,Avelãs de Cima,Anadia,Jardim de Infância,not found,,,"""Jardim de Infância de Avelãs de Cima"" Avelãs de Cima Portugal"
30463,Jardim de Infância de Vila Nova de Monsarros,Vila Nova de Monsarros,Anadia,Jardim de Infância,https://escoladevidro.pt/lescolas/jardim-de-infancia-de-vila-nova-de-monsarros-anadia/,yes,word matched in path not domain — verify,"""Jardim de Infância de Vila Nova de Monsarros"" Vila Nova de Monsarros Portugal"
30464,Jardim de Infância de Vilarinho do Bairro,Vilarinho do Bairro,Anadia,Jardim de Infância,https://ecoescolas.abaae.pt/escola/jardim-de-infancia-de-vilarinho-do-bairro/,yes,word matched in path not domain — verify,"""Jardim de Infância de Vilarinho do Bairro"" Vilarinho do Bairro Portugal"
30480,Escola Básica de Marinha Velha,Marinha Velha,Ílhavo,Jardim de Infância,not found,,,"""Escola Básica de Marinha Velha"" Marinha Velha Portugal"
30481,Escola Básica de Chave,Chave,Ílhavo,Jardim de Infância,not found,,,"""Escola Básica de Chave"" Chave Portugal"
30484,Jardim de Infância de Gafanha do Carmo,Gafanha do Carmo,Ílhavo,Jardim de Infância,https://escoladevidro.pt/lescolas/jardim-de-infancia-de-gafanha-do-carmo-ilhavo/,yes,word matched in path not domain — verify,"""Jardim de Infância de Gafanha do Carmo"" Gafanha do Carmo Portugal"
30486,Escola Básica de Rocas do Vouga,Rocas do Vouga,Sever do Vouga,Jardim de Infância,https://ecoescolas.abaae.pt/escola/escola-basica-de-rocas-do-vouga/,yes,word matched in path not domain — verify,"""Escola Básica de Rocas do Vouga"" Rocas do Vouga Portugal"
30489,Jardim de Infância de Talhadas,Talhadas,Sever do Vouga,Jardim de Infância,not found,,,"""Jardim de Infância de Talhadas"" Talhadas Portugal"
30686,Jardim de Infância de Sá,Sá,Castelo de Paiva,Jardim de Infância,not found,,,"""Jardim de Infância de Sá"" Sá Portugal"
30690,"Jardim de Infância de Vista Alegre, São Martinho",S. Martinho,Castelo de Paiva,Jardim de Infância,https://escoladevidro.pt/lescolas/jardim-de-infancia-de-vista-alegre-sao-martinho-castelo-de-paiva/,yes,word matched in path not domain — verify,"""Jardim de Infância de Vista Alegre, São Martinho"" S. Martinho Portugal"
30691,Jardim de Infância de Crava,Crava,Castelo de Paiva,Jardim de Infância,https://escoladevidro.pt/lescolas/jardim-de-infancia-de-crava-castelo-de-paiva/,yes,word matched in path not domain — verify,"""Jardim de Infância de Crava"" Crava Portugal"
30709,"Escola Básica de Paço, Rossas, Arouca",Rossas,Vieira do Minho,Jardim de Infância,https://escoladevidro.pt/lescolas/escola-basica-de-paco-rossas-arouca/,yes,word matched in path not domain — verify,"""Escola Básica de Paço, Rossas, Arouca"" Rossas Portugal"
30712,Escola Básica de Paços,Moldes,Arouca,Jardim de Infância,https://escoladevidro.pt/lescolas/escola-basica-de-pacos-arouca/,yes,word matched in path not domain — verify,"""Escola Básica de Paços"" Moldes Portugal"
30715,"Escola Básica de Paço, Alvarenga",,Arouca,Jardim de Infância,not found,,,"""Escola Básica de Paço, Alvarenga"" Arouca Portugal"
30760,Jardim de Infância de Póvoa do Valado,Póvoa do Valado,Aveiro,Jardim de Infância,https://www.servicospublicos.pt/servico-publico/2492/escola-basica-de-povoa-do-paco--aveiro,yes,word matched in path not domain — verify,"""Jardim de Infância de Póvoa do Valado"" Póvoa do Valado Portugal"
30761,Jardim de Infância de Oliveirinha,Oliveirinha,Aveiro,Jardim de Infância,not found,,,"""Jardim de Infância de Oliveirinha"" Oliveirinha Portugal"
30789,Escola Básica de Azagães,Carregosa,Oliveira de Azeméis,Jardim de Infância,not found,,,"""Escola Básica de Azagães"" Carregosa Portugal"
30816,Jardim de Infância de Castanheira do Vouga,Castanheira do Vouga,Águeda,Jardim de Infância,https://aeagueda.pt/atividades-realizadas-no-jardim-de-infancia-de-castanheira-do-vouga/,yes,word matched in path not domain — verify,"""Jardim de Infância de Castanheira do Vouga"" Castanheira do Vouga Portugal"
30976,"Jardim de Infância de Chão do Rio, Fiães, Santa Maria da Feira",Fiães,Trancoso,Jardim de Infância,https://escoladevidro.pt/lescolas/jardim-de-infancia-de-chao-do-rio-fiaes-santa-maria-da-feira/,yes,word matched in path not domain — verify,"""Jardim de Infância de Chão do Rio, Fiães, Santa Maria da Feira"" Fiães Portugal"
30979,"Escola Básica N.º 2 de Vendas Novas, Santa Maria da Feira",Vendas Novas,Trancoso,Jardim de Infância,https://escoladevidro.pt/lescolas/escola-basica-n-o-2-de-vendas-novas-santa-maria-da-feira/,yes,word matched in path not domain — verify,"""Escola Básica N.º 2 de Vendas Novas, Santa Maria da Feira"" Vendas Novas Portugal"
30980,"Jardim de Infância de Igreja, Caldas de São Jorge, Santa Maria da Feira",Caldas de S. Jorge,Trancoso,Jardim de Infância,https://escoladevidro.pt/lescolas/jardim-de-infancia-de-igreja-caldas-de-sao-jorge-santa-maria-da-feira/,yes,word matched in path not domain — verify,"""Jardim de Infância de Igreja, Caldas de São Jorge, Santa Maria da Feira"" Caldas de S. Jorge Portugal"
30982,"Escola Básica de Avenida, Chousa de Baixo, Santa Maria da Feira",Fiaes,Trancoso,Jardim de Infância,https://escoladevidro.pt/lescolas/escola-basica-de-avenida-chousa-de-baixo-santa-maria-da-feira/,yes,word matched in path not domain — verify,"""Escola Básica de Avenida, Chousa de Baixo, Santa Maria da Feira"" Fiaes Portugal"
31263,Escola Básica de Oiã Poente,Oiã,Oliveira do Bairro,Jardim de Infância,https://escoladevidro.pt/lescolas/escola-basica-de-oia-poente-oliveira-do-bairro/,yes,word matched in path not domain — verify,"""Escola Básica de Oiã Poente"" Oiã Portugal"
31278,Escola Básica de Fonte Seca,Fonte Seca,Santa Maria da Feira,Jardim de Infância,https://escoladevidro.pt/lescolas/escola-basica-de-fonte-seca-santa-maria-da-feira/,yes,word matched in path not domain — verify,"""Escola Básica de Fonte Seca"" Fonte Seca Portugal"
31479,Jardim de Infância de Pinheiro,Pinheiro,Albergaria-a-Velha,Jardim de Infância,https://www.aev-valbom.org/categoria/ji-eb1-pinheiro/,yes,word matched in path not domain — verify,"""Jardim de Infância de Pinheiro"" Pinheiro Portugal"
31763,Jardim de Infância de Vermoim,Ossela,Oliveira de Azeméis,Jardim de Infância,https://escoladevidro.pt/lescolas/jardim-de-infancia-de-vermoim-ossela-oliveira-de-azemeis/,yes,word matched in path not domain — verify,"""Jardim de Infância de Vermoim"" Ossela Portugal"
31781,Escola Básica de Campo Grande,Campo Grande,Ovar,Jardim de Infância,not found,,,"""Escola Básica de Campo Grande"" Campo Grande Portugal"
31786,Escola Básica de Vinha,Vinha,Ovar,Jardim de Infância,not found,,,"""Escola Básica de Vinha"" Vinha Portugal"
31790,Escola Básica de Outeiral,Outeiral,Ovar,Jardim de Infância,not found,,,"""Escola Básica de Outeiral"" Outeiral Portugal"
31791,Escola Básica de Murteira,Arada,Ovar,Jardim de Infância,https://escoladevidro.pt/lescolas/escola-basica-de-murteira-ovar/,yes,word matched in path not domain — verify,"""Escola Básica de Murteira"" Arada Portugal"
31971,JI Giesteira,Águeda,Águeda,Jardim de Infância,not found,,,"""JI Giesteira"" Águeda Portugal"
31972,JI Águeda (Incluído no Edifício 1º Ceb),Águeda,Águeda,Jardim de Infância,https://apoioperto.com/creches/agueda/,yes,word matched in path not domain — verify,"""JI Águeda (Incluído no Edifício 1º Ceb)"" Águeda Portugal"
31974,JI Borralha (Incluído no Edifício do 1º Ceb),Borralha,Águeda,Jardim de Infância,not found,,,"""JI Borralha (Incluído no Edifício do 1º Ceb)"" Borralha Portugal"
32038,EB/JI Combatentes,Ovar,Ovar,Jardim de Infância,https://ecoescolas.abaae.pt/escola/escola-eb-ji-combatentes/,yes,word matched in path not domain — verify,"""EB/JI Combatentes"" Ovar Portugal"
32039,EB/JI de Habitovar,Ovar,Ovar,Jardim de Infância,not found,,,"""EB/JI de Habitovar"" Ovar Portugal"
32054,Jardim de Infância do Torrão do Lameiro,Ovar,Ovar,Jardim de Infância,not found,,,"""Jardim de Infância do Torrão do Lameiro"" Ovar Portugal"
32122,EB1/ JI do Souto,Nogueira da Regedoura,Santa Maria da Feira,Jardim de Infância,not found,,,"""EB1/ JI do Souto"" Nogueira da Regedoura Portugal"
32124,Centro Escolar de Anta,Esmojães,Valença,Jardim de Infância,https://moovitapp.com/index/pt/transportes_p%C3%BAblicos-Centro_Escolar_de_Anta-Porto-stop_672671-1904,yes,word matched in path not domain — verify,"""Centro Escolar de Anta"" Esmojães Portugal"
32128,EB1/ JI de Pousadela,Nogueira da Regedoura,Santa Maria da Feira,Jardim de Infância,not found,,,"""EB1/ JI de Pousadela"" Nogueira da Regedoura Portugal"
32144,EB Aldeia,Sanfins,Santa Maria da Feira,Jardim de Infância,https://ae-smfeira.pt/escola-basica-da-aldeia/,yes,word matched in path not domain — verify,"""EB Aldeia"" Sanfins Portugal"
32524,EB1/JI Aguada de Baixo,Aguada de Baixo,Águeda,Jardim de Infância,not found,,,"""EB1/JI Aguada de Baixo"" Aguada de Baixo Portugal"
32526,EB1/JI Espinhel,Espinhel,Águeda,Jardim de Infância,not found,,,"""EB1/JI Espinhel"" Espinhel Portugal"
32527,EB Prof. Artur Nunes Vidal,Fermentelos,Águeda,Jardim de Infância,not found,,,"""EB Prof. Artur Nunes Vidal"" Fermentelos Portugal"
32746,Jardim de Infância da Vala – Silva Escura,Silva Escura,Maia,Jardim de Infância,not found,,,"""Jardim de Infância da Vala – Silva Escura"" Silva Escura Portugal"
33208,Escola Básica de Corgo Comum,Ílhavo,Ílhavo,Jardim de Infância,not found,,,"""Escola Básica de Corgo Comum"" Ílhavo Portugal"
33211,Jardim de Infância de Vilarinho,Cesar,Oliveira de Azeméis,Jardim de Infância,https://moovitapp.com/index/pt/transportes_p%C3%BAblicos-Jardim_de_Inf%C3%A2ncia_de_Vilarinho-Porto-site_265230850-1904,yes,word matched in path not domain — verify,"""Jardim de Infância de Vilarinho"" Cesar Portugal"
33223,Escola Básica de Vale de Ílhavo,Ílhavo,Ílhavo,Jardim de Infância,https://ageilhavo.edu.pt/eb-vale-dilhavo/,,,"""Escola Básica de Vale de Ílhavo"" Ílhavo Portugal"
33225,Escola Básica de Chousa Velha,Ílhavo,Ílhavo,Jardim de Infância,https://escoladevidro.pt/lescolas/escola-basica-de-chousa-velha-ilhavo/,yes,word matched in path not domain — verify,"""Escola Básica de Chousa Velha"" Ílhavo Portugal"
33229,Jardim de Macieira de Sarnes,Macieira de Sarnes,Oliveira de Azeméis,Jardim de Infância,not found,,,"""Jardim de Macieira de Sarnes"" Macieira de Sarnes Portugal"
33318,Escola Básica de Curval,Pinheiro da Bemposta,Oliveira de Azeméis,Jardim de Infância,https://escoladevidro.pt/lescolas/escola-basica-de-curval-oliveira-de-azemeis/,yes,word matched in path not domain — verify,"""Escola Básica de Curval"" Pinheiro da Bemposta Portugal"
33319,Escola Básica de Palmaz,Palmaz,Oliveira de Azeméis,Jardim de Infância,https://escoladevidro.pt/lescolas/escola-basica-de-palmaz-oliveira-de-azemeis/,yes,word matched in path not domain — verify,"""Escola Básica de Palmaz"" Palmaz Portugal"
34044,Escola Básica da Vila Verde,,Oliveira do Bairro,Jardim de Infância,not found,,,"""Escola Básica da Vila Verde"" Oliveira do Bairro Portugal"
34778,Escola Básica N.º 1,Oliveira de Azeméis,Oliveira de Azeméis,Jardim de Infância,https://www.waze.com/live-map/directions/pt/aveiro/oliveira-de-azemeis/escola-basica-n.o-1-de-oliveira-de-azemeis?to=place.ChIJ61IpBXB4Iw0RfIhYRaA-fAI,yes,word matched in path not domain — verify,"""Escola Básica N.º 1"" Oliveira de Azeméis Portugal"
34788,Escola EB1/JI da Raiva,Raiva,Castelo de Paiva,Jardim de Infância,not found,,,"""Escola EB1/JI da Raiva"" Raiva Portugal"
34796,Escola Básica N.º 4,Oliveira de Azeméis,Oliveira de Azeméis,Jardim de Infância,not found,,,"""Escola Básica N.º 4"" Oliveira de Azeméis Portugal"
34797,Escola Básica Comendador António da Silva Rodrigues,Ul,Oliveira de Azeméis,Jardim de Infância,not found,,,"""Escola Básica Comendador António da Silva Rodrigues"" Ul Portugal"
34805,Escola EB1/JI da Póvoa,Pedorido,Castelo de Paiva,Jardim de Infância,not found,,,"""Escola EB1/JI da Póvoa"" Pedorido Portugal"
34808,Jardim-De-Infância da Gafanha da Encarnação Centro,Gafanha da Encarnação,Ílhavo,Jardim de Infância,not found,,,"""Jardim-De-Infância da Gafanha da Encarnação Centro"" Gafanha da Encarnação Portugal"
34813,Escola Básica de Areais,Santa Joana,Aveiro,Jardim de Infância,https://www.servicospublicos.pt/servico-publico/3199/escola-basica-de-areais--aveiro,yes,word matched in path not domain — verify,"""Escola Básica de Areais"" Santa Joana Portugal"
34814,Escola Básica N.º 1 de São Bernardo,S. Bernardo,Aveiro,Jardim de Infância,https://www.directorioescolas.eu/escola/3855-escola-basica-n-1-de-sao-bernardo-aveiro/,yes,word matched in path not domain — verify,"""Escola Básica N.º 1 de São Bernardo"" S. Bernardo Portugal"
34816,Jardim-De-Infância da Gafanha da Encarnação Norte,Gafanha da Encarnação,Ílhavo,Jardim de Infância,not found,,,"""Jardim-De-Infância da Gafanha da Encarnação Norte"" Gafanha da Encarnação Portugal"
34817,Jardim-De-Infância da Gafanha da Encarnação Sul,Gafanha da Encarnação,Ílhavo,Jardim de Infância,https://www.aege.pt/images/files/autoavaliacao/Relatorio_Avaliacao_Result_Escolares_AEGE_23-24_v2.pdf,yes,word matched in path not domain — verify,"""Jardim-De-Infância da Gafanha da Encarnação Sul"" Gafanha da Encarnação Portugal"
34822,Escola Básica de Solposto,Santa Joana,Aveiro,Jardim de Infância,not found,,,"""Escola Básica de Solposto"" Santa Joana Portugal"
34824,Escola Básica de Mato,Avança,Estarreja,Jardim de Infância,https://www.servicospublicos.pt/servico-publico/1036/escola-basica-de-mato--estarreja,yes,word matched in path not domain — verify,"""Escola Básica de Mato"" Avança Portugal"
34826,Escola Básica de Cabeças,Veiros Etr,Estarreja,Jardim de Infância,https://www.servicospublicos.pt/servico-publico/3299/escola-basica-de-cabecas--estarreja,yes,word matched in path not domain — verify,"""Escola Básica de Cabeças"" Veiros Etr Portugal"
34827,Escola Básica de Póvoa do Paço,Cacia,Aveiro,Jardim de Infância,https://escoladevidro.pt/lescolas/escola-basica-de-povoa-do-paco-aveiro/,yes,word matched in path not domain — verify,"""Escola Básica de Póvoa do Paço"" Cacia Portugal"
34828,Escola Básica de Quintã do Loureiro,Cacia,Aveiro,Jardim de Infância,not found,,,"""Escola Básica de Quintã do Loureiro"" Cacia Portugal"
34829,Escola Básica de Sarrazola,Cacia,Aveiro,Jardim de Infância,https://escoladevidro.pt/lescolas/escola-basica-de-sarrazola-aveiro/,yes,word matched in path not domain — verify,"""Escola Básica de Sarrazola"" Cacia Portugal"
34836,Jardim de Infância de Nojões,Real Cpv,Penalva do Castelo,Jardim de Infância,not found,,,"""Jardim de Infância de Nojões"" Real Cpv Portugal"
34837,"Escola Básica de Congosta,",Avança,Estarreja,Jardim de Infância,https://www.servicospublicos.pt/servico-publico/1886/escola-basica-de-congosta--estarreja,yes,word matched in path not domain — verify,"""Escola Básica de Congosta,"" Avança Portugal"
34840,Jardim de Infância de Requeixo,Requeixo,Aveiro,Jardim de Infância,not found,,,"""Jardim de Infância de Requeixo"" Requeixo Portugal"
34861,Jardim de Infância do Sobreiro,Albergaria-A-Velha,Albergaria-a-Velha,Jardim de Infância,https://aeaav.pt/agrupamento/escolas/jardins-de-infancia/jardim-de-infancia-do-sobreiro,yes,word matched in path not domain — verify,"""Jardim de Infância do Sobreiro"" Albergaria-A-Velha Portugal"
34862,Escola Básica N.º 1 de Faria de Baixo,Vila de Cucujães,Oliveira de Azeméis,Jardim de Infância,not found,,,"""Escola Básica N.º 1 de Faria de Baixo"" Vila de Cucujães Portugal"
34863,Escola Básica de Bustelo,São Roque,Oliveira de Azeméis,Jardim de Infância,https://ecoescolas.abaae.pt/escola/escola-eb-ji-de-bustelo/,yes,word matched in path not domain — verify,"""Escola Básica de Bustelo"" São Roque Portugal"
34865,Escola Básica de Picoto,Vila de Cucujães,Oliveira de Azeméis,Jardim de Infância,not found,,,"""Escola Básica de Picoto"" Vila de Cucujães Portugal"
34867,"Escola Básica de Outeiro, Santiago de Riba-Ul",Santiago Riba-Ul,Oliveira de Azeméis,Jardim de Infância,https://escoladevidro.pt/lescolas/escola-basica-de-outeiro-santiago-de-riba-ul-oliveira-de-azemeis/,yes,word matched in path not domain — verify,"""Escola Básica de Outeiro, Santiago de Riba-Ul"" Santiago Riba-Ul Portugal"
34869,"Jardim de Infância de Cruzeiro, Santiago de Riba-Ul,",Santiago Riba-Ul,Oliveira de Azeméis,Jardim de Infância,https://escoladevidro.pt/lescolas/jardim-de-infancia-de-cruzeiro-santiago-de-riba-ul-oliveira-de-azemeis/,yes,word matched in path not domain — verify,"""Jardim de Infância de Cruzeiro, Santiago de Riba-Ul,"" Santiago Riba-Ul Portugal"
34870,Jardim de Infância de Carvalho,Válega,Ovar,Jardim de Infância,https://escoladevidro.pt/lescolas/jardim-de-infancia-de-carvalho-valega-ovar/,yes,word matched in path not domain — verify,"""Jardim de Infância de Carvalho"" Válega Portugal"
34871,"Escola Básica de Regedoura, Válega",Valega-Ovar,Ovar,Jardim de Infância,https://www.ovarnews.pt/valega-escola-basica-de-regedoura-passara-a-designar-se-escola-basica-gloria-de-santanna/,yes,word matched in path not domain — verify,"""Escola Básica de Regedoura, Válega"" Valega-Ovar Portugal"
34872,JI de São Vicente de Pereira Jusã,São Vicente de Pereira Jusã,Ovar,Jardim de Infância,not found,,,"""JI de São Vicente de Pereira Jusã"" São Vicente de Pereira Jusã Portugal"
34875,"Escola Básica das Fontaínhas,a",São João da Madeira,São João da Madeira,Jardim de Infância,https://moovitapp.com/index/pt/transportes_p%C3%BAblicos-Escola_B%C3%A1sica_das_Fontainhas-Porto-site_265230539-1904,yes,word matched in path not domain — verify,"""Escola Básica das Fontaínhas,a"" São João da Madeira Portugal"
34877,Escola Básica de Carquejido,Carquejido,São João da Madeira,Jardim de Infância,https://escoladevidro.pt/lescolas/escola-basica-de-carquejido-sao-joao-da-madeira/,yes,word matched in path not domain — verify,"""Escola Básica de Carquejido"" Carquejido Portugal"
36427,Escola Básica de Vila Chã,Vale de Cambra,Vale de Cambra,Jardim de Infância,https://www.directorioescolas.eu/escola/3068-escola-basica-de-vila-cha-vale-de-cambra/,yes,word matched in path not domain — verify,"""Escola Básica de Vila Chã"" Vale de Cambra Portugal"
36429,Escola Básica de Codal,Vale de Cambra,Vale de Cambra,Jardim de Infância,not found,,,"""Escola Básica de Codal"" Vale de Cambra Portugal"
36432,Escola Básica de Macinhata,Vale de Cambra,Vale de Cambra,Jardim de Infância,https://escoladevidro.pt/lescolas/escola-basica-de-macinhata-vale-de-cambra/,yes,word matched in path not domain — verify,"""Escola Básica de Macinhata"" Vale de Cambra Portugal"
36438,Escola Básica de Angeja,Angeja,Albergaria-a-Velha,Jardim de Infância,https://www.directorioescolas.eu/escola/3734-escola-basica-de-angeja-albergariaavelha/,yes,word matched in path not domain — verify,"""Escola Básica de Angeja"" Angeja Portugal"
36855,EB1/JI de Casal da Renda,Paraíso Cpv,Castelo de Paiva,Jardim de Infância,not found,,,"""EB1/JI de Casal da Renda"" Paraíso Cpv Portugal"
36954,Centro Escolar de Sobral,Mozelos,Santa Maria da Feira,Jardim de Infância,not found,,,"""Centro Escolar de Sobral"" Mozelos Portugal"
37593,Escola Básica de Laginhas,Albergaria-A-Velha,Coruche,Jardim de Infância,https://escoladevidro.pt/lescolas/escola-basica-de-laginhas-albergaria-a-velha/,yes,word matched in path not domain — verify,"""Escola Básica de Laginhas"" Albergaria-A-Velha Portugal"
37594,Escola Básica de Janardo,Vale de Cambra,Vale de Cambra,Jardim de Infância,https://escoladevidro.pt/lescolas/escola-basica-de-janardo-vale-de-cambra/,yes,word matched in path not domain — verify,"""Escola Básica de Janardo"" Vale de Cambra Portugal"
1069,Creche Jardim Nossa Senhora da Conceição,Serpa,Serpa,Creche e Jardim de Infância,https://serpa.infoisinfo.com.pt/ficha/creche_jardim_nossa_senhora_da_conceicao/370187,yes,word matched in path not domain — verify; combined tipo — may have split pages,"""Creche Jardim Nossa Senhora da Conceição"" Serpa Portugal"
19981,Jardim Infantil Nossa Senhora da Conceição,Beja,Beja,Creche e Jardim de Infância,https://ecoescolas.abaae.pt/escola/jardim-infantil-nossa-senhora-da-conceicao/,yes,word matched in path not domain — verify; combined tipo — may have split pages,"""Jardim Infantil Nossa Senhora da Conceição"" Beja Portugal"
20701,"Creche ""O Sonho da Criança""",Beja,Beja,Creche,not found,,,"""Creche ""O Sonho da Criança"""" Beja Portugal"
24677,Creche o Bem-Me-Quer,Amareleja,Moura,Creche,not found,,,"""Creche o Bem-Me-Quer"" Amareleja Portugal"
25070,Creche - Aldeia Nova,Vila Nova de São Bento,Serpa,Creche,not found,,,"""Creche - Aldeia Nova"" Vila Nova de São Bento Portugal"
32290,"Creche "" Amor Perfeito""",Moura,Moura,Creche,not found,,,"""Creche "" Amor Perfeito"""" Moura Portugal"
29872,Jardim de Infância de Panóias,Panóias,Ourique,Jardim de Infância,https://www.associacaofreguesiadepanoias.pt/,,,"""Jardim de Infância de Panóias"" Panóias Portugal"
29875,Escola Básica de Santa Vitória,Santa Vitória,Beja,Jardim de Infância,https://www.municipiosefreguesias.pt/entidade/7719/escola-basica-de-santa-vitoria--beja,yes,word matched in path not domain — verify,"""Escola Básica de Santa Vitória"" Santa Vitória Portugal"
29876,Escola Básica de Santa Clara do Louredo,Santa Clara de Louredo,Beja,Jardim de Infância,https://escoladevidro.pt/lescolas/escola-basica-de-santa-clara-do-louredo-beja/,yes,word matched in path not domain — verify,"""Escola Básica de Santa Clara do Louredo"" Santa Clara de Louredo Portugal"
29913,"Jardim de Infância de Garvão, Ourique",,Gavião,Jardim de Infância,not found,,,"""Jardim de Infância de Garvão, Ourique"" Gavião Portugal"
29986,Jardim de Infância de Vila Nova de Milfontes,Vila Nova de Milfontes,Odemira,Jardim de Infância,https://odemira.infoisinfo.com.pt/ficha/jardim_de_infancia_de_vila_nova_de_milfontes/371128,yes,word matched in path not domain — verify,"""Jardim de Infância de Vila Nova de Milfontes"" Vila Nova de Milfontes Portugal"
30733,Escola Básica de Brinches,Brinches,Serpa,Jardim de Infância,https://escoladevidro.pt/lescolas/escola-basica-de-brinches-serpa/,yes,word matched in path not domain — verify,"""Escola Básica de Brinches"" Brinches Portugal"
31229,Epei a-Do-Pinto,A-Do-Pinto,Serpa,Jardim de Infância,not found,,,"""Epei a-Do-Pinto"" A-Do-Pinto Portugal"
31230,Jardim de Infância de Mértola,Mértola,Mértola,Jardim de Infância,https://escoladevidro.pt/lescolas/jardim-de-infancia-de-mertola/,yes,word matched in path not domain — verify,"""Jardim de Infância de Mértola"" Mértola Portugal"
31506,Escola Básica de Bombeiros Voluntários,Moura,Moura,Jardim de Infância,https://www.servicospublicos.pt/servico-publico/641/escola-basica-de-bombeiros-voluntarios--moura,yes,word matched in path not domain — verify,"""Escola Básica de Bombeiros Voluntários"" Moura Portugal"
31523,Jardim de Infância de Santo Aleixo Restauração,Santo Aleixo Restauração,Moura,Jardim de Infância,https://escoladevidro.pt/lescolas/jardim-de-infancia-de-santo-aleixo-restauracao-moura/,yes,word matched in path not domain — verify,"""Jardim de Infância de Santo Aleixo Restauração"" Santo Aleixo Restauração Portugal"
31558,Ebi JI Frei António Chagas,Vidigueira,Vidigueira,Jardim de Infância,not found,,,"""Ebi JI Frei António Chagas"" Vidigueira Portugal"
31596,Jardim de Infância de Aldeia dos Fernandes,Aldeia dos Fernandes,Almodôvar,Jardim de Infância,https://escoladevidro.pt/lescolas/jardim-de-infancia-de-aldeia-dos-fernandes-almodovar/,yes,word matched in path not domain — verify,"""Jardim de Infância de Aldeia dos Fernandes"" Aldeia dos Fernandes Portugal"
32321,Jardim Infância de Vila Nova de S. Bento,Vila Nova de São Bento,Serpa,Jardim de Infância,not found,,,"""Jardim Infância de Vila Nova de S. Bento"" Vila Nova de São Bento Portugal"
32473,Jardim-De-Infância e Escola Básica de 1º Ciclo de São Luís,São Luís,Odemira,Jardim de Infância,not found,,,"""Jardim-De-Infância e Escola Básica de 1º Ciclo de São Luís"" São Luís Portugal"
32475,Escola Básica de Algodor,Alcaria Ruiva,Mértola,Jardim de Infância,https://escoladevidro.pt/lescolas/escola-basica-de-algodor-mertola/,yes,word matched in path not domain — verify,"""Escola Básica de Algodor"" Alcaria Ruiva Portugal"
32483,E.b. 1 e Jardim de Infância de Castelão,S. Luís,Odemira,Jardim de Infância,not found,,,"""E.b. 1 e Jardim de Infância de Castelão"" S. Luís Portugal"
32504,Escola Básica de Santana de Cambas,Santana de Cambas,Mértola,Jardim de Infância,https://escoladevidro.pt/lescolas/escola-basica-de-santana-de-cambas-mertola/,yes,word matched in path not domain — verify,"""Escola Básica de Santana de Cambas"" Santana de Cambas Portugal"
32629,EB1 C/JI de Pedrogão,Pedrogão,Vidigueira,Jardim de Infância,not found,,,"""EB1 C/JI de Pedrogão"" Pedrogão Portugal"
32630,EB1 C/JI de Vila de Frades,Vila de Frades,Vidigueira,Jardim de Infância,not found,,,"""EB1 C/JI de Vila de Frades"" Vila de Frades Portugal"
32631,EB1 C/JI de Selmes,Selmes,Vidigueira,Jardim de Infância,not found,,,"""EB1 C/JI de Selmes"" Selmes Portugal"
33241,Escola Básica/Jardim de Infância de de Santa Bárbara de Padrões,,Castro Verde,Jardim de Infância,not found,,,"""Escola Básica/Jardim de Infância de de Santa Bárbara de Padrões"" Castro Verde Portugal"
33267,Escola Básica/Jardim de Infância de Entradas,Castro Verde,Castro Verde,Jardim de Infância,not found,,,"""Escola Básica/Jardim de Infância de Entradas"" Castro Verde Portugal"
34882,Escola Básica de São Matias,São Matias,Nisa,Jardim de Infância,https://escoladevidro.pt/lescolas/escola-basica-de-sao-matias-beja/,yes,word matched in path not domain — verify,"""Escola Básica de São Matias"" São Matias Portugal"
34885,Escola Básica de Trigaches,Trigaches,Beja,Jardim de Infância,not found,,,"""Escola Básica de Trigaches"" Trigaches Portugal"
34887,Escola Básica de Zambujeira do Mar,Zambujeira do Mar,Odemira,Jardim de Infância,https://www.servicospublicos.pt/servico-publico/2610/escola-basica-de-zambujeira-do-mar--odemira,yes,word matched in path not domain — verify,"""Escola Básica de Zambujeira do Mar"" Zambujeira do Mar Portugal"
34890,Escola Básica de São Martinho das Amoreiras,S Martinho das Amoreiras,Odemira,Jardim de Infância,https://www.municipiosefreguesias.pt/entidade/7506/escola-basica-de-sao-martinho-das-amoreiras--odemira,yes,word matched in path not domain — verify,"""Escola Básica de São Martinho das Amoreiras"" S Martinho das Amoreiras Portugal"
34892,Centro Escolar da Boavista dos Pinheiros,Boavista dos Pinheiros,Odemira,Jardim de Infância,not found,,,"""Centro Escolar da Boavista dos Pinheiros"" Boavista dos Pinheiros Portugal"
34893,Escola Básica de Ervidel,Ervidel,Aljustrel,Jardim de Infância,https://ecoescolas.abaae.pt/escola/escola-basica-de-ervidel/,yes,word matched in path not domain — verify,"""Escola Básica de Ervidel"" Ervidel Portugal"
34894,Escola Básica de Rio de Moinhos,Rio de Moinhos Ajt,Aljustrel,Jardim de Infância,https://esposende-educa.pt/escola/escola-basica-de-rio-de-moinhos/,yes,word matched in path not domain — verify,"""Escola Básica de Rio de Moinhos"" Rio de Moinhos Ajt Portugal"
34895,Escola Básica de Messejana,Messejana,Aljustrel,Jardim de Infância,https://escoladevidro.pt/lescolas/escola-basica-de-messejana-aljustrel/,yes,word matched in path not domain — verify,"""Escola Básica de Messejana"" Messejana Portugal"
34899,Jardim de Infância de Figueira de Cavaleiros,Ferreira do Alentejo,Ferreira do Alentejo,Jardim de Infância,https://escoladevidro.pt/lescolas/jardim-de-infancia-de-figueira-de-cavaleiros-ferreira-do-alentejo/,yes,word matched in path not domain — verify,"""Jardim de Infância de Figueira de Cavaleiros"" Ferreira do Alentejo Portugal"
34903,Escola Básica de Rosário,Rosário,Almodôvar,Jardim de Infância,https://escoladevidro.pt/lescolas/escola-basica-de-rosario-almodovar/,yes,word matched in path not domain — verify,"""Escola Básica de Rosário"" Rosário Portugal"
34904,Escola Básica de Santa Clara-A-Nova,Santa Clara-A-Nova,Almodôvar,Jardim de Infância,https://www.directorioescolas.eu/escola/9077-escola-basica-de-santa-claraanova-almodovar/,yes,word matched in path not domain — verify,"""Escola Básica de Santa Clara-A-Nova"" Santa Clara-A-Nova Portugal"
34906,Escola Básica de Vale de Vargo,Vale de Vargo,Serpa,Jardim de Infância,not found,,,"""Escola Básica de Vale de Vargo"" Vale de Vargo Portugal"
34907,Escola Básica de Pias,Pias Srp,Serpa,Jardim de Infância,https://mail.municipiosefreguesias.pt/entidade/6644/escola-basica-de-pias--serpa,yes,word matched in path not domain — verify,"""Escola Básica de Pias"" Pias Srp Portugal"
37108,Jardim de Infância de Vila Nova de Baronia,Vila Nova de Baronia,Alvito,Jardim de Infância,https://escoladevidro.pt/lescolas/jardim-de-infancia-de-vila-nova-de-baronia-alvito/,yes,word matched in path not domain — verify,"""Jardim de Infância de Vila Nova de Baronia"" Vila Nova de Baronia Portugal"
39198,Jardim de Infância de Foros do Galeado,Vila Nova de Milfontes,Odemira,Jardim de Infância,not found,,,"""Jardim de Infância de Foros do Galeado"" Vila Nova de Milfontes Portugal"
140,Casa do Povo de Briteiros,Briteiros Salvador,Guimarães,Creche,https://casadopovobriteiro.wixsite.com/cpbriteiros,,,"""Casa do Povo de Briteiros"" Briteiros Salvador Portugal"
156,Centro Social da Paroquia de Penselo,Guimarães,Guimarães,Creche e Jardim de Infância,https://associativismo.guimaraes.pt/associacao/1578/centro-social-da-paroquia-de-penselo/contactos,yes,word matched in path not domain — verify; combined tipo — may have split pages,"""Centro Social da Paroquia de Penselo"" Guimarães Portugal"
187,Centro Social da Paróquia de São Victor,Braga,Braga,Creche,not found,,,"""Centro Social da Paróquia de São Victor"" Braga Portugal"
2579,Creche as Formiguinhas - Santa Casa Misericórdia Barcelos,Barcelos,Vila Nova de Gaia,Creche,not found,,,"""Creche as Formiguinhas - Santa Casa Misericórdia Barcelos"" Barcelos Portugal"
3015,Creche do Lar do Trabalhador de Prado,Vila Prado,Vila Verde,Creche,https://www.municipiosefreguesias.pt/freguesia/3986/vila-de-prado,yes,word matched in path not domain — verify,"""Creche do Lar do Trabalhador de Prado"" Vila Prado Portugal"
3035,Centro Social Paroquial Sobreposta,Braga,Braga,Creche,https://empresite.jornaldenegocios.pt/CENTRO-SOCIAL-PAROQUIAL-SOBREPOSTA.html,yes,word matched in path not domain — verify,"""Centro Social Paroquial Sobreposta"" Braga Portugal"
3052,Centro de Solidariedade Social de Valdozende,Valdozende,Terras de Bouro,Creche e Jardim de Infância,https://www.developmentaid.org/organizations/view/600257/cssv-centro-de-solidariedade-social-de-valdozende,yes,word matched in path not domain — verify; combined tipo — may have split pages,"""Centro de Solidariedade Social de Valdozende"" Valdozende Portugal"
3065,Centro Social da Paróquia de Cavês,Cabeceiras de Basto,Cabeceiras de Basto,Creche,not found,,,"""Centro Social da Paróquia de Cavês"" Cabeceiras de Basto Portugal"
3092,Centro Social da Paroquia de Gualtar,Braga,Braga,Creche e Jardim de Infância,http://www.cspgualtar.pt/,yes,combined tipo — may have split pages,"""Centro Social da Paroquia de Gualtar"" Braga Portugal"
3097,Associação Maconde,Braga,Braga,Creche e Jardim de Infância,https://www.associacaomaconde.com/,yes,combined tipo — may have split pages,"""Associação Maconde"" Braga Portugal"
3106,Centro Sócio Cultural e Desportivo de Sande S. Clemente-Creche,Sande S. Clemente,Guimarães,Creche,not found,,,"""Centro Sócio Cultural e Desportivo de Sande S. Clemente-Creche"" Sande S. Clemente Portugal"
3108,Equip Social do Centro Social de São Pedro Azurém,Guimarães,Guimarães,Creche,not found,,,"""Equip Social do Centro Social de São Pedro Azurém"" Guimarães Portugal"
3111,Creche da Casa do Povo Serzedelo,Guimarães,Póvoa de Lanhoso,Creche,not found,,,"""Creche da Casa do Povo Serzedelo"" Guimarães Portugal"
3134,Centro Infantil Golães,Golães,Fafe,Creche e Jardim de Infância,not found,,,"""Centro Infantil Golães"" Golães Portugal"
3139,Creche Mais,Guimarães,Guimarães,Creche,https://maisguimaraes.pt/polvoreira-ganha-novo-equipamento-social-com-creche-centro-de-dia-e-apoio-domiciliario/,,,"""Creche Mais"" Guimarães Portugal"
3159,Mãe Cegonha - Creche e Jardim de Infância,Braga,Braga,Creche,not found,,,"""Mãe Cegonha - Creche e Jardim de Infância"" Braga Portugal"
3161,Infantário de Sta. Ana - Irmandade de Santa Cruz,Braga,Braga,Creche e Jardim de Infância,not found,,,"""Infantário de Sta. Ana - Irmandade de Santa Cruz"" Braga Portugal"
3173,Centro Social e Paroquial de Fragoso,Barcelos,Barcelos,Creche,https://www.cspfragoso.pt/,,,"""Centro Social e Paroquial de Fragoso"" Barcelos Portugal"
3177,Centro Social Cultural Doutor Nuno Simões,Vila Nova de Famalicão,Vila Nova de Famalicão,Creche e Jardim de Infância,not found,,,"""Centro Social Cultural Doutor Nuno Simões"" Vila Nova de Famalicão Portugal"
3186,Centro Social Paroquial Castelões,Vila Nova de Famalicão,Vila Nova de Famalicão,Creche e Jardim de Infância,not found,,,"""Centro Social Paroquial Castelões"" Vila Nova de Famalicão Portugal"
3187,Jardim de Infância Centro Social Paroquial São Dâmaso,Guimarães,Guimarães,Creche e Jardim de Infância,not found,,,"""Jardim de Infância Centro Social Paroquial São Dâmaso"" Guimarães Portugal"
4211,Creche Centro Humanitário da Cruz Vermelha Portuguesa de Macieira de Rates,Barcelos,Barcelos,Creche e Jardim de Infância,not found,,,"""Creche Centro Humanitário da Cruz Vermelha Portuguesa de Macieira de Rates"" Barcelos Portugal"
4217,Centro Social Paroquial de São Miguel das Caldas de Vizela,Vizela,Vizela,Creche,https://www.laresonline.pt/pt/valencia/apoio-domiciliario/equipamento/4788-apoio-domiciliario-do-centro-social-paroquial-de-sao-miguel-das-caldas-de-vizela/recomendar/,yes,word matched in path not domain — verify,"""Centro Social Paroquial de São Miguel das Caldas de Vizela"" Vizela Portugal"
4218,Associação de Reformados de Lordelo,Guimarães,Vila Real,Creche e Jardim de Infância,https://lardelordelo.pt/,yes,combined tipo — may have split pages,"""Associação de Reformados de Lordelo"" Guimarães Portugal"
4221,A Bogalha,Braga,Braga,Creche e Jardim de Infância,not found,,,"""A Bogalha"" Braga Portugal"
4229,Associação Bem Me Quer - Solidariedade em Delães,Vila Nova de Famalicão,Vila Nova de Famalicão,Creche e Jardim de Infância,not found,,,"""Associação Bem Me Quer - Solidariedade em Delães"" Vila Nova de Famalicão Portugal"
4230,Centro Paroquial de Santa Maria,Vila Nova de Famalicão,Vila Nova de Famalicão,Creche e Jardim de Infância,not found,,,"""Centro Paroquial de Santa Maria"" Vila Nova de Famalicão Portugal"
4232,Centro Social Paroquia São Martinho Pousada de Saramagos - Equipamento P/Infância,Vila Nova de Famalicão,Vila Nova de Famalicão,Creche e Jardim de Infância,not found,,,"""Centro Social Paroquia São Martinho Pousada de Saramagos - Equipamento P/Infância"" Vila Nova de Famalicão Portugal"
4252,Infantário Rainha Santa Isabel - Santa Casa da Misericórdia de Barcelos,Barcelos,Barcelos,Creche e Jardim de Infância,https://www.misericordiabarcelos.org/respostas-sociais/infancia/82/8/infantario-rainha-santa-isabel/,yes,combined tipo — may have split pages,"""Infantário Rainha Santa Isabel - Santa Casa da Misericórdia de Barcelos"" Barcelos Portugal"
4253,Creche Arco Íris - Centro Social Paroquial de Casteloes - Polo de Pedome,Pedome,Vila Nova de Famalicão,Creche,not found,,,"""Creche Arco Íris - Centro Social Paroquial de Casteloes - Polo de Pedome"" Pedome Portugal"
4255,Centro Infantil de Barcelos,Barcelos,Barcelos,Creche e Jardim de Infância,https://www.misericordiabarcelos.org/respostas-sociais/infancia/74/8/centro-infantil-de-barcelos/,yes,combined tipo — may have split pages,"""Centro Infantil de Barcelos"" Barcelos Portugal"
4346,Patronato Nossa Senhora da Torre,Braga,Braga,Creche e Jardim de Infância,https://pnstorre.wixsite.com/pnstorre/contactos,yes,combined tipo — may have split pages,"""Patronato Nossa Senhora da Torre"" Braga Portugal"
5933,Creche Rainha D. Leonor,Braga,Braga,Creche,https://www.scmbraga.pt/%C3%A1rea-social/creche-rainha-d-leonor,yes,word matched in path not domain — verify,"""Creche Rainha D. Leonor"" Braga Portugal"
11146,Associação de São José,Braga,Braga,Creche e Jardim de Infância,not found,,,"""Associação de São José"" Braga Portugal"
13099,Creche da Associação de Solidariedade Social de Sta. Maria de Lamaçães,Braga,Braga,Creche,not found,,,"""Creche da Associação de Solidariedade Social de Sta. Maria de Lamaçães"" Braga Portugal"
13104,Infantário de Mazagão - Centro Paroquial F. C S S. S.lázaro,Braga,Braga,Creche e Jardim de Infância,not found,,,"""Infantário de Mazagão - Centro Paroquial F. C S S. S.lázaro"" Braga Portugal"
13127,Creche - Polo 2 - Centro Cultural e Social de Santo Adrião,Braga,Braga,Creche,not found,,,"""Creche - Polo 2 - Centro Cultural e Social de Santo Adrião"" Braga Portugal"
13140,Centro Social e Paroquial de Gilmonde,Gilmonde,Barcelos,Creche e Jardim de Infância,https://www.jf-gilmonde.pt/freguesia/instituicoes/2,yes,combined tipo — may have split pages,"""Centro Social e Paroquial de Gilmonde"" Gilmonde Portugal"
13141,CASP - Centro de Apoio e Solidariedade de Pousa,Pousa,Barcelos,Creche,not found,,,"""CASP - Centro de Apoio e Solidariedade de Pousa"" Pousa Portugal"
17459,Centro Social e Cultural de Gandra,Esposende,Esposende,Creche,https://cscgandra.pt/,,,"""Centro Social e Cultural de Gandra"" Esposende Portugal"
17462,Centro Social da Paróquia de Esmeriz,Vila Nova de Famalicão,Vila Nova de Famalicão,Creche e Jardim de Infância,https://www.centrosocialdaparoquiadeesmeriz.pt/,yes,combined tipo — may have split pages,"""Centro Social da Paróquia de Esmeriz"" Vila Nova de Famalicão Portugal"
17865,Creche Aldeia da Gente Pequena,Braga,Braga,Creche,not found,,,"""Creche Aldeia da Gente Pequena"" Braga Portugal"
18089,Equip Soc Centro Social Paroquial de Vale S. Cosme,Vila Nova de Famalicão,Vila Nova de Famalicão,Creche,not found,,,"""Equip Soc Centro Social Paroquial de Vale S. Cosme"" Vila Nova de Famalicão Portugal"
18296,Recreio do João - Cooperativa de Solidariedade Social,Vila Nova de Famalicão,Vila Nova de Famalicão,Creche,not found,,,"""Recreio do João - Cooperativa de Solidariedade Social"" Vila Nova de Famalicão Portugal"
19083,Solidariedade - Grupo Cultural Recreativo Martim de Freitas,Fafe,Fafe,Creche e Jardim de Infância,not found,,,"""Solidariedade - Grupo Cultural Recreativo Martim de Freitas"" Fafe Portugal"
19093,Centro Social de S.lourenço de Selho,Guimarães,Guimarães,Creche e Jardim de Infância,https://www.centrosocialslourenco.pt/,yes,combined tipo — may have split pages,"""Centro Social de S.lourenço de Selho"" Guimarães Portugal"
21805,"O Talvaizinho - Jardim de Infância, Lda.",Vila Nova de Famalicão,Vila Nova de Famalicão,Creche e Jardim de Infância,not found,,,"""O Talvaizinho - Jardim de Infância, Lda."" Vila Nova de Famalicão Portugal"
21987,Centro Comunitário da Associação de Solidariedade Social de Basto,Celorico de Basto,Celorico de Basto,Creche,https://apoioperto.com/concelho/celorico-de-basto/,yes,word matched in path not domain — verify,"""Centro Comunitário da Associação de Solidariedade Social de Basto"" Celorico de Basto Portugal"
22031,Centro Social Aldeia da Gente Pequena,Braga,Braga,Creche e Jardim de Infância,https://escoladevidro.pt/lescolas/jardim-de-infancia-do-centro-social-aldeia-da-gente-pequena/,yes,word matched in path not domain — verify; combined tipo — may have split pages,"""Centro Social Aldeia da Gente Pequena"" Braga Portugal"
22144,"Creche ""Girafa"" - Associação de Fomento Amarense",Amares,Amares,Creche,https://www.primeiraimagem.com/creche-girafa-associacao-de-fomento-amarense.php,yes,word matched in path not domain — verify,"""Creche ""Girafa"" - Associação de Fomento Amarense"" Amares Portugal"
23048,Creche Traquilândia Centro Social e Paroquial de Vilar da Veiga,Vilar da Veiga,Terras de Bouro,Creche,not found,,,"""Creche Traquilândia Centro Social e Paroquial de Vilar da Veiga"" Vilar da Veiga Portugal"
23783,Obra Social do Sagrado Coração de Maria - Braga,Braga,Braga,Creche,not found,,,"""Obra Social do Sagrado Coração de Maria - Braga"" Braga Portugal"
24250,Infantário de Santa Maria da Fonte de Baixo,Barcelos,Barcelos,Creche,https://infantariofontebaixo.wixsite.com/infantariofontebaixo,,,"""Infantário de Santa Maria da Fonte de Baixo"" Barcelos Portugal"
24610,Infantário da Escola Preparatória de Vila Nova de Famalicão,Calendário-V.n.famalicão,Vila Nova de Famalicão,Creche,not found,,,"""Infantário da Escola Preparatória de Vila Nova de Famalicão"" Calendário-V.n.famalicão Portugal"
24887,Casa dos Bebés,Celorico de Basto,Celorico de Basto,Creche,not found,,,"""Casa dos Bebés"" Celorico de Basto Portugal"
24981,"2008 Coop - Cooperativa de Solidariedade Social, CRL",Braga,Braga,Creche,not found,,,"""2008 Coop - Cooperativa de Solidariedade Social, CRL"" Braga Portugal"
25073,Centro de Solidariedade Social de S. Veríssimo,Tamel São Veríssimo,Barcelos,Creche,not found,,,"""Centro de Solidariedade Social de S. Veríssimo"" Tamel São Veríssimo Portugal"
25354,Complexo de Apoio Social Alargado - Casal do Telhado,S. Eulália,Vizela,Creche,https://apoioperto.com/creches/vizela/,,,"""Complexo de Apoio Social Alargado - Casal do Telhado"" S. Eulália Portugal"
25821,Centro Comunitário Bento Xvi,Borba de Montanha,Celorico de Basto,Creche,https://ccbentoxvi.pt/,,,"""Centro Comunitário Bento Xvi"" Borba de Montanha Portugal"
26380,Centro de Apoio à Infância e Terceira Idade - Prado,Prado,Vila Verde,Creche,error:[Errno 54] Connection reset by peer,,,"""Centro de Apoio à Infância e Terceira Idade - Prado"" Prado Portugal"
26691,Centro Social de Remelhe - D. António Barroso,Remelhe,Barcelos,Creche,https://centrosocialremelhe.pt/resposta-social/estrutura-residencial-para-pessoas-idosas-erpi/,,,"""Centro Social de Remelhe - D. António Barroso"" Remelhe Portugal"
26692,Lar e Creche da A.R.C.A.,Arco de Baúlhe,Cabeceiras de Basto,Creche,not found,,,"""Lar e Creche da A.R.C.A."" Arco de Baúlhe Portugal"
28268,Centro Social da Paróquia de Polvoreira,Guimarães,Guimarães,Creche,https://www.cspolvoreira.com/,,,"""Centro Social da Paróquia de Polvoreira"" Guimarães Portugal"
31892,Externato Jardim Escola João de Deus,Braga,Braga,Creche e Jardim de Infância,https://www.municipiosefreguesias.pt/entidade/3086/externato-jardim-escola-joao-de-deus,yes,word matched in path not domain — verify; combined tipo — may have split pages,"""Externato Jardim Escola João de Deus"" Braga Portugal"
34072,Associação Cristã Amor em Ação - Colégio Semear,S. Victor,Braga,Creche e Jardim de Infância,not found,,,"""Associação Cristã Amor em Ação - Colégio Semear"" S. Victor Portugal"
34236,Colégio de S.vicente,Braga,Braga,Creche,https://colegiosvicente.educabiz.com/,,,"""Colégio de S.vicente"" Braga Portugal"
37400,Associação Social de Pereira,Pereira,Montemor-o-Velho,Creche,not found,,,"""Associação Social de Pereira"" Pereira Portugal"
37876,Creche de Moreira do Rei,Fafe,Fafe,Creche,https://assmoreiradorei.pt/novas-instalacoes-da-creche-de-moreira-do-rei/,,,"""Creche de Moreira do Rei"" Fafe Portugal"
39121,The Sailors - S. Vítor,Braga,Braga,Creche,https://portaldaqueixa.com/brands/the-sailors,yes,word matched in path not domain — verify,"""The Sailors - S. Vítor"" Braga Portugal"
39181,Creche Arco Íris,Vizela,Vizela,Creche,not found,,,"""Creche Arco Íris"" Vizela Portugal"
39235,Creche Dr.ª Maria Júlia Martins,Cantelães,Vieira do Minho,Creche,not found,,,"""Creche Dr.ª Maria Júlia Martins"" Cantelães Portugal"
39636,Fábula - Academia de Apoio às Famílias,Barcelos,Barcelos,Creche,not found,,,"""Fábula - Academia de Apoio às Famílias"" Barcelos Portugal"
39638,Creche Minimeus,Barcelos,Barcelos,Creche,not found,,,"""Creche Minimeus"" Barcelos Portugal"
39644,Creche de Gandarela de Basto,Basto (São Clemente),Celorico de Basto,Creche,https://apoioperto.com/creches/celorico-de-basto/,yes,word matched in path not domain — verify,"""Creche de Gandarela de Basto"" Basto (São Clemente) Portugal"
39645,Creche do Centro Social da Paróquia de São Bartolomeu do Rego,Rego,Celorico de Basto,Creche,not found,,,"""Creche do Centro Social da Paróquia de São Bartolomeu do Rego"" Rego Portugal"
3115,Obra Social do Sagrado Coração de Maria - Guimarães,Guimarães,Guimarães,Jardim de Infância,not found,,,"""Obra Social do Sagrado Coração de Maria - Guimarães"" Guimarães Portugal"
3118,Centro Social e Paroquial São Martinho de Sande,Guimarães,Guimarães,Jardim de Infância,not found,,,"""Centro Social e Paroquial São Martinho de Sande"" Guimarães Portugal"
3123,Centro Paroquial Moreira de Cónegos,Moreira de Cónegos,Guimarães,Creche e Jardim de Infância,https://cpmoreiraconegos.pt/,yes,combined tipo — may have split pages,"""Centro Paroquial Moreira de Cónegos"" Moreira de Cónegos Portugal"
3127,Centro Social da Paróquia São Martinho de Medelo,Fafe,Fafe,Creche e Jardim de Infância,https://centrosocialmedelo.pt/,yes,combined tipo — may have split pages,"""Centro Social da Paróquia São Martinho de Medelo"" Fafe Portugal"
3194,Congregação das Servas Franciscanas de Nossa Senhora das Graças,Braga,Braga,Creche e Jardim de Infância,https://www.cnossasenhoradasgracas.pt/instituicao,yes,combined tipo — may have split pages,"""Congregação das Servas Franciscanas de Nossa Senhora das Graças"" Braga Portugal"
13149,Centro de Dia do Centro Social da Paróquia de Polvoreira,Guimarães,Guimarães,Jardim de Infância,not found,,,"""Centro de Dia do Centro Social da Paróquia de Polvoreira"" Guimarães Portugal"
21958,Centro Paroquial de S. Romão de Mesão Frio,Guimarães,Guimarães,Jardim de Infância,https://escoladevidro.pt/lescolas/jardim-infantil-do-centro-paroquial-de-s-romao-de-mesao-frio/,yes,word matched in path not domain — verify,"""Centro Paroquial de S. Romão de Mesão Frio"" Guimarães Portugal"
29387,Jardim Infantil do Centro Paroquial,Vila Chã Eps,Vila do Conde,Jardim de Infância,not found,,,"""Jardim Infantil do Centro Paroquial"" Vila Chã Eps Portugal"
29420,Jardim de Infância Bente,Bente,Vila Nova de Famalicão,Jardim de Infância,not found,,,"""Jardim de Infância Bente"" Bente Portugal"
29597,Jardim de Infância Montelongo,Fafe,Fafe,Jardim de Infância,https://correiodominho.pt/noticias/fafe-jardim-de-infancia-montelongo-venceu-projecto-nacional-hino-da-fruta/79203,yes,word matched in path not domain — verify,"""Jardim de Infância Montelongo"" Fafe Portugal"
29823,Escola Básica de Riba de Ave,Riba de Ave,Vila Nova de Famalicão,Jardim de Infância,https://www.famalicao.pt/escola-do-1o-ciclo-de-riba-de-ave-renasce-com-excelentes-condicoes-de-conforto-e-modernidade,yes,word matched in path not domain — verify,"""Escola Básica de Riba de Ave"" Riba de Ave Portugal"
29826,Escola Básica de Delães,Delães,Vila Nova de Famalicão,Jardim de Infância,not found,,,"""Escola Básica de Delães"" Delães Portugal"
29827,"Escola Básica de Oliveira S. Mateus, Vila Nova Famalicão",Oliveira S. Mateus,Vila Nova de Famalicão,Jardim de Infância,not found,,,"""Escola Básica de Oliveira S. Mateus, Vila Nova Famalicão"" Oliveira S. Mateus Portugal"
29849,"Jardim de Infância de Calçadas, Barcelos",Calçadas,Vila Nova de Gaia,Jardim de Infância,https://escoladevidro.pt/lescolas/jardim-de-infancia-de-calcadas-barcelos/,yes,word matched in path not domain — verify,"""Jardim de Infância de Calçadas, Barcelos"" Calçadas Portugal"
29888,Escola Básica de Barranhas,Vilarinho das Cambas,Vila Nova de Famalicão,Jardim de Infância,not found,,,"""Escola Básica de Barranhas"" Vilarinho das Cambas Portugal"
29889,JI de Lousado,Lousado,Vila Nova de Famalicão,Jardim de Infância,https://ecoescolas.abaae.pt/escola/escola-eb-ji-de-lousado/,yes,word matched in path not domain — verify,"""JI de Lousado"" Lousado Portugal"
29890,Escola Básica de Sapugal,Fradelos,Vila Nova de Famalicão,Jardim de Infância,https://escoladevidro.pt/lescolas/escola-basica-de-sapugal-fradelos-vila-nova-de-famalicao/,yes,word matched in path not domain — verify,"""Escola Básica de Sapugal"" Fradelos Portugal"
29891,"Escola Básica de Valdossos, Fradelos",Vila Nova de Famalicão,Vila Nova de Famalicão,Jardim de Infância,https://escoladevidro.pt/lescolas/escola-basica-de-valdossos-fradelos-vila-nova-de-famalicao/,yes,word matched in path not domain — verify,"""Escola Básica de Valdossos, Fradelos"" Vila Nova de Famalicão Portugal"
29901,Jardim de Infância da Quinta das Fontes,São Vicente,Braga,Jardim de Infância,https://escoladevidro.pt/lescolas/jardim-de-infancia-da-quinta-das-fontes-braga/,yes,word matched in path not domain — verify,"""Jardim de Infância da Quinta das Fontes"" São Vicente Portugal"
29908,"Escola Básica de Arcozelo, Barcelos",Arcozelo,Vila Nova de Gaia,Jardim de Infância,https://escoladevidro.pt/lescolas/escola-basica-de-arcozelo-barcelos/,yes,word matched in path not domain — verify,"""Escola Básica de Arcozelo, Barcelos"" Arcozelo Portugal"
29922,Centro Escolar D. Gualdim Pais,Amares,Amares,Jardim de Infância,https://oamarense.pt/tradicao-dos-reis-ganha-voz-com-alunos-do-centro-escolar-d-gualdim-pais-na-camara-municipal-de-amares/,yes,word matched in path not domain — verify,"""Centro Escolar D. Gualdim Pais"" Amares Portugal"
29923,Escola Básica de Caldelas,Caldelas,Amares,Jardim de Infância,https://www.directorioescolas.eu/escola/2843-escola-basica-de-caldelas-caldas-de-sao-jorge-santa-maria-da-feira/,yes,word matched in path not domain — verify,"""Escola Básica de Caldelas"" Caldelas Portugal"
29924,Escola Básica de Bouro,Bouro (Santa Maria),Amares,Jardim de Infância,https://escoladevidro.pt/lescolas/escola-basica-de-bouro-amares/,yes,word matched in path not domain — verify,"""Escola Básica de Bouro"" Bouro (Santa Maria) Portugal"
29996,Jardim de Infância de Souto - Santa Maria,Souto (Santa Maria),Guimarães,Jardim de Infância,https://maisguimaraes.pt/centro-social-de-souto-santa-maria-recebe-18-o-encontro-de-reis/,yes,word matched in path not domain — verify,"""Jardim de Infância de Souto - Santa Maria"" Souto (Santa Maria) Portugal"
30385,Jardim de Infância de Rego,,Celorico de Basto,Jardim de Infância,https://escoladevidro.pt/lescolas/jardim-de-infancia-de-rego-celorico-de-basto/,yes,word matched in path not domain — verify,"""Jardim de Infância de Rego"" Celorico de Basto Portugal"
30588,Jardim de Infância de Lanhas,Lanhas,Vila Verde,Jardim de Infância,https://escoladevidro.pt/lescolas/jardim-de-infancia-de-lanhas-vila-verde/,yes,word matched in path not domain — verify,"""Jardim de Infância de Lanhas"" Lanhas Portugal"
30589,Jardim de Infância da Loureira,Loureira,Vila Verde,Jardim de Infância,not found,,,"""Jardim de Infância da Loureira"" Loureira Portugal"
30591,Jardim de Infância de Pico de Regalados,Pico de Regalados,Vila Verde,Jardim de Infância,https://escoladevidro.pt/lescolas/jardim-de-infancia-de-pico-de-regalados-vila-verde/,yes,word matched in path not domain — verify,"""Jardim de Infância de Pico de Regalados"" Pico de Regalados Portugal"
30593,Jardim de Infância de Turiz,Turiz,Vila Verde,Jardim de Infância,not found,,,"""Jardim de Infância de Turiz"" Turiz Portugal"
30643,Escola Básica/JI de Ruães,Ruães,Braga,Jardim de Infância,not found,,,"""Escola Básica/JI de Ruães"" Ruães Portugal"
30679,Jardim-De-Infância de Parada de Tibães,Parada de Tibães,Braga,Jardim de Infância,https://aereal.pt/ae-real/ji-parada-de-tibaes/,yes,word matched in path not domain — verify,"""Jardim-De-Infância de Parada de Tibães"" Parada de Tibães Portugal"
30680,Jardim-De-Infância da Goja,Braga,Braga,Jardim de Infância,not found,,,"""Jardim-De-Infância da Goja"" Braga Portugal"
30681,Jardim de Infância Quinta das Hortas,Braga,Braga,Jardim de Infância,not found,,,"""Jardim de Infância Quinta das Hortas"" Braga Portugal"
30756,Escola Básica de São Gens,São Gens,Fafe,Jardim de Infância,error:The read operation timed out,,,"""Escola Básica de São Gens"" São Gens Portugal"
30757,Escola Básica de Quinchães,Quinchães,Fafe,Jardim de Infância,not found,,,"""Escola Básica de Quinchães"" Quinchães Portugal"
30803,"Escola Básica de Santa Luzia, Azurém",,Guimarães,Jardim de Infância,https://escoladevidro.pt/lescolas/escola-basica-de-santa-luzia-azurem-guimaraes/,yes,word matched in path not domain — verify,"""Escola Básica de Santa Luzia, Azurém"" Guimarães Portugal"
30876,Escola Básica de Silveiros,Silveiros,Barcelos,Jardim de Infância,https://escoladevidro.pt/lescolas/escola-basica-de-silveiros-barcelos/,yes,word matched in path not domain — verify,"""Escola Básica de Silveiros"" Silveiros Portugal"
30928,Escola Básica de Cristelo,Cristelo,Paredes,Jardim de Infância,not found,,,"""Escola Básica de Cristelo"" Cristelo Portugal"
30931,Jardim de Infância de Covelo,Adães,Barcelos,Jardim de Infância,https://escoladevidro.pt/lescolas/jardim-de-infancia-de-covelo-adaes-barcelos/,yes,word matched in path not domain — verify,"""Jardim de Infância de Covelo"" Adães Portugal"
30932,Escola Básica de Remelhe,Remelhe,Barcelos,Jardim de Infância,not found,,,"""Escola Básica de Remelhe"" Remelhe Portugal"
30933,Jardim de Infância Alcaides de Faria,Barcelinhos,Barcelos,Jardim de Infância,https://escoladevidro.pt/lescolas/jardim-de-infancia-alcaides-de-faria-barcelinhos-barcelos/,yes,word matched in path not domain — verify,"""Jardim de Infância Alcaides de Faria"" Barcelinhos Portugal"
30936,"Escola Básica de Carvalhal, Barcelos",Carvalhal,Sertã,Jardim de Infância,https://escoladevidro.pt/lescolas/escola-basica-de-carvalhal-barcelos/,yes,word matched in path not domain — verify,"""Escola Básica de Carvalhal, Barcelos"" Carvalhal Portugal"
30937,"Escola Básica de Pereira, Barcelos",Pereira,Montemor-o-Velho,Jardim de Infância,https://escoladevidro.pt/lescolas/escola-basica-de-pereira-barcelos/,yes,word matched in path not domain — verify,"""Escola Básica de Pereira, Barcelos"" Pereira Portugal"
30938,Escola Básica da Várzea,Várzea,Barcelos,Jardim de Infância,http://www.agrupamentosabandeira.pt/sitio/index.php/component/contact/contact/8-contacts/12-escola-basica-da-varzea,yes,word matched in path not domain — verify,"""Escola Básica da Várzea"" Várzea Portugal"
30988,Jardim de Infância de Cabreiros,Cabreiros,Braga,Jardim de Infância,https://escoladevidro.pt/lescolas/jardim-de-infancia-de-cabreiros-braga/,yes,word matched in path not domain — verify,"""Jardim de Infância de Cabreiros"" Cabreiros Portugal"
30989,Escola Básica de Cunha,Cunha,Braga,Jardim de Infância,not found,,,"""Escola Básica de Cunha"" Cunha Portugal"
30990,Jardim de Infância de Vilaça entre Muros,Vilaça,Braga,Jardim de Infância,https://escoladevidro.pt/lescolas/jardim-de-infancia-de-vilaca-entre-muros-vilaca-braga/,yes,word matched in path not domain — verify,"""Jardim de Infância de Vilaça entre Muros"" Vilaça Portugal"
30991,Escola Básica de Tebosa,Tebosa,Braga,Jardim de Infância,https://escoladevidro.pt/lescolas/escola-basica-de-tebosa-braga/,yes,word matched in path not domain — verify,"""Escola Básica de Tebosa"" Tebosa Portugal"
30992,Escola Básica de Vimieiro,Stª Ana de Vimieiro,Braga,Jardim de Infância,not found,,,"""Escola Básica de Vimieiro"" Stª Ana de Vimieiro Portugal"
30994,Jardim de Infância de Igreja,Priscos,Braga,Jardim de Infância,https://escoladevidro.pt/lescolas/jardim-de-infancia-de-igreja-priscos-braga/,yes,word matched in path not domain — verify,"""Jardim de Infância de Igreja"" Priscos Portugal"
31062,Escola Básica de Nogueiró,Nogueiró,Braga,Jardim de Infância,https://aedonamaria.pt/content/escola-basica-de-nogueiro,yes,word matched in path not domain — verify,"""Escola Básica de Nogueiró"" Nogueiró Portugal"
31063,Escola Básica de Tenões,Braga,Braga,Jardim de Infância,https://aedonamaria.pt/content/escola-basica-de-tenoes,yes,word matched in path not domain — verify,"""Escola Básica de Tenões"" Braga Portugal"
31071,Escola Básica de Vinha,Atães,Guimarães,Jardim de Infância,https://escoladevidro.pt/lescolas/escola-basica-de-vinha-guimaraes/,yes,word matched in path not domain — verify,"""Escola Básica de Vinha"" Atães Portugal"
31074,Escola Básica de Bela Vista,Selho S. Lourenço,Guimarães,Jardim de Infância,error:The read operation timed out,,,"""Escola Básica de Bela Vista"" Selho S. Lourenço Portugal"
31105,Escola EB1/JI de Durrães,Durrães,Barcelos,Jardim de Infância,not found,,,"""Escola EB1/JI de Durrães"" Durrães Portugal"
31107,Escola EB1/JI de Palme,Palme,Barcelos,Jardim de Infância,not found,,,"""Escola EB1/JI de Palme"" Palme Portugal"
31242,Escola Básica do Cávado,Louredo,Vieira do Minho,Jardim de Infância,https://escoladevidro.pt/lescolas/escola-basica-do-cavado-louredo-vieira-do-minho/,yes,word matched in path not domain — verify,"""Escola Básica do Cávado"" Louredo Portugal"
31288,Jardim de Infância de Marrancos,Vila Verde,Vila Verde,Jardim de Infância,https://escoladevidro.pt/lescolas/jardim-de-infancia-de-marrancos-vila-verde/,yes,word matched in path not domain — verify,"""Jardim de Infância de Marrancos"" Vila Verde Portugal"
31292,Jardim de Infância N.º 2 de Moure,Vila Verde,Vila Verde,Jardim de Infância,https://escoladevidro.pt/lcategorias/agrupamento-de-escolas-de-moure-e-ribeira-do-neiva-vila-verde/,yes,word matched in path not domain — verify,"""Jardim de Infância N.º 2 de Moure"" Vila Verde Portugal"
31294,"Jardim de Infância de Carreiras, Santiago",Carreiras S.tiago,Vila Verde,Jardim de Infância,https://www.directorioescolas.eu/escola/608-jardim-de-infancia-de-carreiras-santiago-vila-verde/,yes,word matched in path not domain — verify,"""Jardim de Infância de Carreiras, Santiago"" Carreiras S.tiago Portugal"
31296,Escola Básica de Parada de Gatim,Vila Verde,Vila Verde,Jardim de Infância,https://escoladevidro.pt/lescolas/escola-basica-de-parada-de-gatim-vila-verde/,yes,word matched in path not domain — verify,"""Escola Básica de Parada de Gatim"" Vila Verde Portugal"
31298,Jardim de Infância de Duas Igrejas,Duas Igrejas,Vila Verde,Jardim de Infância,https://escoladevidro.pt/lescolas/jardim-de-infancia-de-duas-igrejas-vila-verde/,yes,word matched in path not domain — verify,"""Jardim de Infância de Duas Igrejas"" Duas Igrejas Portugal"
31327,Escola EB1/JI Mascotelos,Mascotelos,Guimarães,Jardim de Infância,not found,,,"""Escola EB1/JI Mascotelos"" Mascotelos Portugal"
31329,Escola EB1/JI Silvares,Silvares,Guimarães,Jardim de Infância,not found,,,"""Escola EB1/JI Silvares"" Silvares Portugal"
31334,Escola Básica N.º 1 de Pevidém - Guimarães,Selho S. Jorge,Guimarães,Jardim de Infância,not found,,,"""Escola Básica N.º 1 de Pevidém - Guimarães"" Selho S. Jorge Portugal"
31336,Escola Básica de Gondar - Guimarães,Gondar,Guimarães,Jardim de Infância,https://escoladevidro.pt/lescolas/escola-basica-de-gondar-guimaraes/,yes,word matched in path not domain — verify,"""Escola Básica de Gondar - Guimarães"" Gondar Portugal"
31366,"Escola Básica de Espinho, Braga",Salgueiral,Mortágua,Jardim de Infância,https://escoladevidro.pt/lescolas/escola-basica-de-espinho-braga/,yes,word matched in path not domain — verify,"""Escola Básica de Espinho, Braga"" Salgueiral Portugal"
31367,Escola Básica de Pedralva,Pedralva,Braga,Jardim de Infância,https://www.servicospublicos.pt/servico-publico/1849/escola-basica-de-pedralva--braga,yes,word matched in path not domain — verify,"""Escola Básica de Pedralva"" Pedralva Portugal"
31417,"Escola Básica de Igreja, Sande - São Martinho",Sande S Martinho,Guimarães,Jardim de Infância,https://escoladevidro.pt/lescolas/escola-basica-de-igreja-sande-sao-martinho-guimaraes/,yes,word matched in path not domain — verify,"""Escola Básica de Igreja, Sande - São Martinho"" Sande S Martinho Portugal"
31432,Jardim de Infância de Eiral,Eiral,Vila Nova de Famalicão,Jardim de Infância,not found,,,"""Jardim de Infância de Eiral"" Eiral Portugal"
31433,Escola Básica de Louro / Mouquim,Vila Nova de Famalicão,Vila Nova de Famalicão,Jardim de Infância,https://escoladevidro.pt/lescolas/escola-basica-de-louro-mouquim-vila-nova-de-famalicao/,yes,word matched in path not domain — verify,"""Escola Básica de Louro / Mouquim"" Vila Nova de Famalicão Portugal"
31434,Escola Básica de Cruz,Vila Nova de Famalicão,Vila Nova de Famalicão,Jardim de Infância,https://www.famalicaoeducativo.pt/_escola_basica_de_cruz_visita_museu_ferroviario_de_lousado,yes,word matched in path not domain — verify,"""Escola Básica de Cruz"" Vila Nova de Famalicão Portugal"
31435,"Jardim de Infância de Além, Gavião",Vila Nova de Famalicão,Vila Nova de Famalicão,Jardim de Infância,https://escoladevidro.pt/lescolas/jardim-de-infancia-de-alem-gaviao-vila-nova-de-famalicao/,yes,word matched in path not domain — verify,"""Jardim de Infância de Além, Gavião"" Vila Nova de Famalicão Portugal"
31436,Escola Básica de Requião,Requião,Vila Nova de Famalicão,Jardim de Infância,https://escoladevidro.pt/lescolas/escola-basica-de-requiao-vila-nova-de-famalicao/,yes,word matched in path not domain — verify,"""Escola Básica de Requião"" Requião Portugal"
31440,Escola Básica de Telhado,Telhado,Vila Nova de Famalicão,Jardim de Infância,https://www.famalicao.pt/escola-basica-de-telhado-fica-pronta-no-inicio-do-proximo-ano-letivo,yes,word matched in path not domain — verify,"""Escola Básica de Telhado"" Telhado Portugal"
31441,Jardim de Infância de Fonte Cova,Nine,Vila Nova de Famalicão,Jardim de Infância,https://escoladevidro.pt/lescolas/jardim-de-infancia-de-fonte-cova-vila-nova-de-famalicao/,yes,word matched in path not domain — verify,"""Jardim de Infância de Fonte Cova"" Nine Portugal"
31451,Escola Básica de Guilheta,Guilheta,Esposende,Jardim de Infância,https://escoladevidro.pt/lescolas/escola-basica-de-guilheta-esposende/,yes,word matched in path not domain — verify,"""Escola Básica de Guilheta"" Guilheta Portugal"
31488,"Escola Básica de Curvos, Esposende",Curvos,Faro,Jardim de Infância,https://moovitapp.com/index/en/public_transit-Escola_B%C3%A1sica_de_Curvos-Porto-site_265242357-1904,yes,word matched in path not domain — verify,"""Escola Básica de Curvos, Esposende"" Curvos Portugal"
31489,Escola Básica de Gandra,Gandra,Esposende,Jardim de Infância,https://agvaf.edu.pt/estabelecimentos/escola-basica-de-gandra/,yes,word matched in path not domain — verify,"""Escola Básica de Gandra"" Gandra Portugal"
31490,Escola Básica de Gemeses,Gemeses,Esposende,Jardim de Infância,not found,,,"""Escola Básica de Gemeses"" Gemeses Portugal"
31509,EB1/JI de Perelhal,Perelhal,Barcelos,Jardim de Infância,not found,,,"""EB1/JI de Perelhal"" Perelhal Portugal"
31532,Jardim de Infância de Esmeriz,Esmeriz,Vila Nova de Famalicão,Jardim de Infância,https://ecoescolas.abaae.pt/escola/jardim-de-infancia-de-esmeriz/,yes,word matched in path not domain — verify,"""Jardim de Infância de Esmeriz"" Esmeriz Portugal"
31534,Jardim de Infância de Lage,Calendário,Vila Nova de Famalicão,Jardim de Infância,not found,,,"""Jardim de Infância de Lage"" Calendário Portugal"
31585,Escola Básica de Infantas,Vila Nova das Infantas,Guimarães,Jardim de Infância,https://ecoescolas.abaae.pt/escola/escola-basica-de-infantas/,yes,word matched in path not domain — verify,"""Escola Básica de Infantas"" Vila Nova das Infantas Portugal"
31586,Escola Básica de São Romão,Mesão Frio,Guimarães,Jardim de Infância,https://escoladevidro.pt/lescolas/escola-basica-de-sao-romao-mesao-frio-guimaraes/,yes,word matched in path not domain — verify,"""Escola Básica de São Romão"" Mesão Frio Portugal"
31587,"Escola Básica de Serzedo, Guimarães",Serzedo,Monção,Jardim de Infância,https://escoladevidro.pt/lescolas/escola-basica-de-serzedo-guimaraes/,yes,word matched in path not domain — verify,"""Escola Básica de Serzedo, Guimarães"" Serzedo Portugal"
31615,"Escola Básica de Calvos, Guimarães",Calvos,Monção,Jardim de Infância,https://escoladevidro.pt/lescolas/escola-basica-de-calvos-guimaraes/,yes,word matched in path not domain — verify,"""Escola Básica de Calvos, Guimarães"" Calvos Portugal"
31617,Escola Básica Ucha de Baixo,Guimarães,Guimarães,Jardim de Infância,https://emlista.pt/escolas-basicas/guimaraes-escola-basica-ucha-de-baixo-sao-faustino/11232,yes,word matched in path not domain — verify,"""Escola Básica Ucha de Baixo"" Guimarães Portugal"
31618,"Escola Básica de Pinheiro, Guimarães",Pinheiro,Vieira do Minho,Jardim de Infância,not found,,,"""Escola Básica de Pinheiro, Guimarães"" Pinheiro Portugal"
31686,Jardim de Infância de Terras de Bouro,Moimenta,Terras de Bouro,Jardim de Infância,https://apoioperto.com/creches/terras-de-bouro/,yes,word matched in path not domain — verify,"""Jardim de Infância de Terras de Bouro"" Moimenta Portugal"
31688,Jardim de Infância de Chorense,Chorense,Terras de Bouro,Jardim de Infância,https://aetb.edu.pt/ji-chorense/,yes,word matched in path not domain — verify,"""Jardim de Infância de Chorense"" Chorense Portugal"
31696,Escola Básica de Pedraça,Cabeceiras de Basto,Cabeceiras de Basto,Jardim de Infância,https://escoladevidro.pt/lescolas/escola-basica-de-pedraca-cabeceiras-de-basto/,yes,word matched in path not domain — verify,"""Escola Básica de Pedraça"" Cabeceiras de Basto Portugal"
31699,Jardim de Infância de Santa Senhorinha,Cabeceiras de Basto,Cabeceiras de Basto,Jardim de Infância,not found,,,"""Jardim de Infância de Santa Senhorinha"" Cabeceiras de Basto Portugal"
31714,"Centro Escolar da Naia, Ferreiros",Braga,Braga,Jardim de Infância,not found,,,"""Centro Escolar da Naia, Ferreiros"" Braga Portugal"
32004,EB de Góios,,Esposende,Jardim de Infância,not found,,,"""EB de Góios"" Esposende Portugal"
32032,Jardim de Infância de Vale S. Cosme,Vale S. Cosme,Vila Nova de Famalicão,Jardim de Infância,https://www.famalicaoeducativo.pt/_aedm2_dia_da_crianca_no_jardim_de_infancia_de_vale_scosme,yes,word matched in path not domain — verify,"""Jardim de Infância de Vale S. Cosme"" Vale S. Cosme Portugal"
32034,Escola Básica Professora Filomena Mesquita,Cabeceiras de Basto,Cabeceiras de Basto,Jardim de Infância,https://bibliebscb2020.wixsite.com/biblicbasto/ce-professora-filomena-mesquita,yes,word matched in path not domain — verify,"""Escola Básica Professora Filomena Mesquita"" Cabeceiras de Basto Portugal"
32043,Escola Básica de Areias S. Vicente,Areias Bcl,Barcelos,Jardim de Infância,not found,,,"""Escola Básica de Areias S. Vicente"" Areias Bcl Portugal"
32044,Escola Básica Galegos Santa Maria,Galegos (Santa Maria),Barcelos,Jardim de Infância,https://emlista.pt/escolas-basicas/barcelos-escola-basica-galegos-santa-maria-galegos-santa-maria/10698,yes,word matched in path not domain — verify,"""Escola Básica Galegos Santa Maria"" Galegos (Santa Maria) Portugal"
32049,Escola Básica de Faia,Cabeceiras de Basto,Sernancelhe,Jardim de Infância,https://escoladevidro.pt/lescolas/escola-basica-de-faia-cabeceiras-de-basto/,yes,word matched in path not domain — verify,"""Escola Básica de Faia"" Cabeceiras de Basto Portugal"
32051,Escola Básica do Arco de Baúlhe,Cabeceiras de Basto,Cabeceiras de Basto,Jardim de Infância,https://escoladevidro.pt/lescolas/escola-basica-do-arco-de-baulhe-cabeceiras-de-basto/,yes,word matched in path not domain — verify,"""Escola Básica do Arco de Baúlhe"" Cabeceiras de Basto Portugal"
32086,Escola Básica de Figueiredo,Figueiredo,Braga,Jardim de Infância,not found,,,"""Escola Básica de Figueiredo"" Figueiredo Portugal"
32263,Centro Escolar de Maximinos,Braga,Braga,Jardim de Infância,https://wwweb.aemaximinos.edu.pt/agrupamento/descricao,,,"""Centro Escolar de Maximinos"" Braga Portugal"
32474,Escola Básica Aula Conde Código Postal,Conde Gmr,Vila Nova de Cerveira,Jardim de Infância,not found,,,"""Escola Básica Aula Conde Código Postal"" Conde Gmr Portugal"
32485,EB1/JI de Creixomil,Creixomil,Barcelos,Jardim de Infância,not found,,,"""EB1/JI de Creixomil"" Creixomil Portugal"
32544,Escola Básica de Criaz,Apúlia,Pinhel,Jardim de Infância,https://escoladevidro.pt/lescolas/escola-basica-de-criaz-esposende/,yes,word matched in path not domain — verify,"""Escola Básica de Criaz"" Apúlia Portugal"
32545,Escola Básica de Facho,Apúlia,Pinhel,Jardim de Infância,https://escoladevidro.pt/lescolas/escola-basica-de-facho-apulia-esposende/,yes,word matched in path not domain — verify,"""Escola Básica de Facho"" Apúlia Portugal"
32693,Escola Básica Agostinho da Silva,Guimarães,Guimarães,Jardim de Infância,https://escoladevidro.pt/lescolas/escola-basica-agostinho-da-silva-guimaraes/,yes,word matched in path not domain — verify,"""Escola Básica Agostinho da Silva"" Guimarães Portugal"
32704,Jardim de Infância de Rio Caldo,Rio Caldo,Terras de Bouro,Jardim de Infância,not found,,,"""Jardim de Infância de Rio Caldo"" Rio Caldo Portugal"
32705,Jardim de Infância do Gerês,Vilar da Veiga,Terras de Bouro,Jardim de Infância,not found,,,"""Jardim de Infância do Gerês"" Vilar da Veiga Portugal"
32723,Jardim de Infância de Poças Airão Stª Maria,Airão Stª Maria,Guimarães,Jardim de Infância,not found,,,"""Jardim de Infância de Poças Airão Stª Maria"" Airão Stª Maria Portugal"
32724,Jardim de Infância de Ronfe,Ronfe,Guimarães,Jardim de Infância,not found,,,"""Jardim de Infância de Ronfe"" Ronfe Portugal"
33116,Jardim de Infância de Encourados,Encourados-Barcelos,Barcelos,Jardim de Infância,https://escoladevidro.pt/lescolas/jardim-de-infancia-de-encourados-barcelos/,yes,word matched in path not domain — verify,"""Jardim de Infância de Encourados"" Encourados-Barcelos Portugal"
33117,Escola Básica de Sequeira,Sequeira,Braga,Jardim de Infância,https://www.municipiosefreguesias.pt/entidade/8209/escola-basica-de-sequeira,yes,word matched in path not domain — verify,"""Escola Básica de Sequeira"" Sequeira Portugal"
33175,Jardim de Infância de Feira,Carvalho,Celorico de Basto,Jardim de Infância,not found,,,"""Jardim de Infância de Feira"" Carvalho Portugal"
33176,"Jardim de Infância de Santa Luzia, Canedo",Canedo de Basto,Celorico de Basto,Jardim de Infância,not found,,,"""Jardim de Infância de Santa Luzia, Canedo"" Canedo de Basto Portugal"
33231,Jardim de Infância de Aldeia Nova,Ribeirão,Vila Nova de Famalicão,Jardim de Infância,https://escoladevidro.pt/lescolas/jardim-de-infancia-de-aldeia-nova-ribeirao-vila-nova-de-famalicao/,yes,word matched in path not domain — verify,"""Jardim de Infância de Aldeia Nova"" Ribeirão Portugal"
33232,Escola Básica N.º1 de Ribeirão,Ribeirão,Vila Nova de Famalicão,Jardim de Infância,https://eb23-ribeirao.pt/wp-content/uploads/2024/04/Projeto-Educativo-AE-Ribeirao.pdf,,,"""Escola Básica N.º1 de Ribeirão"" Ribeirão Portugal"
33239,Jardim de Infância de Cruzeiro,Courel,Barcelos,Jardim de Infância,not found,,,"""Jardim de Infância de Cruzeiro"" Courel Portugal"
33248,Escola Básica da Feira Nova,Ferreiros,Amares,Jardim de Infância,not found,,,"""Escola Básica da Feira Nova"" Ferreiros Portugal"
33261,Jardim de Infância de Airó,Airó,Barcelos,Jardim de Infância,not found,,,"""Jardim de Infância de Airó"" Airó Portugal"
33262,Escola Básica de Alvelos,Alvelos,Barcelos,Jardim de Infância,https://escoladevidro.pt/lescolas/escola-basica-de-alvelos-barcelos/,yes,word matched in path not domain — verify,"""Escola Básica de Alvelos"" Alvelos Portugal"
33263,Escola Básica de Areias de Vilar,Areias de Vilar,Barcelos,Jardim de Infância,https://escoladevidro.pt/lescolas/escola-basica-de-areias-de-vilar-barcelos/,yes,word matched in path not domain — verify,"""Escola Básica de Areias de Vilar"" Areias de Vilar Portugal"
33264,Escola Básica de Gueral,Gueral,Barcelos,Jardim de Infância,not found,,,"""Escola Básica de Gueral"" Gueral Portugal"
33265,"Escola Básica de Moure, Barcelos",Moure,Vila Verde,Jardim de Infância,https://moovitapp.com/index/pt/transportes_p%C3%BAblicos-Escola_B%C3%A1sica_de_Moure-Porto-site_262362381-1904,yes,word matched in path not domain — verify,"""Escola Básica de Moure, Barcelos"" Moure Portugal"
33272,Escola Básica de Vale do Cávado,Lago,Amares,Jardim de Infância,https://escoladevidro.pt/lescolas/escola-basica-de-vale-do-cavado-veiga-amares/,yes,word matched in path not domain — verify,"""Escola Básica de Vale do Cávado"" Lago Portugal"
33273,Escola Básica do Vale do Homem,Rendufe,Amares,Jardim de Infância,https://www.directorioescolas.eu/escola/218-escola-basica-do-vale-do-homem-rendufe-amares/,yes,word matched in path not domain — verify,"""Escola Básica do Vale do Homem"" Rendufe Portugal"
33305,Escola Básica de Donim,Donim,Guimarães,Jardim de Infância,https://escoladevidro.pt/lescolas/escola-basica-de-donim-guimaraes/,yes,word matched in path not domain — verify,"""Escola Básica de Donim"" Donim Portugal"
33308,Eb1ji de Caneiros,Fermentões,Guimarães,Jardim de Infância,not found,,,"""Eb1ji de Caneiros"" Fermentões Portugal"
33343,Escola Básica de Milhazes,Milhazes,Barcelos,Jardim de Infância,"https://ruas-portugal.openalfa.com/milhazes,-vilar-de-figos-e-faria/educacao",yes,word matched in path not domain — verify,"""Escola Básica de Milhazes"" Milhazes Portugal"
33345,Escola Básica da Cruz de Argola,Guimarães,Guimarães,Jardim de Infância,not found,,,"""Escola Básica da Cruz de Argola"" Guimarães Portugal"
33363,Escola Básica de Barqueiros,Barqueiros,Mesão Frio,Jardim de Infância,https://escoladevidro.pt/lescolas/escola-basica-de-barqueiros-barcelos/,yes,word matched in path not domain — verify,"""Escola Básica de Barqueiros"" Barqueiros Portugal"
33364,Escola Básica de Paradela,Paradela,Sever do Vouga,Jardim de Infância,https://mail.municipiosefreguesias.pt/entidade/6409/escola-basica-de-paradela,yes,word matched in path not domain — verify,"""Escola Básica de Paradela"" Paradela Portugal"
33377,Escola Básica de Esqueiros,Esqueiros,Vila Verde,Jardim de Infância,not found,,,"""Escola Básica de Esqueiros"" Esqueiros Portugal"
33378,Escola Básica de Geme,Gême,Vila Verde,Jardim de Infância,https://escoladevidro.pt/lescolas/escola-basica-de-geme-vila-verde/,yes,word matched in path not domain — verify,"""Escola Básica de Geme"" Gême Portugal"
33379,Escola Básica de Soutelo,Soutelo,Vila Verde,Jardim de Infância,https://sicnoticias.pt/pais/2009-12-10-professora-da-escola-basica-de-soutelo-acusada-de-maltratar-criancas1,yes,word matched in path not domain — verify,"""Escola Básica de Soutelo"" Soutelo Portugal"
33381,Jardim de Infância de Atães,Atães,Vila Verde,Jardim de Infância,not found,,,"""Jardim de Infância de Atães"" Atães Portugal"
33382,Jardim de Infância de Sabariz,Sabariz,Vila Verde,Jardim de Infância,https://escoladevidro.pt/lescolas/jardim-de-infancia-de-sabariz-vila-verde/,yes,word matched in path not domain — verify,"""Jardim de Infância de Sabariz"" Sabariz Portugal"
33383,EB1/Jardim de Infância Este S. Mamede,Braga,Braga,Jardim de Infância,not found,,,"""EB1/Jardim de Infância Este S. Mamede"" Braga Portugal"
33389,Jardim de Infância de Este S. Pedro,Braga,Braga,Jardim de Infância,https://correiodominho.pt/noticias/avanca-creche-para-45-criancas-em-este/163954,yes,word matched in path not domain — verify,"""Jardim de Infância de Este S. Pedro"" Braga Portugal"
33395,Escola Básica de Aboim da Nóbrega,Aboim da Nóbrega,Vila Verde,Jardim de Infância,https://escoladevidro.pt/lescolas/escola-basica-de-aboim-da-nobrega-vila-verde/,yes,word matched in path not domain — verify,"""Escola Básica de Aboim da Nóbrega"" Aboim da Nóbrega Portugal"
33396,Escola Básica de Oriz - São Miguel,"Oriz, S. Miguel",Vila Verde,Jardim de Infância,https://escoladevidro.pt/lescolas/escola-basica-de-oriz-sao-miguel-vila-verde/,yes,word matched in path not domain — verify,"""Escola Básica de Oriz - São Miguel"" Oriz, S. Miguel Portugal"
33398,Escola Básica Monsenhor Elísio Araújo,Pico de Regalados,Vila Verde,Jardim de Infância,https://ecoescolas.abaae.pt/escola/escola-basica-monsenhor-elisio-araujo/,yes,word matched in path not domain — verify,"""Escola Básica Monsenhor Elísio Araújo"" Pico de Regalados Portugal"
33896,Jardim de Infância de Serzedelo,Serzedelo,Póvoa de Lanhoso,Jardim de Infância,https://moovitapp.com/index/en/public_transit-Jardim_de_Inf%C3%A2ncia_de_Serzedelo-Porto-site_265243429-1904,yes,word matched in path not domain — verify,"""Jardim de Infância de Serzedelo"" Serzedelo Portugal"
33943,Escola Básica de Fraião - Tamel São Veríssimo,Tamel S. Veríssimo Barcelos,Barcelos,Jardim de Infância,not found,,,"""Escola Básica de Fraião - Tamel São Veríssimo"" Tamel S. Veríssimo Barcelos Portugal"
33944,Escola Básica de Alheira,Alheira Barcelos,Barcelos,Jardim de Infância,https://www.directorioescolas.eu/escola/231-escola-basica-de-alheira-barcelos/,yes,word matched in path not domain — verify,"""Escola Básica de Alheira"" Alheira Barcelos Portugal"
34742,Jardim de Infância do Centro de Solidariedade da Sagrada Família,Braga,Braga,Jardim de Infância,not found,,,"""Jardim de Infância do Centro de Solidariedade da Sagrada Família"" Braga Portugal"
34909,"Escola Básica de Moreira de Rei,",Moreira do Rei,Fafe,Jardim de Infância,https://escoladevidro.pt/lescolas/escola-basica-de-moreira-de-rei-fafe/,yes,word matched in path not domain — verify,"""Escola Básica de Moreira de Rei,"" Moreira do Rei Portugal"
34914,Escola Básica de Vila Boa,Barcelos,Barcelos,Jardim de Infância,https://www.directorioescolas.eu/escola/289-escola-basica-de-vila-boa-barcelos/,yes,word matched in path not domain — verify,"""Escola Básica de Vila Boa"" Barcelos Portugal"
34920,Escola Básica António Fogaça,Barcelos,Barcelos,Jardim de Infância,https://ebantoniofogaca.wordpress.com/contact/,,,"""Escola Básica António Fogaça"" Barcelos Portugal"
34922,Escola Básica de Abade de Neiva,Abade de Neiva,Barcelos,Jardim de Infância,https://escoladevidro.pt/lescolas/escola-basica-de-abade-de-neiva-barcelos/,yes,word matched in path not domain — verify,"""Escola Básica de Abade de Neiva"" Abade de Neiva Portugal"
34923,"Escola Básica de Vila Frescaínha, São Pedro",V Frescainha (S Pedro),Barcelos,Jardim de Infância,https://escoladevidro.pt/lescolas/escola-basica-de-vila-frescainha-sao-pedro-barcelos/,yes,word matched in path not domain — verify,"""Escola Básica de Vila Frescaínha, São Pedro"" V Frescainha (S Pedro) Portugal"
34925,Escola Básica e Jardim de Infância de Arcos,Braga,Braga,Jardim de Infância,not found,,,"""Escola Básica e Jardim de Infância de Arcos"" Braga Portugal"
34928,Escola Básica de Freiriz,Freiriz,Vila Verde,Jardim de Infância,https://escoladevidro.pt/lescolas/escola-basica-de-freiriz-vila-verde/,yes,word matched in path not domain — verify,"""Escola Básica de Freiriz"" Freiriz Portugal"
34930,Escola Básica de S. Miguel,Vizela,Vizela,Jardim de Infância,https://escoladevidro.pt/lescolas/escola-basica-de-s-miguel-vizela/,yes,word matched in path not domain — verify,"""Escola Básica de S. Miguel"" Vizela Portugal"
34934,Jardim de Infância de Seide,Vila Nova de Famalicão,Vila Nova de Famalicão,Jardim de Infância,https://ecoescolas.abaae.pt/escola/jardim-de-infancia-de-seide-s-miguel/,yes,word matched in path not domain — verify,"""Jardim de Infância de Seide"" Vila Nova de Famalicão Portugal"
34935,Escola Básica de Aldão,Barcelos,Barcelos,Jardim de Infância,https://www.directorioescolas.eu/escola/291-escola-basica-de-aldao-barcelos/,yes,word matched in path not domain — verify,"""Escola Básica de Aldão"" Barcelos Portugal"
34937,Jardim de Infância de Lomar,Braga,Braga,Jardim de Infância,https://aesas.pt/agrupamento/unidades-organicas-2/jardim-de-infancia-de-lomar/,yes,word matched in path not domain — verify,"""Jardim de Infância de Lomar"" Braga Portugal"
34939,Jardim de Infância de Monte,Braga,Braga,Jardim de Infância,https://aesas.pt/agrupamento/unidades-organicas-2/jardim-de-infancia-de-monte-nogueira/,yes,word matched in path not domain — verify,"""Jardim de Infância de Monte"" Braga Portugal"
34942,Jardim de Infância de Outeiro,Outiz,Vila Nova de Famalicão,Jardim de Infância,https://escoladevidro.pt/lescolas/jardim-de-infancia-de-outeiro-vila-nova-de-famalicao/,yes,word matched in path not domain — verify,"""Jardim de Infância de Outeiro"" Outiz Portugal"
34948,Escola Básica de Rio Covo - Santa Eulália,Rio Covo Sta. Eulália,Barcelos,Jardim de Infância,https://www.directorioescolas.eu/escola/342-escola-basica-de-rio-covo-santa-eulalia-barcelos/,,,"""Escola Básica de Rio Covo - Santa Eulália"" Rio Covo Sta. Eulália Portugal"
34950,Escola Básica da Ponte Pedrinha,Braga,Braga,Jardim de Infância,https://www.directorioescolas.eu/escola/412-escola-basica-da-ponte-pedrinha-braga/,yes,word matched in path not domain — verify,"""Escola Básica da Ponte Pedrinha"" Braga Portugal"
34952,Escola Básica de Infias,Ínfias Viz,Vizela,Jardim de Infância,not found,,,"""Escola Básica de Infias"" Ínfias Viz Portugal"
34953,Escola Básica de Tagilde,Tagilde,Vizela,Jardim de Infância,https://escoladevidro.pt/lescolas/escola-basica-de-tagilde-vizela/,yes,word matched in path not domain — verify,"""Escola Básica de Tagilde"" Tagilde Portugal"
34957,Jardim de Infância de Garfe,Garfe-Póvoa de Lanhoso,Póvoa de Lanhoso,Jardim de Infância,https://escoladevidro.pt/lescolas/jardim-de-infancia-de-garfe-povoa-de-lanhoso/,yes,word matched in path not domain — verify,"""Jardim de Infância de Garfe"" Garfe-Póvoa de Lanhoso Portugal"
34961,Escola Básica dos Enxertos,Vizela,Vizela,Jardim de Infância,https://www.municipiosefreguesias.pt/entidade/3254/escola-basica-dos-enxertos,yes,word matched in path not domain — verify,"""Escola Básica dos Enxertos"" Vizela Portugal"
34964,Jardim de Infância de Campo da Vinha,Santa Eulália Viz,Vizela,Jardim de Infância,https://escoladevidro.pt/lescolas/jardim-de-infancia-de-campo-da-vinha-santa-eulalia-vizela/,yes,word matched in path not domain — verify,"""Jardim de Infância de Campo da Vinha"" Santa Eulália Viz Portugal"
34965,Escola Básica de Monte,Santa Eulália Viz,Vizela,Jardim de Infância,https://escoladevidro.pt/lescolas/escola-basica-de-monte-santa-eulalia-vizela/,yes,word matched in path not domain — verify,"""Escola Básica de Monte"" Santa Eulália Viz Portugal"
34968,Escola Básica de Lagoa,Lagoa Vnf,Gavião,Jardim de Infância,not found,,,"""Escola Básica de Lagoa"" Lagoa Vnf Portugal"
37109,Escola Básica de Crespos,Crespos,Braga,Jardim de Infância,not found,,,"""Escola Básica de Crespos"" Crespos Portugal"
37110,Escola Básica de Pousada,Pousada,Braga,Jardim de Infância,https://w.aepbs.net/www/index.php/pt/agrupamento/escolas/escola-basica-de-pousada-de-saramagos.html,yes,word matched in path not domain — verify,"""Escola Básica de Pousada"" Pousada Portugal"
37111,Jardim de Infância de Pomares,Sta Lucrécia,Braga,Jardim de Infância,https://escoladevidro.pt/lescolas/jardim-de-infancia-de-pomares-braga/,yes,word matched in path not domain — verify,"""Jardim de Infância de Pomares"" Sta Lucrécia Portugal"
37112,Escola Básica de Presa,Adaúfe,Braga,Jardim de Infância,https://escoladevidro.pt/lescolas/escola-basica-de-presa-braga/,yes,word matched in path not domain — verify,"""Escola Básica de Presa"" Adaúfe Portugal"
37113,Escola Básica de Bracara Augusta,Assento,Braga,Jardim de Infância,not found,,,"""Escola Básica de Bracara Augusta"" Assento Portugal"
37114,Jardim de Infância de Coucinheiro,Coucinheiro,Braga,Jardim de Infância,https://escoladevidro.pt/lescolas/jardim-de-infancia-de-coucinheiro-braga/,yes,word matched in path not domain — verify,"""Jardim de Infância de Coucinheiro"" Coucinheiro Portugal"
37116,Jardim de Infância de Adaúfe,Romil,Braga,Jardim de Infância,https://escoladevidro.pt/lescolas/jardim-de-infancia-de-adaufe-braga/,yes,word matched in path not domain — verify,"""Jardim de Infância de Adaúfe"" Romil Portugal"
37600,Jardim de Infância de Mosteiro,Mosteiro,Vila Nova de Famalicão,Jardim de Infância,https://www.totmap.com/pt-pt/preschools/jardim-de-infncia-de-mosteiro,yes,word matched in path not domain — verify,"""Jardim de Infância de Mosteiro"" Mosteiro Portugal"
38718,Escola Básica de Silvares São Clemente,Silvares São Clemente,Fafe,Jardim de Infância,https://escoladevidro.pt/lescolas/escola-basica-de-silvares-sao-clemente-cortinhas-fafe/,yes,word matched in path not domain — verify,"""Escola Básica de Silvares São Clemente"" Silvares São Clemente Portugal"
39216,Jardim de Infância de Minhotães,Minhotães,Barcelos,Jardim de Infância,https://escoladevidro.pt/lescolas/jardim-de-infancia-de-minhotaes-barcelos/,yes,word matched in path not domain — verify,"""Jardim de Infância de Minhotães"" Minhotães Portugal"
4304,Centro Paroquial de Assistência de Freixo de Espada,Freixo de Espada à Cinta,Freixo de Espada à Cinta,Creche e Jardim de Infância,https://somosipss.pt/ipss/centro-paroquial-de-assistencia-de-freixo-de-espada-a-cinta,yes,word matched in path not domain — verify; combined tipo — may have split pages,"""Centro Paroquial de Assistência de Freixo de Espada"" Freixo de Espada à Cinta Portugal"
4311,Jardim de Infância Centro Paroquial de Assistência Torre de Moncorvo,Torre de Moncorvo,Torre de Moncorvo,Creche e Jardim de Infância,not found,,,"""Jardim de Infância Centro Paroquial de Assistência Torre de Moncorvo"" Torre de Moncorvo Portugal"
4372,Centro Infantil de Alfândega da Fé,Alfândega da Fé,Alfândega da Fé,Creche e Jardim de Infância,https://apoioperto.com/creches/alfandega-da-fe/,yes,word matched in path not domain — verify; combined tipo — may have split pages,"""Centro Infantil de Alfândega da Fé"" Alfândega da Fé Portugal"
4379,"Centro Infantil ""O Miminho""",Mirandela,Mirandela,Creche e Jardim de Infância,https://escoladevidro.pt/lescolas/centro-infantil-o-miminho-santa-casa-da-misericordia-de-mirandela/,yes,word matched in path not domain — verify; combined tipo — may have split pages,"""Centro Infantil ""O Miminho"""" Mirandela Portugal"
4399,Centro Infantil da Coxa,Bragança,Bragança,Creche e Jardim de Infância,https://ecoescolas.abaae.pt/escola/centro-infantil-da-coxa/,yes,word matched in path not domain — verify; combined tipo — may have split pages,"""Centro Infantil da Coxa"" Bragança Portugal"
19142,Jardim Infantil da Santa Casa da Misericórdia de Vinhais,Vinhais,Vinhais,Creche e Jardim de Infância,not found,,,"""Jardim Infantil da Santa Casa da Misericórdia de Vinhais"" Vinhais Portugal"
24103,Creche de São Bento e São Francisco,Bragança,Bragança,Creche,not found,,,"""Creche de São Bento e São Francisco"" Bragança Portugal"
4316,Obra Kolping da Diocese de Bragança-Miranda,Bragança,Bragança,Jardim de Infância,http://obrakolping.pt/,,,"""Obra Kolping da Diocese de Bragança-Miranda"" Bragança Portugal"
29892,Jardim de Infância de Carviçais,Carviçais,Torre de Moncorvo,Jardim de Infância,https://escoladevidro.pt/lescolas/jardim-de-infancia-de-carvicais-torre-de-moncorvo/,yes,word matched in path not domain — verify,"""Jardim de Infância de Carviçais"" Carviçais Portugal"
29893,Jardim de Infância de Cabanas de Baixo,Cabanas de Baixo,Torre de Moncorvo,Jardim de Infância,not found,,,"""Jardim de Infância de Cabanas de Baixo"" Cabanas de Baixo Portugal"
29902,Jardim de Infância de Avidagos,Avidagos,Mirandela,Jardim de Infância,not found,,,"""Jardim de Infância de Avidagos"" Avidagos Portugal"
29904,Jardim de Infância de Mirandela,Mirandela,Mirandela,Jardim de Infância,https://escoladevidro.pt/lescolas/jardim-de-infancia-de-mirandela/,yes,word matched in path not domain — verify,"""Jardim de Infância de Mirandela"" Mirandela Portugal"
30692,Escola Básica da Sé,Bragança (Sé),Bragança,Jardim de Infância,https://www.servicospublicos.pt/servico-publico/12892/escola-basica-da-se--braganca,yes,word matched in path not domain — verify,"""Escola Básica da Sé"" Bragança (Sé) Portugal"
31462,Jardim de Infância de Palaçoulo,Palaçoulo,Miranda do Douro,Jardim de Infância,not found,,,"""Jardim de Infância de Palaçoulo"" Palaçoulo Portugal"
31463,Jardim de Infância N.º 1 de Sendim,Sendim,Miranda do Douro,Jardim de Infância,not found,,,"""Jardim de Infância N.º 1 de Sendim"" Sendim Portugal"
31491,Jardim de Infância de Alfândega da Fé,,Alfândega da Fé,Jardim de Infância,https://apoioperto.com/creches/alfandega-da-fe/,yes,word matched in path not domain — verify,"""Jardim de Infância de Alfândega da Fé"" Alfândega da Fé Portugal"
31504,Jardim de Infância de Ervedosa,Ervedosa,Vinhais,Jardim de Infância,https://escoladevidro.pt/lescolas/jardim-de-infancia-de-ervedosa-vinhais/,yes,word matched in path not domain — verify,"""Jardim de Infância de Ervedosa"" Ervedosa Portugal"
31718,Jardim de Infância de Santa Comba de Rossas,Santa Comba de Rossas,Bragança,Jardim de Infância,https://escoladevidro.pt/lescolas/jardim-de-infancia-de-santa-comba-de-rossas-braganca/,yes,word matched in path not domain — verify,"""Jardim de Infância de Santa Comba de Rossas"" Santa Comba de Rossas Portugal"
31719,Jardim de Infância de Bragança,,Bragança,Jardim de Infância,https://www.servicospublicos.pt/servico-publico/2783/jardim-de-infancia-de-braganca,yes,word matched in path not domain — verify,"""Jardim de Infância de Bragança"" Bragança Portugal"
31776,Escola Básica de Santa Maria,Bragança (Santa Maria),Bragança,Jardim de Infância,not found,,,"""Escola Básica de Santa Maria"" Bragança (Santa Maria) Portugal"
31777,Jardim de Infância de Gimonde,Gimonde,Bragança,Jardim de Infância,https://escoladevidro.pt/lescolas/jardim-de-infancia-de-gimonde-braganca/,yes,word matched in path not domain — verify,"""Jardim de Infância de Gimonde"" Gimonde Portugal"
32059,Jardim de Infância de Vinhais,Vinhais,Vinhais,Jardim de Infância,https://www.afonso3-aevinhais.pt/index.php/jin,,,"""Jardim de Infância de Vinhais"" Vinhais Portugal"
32060,Jardim de Infância de Vilar de Lomba,Vilar de Lomba,Vinhais,Jardim de Infância,not found,,,"""Jardim de Infância de Vilar de Lomba"" Vilar de Lomba Portugal"
32064,Jardim de Infância de Rebordelo,Rebordelo,Vinhais,Jardim de Infância,not found,,,"""Jardim de Infância de Rebordelo"" Rebordelo Portugal"
32065,Jardim de Infância de Agrochão,Agrochão,Vinhais,Jardim de Infância,not found,,,"""Jardim de Infância de Agrochão"" Agrochão Portugal"
32355,Jardim de Infância do Romeu,Romeu,Mirandela,Jardim de Infância,not found,,,"""Jardim de Infância do Romeu"" Romeu Portugal"
32385,"Escola Básica 1,2 de Torre Dona Chama",Torre Dona Chama,Mirandela,Jardim de Infância,https://codigopostal.ciberforma.pt/dir/lista/por-freguesia/torre-de-dona-chama-concelho-de-mirandela/todas-as-categorias/3/,yes,word matched in path not domain — verify,"""Escola Básica 1,2 de Torre Dona Chama"" Torre Dona Chama Portugal"
32424,Escola Básica de Frechas,Frechas,Mirandela,Jardim de Infância,https://www.directorioescolas.eu/escola/3493-escola-basica-de-frechas-mirandela/,yes,word matched in path not domain — verify,"""Escola Básica de Frechas"" Frechas Portugal"
33287,Jardim de Infância de Cardanha,,Torre de Moncorvo,Jardim de Infância,not found,,,"""Jardim de Infância de Cardanha"" Torre de Moncorvo Portugal"
33296,"Jardim de Infância de Carvalhal, Felgar",,Torre de Moncorvo,Jardim de Infância,not found,,,"""Jardim de Infância de Carvalhal, Felgar"" Torre de Moncorvo Portugal"
33297,Jardim de Infância de Felgar,,Torre de Moncorvo,Jardim de Infância,not found,,,"""Jardim de Infância de Felgar"" Torre de Moncorvo Portugal"
34970,Escola Básica de Santa Comba de Vilariça,Santa Comba de Vilariça,Vila Flor,Jardim de Infância,https://escoladevidro.pt/lescolas/escola-basica-de-santa-comba-de-vilarica-vila-flor/,yes,word matched in path not domain — verify,"""Escola Básica de Santa Comba de Vilariça"" Santa Comba de Vilariça Portugal"
34977,Jardim de Infância de Benlhevai,Benlhevai,Vila Flor,Jardim de Infância,https://escoladevidro.pt/lescolas/jardim-de-infancia-de-benlhevai-vila-flor/,yes,word matched in path not domain — verify,"""Jardim de Infância de Benlhevai"" Benlhevai Portugal"
34978,Jardim de Infância de Freixiel,Freixiel,Vila Flor,Jardim de Infância,not found,,,"""Jardim de Infância de Freixiel"" Freixiel Portugal"
34979,Escola Básica de Samões,Samões,Vila Flor,Jardim de Infância,https://escoladevidro.pt/lescolas/escola-basica-de-samoes-vila-flor/,yes,word matched in path not domain — verify,"""Escola Básica de Samões"" Samões Portugal"
34981,Escola Básica de Parada,Parada Bgc,Bragança,Jardim de Infância,https://escoladevidro.pt/lescolas/escola-basica-de-parada-braganca/,yes,word matched in path not domain — verify,"""Escola Básica de Parada"" Parada Bgc Portugal"
37601,Escola Básica de Pereira,Pereira,Mirandela,Jardim de Infância,https://escoladevidro.pt/lescolas/escola-basica-de-pereira-montemor-o-velho/,yes,word matched in path not domain — verify,"""Escola Básica de Pereira"" Pereira Portugal"
1341,"Creche e Jardim de Infância ""O Cortiço""",Proença-A-Nova,Proença-a-Nova,Creche e Jardim de Infância,https://escoladevidro.pt/lescolas/creche-e-jardim-de-infancia-o-cortico-da-santa-casa-da-misericordia/,yes,word matched in path not domain — verify; combined tipo — may have split pages,"""Creche e Jardim de Infância ""O Cortiço"""" Proença-A-Nova Portugal"
1345,Lar I,Vila Velha de Rodão,Vila Velha de Ródão,Creche,not found,,,"""Lar I"" Vila Velha de Rodão Portugal"
1349,Equip. Soc. Centro Social e Cultural de Santo Aleixo,Unhais da Serra,Covilhã,Creche,not found,,,"""Equip. Soc. Centro Social e Cultural de Santo Aleixo"" Unhais da Serra Portugal"
1373,"Infantário ""O Meu Cantinho""",Teixoso,Covilhã,Creche e Jardim de Infância,https://infantarios.pt/centro-infantil-do-teixoso-infantario-o-meu-cantinho/,yes,word matched in path not domain — verify; combined tipo — may have split pages,"""Infantário ""O Meu Cantinho"""" Teixoso Portugal"
1375,Equip. Socialdo Centro Social Nossa Senhora das Necessidades de Alcaria,Alcaria,Fundão,Creche,not found,,,"""Equip. Socialdo Centro Social Nossa Senhora das Necessidades de Alcaria"" Alcaria Portugal"
2021,Abrigo dos Pequeninos de Nossa Senhora da Conceição,Covilhã,Covilhã,Creche e Jardim de Infância,not found,,,"""Abrigo dos Pequeninos de Nossa Senhora da Conceição"" Covilhã Portugal"
2025,Equip. Soc. do Centro Social Paroquial de Alcaide,Alcaide,Fundão,Creche e Jardim de Infância,not found,,,"""Equip. Soc. do Centro Social Paroquial de Alcaide"" Alcaide Portugal"
2054,"Infantário ""Mundo da Fantasia""",Covilhã,Covilhã,Creche e Jardim de Infância,https://m-covilha.online/mundo-da-fantasia,yes,word matched in path not domain — verify; combined tipo — may have split pages,"""Infantário ""Mundo da Fantasia"""" Covilhã Portugal"
4448,Casa Nossa Senhora de Fátima,Aldeia Nova do Cabo,Fundão,Creche e Jardim de Infância,https://www.casasenhorafatima.pt/,yes,combined tipo — may have split pages,"""Casa Nossa Senhora de Fátima"" Aldeia Nova do Cabo Portugal"
4452,"Jardim de Infância da Associação Nossa Senhora da Esperança - Infantário "" O Amiguinho""",Belmonte,Belmonte,Creche e Jardim de Infância,not found,,,"""Jardim de Infância da Associação Nossa Senhora da Esperança - Infantário "" O Amiguinho"""" Belmonte Portugal"
19210,CACFF - Centro Assistencial Cultural e Formativo do Fundão,Fundão,Fundão,Creche,not found,,,"""CACFF - Centro Assistencial Cultural e Formativo do Fundão"" Fundão Portugal"
29014,Centro Infantil Alberto Trindade (Antigo Centro Infantil de Castelo Branco I),Castelo Branco,Mogadouro,Creche e Jardim de Infância,https://apoioperto.com/creches/castelo-branco/,yes,word matched in path not domain — verify; combined tipo — may have split pages,"""Centro Infantil Alberto Trindade (Antigo Centro Infantil de Castelo Branco I)"" Castelo Branco Portugal"
34098,Creche em Amor,Castelo Branco,Mogadouro,Creche,not found,,,"""Creche em Amor"" Castelo Branco Portugal"
39046,Creche em Amor - Granja Park,Castelo Branco,Mogadouro,Creche,not found,,,"""Creche em Amor - Granja Park"" Castelo Branco Portugal"
39130,Creche Saudável II,Canhoso,Covilhã,Creche,not found,,,"""Creche Saudável II"" Canhoso Portugal"
29558,Conservatório Regional de Música da Covilhã,Covilhã,Covilhã,Jardim de Infância,not found,,,"""Conservatório Regional de Música da Covilhã"" Covilhã Portugal"
30022,Jardim de Infância de Canhoso,Canhoso,Covilhã,Jardim de Infância,https://www.diariodigitalcastelobranco.pt/noticia/66015/covilhy-jardim-de-infyncia-de-canhoso-vencedor-do-programa-turma-imbatyvel-do-lidl,yes,word matched in path not domain — verify,"""Jardim de Infância de Canhoso"" Canhoso Portugal"
30139,Jardim de Infância de Escalos de Cima,Escalos de Cima,Castelo Branco,Jardim de Infância,https://agrup-alcains-svb.com/jardim-de-infancia-de-escalos-de-cima-participa-no-projecto-herois-da-fruta-e-precisa-do-contributo-de-toda-a-comunidade-escolar/,yes,word matched in path not domain — verify,"""Jardim de Infância de Escalos de Cima"" Escalos de Cima Portugal"
30161,Jardim de Infância de Sarzedas,Sarzedas,Castelo Branco,Jardim de Infância,https://www.afonsopaiva.pt/index.php/eb-sarzedas/,yes,word matched in path not domain — verify,"""Jardim de Infância de Sarzedas"" Sarzedas Portugal"
30162,Jardim de Infância de Quintas das Violetas,Castelo Branco,Mogadouro,Jardim de Infância,not found,,,"""Jardim de Infância de Quintas das Violetas"" Castelo Branco Portugal"
30184,Jardim de Infância de Castelo,Castelo,Sertã,Jardim de Infância,not found,,,"""Jardim de Infância de Castelo"" Castelo Portugal"
30207,Escola Básica de Fatela,Fatela,Fundão,Jardim de Infância,https://escoladevidro.pt/lescolas/escola-basica-de-fatela-fundao/,yes,word matched in path not domain — verify,"""Escola Básica de Fatela"" Fatela Portugal"
30290,Escola Básica de Malpica do Tejo,Malpica do Tejo,Castelo Branco,Jardim de Infância,https://escoladevidro.pt/lescolas/escola-basica-de-malpica-do-tejo-castelo-branco/,yes,word matched in path not domain — verify,"""Escola Básica de Malpica do Tejo"" Malpica do Tejo Portugal"
30291,Escola Básica de Escalos de Baixo,Escalos de Baixo,Castelo Branco,Jardim de Infância,https://www.aenacb.pt/escolas/escola-b%C3%A1sica-de-escalos-de-baixo.html,yes,word matched in path not domain — verify,"""Escola Básica de Escalos de Baixo"" Escalos de Baixo Portugal"
30293,Escola Básica de Valongo,Castelo Branco,Mogadouro,Jardim de Infância,https://www.servicospublicos.pt/servico-publico/2292/escola-basica-de-valongo--castelo-branco,yes,word matched in path not domain — verify,"""Escola Básica de Valongo"" Castelo Branco Portugal"
30322,Jardim de Infância de Verdelhos,Verdelhos,Covilhã,Jardim de Infância,not found,,,"""Jardim de Infância de Verdelhos"" Verdelhos Portugal"
30369,Jardim de Infância de Peraboa,Peraboa,Covilhã,Jardim de Infância,not found,,,"""Jardim de Infância de Peraboa"" Peraboa Portugal"
30370,Jardim de Infância de Rodrigo,,Covilhã,Jardim de Infância,https://escoladevidro.pt/lescolas/jardim-de-infancia-de-rodrigo-covilha/,yes,word matched in path not domain — verify,"""Jardim de Infância de Rodrigo"" Covilhã Portugal"
30371,Escola Básica de Refúgio,Refúgio,Covilhã,Jardim de Infância,https://escoladevidro.pt/lescolas/escola-basica-de-refugio-covilha/,yes,word matched in path not domain — verify,"""Escola Básica de Refúgio"" Refúgio Portugal"
30373,Escola Básica de Santo António,,Covilhã,Jardim de Infância,https://escoladevidro.pt/lescolas/escola-basica-de-santo-antonio-covilha/,yes,word matched in path not domain — verify,"""Escola Básica de Santo António"" Covilhã Portugal"
30500,Jardim de Infância de Alpedrinha,Alpedrinha,Fundão,Jardim de Infância,not found,,,"""Jardim de Infância de Alpedrinha"" Alpedrinha Portugal"
30501,Jardim de Infância de Fundão,Fundão,Fundão,Jardim de Infância,https://escoladevidro.pt/lescolas/jardim-de-infancia-de-fundao/,yes,word matched in path not domain — verify,"""Jardim de Infância de Fundão"" Fundão Portugal"
30502,Jardim de Infância de Aldeia de Joanes,Aldeia de Joanes,Fundão,Jardim de Infância,https://escoladevidro.pt/lescolas/jardim-de-infancia-de-aldeia-de-joanes-fundao/,yes,word matched in path not domain — verify,"""Jardim de Infância de Aldeia de Joanes"" Aldeia de Joanes Portugal"
30504,Escola Básica de Souto da Casa,Souto da Casa,Fundão,Jardim de Infância,https://escoladevidro.pt/lescolas/escola-basica-de-souto-da-casa-fundao/,yes,word matched in path not domain — verify,"""Escola Básica de Souto da Casa"" Souto da Casa Portugal"
30508,Escola Básica de Atalaias,Atalaia do Campo,Fundão,Jardim de Infância,https://escoladevidro.pt/lescolas/escola-basica-de-atalaias-atalaia-do-campo-fundao/,yes,word matched in path not domain — verify,"""Escola Básica de Atalaias"" Atalaia do Campo Portugal"
30700,"Jardim de Infância de Peso, Covilhã",Peso,Cinfães,Jardim de Infância,https://www.servicospublicos.pt/servico-publico/3017/escola-basica-de-peso--covilha,yes,word matched in path not domain — verify,"""Jardim de Infância de Peso, Covilhã"" Peso Portugal"
30701,Jardim de Infância os Loureiros,Tortosendo,Covilhã,Jardim de Infância,https://www.directorioescolas.eu/escola/5889-jardim-de-infancia-os-loureiros-tortosendo-covilha/,yes,word matched in path not domain — verify,"""Jardim de Infância os Loureiros"" Tortosendo Portugal"
30702,Escola Básica de Cortes,Cortes do Meio,Covilhã,Jardim de Infância,https://escoladevidro.pt/lescolas/escola-basica-de-cortes-covilha/,yes,word matched in path not domain — verify,"""Escola Básica de Cortes"" Cortes do Meio Portugal"
30703,"Jardim de Infância de Vales do Rio, Covilhã",Vales do Rio,Cinfães,Jardim de Infância,https://www.servicospublicos.pt/servico-publico/1526/escola-basica-de-vales-do-rio--covilha,yes,word matched in path not domain — verify,"""Jardim de Infância de Vales do Rio, Covilhã"" Vales do Rio Portugal"
30705,Escola Básica N.º 1 de Paúl,Paúl,Covilhã,Jardim de Infância,https://escoladevidro.pt/lescolas/escola-basica-n-o-1-de-paul-covilha/,yes,word matched in path not domain — verify,"""Escola Básica N.º 1 de Paúl"" Paúl Portugal"
30742,Jardim de Infância de Monsanto,Monsanto,Idanha-a-Nova,Jardim de Infância,not found,,,"""Jardim de Infância de Monsanto"" Monsanto Portugal"
32055,Jardim de Infância de Cantar Galo,Covilhã,Covilhã,Jardim de Infância,https://escoladevidro.pt/lescolas/jardim-de-infancia-de-cantar-galo-covilha/,yes,word matched in path not domain — verify,"""Jardim de Infância de Cantar Galo"" Covilhã Portugal"
32056,Jardim de Infância de Vila do Carvalho,Vila do Carvalho,Covilhã,Jardim de Infância,not found,,,"""Jardim de Infância de Vila do Carvalho"" Vila do Carvalho Portugal"
32061,Jardim de Infância de Capinha,Capinha,Fundão,Jardim de Infância,https://escoladevidro.pt/lescolas/jardim-de-infancia-de-capinha-fundao/,yes,word matched in path not domain — verify,"""Jardim de Infância de Capinha"" Capinha Portugal"
32206,Jardim de Infância do Salgueiro Campo,Salgueiro do Campo,Castelo Branco,Jardim de Infância,not found,,,"""Jardim de Infância do Salgueiro Campo"" Salgueiro do Campo Portugal"
32227,Jardim de Infância do Castelo,Castelo Branco,Mogadouro,Jardim de Infância,https://www.reconquista.pt/articles/castelo-branco-jardim-de-infancia-do-castelo-expoe-na-praca-cargaleiro,yes,word matched in path not domain — verify,"""Jardim de Infância do Castelo"" Castelo Branco Portugal"
34985,Escola Básica de Telhado,Telhado Fnd,Fundão,Jardim de Infância,https://escoladevidro.pt/lescolas/escola-basica-de-telhado-fundao/,yes,word matched in path not domain — verify,"""Escola Básica de Telhado"" Telhado Fnd Portugal"
34986,Escola Básica de Barroca Grande,Aldeia S Francisco Assis,Covilhã,Jardim de Infância,https://escoladevidro.pt/lescolas/escola-basica-de-barroca-grande-covilha/,yes,word matched in path not domain — verify,"""Escola Básica de Barroca Grande"" Aldeia S Francisco Assis Portugal"
34990,Escola Básica de Orvalho,Orvalho,Oleiros,Jardim de Infância,https://escoladevidro.pt/lescolas/escola-basica-de-orvalho-oleiros/,yes,word matched in path not domain — verify,"""Escola Básica de Orvalho"" Orvalho Portugal"
34999,Escola Básica de Várzea dos Cavaleiros,Várzea dos Cavaleiros,Sertã,Jardim de Infância,https://escoladevidro.pt/lescolas/escola-basica-de-varzea-dos-cavaleiros-serta/,yes,word matched in path not domain — verify,"""Escola Básica de Várzea dos Cavaleiros"" Várzea dos Cavaleiros Portugal"
35000,Escola Básica de São Silvestre,Covilhã,Covilhã,Jardim de Infância,https://escoladevidro.pt/lescolas/escola-basica-de-sao-silvestre-covilha/,yes,word matched in path not domain — verify,"""Escola Básica de São Silvestre"" Covilhã Portugal"
35001,Escola Básica de Boidobra,Covilhã,Covilhã,Jardim de Infância,https://www.servicospublicos.pt/servico-publico/2677/escola-basica-de-boidobra--covilha,yes,word matched in path not domain — verify,"""Escola Básica de Boidobra"" Covilhã Portugal"
35003,Escola Básica de Zebreira,Zebreira,Idanha-a-Nova,Jardim de Infância,https://escoladevidro.pt/lescolas/escola-basica-de-zebreira-idanha-a-nova/,yes,word matched in path not domain — verify,"""Escola Básica de Zebreira"" Zebreira Portugal"
35004,Escola Básica de Penha Garcia,Penha Garcia,Idanha-a-Nova,Jardim de Infância,https://escoladevidro.pt/lescolas/escola-basica-de-penha-garcia-idanha-a-nova/,yes,word matched in path not domain — verify,"""Escola Básica de Penha Garcia"" Penha Garcia Portugal"
2816,Equip. Soc. Centro Paroquial de Solidariedade Social de Buarcos,Figueira da Foz,Figueira da Foz,Creche e Jardim de Infância,not found,,,"""Equip. Soc. Centro Paroquial de Solidariedade Social de Buarcos"" Figueira da Foz Portugal"
2849,Centro Paroquial de Solidariedade Social da Freguesia de Serpins,Serpins,Lousã,Creche,not found,,,"""Centro Paroquial de Solidariedade Social da Freguesia de Serpins"" Serpins Portugal"
2891,Equip. do Centro Social de São João,São Martinho do Bispo,Coimbra,Creche e Jardim de Infância,not found,,,"""Equip. do Centro Social de São João"" São Martinho do Bispo Portugal"
2897,Equip. Soc. Centro Social Paroquial de Sarzedo,Sarzedo Agn,Moimenta da Beira,Creche,not found,,,"""Equip. Soc. Centro Social Paroquial de Sarzedo"" Sarzedo Agn Portugal"
2902,Equip. Soc. Centro Social Nossa Senhora da Alegria,Coimbra,Coimbra,Creche e Jardim de Infância,not found,,,"""Equip. Soc. Centro Social Nossa Senhora da Alegria"" Coimbra Portugal"
2925,Equip. Soc. Santa Casa da Misericórdia de Cantanhede,Cantanhede,Cantanhede,Creche e Jardim de Infância,https://infantarios.pt/local/distrito-coimbra/cantanhede/,yes,word matched in path not domain — verify; combined tipo — may have split pages,"""Equip. Soc. Santa Casa da Misericórdia de Cantanhede"" Cantanhede Portugal"
2928,Creche da AFMP - Cantinho das Cegonhas,Montemor-O-Velho,Montemor-o-Velho,Creche,not found,,,"""Creche da AFMP - Cantinho das Cegonhas"" Montemor-O-Velho Portugal"
2940,Centro Social Comunitário N.ª S.ª dos Milagres,Cernache,Coimbra,Creche e Jardim de Infância,https://caritascoimbra.pt/2017/noticias/centro-no-sro-dos-milagres/,yes,word matched in path not domain — verify; combined tipo — may have split pages,"""Centro Social Comunitário N.ª S.ª dos Milagres"" Cernache Portugal"
2955,Equip. do Centro Paroquial de Solidariedade Social de Ribeira de Frades,Ribeira de Frades,Coimbra,Creche e Jardim de Infância,not found,,,"""Equip. do Centro Paroquial de Solidariedade Social de Ribeira de Frades"" Ribeira de Frades Portugal"
2969,Casa da Criança Sarah Beirão,Oliveira do Hospital,Oliveira do Hospital,Creche,not found,,,"""Casa da Criança Sarah Beirão"" Oliveira do Hospital Portugal"
2984,Casa de São Pedro,Figueira da Foz,Figueira da Foz,Creche e Jardim de Infância,not found,,,"""Casa de São Pedro"" Figueira da Foz Portugal"
4533,Equip. Soc. da Comissão de Melhoramentos do Corticeiro de Cima,Cantanhede,Cantanhede,Creche e Jardim de Infância,not found,,,"""Equip. Soc. da Comissão de Melhoramentos do Corticeiro de Cima"" Cantanhede Portugal"
4598,Equip. Soc. do Centro Social Paroquial de Seixo da Beira,Seixo da Beira,Oliveira do Hospital,Creche e Jardim de Infância,not found,,,"""Equip. Soc. do Centro Social Paroquial de Seixo da Beira"" Seixo da Beira Portugal"
5607,Equipamento Social Centro Social Rocha Barros,Góis,Góis,Creche e Jardim de Infância,not found,,,"""Equipamento Social Centro Social Rocha Barros"" Góis Portugal"
12160,Equip. da Casa do Povo de Azarede,Azarede,Montemor-o-Velho,Creche,not found,,,"""Equip. da Casa do Povo de Azarede"" Azarede Portugal"
17280,Lar de Cortes,Alvares,Góis,Creche,not found,,,"""Lar de Cortes"" Alvares Portugal"
17611,Equipamento do Centro Social Paroquial de Lavos,Lavos,Figueira da Foz,Creche,not found,,,"""Equipamento do Centro Social Paroquial de Lavos"" Lavos Portugal"
17706,Centro de Bem Estar Social da Freguesia de Figueira de Lorvão,Figueira de Lorvão,Penacova,Creche,not found,,,"""Centro de Bem Estar Social da Freguesia de Figueira de Lorvão"" Figueira de Lorvão Portugal"
18403,"Creche e Jardim de Infância - Pintainhos D'ouro, Lda.",Condeixa-A-Velha,Condeixa-a-Nova,Creche e Jardim de Infância,not found,,,"""Creche e Jardim de Infância - Pintainhos D'ouro, Lda."" Condeixa-A-Velha Portugal"
22535,Fraldas e Fraldinhas,Coimbra,Coimbra,Creche,not found,,,"""Fraldas e Fraldinhas"" Coimbra Portugal"
24720,Universo Imaginário,Coimbra,Coimbra,Creche,not found,,,"""Universo Imaginário"" Coimbra Portugal"
28281,Cantinho dos Sonhos,Lousã,Lousã,Creche,not found,,,"""Cantinho dos Sonhos"" Lousã Portugal"
35723,Edifício Arco-Íris,Coimbra,Coimbra,Creche,not found,,,"""Edifício Arco-Íris"" Coimbra Portugal"
2911,Equip. Soc. Centro Social e Cultural 25 de Abril,Coimbra,Coimbra,Jardim de Infância,not found,,,"""Equip. Soc. Centro Social e Cultural 25 de Abril"" Coimbra Portugal"
2922,CATL de Liceia,Liceia,Montemor-o-Velho,Jardim de Infância,not found,,,"""CATL de Liceia"" Liceia Portugal"
17719,Adip- Associação de Desenvolvimento Integrado de Poiares,São Miguel de Poiares,Vila Nova de Poiares,Creche e Jardim de Infância,https://www.jfsaomiguelpoiares.pt/autarquia/noticias/101-adip_formacao_de_qualificacao,yes,combined tipo — may have split pages,"""Adip- Associação de Desenvolvimento Integrado de Poiares"" São Miguel de Poiares Portugal"
29391,Jardim Infantil de Gatões - Associação Fernão Mendes Pinto,Gatões,Montemor-o-Velho,Jardim de Infância,not found,,,"""Jardim Infantil de Gatões - Associação Fernão Mendes Pinto"" Gatões Portugal"
29531,Conservatório de Música David de Sousa,Figueira da Foz,Figueira da Foz,Jardim de Infância,https://www.conservatoriodavidsousa.org/,,,"""Conservatório de Música David de Sousa"" Figueira da Foz Portugal"
30027,Jardim de Infância de Cova da Serpe,Cova da Serpe,Figueira da Foz,Jardim de Infância,https://escoladevidro.pt/lescolas/jardim-de-infancia-de-cova-da-serpe-figueira-da-foz/,yes,word matched in path not domain — verify,"""Jardim de Infância de Cova da Serpe"" Cova da Serpe Portugal"
30030,Jardim de Infância de Maiorca,Maiorca,Figueira da Foz,Jardim de Infância,https://escoladevidro.pt/lescolas/jardim-de-infancia-de-maiorca-figueira-da-foz/,yes,word matched in path not domain — verify,"""Jardim de Infância de Maiorca"" Maiorca Portugal"
30031,Escola Básica de Vila Nova do Ceira,Vila Nova do Ceira,Góis,Jardim de Infância,not found,,,"""Escola Básica de Vila Nova do Ceira"" Vila Nova do Ceira Portugal"
30033,Jardim de Infância de Regalheiras,Regalheiras de Lavos,Figueira da Foz,Jardim de Infância,https://escoladevidro.pt/lescolas/jardim-de-infancia-de-regalheiras-figueira-da-foz/,yes,word matched in path not domain — verify,"""Jardim de Infância de Regalheiras"" Regalheiras de Lavos Portugal"
30034,Jardim de Infância de Alqueidão,Alqueidão,Figueira da Foz,Jardim de Infância,https://escoladevidro.pt/lescolas/jardim-de-infancia-de-alqueidao-figueira-da-foz/,yes,word matched in path not domain — verify,"""Jardim de Infância de Alqueidão"" Alqueidão Portugal"
30057,Jardim de Infância de Sinde,Sinde,Tábua,Jardim de Infância,not found,,,"""Jardim de Infância de Sinde"" Sinde Portugal"
30159,Jardim de Infância de Sepins,Sepins,Cantanhede,Jardim de Infância,https://escoladevidro.pt/lescolas/jardim-de-infancia-de-sepins-bolho-cantanhede/,yes,word matched in path not domain — verify,"""Jardim de Infância de Sepins"" Sepins Portugal"
30324,Escola Básica de Pereira,Pereira,Montemor-o-Velho,Jardim de Infância,https://escoladevidro.pt/lescolas/escola-basica-de-pereira-montemor-o-velho/,yes,word matched in path not domain — verify,"""Escola Básica de Pereira"" Pereira Portugal"
30325,Jardim de Infância de Carapinheira,Carapinheira,Montemor-o-Velho,Jardim de Infância,not found,,,"""Jardim de Infância de Carapinheira"" Carapinheira Portugal"
30326,Jardim de Infância de Meãs,Meãs do Campo,Montemor-o-Velho,Jardim de Infância,https://www.noticiasdecoimbra.pt/jardim-de-infancia-de-meas-do-campo-esta-pronto-para-brincadeiras-e-aprendizagens/,yes,word matched in path not domain — verify,"""Jardim de Infância de Meãs"" Meãs do Campo Portugal"
30424,Jardim de Infância de Mira,,Mira,Jardim de Infância,https://www.escolasdemira.pt/contactos/22-jardim-de-infancia-de-mira,,,"""Jardim de Infância de Mira"" Mira Portugal"
30717,Jardim de Infância de Miranda do Corvo,Miranda do Corvo,Miranda do Corvo,Jardim de Infância,https://ecoescolas.abaae.pt/escola/jardim-de-infancia-de-miranda-do-corvo/,yes,word matched in path not domain — verify,"""Jardim de Infância de Miranda do Corvo"" Miranda do Corvo Portugal"
30719,Escola Básica de Moinhos,Miranda do Corvo,Miranda do Corvo,Jardim de Infância,https://ecoescolas.abaae.pt/escola/escola-basica-de-moinhos/,yes,word matched in path not domain — verify,"""Escola Básica de Moinhos"" Miranda do Corvo Portugal"
30720,Jardim de Infância de Casais de S. Clemente,Lamas Mcv,Miranda do Corvo,Jardim de Infância,https://escoladevidro.pt/lescolas/jardim-de-infancia-de-casais-de-s-clemente-miranda-do-corvo/,yes,word matched in path not domain — verify,"""Jardim de Infância de Casais de S. Clemente"" Lamas Mcv Portugal"
31032,Jardim de Infância de Sanguinheira,Sanguinheira,Cantanhede,Jardim de Infância,not found,,,"""Jardim de Infância de Sanguinheira"" Sanguinheira Portugal"
31663,Escola Básica de Seixo,Seixo,Penacova,Jardim de Infância,https://escoladevidro.pt/lescolas/escola-basica-de-seixo-penacova/,yes,word matched in path not domain — verify,"""Escola Básica de Seixo"" Seixo Portugal"
31665,Jardim de Infância de Miro,Friúmes,Penacova,Jardim de Infância,https://escoladevidro.pt/lescolas/jardim-de-infancia-de-miro-penacova/,yes,word matched in path not domain — verify,"""Jardim de Infância de Miro"" Friúmes Portugal"
31666,Jardim de Infância de Espinheira,Penacova,Penacova,Jardim de Infância,not found,,,"""Jardim de Infância de Espinheira"" Penacova Portugal"
31667,Centro Escolar de Lorvão,Lorvão,Penacova,Jardim de Infância,not found,,,"""Centro Escolar de Lorvão"" Lorvão Portugal"
31748,Escola Básica do 1ºceb/Jardim-De-Infância de Coja,Coja,Arganil,Jardim de Infância,not found,,,"""Escola Básica do 1ºceb/Jardim-De-Infância de Coja"" Coja Portugal"
31749,Escola Básica do 1ºceb/Jardim-De-Infância de S. Martinho da Cortiça,São Martinho da Cortiça,Arganil,Jardim de Infância,not found,,,"""Escola Básica do 1ºceb/Jardim-De-Infância de S. Martinho da Cortiça"" São Martinho da Cortiça Portugal"
31778,Jardim de Infância de Ameal,Ameal,Coimbra,Jardim de Infância,not found,,,"""Jardim de Infância de Ameal"" Ameal Portugal"
31779,Jardim de Infância de São Bento,Casais do Campo,Coimbra,Jardim de Infância,https://www.servicospublicos.pt/servico-publico/1948/jardim-de-infancia-de-sao-bento--coimbra,yes,word matched in path not domain — verify,"""Jardim de Infância de São Bento"" Casais do Campo Portugal"
31798,Jardim de Infância de Carvalhais de Baixo,Carvalhais de Baixo,Coimbra,Jardim de Infância,https://escoladevidro.pt/lescolas/jardim-de-infancia-de-carvalhais-de-baixo-coimbra/,yes,word matched in path not domain — verify,"""Jardim de Infância de Carvalhais de Baixo"" Carvalhais de Baixo Portugal"
31813,Jardim de Infância de Travanca de Lagos,Travanca de Lagos,Oliveira do Hospital,Jardim de Infância,https://escoladevidro.pt/lescolas/jardim-de-infancia-de-travanca-de-lagos-oliveira-do-hospital/,yes,word matched in path not domain — verify,"""Jardim de Infância de Travanca de Lagos"" Travanca de Lagos Portugal"
31815,Jardim de Infância de Largo da Feira,Oliveira do Hospital,Oliveira do Hospital,Jardim de Infância,https://escoladevidro.pt/lescolas/jardim-de-infancia-de-largo-da-feira-oliveira-do-hospital/,yes,word matched in path not domain — verify,"""Jardim de Infância de Largo da Feira"" Oliveira do Hospital Portugal"
31817,Jardim de Infância de Seixas da Beira,Seixas da Beira,Oliveira do Hospital,Jardim de Infância,https://escoladevidro.pt/lescolas/jardim-de-infancia-de-seixas-da-beira-oliveira-do-hospital/,yes,word matched in path not domain — verify,"""Jardim de Infância de Seixas da Beira"" Seixas da Beira Portugal"
31818,Jardim de Infância de Penalva de Alva,Penalva de Alva,Oliveira do Hospital,Jardim de Infância,https://escoladevidro.pt/lescolas/jardim-de-infancia-de-penalva-de-alva-oliveira-do-hospital/,yes,word matched in path not domain — verify,"""Jardim de Infância de Penalva de Alva"" Penalva de Alva Portugal"
31820,Escola Básica de Nogueira do Cravo,Nogueira do Cravo,Oliveira do Hospital,Jardim de Infância,https://www.servicospublicos.pt/servico-publico/3056/escola-basica-de-nogueira-do-cravo--oliveira-do-hospital,yes,word matched in path not domain — verify,"""Escola Básica de Nogueira do Cravo"" Nogueira do Cravo Portugal"
32017,Escola Básica de Granja do Ulmeiro,Granja do Ulmeiro,Soure,Jardim de Infância,https://escoladevidro.pt/lescolas/escola-basica-de-granja-do-ulmeiro-soure/,yes,word matched in path not domain — verify,"""Escola Básica de Granja do Ulmeiro"" Granja do Ulmeiro Portugal"
32018,Escola Básica de Tapeus,Tapeus,Soure,Jardim de Infância,not found,,,"""Escola Básica de Tapeus"" Tapeus Portugal"
32023,Escola Básica de Figueiró do Campo,Figueiró do Campo,Soure,Jardim de Infância,https://escoladevidro.pt/lescolas/escola-basica-de-figueiro-do-campo-soure/,yes,word matched in path not domain — verify,"""Escola Básica de Figueiró do Campo"" Figueiró do Campo Portugal"
32025,Escola Básica de Vinha da Rainha,Vinha da Rainha,Soure,Jardim de Infância,https://www.escolasdesoure.pt/web/tag/vinha-da-rainha/,yes,word matched in path not domain — verify,"""Escola Básica de Vinha da Rainha"" Vinha da Rainha Portugal"
32108,Jardim de Infância de Soure,Soure,Soure,Jardim de Infância,not found,,,"""Jardim de Infância de Soure"" Soure Portugal"
32210,Jardim de Infância de Serpins,Serpins,Lousã,Jardim de Infância,https://ecoescolas.abaae.pt/escola/jardim-de-infancia-de-serpins/,yes,word matched in path not domain — verify,"""Jardim de Infância de Serpins"" Serpins Portugal"
32229,Jardim de Infância de Santa Rita,Lousã-Vilarinho,Lousã,Jardim de Infância,not found,,,"""Jardim de Infância de Santa Rita"" Lousã-Vilarinho Portugal"
32230,Jardim de Infância do Freixo,Lousã-Vilarinho,Lousã,Jardim de Infância,not found,,,"""Jardim de Infância do Freixo"" Lousã-Vilarinho Portugal"
32342,Jardim de Infância da Pocariça,Pocariça,Cantanhede,Jardim de Infância,not found,,,"""Jardim de Infância da Pocariça"" Pocariça Portugal"
32686,Escola Básica de Semide,Semide,Miranda do Corvo,Jardim de Infância,https://escoladevidro.pt/lescolas/escola-basica-de-semide-miranda-do-corvo/,yes,word matched in path not domain — verify,"""Escola Básica de Semide"" Semide Portugal"
32689,Escola Básica Professor Doutor Ferrer Correia,Semide,Miranda do Corvo,Jardim de Infância,https://escoladevidro.pt/lescolas/escola-basica-professor-doutor-ferrer-correia-senhor-da-serra-miranda-do-corvo/,yes,word matched in path not domain — verify,"""Escola Básica Professor Doutor Ferrer Correia"" Semide Portugal"
32706,Jardim de Infância do Vidual,Rio de Vide,Miranda do Corvo,Jardim de Infância,not found,,,"""Jardim de Infância do Vidual"" Rio de Vide Portugal"
33119,Jardim de Infância de Carvalhais,Lavos,Figueira da Foz,Jardim de Infância,not found,,,"""Jardim de Infância de Carvalhais"" Lavos Portugal"
33120,Jardim de Infância de Santa Luzia,Lavos,Figueira da Foz,Jardim de Infância,not found,,,"""Jardim de Infância de Santa Luzia"" Lavos Portugal"
33330,Escola Básica do 1ºceb/Jardim-De-Infância de Sarzedo,Sarzedo,Moimenta da Beira,Jardim de Infância,not found,,,"""Escola Básica do 1ºceb/Jardim-De-Infância de Sarzedo"" Sarzedo Portugal"
34761,Jardim Infantil de S. Miguel - Centro Ass.paroq. de Santa Cruz,Coimbra,Coimbra,Jardim de Infância,not found,,,"""Jardim Infantil de S. Miguel - Centro Ass.paroq. de Santa Cruz"" Coimbra Portugal"
35010,Escola Básica de Trouxemil,,Coimbra,Jardim de Infância,https://escoladevidro.pt/lescolas/escola-basica-de-trouxemil-coimbra/,yes,word matched in path not domain — verify,"""Escola Básica de Trouxemil"" Coimbra Portugal"
35011,Escola Básica de Eiras,Coimbra,Coimbra,Jardim de Infância,https://www.coimbra.pt/2024/06/execucao-da-escola-basica-de-eiras-vai-custar-cerca-de-1me-e-cm-de-coimbra-vai-abrir-concurso-publico/,yes,word matched in path not domain — verify,"""Escola Básica de Eiras"" Coimbra Portugal"
35017,Escola Básica de Larçã,Botão,Coimbra,Jardim de Infância,https://escoladevidro.pt/lescolas/escola-basica-de-larca-coimbra/,yes,word matched in path not domain — verify,"""Escola Básica de Larçã"" Botão Portugal"
35018,Escola Básica de Brasfemes,Brasfemes,Coimbra,Jardim de Infância,not found,,,"""Escola Básica de Brasfemes"" Brasfemes Portugal"
35026,Escola Básica N.º 1 de Taveiro,Taveiro,Coimbra,Jardim de Infância,https://escoladevidro.pt/lescolas/escola-basica-n-o-1-de-taveiro-coimbra/,yes,word matched in path not domain — verify,"""Escola Básica N.º 1 de Taveiro"" Taveiro Portugal"
35027,Escola Básica de Póvoa,Coimbra,Coimbra,Jardim de Infância,https://escoladevidro.pt/lescolas/escola-basica-de-povoa-coimbra/,yes,word matched in path not domain — verify,"""Escola Básica de Póvoa"" Coimbra Portugal"
35028,Escola Básica de Bairro Azul,São Silvestre,Coimbra,Jardim de Infância,https://escoladevidro.pt/lescolas/escola-basica-de-bairro-azul-sao-silvestre-coimbra/,yes,word matched in path not domain — verify,"""Escola Básica de Bairro Azul"" São Silvestre Portugal"
35029,Escola Básica de São Martinho de Árvore,São Martinho de Árvore,Coimbra,Jardim de Infância,https://escoladevidro.pt/lescolas/escola-basica-de-sao-martinho-de-arvore-coimbra/,yes,word matched in path not domain — verify,"""Escola Básica de São Martinho de Árvore"" São Martinho de Árvore Portugal"
35042,Escola Básica de Almas de Freire,Coimbra,Coimbra,Jardim de Infância,https://escoladevidro.pt/lescolas/escola-basica-de-almas-de-freire-coimbra/,yes,word matched in path not domain — verify,"""Escola Básica de Almas de Freire"" Coimbra Portugal"
35043,Escola Básica de Antuzede,Coimbra,Coimbra,Jardim de Infância,https://www.coimbra.pt/2022/04/escola-basica-de-antuzede-foi-visitada-hoje-depois-de-obras-de-requalificacao/,yes,word matched in path not domain — verify,"""Escola Básica de Antuzede"" Coimbra Portugal"
35045,Escola Básica de Vila Verde,Lamarosa,Coimbra,Jardim de Infância,https://escoladevidro.pt/lescolas/escola-basica-de-vila-verde-coimbra/,yes,word matched in path not domain — verify,"""Escola Básica de Vila Verde"" Lamarosa Portugal"
37102,Escola Básica de Alvares,Alvares,Góis,Jardim de Infância,not found,,,"""Escola Básica de Alvares"" Alvares Portugal"
37117,Jardim Infantil do Centro Social e Paroquial de S. Martinho do Bispo,,Coimbra,Jardim de Infância,not found,,,"""Jardim Infantil do Centro Social e Paroquial de S. Martinho do Bispo"" Coimbra Portugal"
37119,Instituto Educativo de Lordemão,Lordemão,Coimbra,Jardim de Infância,not found,,,"""Instituto Educativo de Lordemão"" Lordemão Portugal"
37605,Escola Básica de Antanhol,Antanhol,Coimbra,Jardim de Infância,https://escoladevidro.pt/lescolas/escola-basica-de-antanhol-coimbra/,yes,word matched in path not domain — verify,"""Escola Básica de Antanhol"" Antanhol Portugal"
37748,Escola Básica de Bom Sucesso,Bom Sucesso,Figueira da Foz,Jardim de Infância,https://escoladevidro.pt/lescolas/escola-basica-de-bom-sucesso-figueira-da-foz/,yes,word matched in path not domain — verify,"""Escola Básica de Bom Sucesso"" Bom Sucesso Portugal"
37787,Escola EB1/JI de Casais do Campo,Coimbra,Coimbra,Jardim de Infância,not found,,,"""Escola EB1/JI de Casais do Campo"" Coimbra Portugal"
1110,Jardim de Infância os Amigos da Landeira,Landeira,Vendas Novas,Creche e Jardim de Infância,https://arquitecturaaqui.eu/pt/obras/20803/jardim-de-infancia-os-amigos-da-landeira-vendas-novas,yes,word matched in path not domain — verify; combined tipo — may have split pages,"""Jardim de Infância os Amigos da Landeira"" Landeira Portugal"
1112,"Creche, ATL ,Sad e Centro de Convívio da 3ª Idade Renascer de Bombel",Bombel,Vendas Novas,Creche,not found,,,"""Creche, ATL ,Sad e Centro de Convívio da 3ª Idade Renascer de Bombel"" Bombel Portugal"
1121,Jardim de Infância do Centro Social Paroquial do Ciborro,Ciborro,Montemor-o-Novo,Creche e Jardim de Infância,not found,,,"""Jardim de Infância do Centro Social Paroquial do Ciborro"" Ciborro Portugal"
1127,Creche e Jardim de Infância Lar dos Pequeninos,Montemor-O-Novo,Montemor-o-Novo,Creche e Jardim de Infância,https://arquitecturaaqui.eu/en/buildings-ensembles/22383/creche-e-jardim-de-infancia-lar-dos-pequeninos-montemor-o-novo,yes,word matched in path not domain — verify; combined tipo — may have split pages,"""Creche e Jardim de Infância Lar dos Pequeninos"" Montemor-O-Novo Portugal"
1134,Centro Social Paroquial Santo António de Lavre,Lavre,Montemor-o-Novo,Creche,not found,,,"""Centro Social Paroquial Santo António de Lavre"" Lavre Portugal"
1135,Equip Soc da Associação de Solidariedade Social 25 de Abril de Vendas Novas,Vendas Novas,Vendas Novas,Creche e Jardim de Infância,not found,,,"""Equip Soc da Associação de Solidariedade Social 25 de Abril de Vendas Novas"" Vendas Novas Portugal"
1138,Obra Promoção Social Sagrada Família - Casa Sagrado Coração Jesus,Canaviais,Évora,Creche e Jardim de Infância,not found,,,"""Obra Promoção Social Sagrada Família - Casa Sagrado Coração Jesus"" Canaviais Portugal"
1148,Associação Centro Infantil São Manços,São Manços,Évora,Creche e Jardim de Infância,not found,,,"""Associação Centro Infantil São Manços"" São Manços Portugal"
1170,Centro Comunitário-Centro Social Paroquial Santo André,Estremoz,Estremoz,Creche e Jardim de Infância,not found,,,"""Centro Comunitário-Centro Social Paroquial Santo André"" Estremoz Portugal"
1176,Equip. Soc. Centro Paroquial Bem Estar Social São Julião Monte do Trigo,Monte do Trigo,Portel,Creche e Jardim de Infância,not found,,,"""Equip. Soc. Centro Paroquial Bem Estar Social São Julião Monte do Trigo"" Monte do Trigo Portugal"
17387,Colégio Jardim dos Sentidos - Assoc. das Obras Assist. da Sociedade de S. Vicente de Paulo,Montemor-O-Novo,Montemor-o-Novo,Creche e Jardim de Infância,not found,,,"""Colégio Jardim dos Sentidos - Assoc. das Obras Assist. da Sociedade de S. Vicente de Paulo"" Montemor-O-Novo Portugal"
22112,Associação Solidariedade Social Ninho,Évora,Évora,Creche,not found,,,"""Associação Solidariedade Social Ninho"" Évora Portugal"
29364,Creche São Francisco de Assis,Estremoz,Estremoz,Creche,not found,,,"""Creche São Francisco de Assis"" Estremoz Portugal"
37982,Consigo - Cooperativa de Ensino e Solidariedade Social - Escolinha do Parque,Vendas Novas,Vendas Novas,Creche,not found,,,"""Consigo - Cooperativa de Ensino e Solidariedade Social - Escolinha do Parque"" Vendas Novas Portugal"
31012,Escola Básica de Cabeção,Cabeção,Mora,Jardim de Infância,not found,,,"""Escola Básica de Cabeção"" Cabeção Portugal"
31035,Escola Básica de Canaviais,Évora,Évora,Jardim de Infância,not found,,,"""Escola Básica de Canaviais"" Évora Portugal"
31223,Escola Básica Nº 5 de Montemor-O-Novo,Montemor-O-Novo,Montemor-o-Novo,Jardim de Infância,https://apoioperto.com/creches/montemor-o-novo/,yes,word matched in path not domain — verify,"""Escola Básica Nº 5 de Montemor-O-Novo"" Montemor-O-Novo Portugal"
31224,Escola Básica de São Cristovão,S. Cristovão,Montemor-o-Novo,Jardim de Infância,https://escoladevidro.pt/lescolas/escola-basica-de-sao-cristovao-cinfaes/,yes,word matched in path not domain — verify,"""Escola Básica de São Cristovão"" S. Cristovão Portugal"
31225,Jardim de Infância N.º 1 de Montemor-O-Novo,Montemor-O-Novo,Montemor-o-Novo,Jardim de Infância,https://arquitecturaaqui.eu/pt/obras/22388/jardim-de-infancia-n-1-de-montemor-o-novo,yes,word matched in path not domain — verify,"""Jardim de Infância N.º 1 de Montemor-O-Novo"" Montemor-O-Novo Portugal"
31226,Escola Básica de Vale de Figueira,Vale de Figueira,Montemor-o-Novo,Jardim de Infância,http://www.agrupamentosabandeira.pt/sitio/index.php/component/contact/contact/8-contacts/16-escola-basica-de-vale-de-figueira,yes,word matched in path not domain — verify,"""Escola Básica de Vale de Figueira"" Vale de Figueira Portugal"
31227,Escola Básica de Lavre,Lavre,Montemor-o-Novo,Jardim de Infância,https://escoladevidro.pt/lescolas/escola-basica-de-lavre-montemor-o-novo/,yes,word matched in path not domain — verify,"""Escola Básica de Lavre"" Lavre Portugal"
31228,Escola Básica de Santiago de Escoural,Santiago do Escoural,Montemor-o-Novo,Jardim de Infância,https://escoladevidro.pt/lescolas/escola-basica-de-santiago-de-escoural-montemor-o-novo/,yes,word matched in path not domain — verify,"""Escola Básica de Santiago de Escoural"" Santiago do Escoural Portugal"
31247,Escola Básica de Terena,Terena,Alandroal,Jardim de Infância,https://arquitecturaaqui.eu/en/buildings-ensembles/19954/escola-basica-de-terena-alandroal,yes,word matched in path not domain — verify,"""Escola Básica de Terena"" Terena Portugal"
31394,Jardim de Infância de Monte Branco,Vendas Novas,Vendas Novas,Jardim de Infância,https://ecoescolas.abaae.pt/escola/jardim-de-infancia-de-monte-branco/,yes,word matched in path not domain — verify,"""Jardim de Infância de Monte Branco"" Vendas Novas Portugal"
31395,Jardim de Infância da Afeiteira,Afeiteira,Vendas Novas,Jardim de Infância,not found,,,"""Jardim de Infância da Afeiteira"" Afeiteira Portugal"
31413,Escola Básica 2 3 Padre Bento Pereira,Borba,Borba,Jardim de Infância,not found,,,"""Escola Básica 2 3 Padre Bento Pereira"" Borba Portugal"
31414,Jardim de Infância de Orada,Orada,Borba,Jardim de Infância,https://escoladevidro.pt/lescolas/jardim-de-infancia-de-orada-borba/,yes,word matched in path not domain — verify,"""Jardim de Infância de Orada"" Orada Portugal"
31415,"Escola Básica de Rio de Moinhos, Borba",,Sátão,Jardim de Infância,https://files.diariodarepublica.pt/1s/2024/01/01800/0001300208.pdf,,,"""Escola Básica de Rio de Moinhos, Borba"" Sátão Portugal"
31536,Jardim de Infância do Bairro Garcia de Resende,Évora,Évora,Jardim de Infância,https://www.uf-bacelosaude.pt/territorio/rede-escolar/144-jardins-de-infancia/1870-jardim-de-infancia-do-bairro-garcia-de-resende,yes,word matched in path not domain — verify,"""Jardim de Infância do Bairro Garcia de Resende"" Évora Portugal"
32245,EB1/JI de Arraiolos,Arraiolos,Arraiolos,Jardim de Infância,https://www.aearraiolos.net/,,,"""EB1/JI de Arraiolos"" Arraiolos Portugal"
32354,Escola Básica de São Mateus,Montemor-O-Novo,Montemor-o-Novo,Jardim de Infância,https://arquitecturaaqui.eu/en/buildings-ensembles/27289/escola-basica-de-sao-mateus-montemor-o-novo,yes,word matched in path not domain — verify,"""Escola Básica de São Mateus"" Montemor-O-Novo Portugal"
33321,Escola Básica Nº 2 de Vendas Novas,Vendas Novas,Vendas Novas,Jardim de Infância,https://apoioperto.com/creches/vendas-novas/,yes,word matched in path not domain — verify,"""Escola Básica Nº 2 de Vendas Novas"" Vendas Novas Portugal"
35047,Jardim de Infância de Santa Maria,Estremoz,Estremoz,Jardim de Infância,not found,,,"""Jardim de Infância de Santa Maria"" Estremoz Portugal"
35049,Escola Básica do Caldeiro,Estremoz,Estremoz,Jardim de Infância,not found,,,"""Escola Básica do Caldeiro"" Estremoz Portugal"
35050,Escola Básica de Arcos,Arcos Etz,Vila do Conde,Jardim de Infância,https://escoladevidro.pt/lescolas/escola-basica-de-arcos-estremoz/,yes,word matched in path not domain — verify,"""Escola Básica de Arcos"" Arcos Etz Portugal"
35053,Escola Básica de Monte Trigo,Monte do Trigo,Portel,Jardim de Infância,https://www.directorioescolas.eu/escola/9000-escola-basica-de-monte-trigo-portel/,yes,word matched in path not domain — verify,"""Escola Básica de Monte Trigo"" Monte do Trigo Portugal"
35058,Escola Básica de São Bento do Cortiço,São Bento do Cortiço,Estremoz,Jardim de Infância,https://escoladevidro.pt/lescolas/escola-basica-de-sao-bento-do-cortico-estremoz/,yes,word matched in path not domain — verify,"""Escola Básica de São Bento do Cortiço"" São Bento do Cortiço Portugal"
35059,Escola Básica da Mata,Estremoz,Estremoz,Jardim de Infância,https://escoladevidro.pt/lescolas/escola-basica-da-mata-estremoz/,yes,word matched in path not domain — verify,"""Escola Básica da Mata"" Estremoz Portugal"
35061,Escola Básica de Veiros,Veiros Etz,Estremoz,Jardim de Infância,https://escoladevidro.pt/lescolas/escola-basica-de-veiros-estremoz/,yes,word matched in path not domain — verify,"""Escola Básica de Veiros"" Veiros Etz Portugal"
35063,Escola Básica de Montoito,Montoito,Redondo,Jardim de Infância,https://escoladevidro.pt/lescolas/escola-basica-de-montoito-redondo/,yes,word matched in path not domain — verify,"""Escola Básica de Montoito"" Montoito Portugal"
35065,Escola Básica de Oriola,Oriola,Portel,Jardim de Infância,https://escoladevidro.pt/lescolas/escola-basica-de-oriola-portel/,yes,word matched in path not domain — verify,"""Escola Básica de Oriola"" Oriola Portugal"
35075,Escola Básica de Vendinha,São Vicente do Pigeiro,Évora,Jardim de Infância,https://aegp.edu.pt/web/pt-pt/vendinha,yes,word matched in path not domain — verify,"""Escola Básica de Vendinha"" São Vicente do Pigeiro Portugal"
35078,Escola Básica de Granja,Granja Mou,Trancoso,Jardim de Infância,not found,,,"""Escola Básica de Granja"" Granja Mou Portugal"
35080,Jardim de Infância de Bencatel,Bencatel,Vila Viçosa,Jardim de Infância,https://arquitecturaaqui.eu/pt/obras/27122/jardim-de-infancia-de-bencatel-vila-vicosa,yes,word matched in path not domain — verify,"""Jardim de Infância de Bencatel"" Bencatel Portugal"
35095,Jardim de Infância de Pardais,Pardais,Vila Viçosa,Jardim de Infância,https://escoladevidro.pt/lescolas/jardim-de-infancia-de-pardais-vila-vicosa/,yes,word matched in path not domain — verify,"""Jardim de Infância de Pardais"" Pardais Portugal"
37121,Escola Básica de Perolivas,Perolivas,Reguengos de Monsaraz,Jardim de Infância,https://escoladevidro.pt/lescolas/escola-basica-de-perolivas-reguengos-de-monsaraz/,yes,word matched in path not domain — verify,"""Escola Básica de Perolivas"" Perolivas Portugal"
37124,"Escola Básica de São Pedro do Corval,",S. Pedro do Corval,Reguengos de Monsaraz,Jardim de Infância,https://escoladevidro.pt/lescolas/escola-basica-de-sao-pedro-do-corval-reguengos-de-monsaraz/,yes,word matched in path not domain — verify,"""Escola Básica de São Pedro do Corval,"" S. Pedro do Corval Portugal"
37125,Escola Básica de Campinho,Campinho,Reguengos de Monsaraz,Jardim de Infância,https://escoladevidro.pt/lescolas/escola-basica-de-campinho-reguengos-de-monsaraz/,yes,word matched in path not domain — verify,"""Escola Básica de Campinho"" Campinho Portugal"
1991,Centro de Animação Infantil do Centro Desenvolvimento Cultural e Social Martim Longo,Martim Longo,Alcoutim,Creche e Jardim de Infância,not found,,,"""Centro de Animação Infantil do Centro Desenvolvimento Cultural e Social Martim Longo"" Martim Longo Portugal"
1994,A Minha Casinha,Olhão,Olhão,Creche e Jardim de Infância,https://www.skyscanner.pt/hotels/portugal/moncarapacho-hotels/a-minha-casinha-marim-olhao-by-junto-ao-mar/ht-218660656,yes,word matched in path not domain — verify; combined tipo — may have split pages,"""A Minha Casinha"" Olhão Portugal"
4040,"Centro Infantil ""O Pinóquio""",Tavira,Tavira,Creche e Jardim de Infância,https://escoladevidro.pt/lescolas/centro-infantil-o-pinoquio-santa-casa-da-misericordia-de-tavira/,yes,word matched in path not domain — verify; combined tipo — may have split pages,"""Centro Infantil ""O Pinóquio"""" Tavira Portugal"
4083,Centro Infantil da Santa Casa da Misericórdia de Faro,Faro,Faro,Creche e Jardim de Infância,https://misericordiafaro.pt/resposta-social-infancia/centro-infantil-faro/,yes,combined tipo — may have split pages,"""Centro Infantil da Santa Casa da Misericórdia de Faro"" Faro Portugal"
4093,Casa de Santa Isabel,Faro,Faro,Creche e Jardim de Infância,https://www.casasantaisabel.org/en/home,yes,combined tipo — may have split pages,"""Casa de Santa Isabel"" Faro Portugal"
4107,Infantário Palhacinho,Almancil,Loulé,Creche e Jardim de Infância,not found,,,"""Infantário Palhacinho"" Almancil Portugal"
4191,"Creche, Jardim Infância e ATL ""Gaivota""",Armação de Pera,Silves,Creche e Jardim de Infância,not found,,,"""Creche, Jardim Infância e ATL ""Gaivota"""" Armação de Pera Portugal"
16071,Creche da Torre de Natal,Faro,Faro,Creche,https://misericordiafaro.pt/wp-content/uploads/2023/07/Regulamento-interno-Creche-Torre-de-Natal.2022_compressed.pdf,yes,word matched in path not domain — verify,"""Creche da Torre de Natal"" Faro Portugal"
18269,"Creche ""São José""",Ferreiras,Albufeira,Creche,not found,,,"""Creche ""São José"""" Ferreiras Portugal"
18281,Centro Comunitário de Salir,Salir,Loulé,Creche,not found,,,"""Centro Comunitário de Salir"" Salir Portugal"
18420,Centro Comunitário de Benafim,Benafim,Loulé,Creche,http://www.associacaobenafim.com/,,,"""Centro Comunitário de Benafim"" Benafim Portugal"
21281,O Paraíso Jardim Infantil,Loulé,Loulé,Creche e Jardim de Infância,https://escoladevidro.pt/lescolas/o-paraiso-jardim-infantil/,yes,word matched in path not domain — verify; combined tipo — may have split pages,"""O Paraíso Jardim Infantil"" Loulé Portugal"
22509,Grãozinho D'areia,Albufeira,Albufeira,Creche e Jardim de Infância,not found,,,"""Grãozinho D'areia"" Albufeira Portugal"
23366,A Casinha Brincalhona,Portimão,Portimão,Creche,not found,,,"""A Casinha Brincalhona"" Portimão Portugal"
24922,"Creche ""A Escolinha""",Carvoeiro,Lagoa,Creche,not found,,,"""Creche ""A Escolinha"""" Carvoeiro Portugal"
24986,Planeta da Fantasia,Montenegro,Faro,Creche,https://www.portugalempresas.pt/directory/jardim-infantil-o-planeta-da-fantasia/,yes,word matched in path not domain — verify,"""Planeta da Fantasia"" Montenegro Portugal"
25185,"Creche ""Era Uma Vez ...""",Odeceixe,Aljezur,Creche,https://casadacriancadorogil.pt/creche-era-uma-vez/,yes,word matched in path not domain — verify,"""Creche ""Era Uma Vez ..."""" Odeceixe Portugal"
25711,Creche o Relógio - Polo Gambelas,Faro,Faro,Creche,https://www.servicospublicos.pt/servico-publico/25457/creche-o-relogio---polo-gambelas---creche,yes,word matched in path not domain — verify,"""Creche o Relógio - Polo Gambelas"" Faro Portugal"
26558,Creche de Santo António,Vila Real de Santo António,Vila Real de Santo António,Creche,https://www.scmvrsa.pt/creche-de-santo-antonio,yes,word matched in path not domain — verify,"""Creche de Santo António"" Vila Real de Santo António Portugal"
26959,"A Colmeia das Abelhinhas, Unipessoal, Lda",Portimão,Portimão,Creche e Jardim de Infância,not found,,,"""A Colmeia das Abelhinhas, Unipessoal, Lda"" Portimão Portugal"
27427,Centro Intergeracional da Pegada,Tavira,Tavira,Creche,https://centroparoquialtavira.pt/respostas-sociais/centro-intergeracional-da-pegada/,yes,word matched in path not domain — verify,"""Centro Intergeracional da Pegada"" Tavira Portugal"
32798,Creche e Lar Idosos Budens,Budens,Vila do Bispo,Creche,not found,,,"""Creche e Lar Idosos Budens"" Budens Portugal"
34560,Centro Infantil da Santa Casa da Misericórdia de Castro Marim,Castro Marim,Castro Marim,Creche,not found,,,"""Centro Infantil da Santa Casa da Misericórdia de Castro Marim"" Castro Marim Portugal"
36678,Infantário Lugar Encantado,Faro,Faro,Creche,not found,,,"""Infantário Lugar Encantado"" Faro Portugal"
39051,Creche os Piratinhas - Delegação CVP Vila Real de Santo António,Vila Real de Santo António,Vila Real de Santo António,Creche,https://apoioperto.com/creches/vila-real-de-santo-antonio/,yes,word matched in path not domain — verify,"""Creche os Piratinhas - Delegação CVP Vila Real de Santo António"" Vila Real de Santo António Portugal"
6260,Parque Infantil de Pechão,Olhão,Olhão,Jardim de Infância,https://www.cruzvermelha.pt/galeria-de-imagens-olhao/item/8023-parque-infantil-de-pech%C3%A3o.html,yes,word matched in path not domain — verify,"""Parque Infantil de Pechão"" Olhão Portugal"
29408,Centro Social de Nossa Senhora do Carmo de Faro,Faro,Faro,Jardim de Infância,not found,,,"""Centro Social de Nossa Senhora do Carmo de Faro"" Faro Portugal"
29626,Jardim Infantil da Coop.trabalhadores da Câmara Municipal de Albufeira,Albufeira,Albufeira,Jardim de Infância,not found,,,"""Jardim Infantil da Coop.trabalhadores da Câmara Municipal de Albufeira"" Albufeira Portugal"
29653,Externato Jardim Infantil da Torraltinha,Lagos,Lagos,Jardim de Infância,https://www.mais.pt/atividadesindical/Servicos/DescontosparaSocios/Pages/Externato-Jardim-Infantil-da-Torraltinha.aspx,yes,word matched in path not domain — verify,"""Externato Jardim Infantil da Torraltinha"" Lagos Portugal"
29807,"Jardim Infantil ""O Girassol"" Stª Casa da Misericórdia de Tavira",Tavira,Tavira,Jardim de Infância,https://www.directorioescolas.eu/escola/9784-jardim-infantil-o-girassol-st-casa-da-misericordia-de-tavira/,yes,word matched in path not domain — verify,"""Jardim Infantil ""O Girassol"" Stª Casa da Misericórdia de Tavira"" Tavira Portugal"
31301,Escola Básica Cónego Dr. Clementino de Brito Pinto,Almancil,Loulé,Jardim de Infância,https://www.servicospublicos.pt/servico-publico/11460/escola-basica-conego-dr--clementino-de-brito-pinto--almancil--loule,yes,word matched in path not domain — verify,"""Escola Básica Cónego Dr. Clementino de Brito Pinto"" Almancil Portugal"
31302,Escola Básica de São João da Venda,S. João da Venda,Loulé,Jardim de Infância,https://escoladevidro.pt/lescolas/escola-basica-de-sao-joao-da-venda-loule/,yes,word matched in path not domain — verify,"""Escola Básica de São João da Venda"" S. João da Venda Portugal"
31304,Jardim de Infância de Almancil,,Loulé,Jardim de Infância,https://escoladevidro.pt/lescolas/jardim-de-infancia-de-almancil-loule/,yes,word matched in path not domain — verify,"""Jardim de Infância de Almancil"" Loulé Portugal"
31376,Escola Básica Nº 6 de Olhão,Olhão,Olhão,Jardim de Infância,https://apoioperto.com/creches/olhao/,yes,word matched in path not domain — verify,"""Escola Básica Nº 6 de Olhão"" Olhão Portugal"
31402,Escola Básica de Pêra,Pera,Silves,Jardim de Infância,https://escoladevidro.pt/lescolas/escola-basica-de-pera-silves/,yes,word matched in path not domain — verify,"""Escola Básica de Pêra"" Pera Portugal"
31404,Escola Básica de Alcantarilha,Alcantarilha,Silves,Jardim de Infância,https://escoladevidro.pt/lescolas/escola-basica-de-alcantarilha-silves/,yes,word matched in path not domain — verify,"""Escola Básica de Alcantarilha"" Alcantarilha Portugal"
31405,Jardim de Infância de Armação de Pêra,Armação de Pera,Silves,Jardim de Infância,https://escoladevidro.pt/lescolas/jardim-de-infancia-de-armacao-de-pera-silves/,yes,word matched in path not domain — verify,"""Jardim de Infância de Armação de Pêra"" Armação de Pera Portugal"
31406,Escola Básica de Tunes,Tunes,Silves,Jardim de Infância,https://escoladevidro.pt/lescolas/escola-basica-de-tunes-silves/,yes,word matched in path not domain — verify,"""Escola Básica de Tunes"" Tunes Portugal"
31597,EB1/JI de Vendas,Portimão,Portimão,Jardim de Infância,not found,,,"""EB1/JI de Vendas"" Portimão Portugal"
31600,Escola Básica de Pedra Mourinha,Pedra Mourinha,Portimão,Jardim de Infância,https://judicefialho.pt/agrupamento/pedra-mourinha,yes,word matched in path not domain — verify,"""Escola Básica de Pedra Mourinha"" Pedra Mourinha Portugal"
31671,Jardim de Infância Quatro Estradas,,Portimão,Jardim de Infância,https://escoladevidro.pt/lescolas/jardim-de-infancia-quatro-estradas-portimao/,yes,word matched in path not domain — verify,"""Jardim de Infância Quatro Estradas"" Portimão Portugal"
32112,Escola EB1/JI Bordeira,Stª Barbara de Nexe,Faro,Jardim de Infância,not found,,,"""Escola EB1/JI Bordeira"" Stª Barbara de Nexe Portugal"
32113,Escola EB1/JI Santa Bárbara de Nexe,Faro,Faro,Jardim de Infância,not found,,,"""Escola EB1/JI Santa Bárbara de Nexe"" Faro Portugal"
32295,EB1/JI da Coca Maravilhas,Portimão,Portimão,Jardim de Infância,not found,,,"""EB1/JI da Coca Maravilhas"" Portimão Portugal"
32416,E.b.1/J.i. de Benafim,Benafim,Loulé,Jardim de Infância,not found,,,"""E.b.1/J.i. de Benafim"" Benafim Portugal"
32426,E.b.1/J.i. da Tôr,Tôr,Loulé,Jardim de Infância,not found,,,"""E.b.1/J.i. da Tôr"" Tôr Portugal"
32427,E.b.1/J.i. N.º 3,Loulé,Loulé,Jardim de Infância,not found,,,"""E.b.1/J.i. N.º 3"" Loulé Portugal"
32428,E.b.1/J.i. N.º 4 (Integra Loulé N.º 2),Loulé,Loulé,Jardim de Infância,https://apoioperto.com/creches/loule/,yes,word matched in path not domain — verify,"""E.b.1/J.i. N.º 4 (Integra Loulé N.º 2)"" Loulé Portugal"
32430,E.b.1/J.i. do Ameixial,Ameixial,Loulé,Jardim de Infância,not found,,,"""E.b.1/J.i. do Ameixial"" Ameixial Portugal"
33233,Jardim de Infância de Vale Serves,Ferreiras,Albufeira,Jardim de Infância,https://www.waze.com/af/live-map/directions/pt/faro-district/albufeira/jardim-de-infancia-de-vale-serves?to=place.ChIJPep4iN7PGg0R_CJX3TANqTs,yes,word matched in path not domain — verify,"""Jardim de Infância de Vale Serves"" Ferreiras Portugal"
33234,Escola Básica de Olhos de Água,Albufeira,Albufeira,Jardim de Infância,https://escoladevidro.pt/lescolas/escola-basica-de-olhos-de-agua-albufeira/,yes,word matched in path not domain — verify,"""Escola Básica de Olhos de Água"" Albufeira Portugal"
33756,Jardim de Infância N.º 3,Quarteira,Loulé,Jardim de Infância,not found,,,"""Jardim de Infância N.º 3"" Quarteira Portugal"
34375,Jardim de Infância de Escanchinas,Almancil,Loulé,Jardim de Infância,not found,,,"""Jardim de Infância de Escanchinas"" Almancil Portugal"
34378,Jardim de Infância de Albufeira,Albufeira,Albufeira,Jardim de Infância,not found,,,"""Jardim de Infância de Albufeira"" Albufeira Portugal"
34558,Escola Básica de Ferragudo,Ferragudo,Lagoa,Jardim de Infância,not found,,,"""Escola Básica de Ferragudo"" Ferragudo Portugal"
34775,"Centro Infantil ""O Pinóquio"" Da Stª Casa da Misericórdia de Tavira",Tavira,Tavira,Jardim de Infância,https://www.directorioescolas.eu/escola/9797-centro-infantil-o-pinoquio-da-st-casa-da-misericordia-de-tavira/,yes,word matched in path not domain — verify,"""Centro Infantil ""O Pinóquio"" Da Stª Casa da Misericórdia de Tavira"" Tavira Portugal"
35083,Escola Básica de Altura,Altura,Castro Marim,Jardim de Infância,https://escoladevidro.pt/lescolas/escola-basica-de-altura-castro-marim/,yes,word matched in path not domain — verify,"""Escola Básica de Altura"" Altura Portugal"
35099,Escola Básica D. Francisca de Aragão,Quarteira,Loulé,Jardim de Infância,not found,,,"""Escola Básica D. Francisca de Aragão"" Quarteira Portugal"
35103,Escola Básica Sophia de Mello Breyner Andresen,Lagos,Lagos,Jardim de Infância,https://www.hopegoo.com/en-us/hot-hotels/landmark/escola-basica-sophia-de-mello-breyner-andresen-690220/,yes,word matched in path not domain — verify,"""Escola Básica Sophia de Mello Breyner Andresen"" Lagos Portugal"
35107,Escola Básica Prof. Caldeira Alexandre,Vila Real Santo António,Vila Real de Santo António,Jardim de Infância,https://afalgarve.pt/superquinas-eder-e-selecao-nacional-masculina-sub16-visita-escola-basica-prof-caldeira-alexandre/,yes,word matched in path not domain — verify,"""Escola Básica Prof. Caldeira Alexandre"" Vila Real Santo António Portugal"
35108,Escola Básica Santo António,Vila Real Santo António,Vila Real de Santo António,Jardim de Infância,https://apoioperto.com/creches/vila-real-de-santo-antonio/,yes,word matched in path not domain — verify,"""Escola Básica Santo António"" Vila Real Santo António Portugal"
37609,"Escola Básica de Estoi, Faro",Estoi,Faro,Jardim de Infância,https://escoladevidro.pt/lescolas/escola-basica-de-estoi-faro/,yes,word matched in path not domain — verify,"""Escola Básica de Estoi, Faro"" Estoi Portugal"
39187,Escola E.b.1 N.º 1 de Monchique,Monchique,Monchique,Jardim de Infância,http://www.aemonchique.pt/,,,"""Escola E.b.1 N.º 1 de Monchique"" Monchique Portugal"
3833,O Moinho - Creche da Associação de Melhoramentos de Celorico da Beira,Celorico da Beira,Celorico da Beira,Creche e Jardim de Infância,https://apoioperto.com/creches/celorico-da-beira/,yes,word matched in path not domain — verify; combined tipo — may have split pages,"""O Moinho - Creche da Associação de Melhoramentos de Celorico da Beira"" Celorico da Beira Portugal"
3857,Equip. Soc. da Fundação Aurora Ressurreição Coelho Borges,Santa Marinha,Guimarães,Creche e Jardim de Infância,not found,,,"""Equip. Soc. da Fundação Aurora Ressurreição Coelho Borges"" Santa Marinha Portugal"
3868,Centro de Assistência Cultura e Recreio de Paços da Serra,Gouveia,Gouveia,Creche,not found,,,"""Centro de Assistência Cultura e Recreio de Paços da Serra"" Gouveia Portugal"
3879,Equip. Soc. do Centro de Assistência Paroquial de Loriga,Loriga,Seia,Creche e Jardim de Infância,not found,,,"""Equip. Soc. do Centro de Assistência Paroquial de Loriga"" Loriga Portugal"
3895,Centro Social Paroquial de Vila Franca das Naves,Trancoso,Trancoso,Creche,https://www.laresonline.pt/pt/valencia/apoio-domiciliario/equipamento/4678-apoio-domiciliario-do-centro-social-paroquial-de-vila-franca-das-naves/recomendar/,yes,word matched in path not domain — verify,"""Centro Social Paroquial de Vila Franca das Naves"" Trancoso Portugal"
3896,Jardim de Infância do Instituto D. Maria do Carmo Lacerda Faria,Meda,Mêda,Creche e Jardim de Infância,not found,,,"""Jardim de Infância do Instituto D. Maria do Carmo Lacerda Faria"" Meda Portugal"
3901,Equip. Soc. Centro Social Padre José Augusto da Fonseca,Aguiar da Beira,Aguiar da Beira,Creche,not found,,,"""Equip. Soc. Centro Social Padre José Augusto da Fonseca"" Aguiar da Beira Portugal"
3914,"Creche, Jardim e C.A.T.L. do Grupo Desportivo e Recreativo das Lameirinhas",Guarda,Guarda,Creche e Jardim de Infância,not found,,,"""Creche, Jardim e C.A.T.L. do Grupo Desportivo e Recreativo das Lameirinhas"" Guarda Portugal"
3917,Jardim de Infância do Lactário Doutor Proença,Guarda,Guarda,Creche e Jardim de Infância,not found,,,"""Jardim de Infância do Lactário Doutor Proença"" Guarda Portugal"
3918,"Casa de Trabalho Jesus, Maria e José",Rochoso,Guarda,Creche e Jardim de Infância,not found,,,"""Casa de Trabalho Jesus, Maria e José"" Rochoso Portugal"
3937,Jardim de Infância da Fundação D. Teodora F. da Graça Vilhena de Carvalho e Fonseca,Freixedas,Pinhel,Creche e Jardim de Infância,not found,,,"""Jardim de Infância da Fundação D. Teodora F. da Graça Vilhena de Carvalho e Fonseca"" Freixedas Portugal"
3940,Equip. Soc. da Misericórdia de Almeida,Almeida,Almeida,Creche,https://apoioperto.com/concelho/almeida/,yes,word matched in path not domain — verify,"""Equip. Soc. da Misericórdia de Almeida"" Almeida Portugal"
3958,Lar Jardim de Infância Santa Luzia,Guarda,Guarda,Creche e Jardim de Infância,https://infantarios.pt/lar-jardim-de-infancia-santa-luzia/,yes,word matched in path not domain — verify; combined tipo — may have split pages,"""Lar Jardim de Infância Santa Luzia"" Guarda Portugal"
3959,Centro de Assistência Social do Instituto São Miguel,Guarda,Guarda,Creche e Jardim de Infância,not found,,,"""Centro de Assistência Social do Instituto São Miguel"" Guarda Portugal"
3966,Equip. Soc. da Associação de Beneficência Cultura e Desporto dos Trinta,Guarda,Guarda,Creche,not found,,,"""Equip. Soc. da Associação de Beneficência Cultura e Desporto dos Trinta"" Guarda Portugal"
3980,Creche do Centro de Assistência Social Infantil de Vilar Formoso,Vilar Formoso,Almeida,Creche,not found,,,"""Creche do Centro de Assistência Social Infantil de Vilar Formoso"" Vilar Formoso Portugal"
23627,Casa da Freguesia de Escalhão - Creche/ Jardim/ C.A.T.L.,Escalhão,Figueira de Castelo Rodrigo,Creche e Jardim de Infância,not found,,,"""Casa da Freguesia de Escalhão - Creche/ Jardim/ C.A.T.L."" Escalhão Portugal"
25947,Valor Criança - Associação de Apoio à Criança,Guarda,Guarda,Creche,https://www.valorcrianca.com/wp-content/uploads/2021/12/projeto-pedagogico-2021-2022-sala-2-anos.pdf,,,"""Valor Criança - Associação de Apoio à Criança"" Guarda Portugal"
27515,Creche Lugar dos Pequeninos,Porto da Carne,Guarda,Creche,not found,,,"""Creche Lugar dos Pequeninos"" Porto da Carne Portugal"
29962,Jardim de Infância de Vermiosa,Vermiosa,Figueira de Castelo Rodrigo,Jardim de Infância,not found,,,"""Jardim de Infância de Vermiosa"" Vermiosa Portugal"
30144,Jardim de Infância de Aldeia de Santo António,Aldeia de Stº António,Sabugal,Jardim de Infância,not found,,,"""Jardim de Infância de Aldeia de Santo António"" Aldeia de Stº António Portugal"
30145,Jardim de Infância de Sabugal,Sabugal,Sabugal,Jardim de Infância,https://apoioperto.com/creches/sabugal/,yes,word matched in path not domain — verify,"""Jardim de Infância de Sabugal"" Sabugal Portugal"
30211,Jardim de Infância de Trancoso,Trancoso,Trancoso,Jardim de Infância,not found,,,"""Jardim de Infância de Trancoso"" Trancoso Portugal"
30212,Jardim de Infância de Vila Franca das Naves,Vila Franca das Naves,Trancoso,Jardim de Infância,https://escoladevidro.pt/lescolas/jardim-de-infancia-de-vila-franca-das-naves-trancoso/,yes,word matched in path not domain — verify,"""Jardim de Infância de Vila Franca das Naves"" Vila Franca das Naves Portugal"
30214,Jardim de Infância de Cogula,Cogula,Trancoso,Jardim de Infância,not found,,,"""Jardim de Infância de Cogula"" Cogula Portugal"
30261,Escola Básica de Moimenta da Serra,Moimenta da Serra,Gouveia,Jardim de Infância,https://escoladevidro.pt/lescolas/escola-basica-de-moimenta-da-serra-gouveia/,yes,word matched in path not domain — verify,"""Escola Básica de Moimenta da Serra"" Moimenta da Serra Portugal"
30529,Escola Básica de Gonçalo,Gonçalo,Guarda,Jardim de Infância,https://escoladevidro.pt/lescolas/escola-basica-de-goncalo-guarda/,yes,word matched in path not domain — verify,"""Escola Básica de Gonçalo"" Gonçalo Portugal"
30534,Jardim de Infância de Trinta,Trinta,Guarda,Jardim de Infância,https://www.municipiosefreguesias.pt/entidade/198853/jardim-de-infancia-de-trinta--guarda,yes,word matched in path not domain — verify,"""Jardim de Infância de Trinta"" Trinta Portugal"
31310,Jardim de Infância de Aguiar da Beira,Aguiar da Beira,Aguiar da Beira,Jardim de Infância,http://agrupamentoaguiardabeira.pt/home/index.php/about/escolas/jardim-de-infancia-aguiar-da-beira,,,"""Jardim de Infância de Aguiar da Beira"" Aguiar da Beira Portugal"
31311,Jardim de Infância de Penaverde,,Aguiar da Beira,Jardim de Infância,https://escoladevidro.pt/lescolas/jardim-de-infancia-de-penaverde-aguiar-da-beira/,yes,word matched in path not domain — verify,"""Jardim de Infância de Penaverde"" Aguiar da Beira Portugal"
31312,Jardim de Infância de Carapito,Carapito,Aguiar da Beira,Jardim de Infância,not found,,,"""Jardim de Infância de Carapito"" Carapito Portugal"
31825,Escola Básica de Porto da Carne,Porto da Carne,Guarda,Jardim de Infância,https://escoladevidro.pt/lescolas/escola-basica-de-porto-da-carne-guarda/,yes,word matched in path not domain — verify,"""Escola Básica de Porto da Carne"" Porto da Carne Portugal"
31827,Jardim de Infância de Póvoa do Mileu,,Guarda,Jardim de Infância,https://escoladevidro.pt/lescolas/jardim-de-infancia-de-povoa-do-mileu-guarda/,yes,word matched in path not domain — verify,"""Jardim de Infância de Póvoa do Mileu"" Guarda Portugal"
31828,Jardim de Infância de Vila Fernando,Vila Fernando,Guarda,Jardim de Infância,https://escoladevidro.pt/lescolas/jardim-de-infancia-de-vila-fernando-guarda/,yes,word matched in path not domain — verify,"""Jardim de Infância de Vila Fernando"" Vila Fernando Portugal"
31834,Jardim de Infância de Guarda-Gare,Guarda-Gare,Guarda,Jardim de Infância,https://escoladevidro.pt/lescolas/jardim-de-infancia-de-guarda-gare-guarda/,yes,word matched in path not domain — verify,"""Jardim de Infância de Guarda-Gare"" Guarda-Gare Portugal"
31839,Jardim de Infância de Panóias de Cima,Panoias de Cima,Guarda,Jardim de Infância,https://escoladevidro.pt/lescolas/jardim-de-infancia-de-panoias-de-cima-guarda/,yes,word matched in path not domain — verify,"""Jardim de Infância de Panóias de Cima"" Panoias de Cima Portugal"
32163,Jardim de Infância de Almeida,Almeida,Almeida,Jardim de Infância,https://apoioperto.com/creches/almeida/,yes,word matched in path not domain — verify,"""Jardim de Infância de Almeida"" Almeida Portugal"
32752,Escola Básica de São Romão,São Romão,Seia,Jardim de Infância,https://aesantossimoes.pt/feira-de-outono-escola-basica-de-sao-romao/,yes,word matched in path not domain — verify,"""Escola Básica de São Romão"" São Romão Portugal"
32765,"Escola Básica Dr. Reis Leitão, Loriga","Loriga, Seia Guarda",Seia,Jardim de Infância,https://www.servicospublicos.pt/servico-publico/1617/escola-basica-dr--reis-leitao--loriga--seia,yes,word matched in path not domain — verify,"""Escola Básica Dr. Reis Leitão, Loriga"" Loriga, Seia Guarda Portugal"
34476,Jardim de Infância de Vilar Formoso,Vilar Formoso,Almeida,Jardim de Infância,not found,,,"""Jardim de Infância de Vilar Formoso"" Vilar Formoso Portugal"
35091,Escola Básica e Secundária Tenente Coronel Adão Carrapatoso,Vila Nova de Foz Côa,Vila Nova de Foz Côa,Jardim de Infância,not found,,,"""Escola Básica e Secundária Tenente Coronel Adão Carrapatoso"" Vila Nova de Foz Côa Portugal"
37610,Escola Básica Dr. Abranches Ferrão,Seia,Seia,Jardim de Infância,https://ecoescolas.abaae.pt/escola/escola-basica-dr-abranches-ferrao/,yes,word matched in path not domain — verify,"""Escola Básica Dr. Abranches Ferrão"" Seia Portugal"
2096,Colégio Infantil Chi-Coração,Leiria,Leiria,Creche e Jardim de Infância,not found,,,"""Colégio Infantil Chi-Coração"" Leiria Portugal"
2122,Creche Santa Cecília,Alvaiázere,Alvaiázere,Creche,https://oalvaiazerense.com.pt/noticias/creche-de-santa-cecilia-de-alvaiazere-foi-inaugurada/,yes,word matched in path not domain — verify,"""Creche Santa Cecília"" Alvaiázere Portugal"
2126,Centro Paroquial de Solidariedade Social de Castanheira de Pera,Castanheira de Pera,Castanheira de Pêra,Creche,not found,,,"""Centro Paroquial de Solidariedade Social de Castanheira de Pera"" Castanheira de Pera Portugal"
2131,Centro de Bem Estar Social Chão de Couce - Jardim de Infância,Chão de Couce,Ansião,Creche e Jardim de Infância,not found,,,"""Centro de Bem Estar Social Chão de Couce - Jardim de Infância"" Chão de Couce Portugal"
2156,"Jardim Escola Primeiro Degrau, Lda",Pombal,Pombal,Creche e Jardim de Infância,not found,,,"""Jardim Escola Primeiro Degrau, Lda"" Pombal Portugal"
2157,A Falinha Infantário,Pombal,Pombal,Creche e Jardim de Infância,not found,,,"""A Falinha Infantário"" Pombal Portugal"
2160,Centro de Bem Estar Infantil S. José - Juncal,Juncal,Porto de Mós,Creche e Jardim de Infância,not found,,,"""Centro de Bem Estar Infantil S. José - Juncal"" Juncal Portugal"
2166,Casa da Criança Maria Rita Patrocínio da Costa,Monte Redondo Lra,Redondo,Creche e Jardim de Infância,not found,,,"""Casa da Criança Maria Rita Patrocínio da Costa"" Monte Redondo Lra Portugal"
2591,Centro de Bem Estar Infantil,Avelar,Ansião,Creche,not found,,,"""Centro de Bem Estar Infantil"" Avelar Portugal"
3220,Centro Paroquial de Assistência de Nª Srª D'ajuda,Vestiaria,Alcobaça,Creche,not found,,,"""Centro Paroquial de Assistência de Nª Srª D'ajuda"" Vestiaria Portugal"
3232,Centro Infantil - O Traquinas,Peniche,Peniche,Creche e Jardim de Infância,https://escoladevidro.pt/lescolas/centro-infantil-o-traquinas-santa-casa-da-misericordia-peniche/,yes,word matched in path not domain — verify; combined tipo — may have split pages,"""Centro Infantil - O Traquinas"" Peniche Portugal"
3234,Centro Infantil Moinho de Vento,Batalha,Batalha,Creche e Jardim de Infância,not found,,,"""Centro Infantil Moinho de Vento"" Batalha Portugal"
3248,Centro Social de Valado dos Frades,Valado dos Frades,Nazaré,Creche e Jardim de Infância,https://www.centrosocialvalado.pt/novidades/,yes,combined tipo — may have split pages,"""Centro Social de Valado dos Frades"" Valado dos Frades Portugal"
4464,Associação Jardim Infantil de Ferrel,Ferrel,Peniche,Creche e Jardim de Infância,not found,,,"""Associação Jardim Infantil de Ferrel"" Ferrel Portugal"
12257,"O Brinquinho - Colégio, Lda.",Vidais,Caldas da Rainha,Creche e Jardim de Infância,not found,,,"""O Brinquinho - Colégio, Lda."" Vidais Portugal"
12262,"""O Dominó"" - Infantário e Jardim de Infância, Lda",Leiria,Leiria,Creche e Jardim de Infância,not found,,,"""""O Dominó"" - Infantário e Jardim de Infância, Lda"" Leiria Portugal"
12267,Centro Comunitário de Aljubarrota,Aljubarrota (S. Vicente),Alcobaça,Creche e Jardim de Infância,not found,,,"""Centro Comunitário de Aljubarrota"" Aljubarrota (S. Vicente) Portugal"
18346,Os Kanitos,Marinha Grande,Marinha Grande,Creche,http://oskanitos.blogspot.com/,,,"""Os Kanitos"" Marinha Grande Portugal"
18352,O Jardim da Isabel,Batalha,Batalha,Creche e Jardim de Infância,https://www.dnb.com/business-directory/company-profiles.o_jardim_da_isabel_-_infant%C3%A1rio_lda.32ff0888080db0f792b1b36af21e275f.html,yes,word matched in path not domain — verify; combined tipo — may have split pages,"""O Jardim da Isabel"" Batalha Portugal"
18654,"Os Traquininhas - Creche, Jardim Infantil e ATL",Caranguejeira,Leiria,Creche e Jardim de Infância,not found,,,"""Os Traquininhas - Creche, Jardim Infantil e ATL"" Caranguejeira Portugal"
19421,"Colégio Infantil ""O Saltitão""",Leiria,Leiria,Creche e Jardim de Infância,https://escoladevidro.pt/lescolas/colegio-infantil-o-saltitao/,yes,word matched in path not domain — verify; combined tipo — may have split pages,"""Colégio Infantil ""O Saltitão"""" Leiria Portugal"
19470,Vida Plena - Associação de Solidariedade Social de Leiria,Leiria,Leiria,Creche,https://www.vidaplena.pt/,,,"""Vida Plena - Associação de Solidariedade Social de Leiria"" Leiria Portugal"
21026,"Infantim, Sociedade de Educação Infantil, Lda.",Marinha Grande,Marinha Grande,Creche,not found,,,"""Infantim, Sociedade de Educação Infantil, Lda."" Marinha Grande Portugal"
21027,Creche os Pequenos Moinhos,Parceiros,Leiria,Creche,not found,,,"""Creche os Pequenos Moinhos"" Parceiros Portugal"
21102,"Os Meninos da Tátá - Acção Social para Infância e Juventude, Lda.",Amor,Leiria,Creche,https://www.waze.com/live-map/directions/pt/leiria/amor/os-meninos-da-tata-accao-social-para-infancia-e-juventude-lda?to=place.ChIJZ1XXZ0cNIg0RG-Q1ccFIvME,yes,word matched in path not domain — verify,"""Os Meninos da Tátá - Acção Social para Infância e Juventude, Lda."" Amor Portugal"
21122,Jardim-Escola João de Deus - Alcobaça,Alcobaça,Alcobaça,Creche,https://www.jf-alcobacaevestiaria.pt/freguesia/instituicoes/2,,,"""Jardim-Escola João de Deus - Alcobaça"" Alcobaça Portugal"
21502,Casa da Criança de Pombal,Pombal,Pombal,Creche,https://ecoescolas.abaae.pt/escola/casa-da-crianca-de-pombal-santa-casa-da-misericordia-de-pombal/,yes,word matched in path not domain — verify,"""Casa da Criança de Pombal"" Pombal Portugal"
23343,Fonte Santa / Centro Social da Serra do Bouro,Serra do Bouro,Caldas da Rainha,Creche,https://www.fontesantaipss.com/,,,"""Fonte Santa / Centro Social da Serra do Bouro"" Serra do Bouro Portugal"
24017,Associação o Socorro Gaeirense - Creche das Gaeiras,Gaeiras,Óbidos,Creche,not found,,,"""Associação o Socorro Gaeirense - Creche das Gaeiras"" Gaeiras Portugal"
24455,"""Aprender & Companhia""",Louriçal,Pombal,Creche,not found,,,"""""Aprender & Companhia"""" Louriçal Portugal"
24458,"""O Sobreirinho""",Pombal,Pombal,Creche e Jardim de Infância,https://sobreirinho.pt/,yes,combined tipo — may have split pages,"""""O Sobreirinho"""" Pombal Portugal"
24469,"Creche ""O Crescer""",Leiria,Leiria,Creche,https://www.academicoleiria.pt/o-crescer,yes,word matched in path not domain — verify,"""Creche ""O Crescer"""" Leiria Portugal"
24763,Centro de Bem Estar Infantil de Alcobaça,Alcobaça,Alcobaça,Creche e Jardim de Infância,https://clunyportugal.com/ppsjc/centro-de-bem-estar-infantil-de-alcobaca/,yes,word matched in path not domain — verify; combined tipo — may have split pages,"""Centro de Bem Estar Infantil de Alcobaça"" Alcobaça Portugal"
25038,Colégio o Picapau Amarelo,Caldas da Rainha,Caldas da Rainha,Creche e Jardim de Infância,https://escoladevidro.pt/lescolas/colegio-o-picapau-amarelo/,yes,word matched in path not domain — verify; combined tipo — may have split pages,"""Colégio o Picapau Amarelo"" Caldas da Rainha Portugal"
25472,Santa Maria,Peniche,Peniche,Creche e Jardim de Infância,not found,,,"""Santa Maria"" Peniche Portugal"
26641,Creche o Pedrinho,Albergaria dos Doze,Pombal,Creche,not found,,,"""Creche o Pedrinho"" Albergaria dos Doze Portugal"
26711,Puro Mimo,Marinha Grande,Marinha Grande,Creche,not found,,,"""Puro Mimo"" Marinha Grande Portugal"
26742,Reino dos Sonhos,Leiria,Leiria,Creche e Jardim de Infância,not found,,,"""Reino dos Sonhos"" Leiria Portugal"
26980,Creche dos Pequenitos,Leiria,Leiria,Creche,https://crechedospequenitos.blogspot.com/p/contacto.html,,,"""Creche dos Pequenitos"" Leiria Portugal"
28376,Lindos Carinhos Unipessoal Lda,Marinha Grande,Marinha Grande,Creche,not found,,,"""Lindos Carinhos Unipessoal Lda"" Marinha Grande Portugal"
36569,Algodão Doce,Maceira,Torres Vedras,Creche,https://crechealgodaodoce.pt/,,,"""Algodão Doce"" Maceira Portugal"
36641,Associação de Apoio Infantil de Pedreiras,Pedreiras,Porto de Mós,Creche,https://oportomosense.com/associacao-de-apoio-infantil-de-pedreiras-promove-i-feira-do-livro/,yes,word matched in path not domain — verify,"""Associação de Apoio Infantil de Pedreiras"" Pedreiras Portugal"
38884,Centro Social Cultural Recreativo Arelhense,Arelho,Óbidos,Creche,not found,,,"""Centro Social Cultural Recreativo Arelhense"" Arelho Portugal"
39271,Jardim Escola o Carrocel,Louriçal,Pombal,Creche,not found,,,"""Jardim Escola o Carrocel"" Louriçal Portugal"
3228,Centro Social Padre Fernando Diogo,Bombarral,Bombarral,Jardim de Infância,https://laresdeidosos.pt/centro-social-padre-fernando-diogo/,yes,word matched in path not domain — verify,"""Centro Social Padre Fernando Diogo"" Bombarral Portugal"
3265,Associação de Solidariedade e Educação de Salir de Matos,Salir de Matos,Caldas da Rainha,Jardim de Infância,not found,,,"""Associação de Solidariedade e Educação de Salir de Matos"" Salir de Matos Portugal"
29400,Viacognos Ldª,Marinha Grande,Marinha Grande,Jardim de Infância,not found,,,"""Viacognos Ldª"" Marinha Grande Portugal"
29637,Jardim de Infância a Escolinha,Leiria,Leiria,Jardim de Infância,"https://www.waze.com/live-map/directions/pt/leiria/leiria/infantario-jardim-de-infancia-a-escolinha,-lda?to=place.ChIJ1WHIJWZzIg0Rs0-4WmFc-pA",yes,word matched in path not domain — verify,"""Jardim de Infância a Escolinha"" Leiria Portugal"
29716,Jardim de Infância Sítio dos Pequeninos,Casal Novo,Leiria,Jardim de Infância,not found,,,"""Jardim de Infância Sítio dos Pequeninos"" Casal Novo Portugal"
29842,"Jardim de Infância do Vimeiro, Alcobaça",Vimeiro,Lourinhã,Jardim de Infância,https://escoladevidro.pt/lescolas/jardim-de-infancia-do-vimeiro-alcobaca/,yes,word matched in path not domain — verify,"""Jardim de Infância do Vimeiro, Alcobaça"" Vimeiro Portugal"
29844,"Jardim de Infância do Gaio, Alcobaça",Gaio,Lourinhã,Jardim de Infância,not found,,,"""Jardim de Infância do Gaio, Alcobaça"" Gaio Portugal"
30241,Escola Básica de Barosa,Moinhos da Barosa,Leiria,Jardim de Infância,not found,,,"""Escola Básica de Barosa"" Moinhos da Barosa Portugal"
30254,Escola Básica de Maçãs de Dona Maria,Maçãs de Dona Maria,Alvaiázere,Jardim de Infância,https://escoladevidro.pt/escolas/localizacoes/macas-de-dona-maria/,yes,word matched in path not domain — verify,"""Escola Básica de Maçãs de Dona Maria"" Maçãs de Dona Maria Portugal"
30330,Jardim de Infância de Pilado,Pilado,Marinha Grande,Jardim de Infância,not found,,,"""Jardim de Infância de Pilado"" Pilado Portugal"
30331,Jardim de Infância de Cumeira,Cumeira,Marinha Grande,Jardim de Infância,not found,,,"""Jardim de Infância de Cumeira"" Cumeira Portugal"
30332,Jardim de Infância de Boavista,Boavista,Marinha Grande,Jardim de Infância,https://ecoescolas.abaae.pt/escola/jardim-de-infancia-de-boavista-silveira/,yes,word matched in path not domain — verify,"""Jardim de Infância de Boavista"" Boavista Portugal"
30467,Jardim de Infância de Vieira de Leiria,Vieira de Leiria,Marinha Grande,Jardim de Infância,https://escoladevidro.pt/lescolas/jardim-de-infancia-de-vieira-de-leiria-marinha-grande/,yes,word matched in path not domain — verify,"""Jardim de Infância de Vieira de Leiria"" Vieira de Leiria Portugal"
30517,Jardim de Infância de Pousos,Pousos,Leiria,Jardim de Infância,https://escoladevidro.pt/lescolas/jardim-de-infancia-de-pousos-leiria/,yes,word matched in path not domain — verify,"""Jardim de Infância de Pousos"" Pousos Portugal"
30519,Jardim de Infância de Campo Amarelo,Leiria,Leiria,Jardim de Infância,not found,,,"""Jardim de Infância de Campo Amarelo"" Leiria Portugal"
30557,Jardim de Infância de Ordem,Ordem,Marinha Grande,Jardim de Infância,https://escoladevidro.pt/lescolas/jardim-de-infancia-de-ordem-marinha-grande/,yes,word matched in path not domain — verify,"""Jardim de Infância de Ordem"" Ordem Portugal"
30609,Jardim de Infância de Cortes,Cortes,Leiria,Jardim de Infância,https://aemoncao.com/cortes,yes,word matched in path not domain — verify,"""Jardim de Infância de Cortes"" Cortes Portugal"
30610,Jardim de Infância de Pernelhas,Pernelhas,Leiria,Jardim de Infância,https://ecoescolas.abaae.pt/escola/jardim-de-infancia-de-pernelhas/,yes,word matched in path not domain — verify,"""Jardim de Infância de Pernelhas"" Pernelhas Portugal"
30611,Jardim de Infância de Parceiros,Parceiros,Leiria,Jardim de Infância,https://escoladevidro.pt/lescolas/jardim-de-infancia-de-parceiros-leiria/,yes,word matched in path not domain — verify,"""Jardim de Infância de Parceiros"" Parceiros Portugal"
30612,Jardim de Infância de Azoia,Azoia,Leiria,Jardim de Infância,http://www.agrupamentosabandeira.pt/sitio/index.php/component/contact/contact/8-contacts/20-jardim-de-infancia-de-azoia-de-baixo,yes,word matched in path not domain — verify,"""Jardim de Infância de Azoia"" Azoia Portugal"
30613,Jardim de Infância de Barreira,Barreira,Leiria,Jardim de Infância,https://www.waze.com/live-map/directions/pt/leiria/barreira/jardim-de-infancia-de-barreira?to=place.ChIJ39MlpAp1Ig0R9_XObDFBOYQ,yes,word matched in path not domain — verify,"""Jardim de Infância de Barreira"" Barreira Portugal"
30614,Jardim de Infância de Reixida,Reixida,Leiria,Jardim de Infância,not found,,,"""Jardim de Infância de Reixida"" Reixida Portugal"
30615,Jardim de Infância de Telheiro,Telheiro,Leiria,Jardim de Infância,not found,,,"""Jardim de Infância de Telheiro"" Telheiro Portugal"
30629,Jardim de Infância de Assanha da Paz,Almagreira,Pombal,Jardim de Infância,not found,,,"""Jardim de Infância de Assanha da Paz"" Almagreira Portugal"
30754,"Jardim de Infância de a-Dos-Pretos, Leiria",Maceira Lra,Torres Vedras,Jardim de Infância,https://escoladevidro.pt/lescolas/jardim-de-infancia-de-a-dos-pretos-leiria/,yes,word matched in path not domain — verify,"""Jardim de Infância de a-Dos-Pretos, Leiria"" Maceira Lra Portugal"
30770,Escola Básica de Coimbrão,Coimbrão,Leiria,Jardim de Infância,https://escoladevidro.pt/lescolas/escola-basica-de-coimbrao-leiria/,yes,word matched in path not domain — verify,"""Escola Básica de Coimbrão"" Coimbrão Portugal"
30771,Jardim de Infância de Vale da Pedra,Souto da Carpalhosa,Leiria,Jardim de Infância,not found,,,"""Jardim de Infância de Vale da Pedra"" Souto da Carpalhosa Portugal"
30772,Jardim de Infância de Moita da Roda,Souto da Carpalhosa,Leiria,Jardim de Infância,not found,,,"""Jardim de Infância de Moita da Roda"" Souto da Carpalhosa Portugal"
30773,Jardim de Infância de Bajouca,Bajouca,Leiria,Jardim de Infância,https://www.municipiosefreguesias.pt/entidade/198611/jardim-de-infancia-de-bajouca--leiria,yes,word matched in path not domain — verify,"""Jardim de Infância de Bajouca"" Bajouca Portugal"
30774,"Jardim de Infância de Carreira, Leiria",Carreira,Redondo,Jardim de Infância,not found,,,"""Jardim de Infância de Carreira, Leiria"" Carreira Portugal"
30775,Escola Básica de Souto da Carpalhosa,Souto do Carpalhosa,Leiria,Jardim de Infância,https://escoladevidro.pt/lescolas/escola-basica-de-souto-da-carpalhosa-leiria/,yes,word matched in path not domain — verify,"""Escola Básica de Souto da Carpalhosa"" Souto do Carpalhosa Portugal"
30776,Jardim de Infância de Riba D'aves,Ortigosa,Leiria,Jardim de Infância,https://escoladevidro.pt/lescolas/jardim-de-infancia-de-riba-daves-leiria/,yes,word matched in path not domain — verify,"""Jardim de Infância de Riba D'aves"" Ortigosa Portugal"
30777,Jardim de Infância de Ruivaqueira,Ortigosa,Leiria,Jardim de Infância,not found,,,"""Jardim de Infância de Ruivaqueira"" Ortigosa Portugal"
30792,"Escola Básica de Albergaria dos Doze, Pombal (Centro Escolar)",Albergaria dos Doze,Pombal,Jardim de Infância,https://apoioperto.com/creches/pombal/,yes,word matched in path not domain — verify,"""Escola Básica de Albergaria dos Doze, Pombal (Centro Escolar)"" Albergaria dos Doze Portugal"
30793,"Escola Básica de São Simão de Litém, Pombal (Centro Escolar)",Pombal,Pombal,Jardim de Infância,not found,,,"""Escola Básica de São Simão de Litém, Pombal (Centro Escolar)"" Pombal Portugal"
30795,"Escola Básica de Carnide, Pombal (Centro Escolar)",Carnide,Pombal,Jardim de Infância,https://apoioperto.com/creches/pombal/,yes,word matched in path not domain — verify,"""Escola Básica de Carnide, Pombal (Centro Escolar)"" Carnide Portugal"
30797,Jardim de Infância de Flandes,Pombal,Pombal,Jardim de Infância,https://escoladevidro.pt/lescolas/jardim-de-infancia-de-flandes-pombal/,yes,word matched in path not domain — verify,"""Jardim de Infância de Flandes"" Pombal Portugal"
30804,Centro Escolar de Avelar,Avelar,Ansião,Jardim de Infância,https://bidsfactory.com/en/tenders/centro-escolar-de-avelar-execucao-de-projetos-de-b-base_gov_pt-7e6d740ab73c3e2f,yes,word matched in path not domain — verify,"""Centro Escolar de Avelar"" Avelar Portugal"
30805,Centro Escolar de Santiago da Guarda,Santiago da Guarda,Ansião,Jardim de Infância,not found,,,"""Centro Escolar de Santiago da Guarda"" Santiago da Guarda Portugal"
30806,Centro Escolar de Chão de Couce,Chão de Couce,Ansião,Jardim de Infância,not found,,,"""Centro Escolar de Chão de Couce"" Chão de Couce Portugal"
30807,Centro Escolar de Lagarteira,Lagarteira,Ansião,Jardim de Infância,not found,,,"""Centro Escolar de Lagarteira"" Lagarteira Portugal"
30809,Jardim de Infância de Ansião,Ansião,Ansião,Jardim de Infância,https://www.agansiao.pt/agrupamento/escolas/,,,"""Jardim de Infância de Ansião"" Ansião Portugal"
30810,Jardim de Infância de Lagoa Parada,Santiago da Guarda,Ansião,Jardim de Infância,not found,,,"""Jardim de Infância de Lagoa Parada"" Santiago da Guarda Portugal"
30902,Jardim de Infância de Bidoeira de Cima,Bidoeira de Cima,Leiria,Jardim de Infância,not found,,,"""Jardim de Infância de Bidoeira de Cima"" Bidoeira de Cima Portugal"
30903,Jardim de Infância de Milagres,Milagres,Leiria,Jardim de Infância,https://mail.municipiosefreguesias.pt/entidade/198747/jardim-de-infancia-de-milagres,yes,word matched in path not domain — verify,"""Jardim de Infância de Milagres"" Milagres Portugal"
30905,Jardim de Infância de Boavista,Boa Vista,Leiria,Jardim de Infância,https://ecoescolas.abaae.pt/escola/jardim-de-infancia-de-boavista-silveira/,yes,word matched in path not domain — verify,"""Jardim de Infância de Boavista"" Boa Vista Portugal"
30906,Jardim de Infância de Mata,Mata dos Milagres,Leiria,Jardim de Infância,https://portugal.europe-places.com/places/jardim-de-infancia-de-mata-2415-019-milagres,yes,word matched in path not domain — verify,"""Jardim de Infância de Mata"" Mata dos Milagres Portugal"
30908,Jardim de Infância de Bouça,Colmeias,Leiria,Jardim de Infância,not found,,,"""Jardim de Infância de Bouça"" Colmeias Portugal"
30910,Jardim de Infância de Marinheiros,,Leiria,Jardim de Infância,https://www.municipiosefreguesias.pt/entidade/198738/jardim-de-infancia-de-marinheiros--leiria,yes,word matched in path not domain — verify,"""Jardim de Infância de Marinheiros"" Leiria Portugal"
30913,Jardim de Infância de Amor,Amor,Leiria,Jardim de Infância,https://escoladevidro.pt/lescolas/jardim-de-infancia-de-amor-leiria/,yes,word matched in path not domain — verify,"""Jardim de Infância de Amor"" Amor Portugal"
30914,Jardim de Infância de Regueira de Pontes,Casais,Leiria,Jardim de Infância,not found,,,"""Jardim de Infância de Regueira de Pontes"" Casais Portugal"
30916,Jardim de Infância de Coucinheira,Coucinheira,Leiria,Jardim de Infância,https://escoladevidro.pt/lescolas/jardim-de-infancia-de-coucinheira-leiria/,yes,word matched in path not domain — verify,"""Jardim de Infância de Coucinheira"" Coucinheira Portugal"
30917,"Jardim de Infância de Bairro das Almuinhas, Marrazes",,Leiria,Jardim de Infância,https://escoladevidro.pt/lescolas/jardim-de-infancia-de-bairro-das-almuinhas-marrazes-leiria/,yes,word matched in path not domain — verify,"""Jardim de Infância de Bairro das Almuinhas, Marrazes"" Leiria Portugal"
30919,Jardim de Infância de Barreiros,Barreiros,Leiria,Jardim de Infância,https://escoladevidro.pt/lescolas/jardim-de-infancia-de-barreiros-leiria/,yes,word matched in path not domain — verify,"""Jardim de Infância de Barreiros"" Barreiros Portugal"
30921,Escola Básica de Batalha,Batalha,Batalha,Jardim de Infância,https://apoioperto.com/creches/batalha/,yes,word matched in path not domain — verify,"""Escola Básica de Batalha"" Batalha Portugal"
30922,Escola Básica de São Mamede,São Mamede,Batalha,Jardim de Infância,https://www.uf-centrohistoricodeevora.pt/informacoes/5-escola-basica-de-s-mamede/0,yes,word matched in path not domain — verify,"""Escola Básica de São Mamede"" São Mamede Portugal"
30923,Escola Básica de Casais dos Ledos,Casais dos Ledos,Batalha,Jardim de Infância,https://escoladevidro.pt/lescolas/escola-basica-de-casais-dos-ledos-batalha/,yes,word matched in path not domain — verify,"""Escola Básica de Casais dos Ledos"" Casais dos Ledos Portugal"
30924,Escola Básica de Quinta do Sobrado,Quinta do Sobrado,Batalha,Jardim de Infância,https://escoladevidro.pt/lescolas/escola-basica-de-quinta-do-sobrado-batalha/,yes,word matched in path not domain — verify,"""Escola Básica de Quinta do Sobrado"" Quinta do Sobrado Portugal"
30925,Jardim de Infância de Golpilheira,Golpilheira,Batalha,Jardim de Infância,not found,,,"""Jardim de Infância de Golpilheira"" Golpilheira Portugal"
30926,Jardim de Infância de Torre,Reguengo do Fetal,Batalha,Jardim de Infância,https://escoladevidro.pt/lescolas/jardim-de-infancia-de-torre-batalha/,yes,word matched in path not domain — verify,"""Jardim de Infância de Torre"" Reguengo do Fetal Portugal"
31165,Jardim de Infância do Vau,Vau,Óbidos,Jardim de Infância,https://freguesiavau.com/Jardim_de_Infancia,,,"""Jardim de Infância do Vau"" Vau Portugal"
31166,Jardim de Infância de Óbidos,Óbidos,Óbidos,Jardim de Infância,https://escolasdobidos.com/website/jardins-de-infancia/obidos/,,,"""Jardim de Infância de Óbidos"" Óbidos Portugal"
31167,Jardim de Infância de a-Dos-Negros,A-Dos-Negros,Óbidos,Jardim de Infância,https://www.freguesiaadosnegros.pt/,,,"""Jardim de Infância de a-Dos-Negros"" A-Dos-Negros Portugal"
31169,Jardim de Infância do Arelho,Santa Maria,Óbidos,Jardim de Infância,not found,,,"""Jardim de Infância do Arelho"" Santa Maria Portugal"
31171,Jardim de Infância da Usseira,Usseira,Óbidos,Jardim de Infância,https://escoladevidro.pt/lescolas/jardim-de-infancia-da-usseira-obidos/,yes,word matched in path not domain — verify,"""Jardim de Infância da Usseira"" Usseira Portugal"
31172,Jardim de Infância de Amoreira,Amoreira,Óbidos,Jardim de Infância,https://www.vivernocentrodeportugal.com/pt/ponto-de-interesse/jardim-de-infancia-de-amoreira-da-gandara?b=%2Fpt%2Fpontos-de-interesse%3Freg%3Dria-de-aveiro%26con%3Danadia%26cat%3Deducacao%26src%3D,yes,word matched in path not domain — verify,"""Jardim de Infância de Amoreira"" Amoreira Portugal"
31173,Jardim de Infância de Gaeiras,Gaieiras,Óbidos,Jardim de Infância,https://escoladevidro.pt/lescolas/jardim-de-infancia-de-gaeiras-obidos/,yes,word matched in path not domain — verify,"""Jardim de Infância de Gaeiras"" Gaieiras Portugal"
31191,Jardim de Infância do Campo,Tornada,Caldas da Rainha,Jardim de Infância,not found,,,"""Jardim de Infância do Campo"" Tornada Portugal"
31192,Escola Básica de Salir de Matos,Salir de Matos,Caldas da Rainha,Jardim de Infância,https://ecoescolas.abaae.pt/escola/escola-basica-de-salir-de-matos/,yes,word matched in path not domain — verify,"""Escola Básica de Salir de Matos"" Salir de Matos Portugal"
31194,Escola Básica de Nossa Senhora do Pópulo,Caldas da Rainha,Caldas da Rainha,Jardim de Infância,https://escoladevidro.pt/lescolas/escola-basica-de-nossa-senhora-do-populo-caldas-da-rainha/,yes,word matched in path not domain — verify,"""Escola Básica de Nossa Senhora do Pópulo"" Caldas da Rainha Portugal"
31195,Jardim de Infância do Casal Celão,Serra do Bouro,Caldas da Rainha,Jardim de Infância,https://escoladevidro.pt/lescolas/jardim-de-infancia-do-casal-celao-caldas-da-rainha/,yes,word matched in path not domain — verify,"""Jardim de Infância do Casal Celão"" Serra do Bouro Portugal"
31196,Jardim de Infância da Lagoa Parceira,Lagoa Parceira,Caldas da Rainha,Jardim de Infância,https://escoladevidro.pt/lescolas/jardim-de-infancia-da-lagoa-parceira-caldas-da-rainha/,yes,word matched in path not domain — verify,"""Jardim de Infância da Lagoa Parceira"" Lagoa Parceira Portugal"
31198,Jardim de Infância de Salir do Porto,Salir do Porto,Caldas da Rainha,Jardim de Infância,https://www.tornadaesalirdoporto.pt/freguesia/redeescolar/4,,,"""Jardim de Infância de Salir do Porto"" Salir do Porto Portugal"
31251,Jardim de Infância de Caldelas,Caldelas,Leiria,Jardim de Infância,https://escoladevidro.pt/lescolas/jardim-de-infancia-de-caldelas-leiria/,yes,word matched in path not domain — verify,"""Jardim de Infância de Caldelas"" Caldelas Portugal"
31252,Jardim de Infância de Magueigia,Quinta da Sardinha,Leiria,Jardim de Infância,https://escoladevidro.pt/lescolas/jardim-de-infancia-de-magueigia-leiria/,yes,word matched in path not domain — verify,"""Jardim de Infância de Magueigia"" Quinta da Sardinha Portugal"
31253,Jardim de Infância de Santa Eufémia,,Leiria,Jardim de Infância,not found,,,"""Jardim de Infância de Santa Eufémia"" Leiria Portugal"
31254,Jardim de Infância de Souto do Meio,Souto do Meio,Leiria,Jardim de Infância,https://leiria.infoisinfo.com.pt/ficha/jardim_de_infancia_de_souto_do_meio/371092,yes,word matched in path not domain — verify,"""Jardim de Infância de Souto do Meio"" Souto do Meio Portugal"
31255,Jardim de Infância de Caranguejeira,Caranguejeira,Leiria,Jardim de Infância,https://escoladevidro.pt/lescolas/jardim-de-infancia-de-caranguejeira-leiria/,yes,word matched in path not domain — verify,"""Jardim de Infância de Caranguejeira"" Caranguejeira Portugal"
31257,Jardim de Infância N.º 2 de Santa Catarina da Serra,Pinheiria,Leiria,Jardim de Infância,not found,,,"""Jardim de Infância N.º 2 de Santa Catarina da Serra"" Pinheiria Portugal"
31258,Jardim de Infância de Vale Sumo,Olivais,Leiria,Jardim de Infância,not found,,,"""Jardim de Infância de Vale Sumo"" Olivais Portugal"
31259,Jardim de Infância N.º 1 de Santa Catarina da Serra,Pinheiria,Leiria,Jardim de Infância,not found,,,"""Jardim de Infância N.º 1 de Santa Catarina da Serra"" Pinheiria Portugal"
31354,Escola Básica de Pedreiras,Pedreiras,Porto de Mós,Jardim de Infância,https://escoladevidro.pt/lescolas/escola-basica-de-pedreiras-porto-de-mos/,yes,word matched in path not domain — verify,"""Escola Básica de Pedreiras"" Pedreiras Portugal"
31355,Jardim de Infância de Calvaria de Cima,Calvaria de Cima,Porto de Mós,Jardim de Infância,not found,,,"""Jardim de Infância de Calvaria de Cima"" Calvaria de Cima Portugal"
31356,Jardim de Infância de Arrimal,Arrimal,Porto de Mós,Jardim de Infância,not found,,,"""Jardim de Infância de Arrimal"" Arrimal Portugal"
31361,Escola Básica de Serro Ventoso,Serro Ventoso,Porto de Mós,Jardim de Infância,https://escoladevidro.pt/lescolas/escola-basica-de-serro-ventoso-porto-de-mos/,yes,word matched in path not domain — verify,"""Escola Básica de Serro Ventoso"" Serro Ventoso Portugal"
31363,Escola Básica de Cumeira de Cima,Cumeira de Cima,Porto de Mós,Jardim de Infância,https://escoladevidro.pt/lescolas/escola-basica-de-cumeira-de-cima-porto-de-mos/,yes,word matched in path not domain — verify,"""Escola Básica de Cumeira de Cima"" Cumeira de Cima Portugal"
31364,Jardim de Infância de Alvados,Alvados,Porto de Mós,Jardim de Infância,https://escoladevidro.pt/lescolas/jardim-de-infancia-de-alvados-porto-de-mos/,yes,word matched in path not domain — verify,"""Jardim de Infância de Alvados"" Alvados Portugal"
31484,Jardim de Infância do Bairro das Morenas,Bairro das Morenas,Caldas da Rainha,Jardim de Infância,https://aerp.pt/ji-do-bairro-das-morenas/,yes,word matched in path not domain — verify,"""Jardim de Infância do Bairro das Morenas"" Bairro das Morenas Portugal"
31903,Jardim Escola João de Deus - Leiria,Leiria,Leiria,Jardim de Infância,https://www.leiria.joaodeus.com/,,,"""Jardim Escola João de Deus - Leiria"" Leiria Portugal"
32022,EB João Beare,Marinha Grande,Marinha Grande,Jardim de Infância,https://www.jornaldeleiria.pt/noticia/eb-joao-beare-da-marinha-grande-sera-requalificada,yes,word matched in path not domain — verify,"""EB João Beare"" Marinha Grande Portugal"
32063,Escola Básica de Alvaiázere,Alvaiázere,Alvaiázere,Jardim de Infância,https://agalvaiazere.ccems.pt/index.php/component/content/category/339-noticias-do-agrupamento.html?layout=blog&Itemid=310&start=35,,,"""Escola Básica de Alvaiázere"" Alvaiázere Portugal"
32150,Jardim de Infância de a-Da-Gorda,Santa Maria,Óbidos,Jardim de Infância,not found,,,"""Jardim de Infância de a-Da-Gorda"" Santa Maria Portugal"
32208,Escola Básica de Tornada,Tornada,Caldas da Rainha,Jardim de Infância,https://www.tornadaesalirdoporto.pt/ficheiros/fic3_1582115411.pdf,,,"""Escola Básica de Tornada"" Tornada Portugal"
32322,EB Casal de Malta,Marinha Grande,Marinha Grande,Jardim de Infância,not found,,,"""EB Casal de Malta"" Marinha Grande Portugal"
32338,EB Fonte Santa,Marinha Grande,Marinha Grande,Jardim de Infância,not found,,,"""EB Fonte Santa"" Marinha Grande Portugal"
32343,EB Prof. Francisco Veríssimo,Marinha Grande,Marinha Grande,Jardim de Infância,not found,,,"""EB Prof. Francisco Veríssimo"" Marinha Grande Portugal"
32344,EB Moita,Moita,Moita,Jardim de Infância,https://aemoita.pt/aemoita/2022/09/14/inicio-do-ano-letivo-2022-2023/,,,"""EB Moita"" Moita Portugal"
32345,EB Várzea,Marinha Grande,Marinha Grande,Jardim de Infância,not found,,,"""EB Várzea"" Marinha Grande Portugal"
32610,Escola Básica da Rebolaria,Batalha,Batalha,Jardim de Infância,not found,,,"""Escola Básica da Rebolaria"" Batalha Portugal"
32611,Escola Básica da Faniqueira,Batalha,Batalha,Jardim de Infância,not found,,,"""Escola Básica da Faniqueira"" Batalha Portugal"
32690,"Jardim de Infância de Monte Redondo, Leiria",Monte Redondo,Redondo,Jardim de Infância,not found,,,"""Jardim de Infância de Monte Redondo, Leiria"" Monte Redondo Portugal"
33095,Jardim de Infância de Vidigal,Leiria,Leiria,Jardim de Infância,not found,,,"""Jardim de Infância de Vidigal"" Leiria Portugal"
33096,Jardim de Infância de Andrinos,Leiria,Leiria,Jardim de Infância,not found,,,"""Jardim de Infância de Andrinos"" Leiria Portugal"
33197,EB de Casais da Serra,Landal,Caldas da Rainha,Jardim de Infância,not found,,,"""EB de Casais da Serra"" Landal Portugal"
33198,JI de Santa Catarina,Santa Catarina Cld,Vagos,Jardim de Infância,not found,,,"""JI de Santa Catarina"" Santa Catarina Cld Portugal"
34415,Escola Básica da Fonte Nova (Centro Escolar),Pombal,Pombal,Jardim de Infância,not found,,,"""Escola Básica da Fonte Nova (Centro Escolar)"" Pombal Portugal"
35116,Escola Básica de Famalicão,Famalicão Nzr,Nazaré,Jardim de Infância,https://escoladevidro.pt/lescolas/escola-basica-de-famalicao-nazare/,yes,word matched in path not domain — verify,"""Escola Básica de Famalicão"" Famalicão Nzr Portugal"
35117,Jardim de Infância do Bairro dos Pescadores,Nazaré,Nazaré,Jardim de Infância,not found,,,"""Jardim de Infância do Bairro dos Pescadores"" Nazaré Portugal"
35118,Escola Básica de Cruz de Areia,Leiria,Leiria,Jardim de Infância,not found,,,"""Escola Básica de Cruz de Areia"" Leiria Portugal"
35122,"Jardim de Infância de Aguda,",Aguda,Figueiró dos Vinhos,Jardim de Infância,not found,,,"""Jardim de Infância de Aguda,"" Aguda Portugal"
35124,Escola Básica N.º 2 de Mira de Aire,Mira de Aire,Porto de Mós,Jardim de Infância,https://escoladevidro.pt/lescolas/escola-basica-n-o-2-de-mira-de-aire-porto-de-mos/,yes,word matched in path not domain — verify,"""Escola Básica N.º 2 de Mira de Aire"" Mira de Aire Portugal"
35125,Escola Básica de Casais Garridos,Juncal,Porto de Mós,Jardim de Infância,https://escoladevidro.pt/lescolas/escola-basica-de-casais-garridos-porto-de-mos/,yes,word matched in path not domain — verify,"""Escola Básica de Casais Garridos"" Juncal Portugal"
35127,Jardim de Infância do Alemão,Sitio do Alemão,Peniche,Jardim de Infância,https://escoladevidro.pt/lescolas/jardim-de-infancia-do-alemao-peniche/,yes,word matched in path not domain — verify,"""Jardim de Infância do Alemão"" Sitio do Alemão Portugal"
35138,"Jardim de Infância de Vermoil,",Vermoil,Pombal,Jardim de Infância,https://www.jf-vermoil.pt/wp-content/uploads/2020/10/Actividade-da-Freguesia-de-20-09-2007-a-18-12-2007.pdf,,,"""Jardim de Infância de Vermoil,"" Vermoil Portugal"
35141,Jardim de Infância de Arega,Arega,Figueiró dos Vinhos,Jardim de Infância,https://escoladevidro.pt/lescolas/jardim-de-infancia-de-arega-figueiro-dos-vinhos/,yes,word matched in path not domain — verify,"""Jardim de Infância de Arega"" Arega Portugal"
35143,Escola Básica de Palmeiria,Palmeiria,Leiria,Jardim de Infância,https://escoladevidro.pt/lescolas/escola-basica-de-palmeiria-leiria/,yes,word matched in path not domain — verify,"""Escola Básica de Palmeiria"" Palmeiria Portugal"
35144,Escola Básica N.º 1 de Mira de Aire,Mira de Aire,Porto de Mós,Jardim de Infância,https://escoladevidro.pt/lescolas/escola-basica-n-o-1-de-mira-de-aire-porto-de-mos/,yes,word matched in path not domain — verify,"""Escola Básica N.º 1 de Mira de Aire"" Mira de Aire Portugal"
35146,"Escola Básica de São Jorge,",Calvaria de Cima,Porto de Mós,Jardim de Infância,https://escoladevidro.pt/lescolas/escola-basica-de-sao-jorge-porto-de-mos/,yes,word matched in path not domain — verify,"""Escola Básica de São Jorge,"" Calvaria de Cima Portugal"
37611,Escola Básica de Valado dos Frades,Valado de Frades,Nazaré,Jardim de Infância,https://escoladevidro.pt/lescolas/escola-basica-de-valado-dos-frades-nazare/,yes,word matched in path not domain — verify,"""Escola Básica de Valado dos Frades"" Valado de Frades Portugal"
37612,Escola Básica de Agodim,Agodim,Leiria,Jardim de Infância,https://escoladevidro.pt/lescolas/escola-basica-de-agodim-leiria/,yes,word matched in path not domain — verify,"""Escola Básica de Agodim"" Agodim Portugal"
37613,"Jardim de Infância de Mendiga, Porto de Mós",Mendiga,Nazaré,Jardim de Infância,https://www.municipiosefreguesias.pt/entidade/198744/jardim-de-infancia-de-mendiga--porto-de-mos,yes,word matched in path not domain — verify,"""Jardim de Infância de Mendiga, Porto de Mós"" Mendiga Portugal"
38242,Escola Básica de Cela,Cela Nova,Alcobaça,Jardim de Infância,https://escoladevidro.pt/lescolas/escola-basica-de-cela-alcobaca/,yes,word matched in path not domain — verify,"""Escola Básica de Cela"" Cela Nova Portugal"
38302,Colégio Luso Internacional do Centro - CLIC,Marinha Grande,Marinha Grande,Jardim de Infância,https://www.regiaodeleiria.pt/2023/06/administracao-anuncia-encerramento-do-clic-no-final-deste-mes/,yes,word matched in path not domain — verify,"""Colégio Luso Internacional do Centro - CLIC"" Marinha Grande Portugal"
38721,Escola Básica Nova,Peniche,Peniche,Jardim de Infância,not found,,,"""Escola Básica Nova"" Peniche Portugal"
225,Centro Social Paroquial de Moscavide,Moscavide,Loures,Creche e Jardim de Infância,not found,,,"""Centro Social Paroquial de Moscavide"" Moscavide Portugal"
289,Creche do Menino Jesus,Campelos- Torres Vedras,Torres Vedras,Creche e Jardim de Infância,not found,,,"""Creche do Menino Jesus"" Campelos- Torres Vedras Portugal"
316,Associação dos Antigos Alunos Salesianos do Estoril,Estoril,Cascais,Creche,https://www.salesianos.pt/artigos/associacao-de-antigos-alunos-constroi-creche-no-estoril/,,,"""Associação dos Antigos Alunos Salesianos do Estoril"" Estoril Portugal"
317,Creche e Jardim de Infância - O Botãozinho,Cascais,Cascais,Creche,not found,,,"""Creche e Jardim de Infância - O Botãozinho"" Cascais Portugal"
334,Infantário o Pinhal - SCM Cascais,S.joão do Estoril,Cascais,Creche,not found,,,"""Infantário o Pinhal - SCM Cascais"" S.joão do Estoril Portugal"
336,Centro Infantil do Linhó (Ex. C.i. Fisgas),Alcabideche,Cascais,Creche,not found,,,"""Centro Infantil do Linhó (Ex. C.i. Fisgas)"" Alcabideche Portugal"
343,O Tão Balalão,Porto Salvo,Oeiras,Creche e Jardim de Infância,https://misericordia-oeiras.pt/educacao/creche-pre-escolar/o-tao-balalao/,yes,word matched in path not domain — verify; combined tipo — may have split pages,"""O Tão Balalão"" Porto Salvo Portugal"
349,Creche e Jardim de Infância Nossa Senhora Acolhimento,Caxias,Oeiras,Creche e Jardim de Infância,not found,,,"""Creche e Jardim de Infância Nossa Senhora Acolhimento"" Caxias Portugal"
355,O Chorão,Porto Salvo,Oeiras,Creche e Jardim de Infância,https://misericordia-oeiras.pt/educacao/creche-pre-escolar/o-chorao/,yes,word matched in path not domain — verify; combined tipo — may have split pages,"""O Chorão"" Porto Salvo Portugal"
361,O Traquinas,Queijas,Oeiras,Creche e Jardim de Infância,https://misericordia-oeiras.pt/educacao/creche-pre-escolar/o-traquinas/,yes,word matched in path not domain — verify; combined tipo — may have split pages,"""O Traquinas"" Queijas Portugal"
362,"Marcolandia, Creche e Jardim de Infãncia",Algés,Oeiras,Creche e Jardim de Infância,not found,,,"""Marcolandia, Creche e Jardim de Infãncia"" Algés Portugal"
606,Obra das Crianças da Freguesia da Lapa,Lisboa,Lisboa,Creche e Jardim de Infância,not found,,,"""Obra das Crianças da Freguesia da Lapa"" Lisboa Portugal"
653,Jardim Escola João de Deus - Alvalade,Lisboa,Lisboa,Creche,https://ecoescolas.abaae.pt/escola/jardim-escola-joao-de-deus-alvalade/,yes,word matched in path not domain — verify,"""Jardim Escola João de Deus - Alvalade"" Lisboa Portugal"
668,Creche e Jardim de Infância Pingolé,Porto Salvo,Oeiras,Creche,not found,,,"""Creche e Jardim de Infância Pingolé"" Porto Salvo Portugal"
669,A Praceta,Oeiras,Oeiras,Creche,not found,,,"""A Praceta"" Oeiras Portugal"
682,Creche e Jardim de Infância 1º de Maio,Carnaxide,Oeiras,Creche,not found,,,"""Creche e Jardim de Infância 1º de Maio"" Carnaxide Portugal"
684,Jardim de Infância Nossa Senhora do Rosário de Fátima,Oeiras,Oeiras,Creche,https://www.municipiosefreguesias.pt/entidade/586722/jardim-de-infancia-nossa-senhora-do-rosario-de-fatima---pre-escolar,yes,word matched in path not domain — verify,"""Jardim de Infância Nossa Senhora do Rosário de Fátima"" Oeiras Portugal"
700,Creche da Santa Casa da Misericórdia de Arruda dos Vinhos,Arruda dos Vinhos,Arruda dos Vinhos,Creche,https://apoioperto.com/creches/arruda-dos-vinhos/,yes,word matched in path not domain — verify,"""Creche da Santa Casa da Misericórdia de Arruda dos Vinhos"" Arruda dos Vinhos Portugal"
723,Icco Infantário Cooperativa de Campo de Ourique,Lisboa,Lisboa,Creche e Jardim de Infância,https://www.dnb.com/business-directory/company-profiles.icco_-_infant%C3%A1rio_cooperativa_de_campo_de_ourique_crl.5c30a57cdee53ac6c60b5ed7273a9fc5.html,yes,word matched in path not domain — verify; combined tipo — may have split pages,"""Icco Infantário Cooperativa de Campo de Ourique"" Lisboa Portugal"
743,Infantário de Nossa Senhora da Purificação,Lisboa,Lisboa,Creche e Jardim de Infância,not found,,,"""Infantário de Nossa Senhora da Purificação"" Lisboa Portugal"
764,Externato das Pedralvas,Lisboa,Lisboa,Creche e Jardim de Infância,https://ecoescolas.abaae.pt/escola/externato-das-pedralvas/,yes,word matched in path not domain — verify; combined tipo — may have split pages,"""Externato das Pedralvas"" Lisboa Portugal"
777,Associação Moradores do Casal Ventoso,Lisboa,Lisboa,Creche e Jardim de Infância,not found,,,"""Associação Moradores do Casal Ventoso"" Lisboa Portugal"
1412,Quina - Infantário e Jardim de Infância,Ramada,Odivelas,Creche e Jardim de Infância,not found,,,"""Quina - Infantário e Jardim de Infância"" Ramada Portugal"
1415,Jardim Infantil Popular da Pontinha,Pontinha,Odivelas,Creche e Jardim de Infância,https://www.waze.com/live-map/directions/pt/lisboa/lisboa/jardim-infantil-popular-da-pontinha-(jipp)?to=place.ChIJFZYH2TDNHg0R7O-paSnqmeI,yes,word matched in path not domain — verify; combined tipo — may have split pages,"""Jardim Infantil Popular da Pontinha"" Pontinha Portugal"
1430,Creche Quinta dos Bacelos - Associação Bem Estar Infantil Vila Franca de Xira,Vila Franca de Xira,Vila Franca de Xira,Creche,not found,,,"""Creche Quinta dos Bacelos - Associação Bem Estar Infantil Vila Franca de Xira"" Vila Franca de Xira Portugal"
1440,Actividades de Tempos Livres de Bolonha - Creche,Póvoa Santa Iria,Vila Franca de Xira,Creche,not found,,,"""Actividades de Tempos Livres de Bolonha - Creche"" Póvoa Santa Iria Portugal"
1545,Externato Jardim da Arroja,Odivelas,Odivelas,Creche,not found,,,"""Externato Jardim da Arroja"" Odivelas Portugal"
1559,Creche e Jardim de Infância o Jardim Encantado,Bobadela,Loures,Creche,https://www.waze.com/live-map/directions/pt/lisboa/bobadela/creche-e-jardim-de-infancia-o-jardim-encantado-lda.?to=place.ChIJOfFtquItGQ0RsINzxFHmvJo,yes,word matched in path not domain — verify,"""Creche e Jardim de Infância o Jardim Encantado"" Bobadela Portugal"
1652,Babete e Companhia,Lisboa,Lisboa,Creche,not found,,,"""Babete e Companhia"" Lisboa Portugal"
1654,Centro de Apoio Infantil Filadélfia,Sacavém,Loures,Creche,https://apoioperto.com/creches/loures/,,,"""Centro de Apoio Infantil Filadélfia"" Sacavém Portugal"
1690,Associação Socorro e Amparo - Casa do Menino Jesus,Lisboa,Lisboa,Creche,not found,,,"""Associação Socorro e Amparo - Casa do Menino Jesus"" Lisboa Portugal"
1697,Creche e Jardim Infantil de Santo Amaro,Lisboa,Lisboa,Creche e Jardim de Infância,not found,,,"""Creche e Jardim Infantil de Santo Amaro"" Lisboa Portugal"
1721,Centro Social José Luís Coelho,Lisboa,Lisboa,Creche e Jardim de Infância,https://www.laresonline.pt/pt/valencia/lares-e-residencias/equipamento/2374-centro-social-jose-luis-coelho/,yes,word matched in path not domain — verify; combined tipo — may have split pages,"""Centro Social José Luís Coelho"" Lisboa Portugal"
1737,Colégio de São Domingos,Lisboa,Lisboa,Creche e Jardim de Infância,https://coimbramedieval.wixsite.com/coimbramedieval/post/convento-de-s-domingos-o-velho,yes,word matched in path not domain — verify; combined tipo — may have split pages,"""Colégio de São Domingos"" Lisboa Portugal"
1742,Casa da Bela Flor,Lisboa,Lisboa,Creche e Jardim de Infância,http://scml.ipav.pt/pt-pt/casa-da-bela-flor-creche,yes,word matched in path not domain — verify; combined tipo — may have split pages,"""Casa da Bela Flor"" Lisboa Portugal"
1748,Abrigo Infantil de Santa Maria de Belém,Lisboa,Lisboa,Creche e Jardim de Infância,https://cpstmbelem.pt/valencias/abrigo-infantil-de-santa-maria-de-belem/,yes,combined tipo — may have split pages,"""Abrigo Infantil de Santa Maria de Belém"" Lisboa Portugal"
1760,Jardim Infantil os Pirralhos do Marquês,Lisboa,Lisboa,Creche,https://informacoeseservicos.lisboa.pt/contactos/diretorio-da-cidade/jardim-infantil-os-pirralhos-do-marques,yes,word matched in path not domain — verify,"""Jardim Infantil os Pirralhos do Marquês"" Lisboa Portugal"
2254,Centro Social Paroquial do Calhariz de Benfica,Lisboa,Lisboa,Creche,not found,,,"""Centro Social Paroquial do Calhariz de Benfica"" Lisboa Portugal"
2259,Centro Social Paroquial do Campo Grande,Lisboa,Lisboa,Creche,https://igrejacampogrande.pt/cspcg/,,,"""Centro Social Paroquial do Campo Grande"" Lisboa Portugal"
4911,Jovicreche,Cacém,Sintra,Creche,https://empresasnegocios.pt/empresa/jovicreche--335812,yes,word matched in path not domain — verify,"""Jovicreche"" Cacém Portugal"
4923,Sítio do Pica Pau Amarelo,São Marcos,Sintra,Creche,https://www.picapauamarelo.pt/,,,"""Sítio do Pica Pau Amarelo"" São Marcos Portugal"
4924,Jardim de Infância Popular,Agualva,Sintra,Creche e Jardim de Infância,not found,,,"""Jardim de Infância Popular"" Agualva Portugal"
4925,Creche - Jardim de Infância Faz de Conta,Rio de Mouro,Sintra,Creche e Jardim de Infância,not found,,,"""Creche - Jardim de Infância Faz de Conta"" Rio de Mouro Portugal"
5168,Infantário o Azul,Mem Martins,Sintra,Creche,not found,,,"""Infantário o Azul"" Mem Martins Portugal"
5179,Creche de S. José,Lisboa,Lisboa,Creche,not found,,,"""Creche de S. José"" Lisboa Portugal"
5183,Creche a Alcofinha - CML,Lisboa,Lisboa,Creche,https://infantarios.pt/creche-a-alcofinha-cml/,yes,word matched in path not domain — verify,"""Creche a Alcofinha - CML"" Lisboa Portugal"
5191,Creche Beloquitas,Lisboa,Lisboa,Creche,not found,,,"""Creche Beloquitas"" Lisboa Portugal"
5205,Centro Social Paroquial de Colares - Almoçageme,Colares,Sintra,Creche,not found,,,"""Centro Social Paroquial de Colares - Almoçageme"" Colares Portugal"
5238,A Creche Sempre em Flor (S.josé),Mem Martins,Sintra,Creche,not found,,,"""A Creche Sempre em Flor (S.josé)"" Mem Martins Portugal"
5240,"Colégio Herdeiros do Futuro, CRL",Mem Martins,Sintra,Creche,not found,,,"""Colégio Herdeiros do Futuro, CRL"" Mem Martins Portugal"
5241,Os Patarecos - Associação Particular de Solidariedade Social,Sintra,Sintra,Creche e Jardim de Infância,not found,,,"""Os Patarecos - Associação Particular de Solidariedade Social"" Sintra Portugal"
5270,O Saltarico,Santo António dos Cavaleiros,Loures,Creche e Jardim de Infância,https://www.osaltarico.org/,yes,combined tipo — may have split pages,"""O Saltarico"" Santo António dos Cavaleiros Portugal"
5275,Equip Social da Instituição de Apoio Social da Freguesia de Bucelas,Bucelas,Loures,Creche,not found,,,"""Equip Social da Instituição de Apoio Social da Freguesia de Bucelas"" Bucelas Portugal"
5287,Obra de Nossa Senhora da Purificação,Lisboa,Loures,Creche,not found,,,"""Obra de Nossa Senhora da Purificação"" Lisboa Portugal"
5291,Associação Doutor João dos Santos,Loures,Loures,Creche,not found,,,"""Associação Doutor João dos Santos"" Loures Portugal"
5412,Creche Jardim Infantil - O Caracol,Queluz,Sintra,Creche,http://ocaracolcji.blogspot.com/,,,"""Creche Jardim Infantil - O Caracol"" Queluz Portugal"
5420,Infantário a Mimi,Queluz,Sintra,Creche,not found,,,"""Infantário a Mimi"" Queluz Portugal"
5436,Centro Social Paroquial do Imaculado Coração de Maria,Alfragide,Amadora,Creche e Jardim de Infância,not found,,,"""Centro Social Paroquial do Imaculado Coração de Maria"" Alfragide Portugal"
5438,Associação de Pais e Amigos das Crianças da Freguesia da Mina,Amadora,Amadora,Creche e Jardim de Infância,not found,,,"""Associação de Pais e Amigos das Crianças da Freguesia da Mina"" Amadora Portugal"
5451,Centro Social Paroquial de Alfornelos,Amadora,Amadora,Creche e Jardim de Infância,not found,,,"""Centro Social Paroquial de Alfornelos"" Amadora Portugal"
5459,Infantário do Externato Cinderela Alpedrinha,Amadora,Amadora,Creche e Jardim de Infância,https://www.servicospublicos.pt/servico-publico/25169/infantario-do-externato-cinderela-alpedrinha---creche--infantario--jardim-de-infancia,yes,word matched in path not domain — verify; combined tipo — may have split pages,"""Infantário do Externato Cinderela Alpedrinha"" Amadora Portugal"
5460,Creche Municipal de Á-Da-Beja,A-Da-Beja-Amadora,Amadora,Creche,https://www.waze.com/es/live-map/directions/pt/distrito-de-lisboa/amadora/creche-municipal-de-a-da-beja?to=place.ChIJKTwkz4HSHg0RvzVM1AwH87A,yes,word matched in path not domain — verify,"""Creche Municipal de Á-Da-Beja"" A-Da-Beja-Amadora Portugal"
5488,Colégio o Teu Jardim,Queluz,Sintra,Creche e Jardim de Infância,not found,,,"""Colégio o Teu Jardim"" Queluz Portugal"
17021,Actividades Tempos Livres de Bolonha - Creche,Póvoa de Stª Iria,Vila Franca de Xira,Creche,not found,,,"""Actividades Tempos Livres de Bolonha - Creche"" Póvoa de Stª Iria Portugal"
17075,"Ni-Nó-Ni, Centro Infantil - Centro Humanitário de Lisboa - CVP",,Odivelas,Creche,not found,,,"""Ni-Nó-Ni, Centro Infantil - Centro Humanitário de Lisboa - CVP"" Odivelas Portugal"
17248,Infantário Pequenos Aprendizes,Rio de Mouro,Sintra,Creche e Jardim de Infância,https://www.guiadacidade.pt/pt/e/infantario-pequenos-aprendizes-18978,yes,word matched in path not domain — verify; combined tipo — may have split pages,"""Infantário Pequenos Aprendizes"" Rio de Mouro Portugal"
17311,"Ajpas - Associação de Intervenção Comunitária, Desenvolvimento Social e de Saúde",Venda Nova,Amadora,Creche,https://ajpas.pt/,,,"""Ajpas - Associação de Intervenção Comunitária, Desenvolvimento Social e de Saúde"" Venda Nova Portugal"
17564,Obra Social Madre Maria Clara,Queijas,Oeiras,Creche,https://escoladevidro.pt/lescolas/creche-e-jardim-de-infancia-madre-maria-clara-obra-social-madre-maria-clara/,yes,word matched in path not domain — verify,"""Obra Social Madre Maria Clara"" Queijas Portugal"
17703,Associação de Actividades do Bairro 2 de Maio,Lisboa,Lisboa,Creche,not found,,,"""Associação de Actividades do Bairro 2 de Maio"" Lisboa Portugal"
17704,Caselsol,Lisboa,Lisboa,Creche,not found,,,"""Caselsol"" Lisboa Portugal"
17866,Creche e Jardim de Infância da Portela,Portela de Sintra,Sintra,Creche e Jardim de Infância,https://misericordiadesintra.pt/infancia/creche-e-jardim-de-infancia-da-portela/,yes,word matched in path not domain — verify; combined tipo — may have split pages,"""Creche e Jardim de Infância da Portela"" Portela de Sintra Portugal"
18226,Ced D. Maria Pia,Lisboa,Lisboa,Creche e Jardim de Infância,https://casapia.pt/tag/ced-d-maria-pia/,yes,combined tipo — may have split pages,"""Ced D. Maria Pia"" Lisboa Portugal"
18250,Ced Jacob Rodrigues Pereira,Lisboa,Lisboa,Creche e Jardim de Infância,https://casapia.pt/tag/ced-jacob-rodrigues-pereira/,yes,word matched in path not domain — verify; combined tipo — may have split pages,"""Ced Jacob Rodrigues Pereira"" Lisboa Portugal"
18553,Jardim das Descobertas,Lisboa,Lisboa,Creche,https://www.waze.com/pt-PT/live-map/directions/pt/lisboa/portela/jardim-das-descobertas?to=place.ChIJi6ddORcyGQ0RqWfzUOA4T-U,yes,word matched in path not domain — verify,"""Jardim das Descobertas"" Lisboa Portugal"
18562,Creche do Gato Amarelo,Lisboa,Lisboa,Creche,not found,,,"""Creche do Gato Amarelo"" Lisboa Portugal"
18565,"Só Bebés, Serviço de Apoio Social e Ensino, Lda.",Lisboa,Lisboa,Creche,https://www.infoempresas.com.pt/Q88_ATIVIDADES-APOIO-SOCIAL-ALOJAMENTO/Distrito_LISBOA/Empresas-7.html,yes,word matched in path not domain — verify,"""Só Bebés, Serviço de Apoio Social e Ensino, Lda."" Lisboa Portugal"
18614,Sozinho em Casa,Lisboa,Lisboa,Creche,https://blueticket.meo.pt/pt/event/15322/sozinho-em-casa-em-concerto,yes,word matched in path not domain — verify,"""Sozinho em Casa"" Lisboa Portugal"
18616,Rei Bebe Infantário,Lisboa,Lisboa,Creche,https://www.scml.ipav.pt/pt-pt/rei-beb-infantrio-particular,yes,word matched in path not domain — verify,"""Rei Bebe Infantário"" Lisboa Portugal"
18626,Creche e Jardim de Infância o Gonzo - Azambuja,Azambuja,Azambuja,Creche e Jardim de Infância,https://apoioperto.com/concelho/azambuja/,yes,word matched in path not domain — verify; combined tipo — may have split pages,"""Creche e Jardim de Infância o Gonzo - Azambuja"" Azambuja Portugal"
18628,Externato os Coelhinhos,Queluz,Sintra,Creche e Jardim de Infância,https://www.guiadacidade.pt/pt/e/externato-os-coelhinhos-27183,yes,word matched in path not domain — verify; combined tipo — may have split pages,"""Externato os Coelhinhos"" Queluz Portugal"
18638,Escolinha da Tita,São Domingos de Rana,Cascais,Creche,https://www.guiadacidade.pt/pt/e/a-escolinha-da-tita-7415,yes,word matched in path not domain — verify,"""Escolinha da Tita"" São Domingos de Rana Portugal"
18644,Externato Jardim dos Lombos,Carcavelos,Cascais,Creche e Jardim de Infância,https://www.cascais.pt/contactos/externato-jardim-dos-lombos,yes,word matched in path not domain — verify; combined tipo — may have split pages,"""Externato Jardim dos Lombos"" Carcavelos Portugal"
18653,Boneca de Corda Jardim de Infância,Odivelas,Odivelas,Creche e Jardim de Infância,https://www.bonecadecorda.pt/,yes,combined tipo — may have split pages,"""Boneca de Corda Jardim de Infância"" Odivelas Portugal"
20342,Estrela do Mar - Jardim Infantil,Ericeira,Mafra,Creche e Jardim de Infância,https://estrela-do-mar.educabiz.com/,yes,combined tipo — may have split pages,"""Estrela do Mar - Jardim Infantil"" Ericeira Portugal"
20352,Creche na Rua das Hortências,Gradil,Mafra,Creche,not found,,,"""Creche na Rua das Hortências"" Gradil Portugal"
20353,Jardim Infantil da Malveira,Malveira,Mafra,Creche e Jardim de Infância,https://mafra.infoisinfo.com.pt/ficha/jim_jardim_infantil_da_malveira/371550,yes,word matched in path not domain — verify; combined tipo — may have split pages,"""Jardim Infantil da Malveira"" Malveira Portugal"
20364,Actividades de Tempos Livres de Bolonha -Creche,Povoa de Sta Iria,Vila Franca de Xira,Creche,not found,,,"""Actividades de Tempos Livres de Bolonha -Creche"" Povoa de Sta Iria Portugal"
20382,"O Fofas - Berçário, Creche e Jardim de Infância",Povoa de Sta Iria,Vila Franca de Xira,Creche e Jardim de Infância,not found,,,"""O Fofas - Berçário, Creche e Jardim de Infância"" Povoa de Sta Iria Portugal"
20383,Creche e Jardim de Infância de Outurela,Carnaxide,Oeiras,Creche e Jardim de Infância,not found,,,"""Creche e Jardim de Infância de Outurela"" Carnaxide Portugal"
20385,Creche e Jardim de Infância de S. Marçal,Carnaxide,Oeiras,Creche e Jardim de Infância,not found,,,"""Creche e Jardim de Infância de S. Marçal"" Carnaxide Portugal"
20391,Doce Alcofinha,Massamá,Sintra,Creche,not found,,,"""Doce Alcofinha"" Massamá Portugal"
20426,"Creche ""A Árvore""",Amadora,Amadora,Creche,https://tvamadora.pt/noticias/atualidade/creche-a-arvore-comemora-dez-anos-ainda-sem-solucao-para-a-construcao-de-novo-equipamento/2072,yes,word matched in path not domain — verify,"""Creche ""A Árvore"""" Amadora Portugal"
20447,Infantário de Bicesse - SCM Cascais,Alcabideche,Cascais,Creche e Jardim de Infância,not found,,,"""Infantário de Bicesse - SCM Cascais"" Alcabideche Portugal"
20504,Equip. Social da Associação de Protecção à Infância da Ajuda - Apia,Lisboa,Lisboa,Creche e Jardim de Infância,not found,,,"""Equip. Social da Associação de Protecção à Infância da Ajuda - Apia"" Lisboa Portugal"
21242,Centro Social Paroquial da Povoa de Sto Adrião,Odivelas,Odivelas,Creche e Jardim de Infância,not found,,,"""Centro Social Paroquial da Povoa de Sto Adrião"" Odivelas Portugal"
21381,Associação Humanidades,Lisboa,Lisboa,Creche,not found,,,"""Associação Humanidades"" Lisboa Portugal"
21481,Jardim de Infância e ATL o Novo Pinóquio,Algés,Oeiras,Creche e Jardim de Infância,https://www.servicospublicos.pt/servico-publico/29252/jardim-de-infancia-e-atl-o-novo-pinoquio---jardim-de-infancia,yes,word matched in path not domain — verify; combined tipo — may have split pages,"""Jardim de Infância e ATL o Novo Pinóquio"" Algés Portugal"
21591,Sociedade Filarmónica de Apoio Social e Recreio Artístico da Amadora - Quinta de S.miguel,Amadora,Amadora,Creche,not found,,,"""Sociedade Filarmónica de Apoio Social e Recreio Artístico da Amadora - Quinta de S.miguel"" Amadora Portugal"
21663,O Mundo dos Sentidos,Mem Martins,Sintra,Creche e Jardim de Infância,not found,,,"""O Mundo dos Sentidos"" Mem Martins Portugal"
21674,Centro Social Comunitário Bº Sto António I,Loures,Loures,Creche,not found,,,"""Centro Social Comunitário Bº Sto António I"" Loures Portugal"
21716,Os Pequenos Mafrinhas - Creche,Venda do Pinheiro,Mafra,Creche,http://www.pequenosmafrinhas.pt/,,,"""Os Pequenos Mafrinhas - Creche"" Venda do Pinheiro Portugal"
21781,Padrão - Estabelecimento de Ensino,Loures,Loures,Creche,not found,,,"""Padrão - Estabelecimento de Ensino"" Loures Portugal"
22542,Jardim de Infância Mãe Patinha,Malveira,Mafra,Creche,not found,,,"""Jardim de Infância Mãe Patinha"" Malveira Portugal"
22545,Jardim de Infância Canteiro dos Sonhos,Oeiras,Oeiras,Creche e Jardim de Infância,not found,,,"""Jardim de Infância Canteiro dos Sonhos"" Oeiras Portugal"
22546,"Jardim da Fantasia - Actividades de Creche, Jardim de Infância e Afins",Lisboa,Lisboa,Creche,not found,,,"""Jardim da Fantasia - Actividades de Creche, Jardim de Infância e Afins"" Lisboa Portugal"
22552,"Colégio, Jardim de Infância ""A Sandrinha, Lda""",Pontinha,Odivelas,Creche,not found,,,"""Colégio, Jardim de Infância ""A Sandrinha, Lda"""" Pontinha Portugal"
22554,Berçario e Creche Fraldinhas e Fraldocas,Rio Mouro,Sintra,Creche,not found,,,"""Berçario e Creche Fraldinhas e Fraldocas"" Rio Mouro Portugal"
22801,Creche e Jardim de Infância Cosme e Damião,Rio de Mouro,Sintra,Creche e Jardim de Infância,https://www.deco.proteste.pt/reclamar/empresas/creche-e-jardim-de-inf-C3-A2ncia-cosme-e-dami-C3-A3o/6DFE7E22-74E00C412,yes,word matched in path not domain — verify; combined tipo — may have split pages,"""Creche e Jardim de Infância Cosme e Damião"" Rio de Mouro Portugal"
22804,Infantário Bem-Me-Quer,Rio de Mouro,Sintra,Creche e Jardim de Infância,not found,,,"""Infantário Bem-Me-Quer"" Rio de Mouro Portugal"
22806,O Planeta Bebé,Massamá,Sintra,Creche,https://www.primeiraimagem.com/o-planeta-bebe-creche.php,yes,word matched in path not domain — verify,"""O Planeta Bebé"" Massamá Portugal"
22807,Cooperativa Miminhos Alegres CRL,Mem-Martins,Sintra,Creche,"https://www.waze.com/live-map/directions/pt/lisboa/algueirao-mem-martins/cooperativa-miminhos-alegres,-crl?to=place.ChIJM9AhaDHQHg0ROr-sPkuWbDw",yes,word matched in path not domain — verify,"""Cooperativa Miminhos Alegres CRL"" Mem-Martins Portugal"
24378,Creche de Santa Teresinha,Ramada,Odivelas,Creche,not found,,,"""Creche de Santa Teresinha"" Ramada Portugal"
24406,Creche da Lourinhã,Lourinhã,Gavião,Creche,https://apoioperto.com/creches/lourinha/,yes,word matched in path not domain — verify,"""Creche da Lourinhã"" Lourinhã Portugal"
24424,Cebesa - Creche e CATL José Garcês,Amadora,Amadora,Creche,not found,,,"""Cebesa - Creche e CATL José Garcês"" Amadora Portugal"
24586,Jardim de Infância Chiquinha,Lisboa,Lisboa,Creche,https://achiquinha.pt/,,,"""Jardim de Infância Chiquinha"" Lisboa Portugal"
24589,Creche N.ª Sr.ª D` Ajuda,,Torres Vedras,Creche,not found,,,"""Creche N.ª Sr.ª D` Ajuda"" Torres Vedras Portugal"
24603,Creche da Quinta da Ponte - Associação Bem Estar Infantil Vila Franca Xira,S. João dos Montes,Vila Franca de Xira,Creche e Jardim de Infância,https://apoioperto.com/creches/vila-franca-de-xira/,yes,word matched in path not domain — verify; combined tipo — may have split pages,"""Creche da Quinta da Ponte - Associação Bem Estar Infantil Vila Franca Xira"" S. João dos Montes Portugal"
24604,Cat-0/12 - Cat-12/18 - Creche (Fidalgos) - Ass.bem Estar Infantil V.f.xira,Vila Franca Xira,Vila Franca de Xira,Creche e Jardim de Infância,https://apoioperto.com/creches/vila-franca-de-xira/,yes,word matched in path not domain — verify; combined tipo — may have split pages,"""Cat-0/12 - Cat-12/18 - Creche (Fidalgos) - Ass.bem Estar Infantil V.f.xira"" Vila Franca Xira Portugal"
24666,Colégio o Rezingão - Ensino Infantil,Queluz,Sintra,Creche e Jardim de Infância,not found,,,"""Colégio o Rezingão - Ensino Infantil"" Queluz Portugal"
24668,Cartola de Sonhos,Famões,Odivelas,Creche,not found,,,"""Cartola de Sonhos"" Famões Portugal"
24696,Colégio os Bobocas,Barcarena,Oeiras,Creche e Jardim de Infância,not found,,,"""Colégio os Bobocas"" Barcarena Portugal"
24697,Verde Água - Creche e Jardim de Infância,"Carapinheira, Mafra",Mafra,Creche e Jardim de Infância,https://colegioverdeagua.pt/,yes,combined tipo — may have split pages,"""Verde Água - Creche e Jardim de Infância"" Carapinheira, Mafra Portugal"
24909,"Colinho das Tias, Lda.",Agualva Cacém,Sintra,Creche e Jardim de Infância,not found,,,"""Colinho das Tias, Lda."" Agualva Cacém Portugal"
24911,Creche Mamã Galinha,Póvoa de Santa Iria,Vila Franca de Xira,Creche e Jardim de Infância,not found,,,"""Creche Mamã Galinha"" Póvoa de Santa Iria Portugal"
25017,Amor Perfeito de Agualva-Cacém - Arpiac,Cacém,Sintra,Creche,not found,,,"""Amor Perfeito de Agualva-Cacém - Arpiac"" Cacém Portugal"
25033,Colégio o Tapadinhas II,Algueirão,Sintra,Creche e Jardim de Infância,https://www.servicospublicos.pt/servico-publico/8481/colegio-o-tapadinhas-ii,yes,word matched in path not domain — verify; combined tipo — may have split pages,"""Colégio o Tapadinhas II"" Algueirão Portugal"
25059,Vem Brincar! Actividades Educativas,Algueirão,Sintra,Creche e Jardim de Infância,https://empresite.jornaldenegocios.pt/Actividade/NECESSIDADES-EDUCATIVAS-ESPECIAIS/freguesia/ALGUEIRAO-MEM-MARTINS-SINTRA/,yes,word matched in path not domain — verify; combined tipo — may have split pages,"""Vem Brincar! Actividades Educativas"" Algueirão Portugal"
25180,Creche Ecobabies,Agualva-Cacém,Sintra,Creche e Jardim de Infância,not found,,,"""Creche Ecobabies"" Agualva-Cacém Portugal"
25332,Creche do Reguengo Grande,Reguengo Grande,Lourinhã,Creche,https://www.rcl99fm.pt/lourinha-santa-casa-da-misericordia-acolhe-valencia-de-creche-do-reguengo-grande/,yes,word matched in path not domain — verify,"""Creche do Reguengo Grande"" Reguengo Grande Portugal"
26088,Creche São Jorge,Amadora,Amadora,Creche e Jardim de Infância,not found,,,"""Creche São Jorge"" Amadora Portugal"
26095,Colégio D. João de Castro,Oeiras,Oeiras,Creche,https://colegiodjoaodecastro.com/,,,"""Colégio D. João de Castro"" Oeiras Portugal"
26225,Creche Santa Madalena Canossa,Queluz de Baixo,Oeiras,Creche,https://www.primeiraimagem.com/creche-santa-madalena-canossa.php,yes,word matched in path not domain — verify,"""Creche Santa Madalena Canossa"" Queluz de Baixo Portugal"
26230,Creche Bibes e Chuchas,Odivelas,Odivelas,Creche,not found,,,"""Creche Bibes e Chuchas"" Odivelas Portugal"
26267,Creche a Romã,Amadora,Amadora,Creche,not found,,,"""Creche a Romã"" Amadora Portugal"
26778,Jardim Infantil do Patronato Cristo-Rei,Lisboa,Lisboa,Creche,https://informacoeseservicos.lisboa.pt/contactos/diretorio-da-cidade/jardim-infantil-do-patronato-cristo-rei,yes,word matched in path not domain — verify,"""Jardim Infantil do Patronato Cristo-Rei"" Lisboa Portugal"
26781,Fidalguinho - Jardim de Infância e Creche,Agualva,Sintra,Creche,not found,,,"""Fidalguinho - Jardim de Infância e Creche"" Agualva Portugal"
26982,Colégio Crescer no Infantado,Infantado,Loures,Creche e Jardim de Infância,https://crescerser.org/casa-do-infantado/,yes,combined tipo — may have split pages,"""Colégio Crescer no Infantado"" Infantado Portugal"
27040,Santa Teresinha Jardim de Infância,Venda do Pinheiro,Mafra,Creche e Jardim de Infância,not found,,,"""Santa Teresinha Jardim de Infância"" Venda do Pinheiro Portugal"
27042,A Ritinha - Externato e Jardim de Infância,Lisboa,Lisboa,Creche e Jardim de Infância,not found,,,"""A Ritinha - Externato e Jardim de Infância"" Lisboa Portugal"
27401,Chuva de Papel - Creche e Jardim de Infância,Lisboa,Lisboa,Creche,not found,,,"""Chuva de Papel - Creche e Jardim de Infância"" Lisboa Portugal"
27495,Colégio Rik & Rok Alfragide,Carnaxide,Oeiras,Creche e Jardim de Infância,not found,,,"""Colégio Rik & Rok Alfragide"" Carnaxide Portugal"
27680,Os Pequenos Marqueses,Oeiras,Oeiras,Creche,https://ospequenosmarqueses.wixsite.com/ospequenosmarqueses,,,"""Os Pequenos Marqueses"" Oeiras Portugal"
28295,Creche de S. Clara,Lisboa,Lisboa,Creche,not found,,,"""Creche de S. Clara"" Lisboa Portugal"
28311,Creche Materama de Vila Chã,Mina,Amadora,Creche,not found,,,"""Creche Materama de Vila Chã"" Mina Portugal"
29110,Colégio Espelho D Água,Odivelas,Odivelas,Creche,not found,,,"""Colégio Espelho D Água"" Odivelas Portugal"
29117,Tocábrincar,São Marcos,Sintra,Creche e Jardim de Infância,https://www.primeiraimagem.com/tocabrincar.php,yes,word matched in path not domain — verify; combined tipo — may have split pages,"""Tocábrincar"" São Marcos Portugal"
29118,Creche Sementes do Mundo,Lisboa,Lisboa,Creche,https://www.waze.com/live-map/directions/pt/lisboa/lisboa/creche-sementes-do-mundo?to=place.ChIJ0f7GVsAyGQ0Ru21uCxItKFk,yes,word matched in path not domain — verify,"""Creche Sementes do Mundo"" Lisboa Portugal"
29184,"Amores Perfeitos - Berçário e Creche, Lda.",Loures,Loures,Creche,not found,,,"""Amores Perfeitos - Berçário e Creche, Lda."" Loures Portugal"
29302,Creche Casa do Bebé,Lisboa,Lisboa,Creche,not found,,,"""Creche Casa do Bebé"" Lisboa Portugal"
29696,Colégio Caminho do Rio,Mem Martins,Sintra,Creche e Jardim de Infância,https://ecoescolas.abaae.pt/escola/colegio-caminho-do-rio/,yes,word matched in path not domain — verify; combined tipo — may have split pages,"""Colégio Caminho do Rio"" Mem Martins Portugal"
29773,A Mamã Coelha,Moscavide,Loures,Creche e Jardim de Infância,not found,,,"""A Mamã Coelha"" Moscavide Portugal"
30817,Externato Infantil e Primário Passos Manuel,Lisboa,Lisboa,Creche e Jardim de Infância,https://informacoeseservicos.lisboa.pt/contactos/diretorio-da-cidade/externato-infantil-e-primario-passos-manuel,yes,word matched in path not domain — verify; combined tipo — may have split pages,"""Externato Infantil e Primário Passos Manuel"" Lisboa Portugal"
32815,Colégio Bebecas,Lisboa,Lisboa,Creche,https://www.colegiobebecas.pt/,,,"""Colégio Bebecas"" Lisboa Portugal"
32952,O Pomar - Creche e Pré-Escolar,Cascais,Cascais,Creche e Jardim de Infância,https://www.crecheopomar.com/,yes,combined tipo — may have split pages,"""O Pomar - Creche e Pré-Escolar"" Cascais Portugal"
32953,Escolinha da Kika,Algés,Oeiras,Creche,https://www.waze.com/live-map/directions/pt/lisboa/alges/escolinha-da-kika-the-sailors-alges?to=place.ChIJCZSkOn_LHg0RG8tl2LwcC2I,yes,word matched in path not domain — verify,"""Escolinha da Kika"" Algés Portugal"
32983,Creche Vovovelos,Alverca,Vila Franca de Xira,Creche,not found,,,"""Creche Vovovelos"" Alverca Portugal"
33544,Colégio de Lapiás,Pero Pinheiro,Sintra,Creche e Jardim de Infância,not found,,,"""Colégio de Lapiás"" Pero Pinheiro Portugal"
33817,Park International School Praça de Espanha,Lisboa,Lisboa,Creche e Jardim de Infância,https://www.park-is.com/en/praca-de-espanha-school,yes,combined tipo — may have split pages,"""Park International School Praça de Espanha"" Lisboa Portugal"
34088,Creche Pulguinhas Mestres,Forte da Casa,Vila Franca de Xira,Creche,https://www.waze.com/en-GB/live-map/directions/pt/lisboa/forte-da-casa/creche-pulguinhas-mestres?to=place.ChIJB1Js7p0vGQ0RopMxy5gMFCE,yes,word matched in path not domain — verify,"""Creche Pulguinhas Mestres"" Forte da Casa Portugal"
34116,Gugulândia,Queijas,Oeiras,Creche,https://www.waze.com/live-map/directions/pt/lisboa/queijas/gugulandia-bercario-e-creche?to=place.ChIJRYuE5V7NHg0R0iN6IXLjw94,yes,word matched in path not domain — verify,"""Gugulândia"" Queijas Portugal"
34240,Colégio Small Land,Loures,Loures,Creche e Jardim de Infância,https://ecoescolas.abaae.pt/escola/colegio-small-land/,yes,word matched in path not domain — verify; combined tipo — may have split pages,"""Colégio Small Land"" Loures Portugal"
36515,Creche São Miguel Arcanjo,Lisboa,Lisboa,Creche,not found,,,"""Creche São Miguel Arcanjo"" Lisboa Portugal"
36565,Creche Geração de Piratas,São Domingos de Rana,Cascais,Creche,not found,,,"""Creche Geração de Piratas"" São Domingos de Rana Portugal"
36638,Colégio Dom Pedrito,Algueirão,Sintra,Creche e Jardim de Infância,not found,,,"""Colégio Dom Pedrito"" Algueirão Portugal"
36655,Jardim Escola João de Deus - Belas,Belas,Sintra,Creche e Jardim de Infância,https://www.jejdbelas.pt/,yes,combined tipo — may have split pages,"""Jardim Escola João de Deus - Belas"" Belas Portugal"
36675,Cebi - Arranhó,Arranhó,Arruda dos Vinhos,Creche,not found,,,"""Cebi - Arranhó"" Arranhó Portugal"
37896,Infantário dos Cadafais - SCM Alenquer,Cadafais,Alenquer,Creche e Jardim de Infância,https://apoioperto.com/creches/alenquer/,yes,word matched in path not domain — verify; combined tipo — may have split pages,"""Infantário dos Cadafais - SCM Alenquer"" Cadafais Portugal"
37996,Creche o Jardim Encantado II,Bobadela,Loures,Creche,not found,,,"""Creche o Jardim Encantado II"" Bobadela Portugal"
38048,O Nosso Jardim - Póvoa de S. Iria,Póvoa de Santa Iria,Vila Franca de Xira,Creche,not found,,,"""O Nosso Jardim - Póvoa de S. Iria"" Póvoa de Santa Iria Portugal"
38719,Creche Nossa Senhoras das Graças (Polo 2),Algés,Oeiras,Creche,not found,,,"""Creche Nossa Senhoras das Graças (Polo 2)"" Algés Portugal"
38875,Park International School Campus Cascais,Cascais,Cascais,Creche,not found,,,"""Park International School Campus Cascais"" Cascais Portugal"
38889,"Tesourinhos à Vista, Unipessoal Lda",Odivelas,Odivelas,Creche,not found,,,"""Tesourinhos à Vista, Unipessoal Lda"" Odivelas Portugal"
38892,Ouriços do Saber,Odivelas,Odivelas,Creche,not found,,,"""Ouriços do Saber"" Odivelas Portugal"
38895,Espaço Educativo Ilha dos Amores,Lisboa,Lisboa,Creche,not found,,,"""Espaço Educativo Ilha dos Amores"" Lisboa Portugal"
39147,Creche - Jardim de Infância Faz de Conta 2,Rio de Mouro,Sintra,Creche,not found,,,"""Creche - Jardim de Infância Faz de Conta 2"" Rio de Mouro Portugal"
39156,Academia Sonhar e Crescer,Lisboa,Lisboa,Creche,https://cnnportugal.iol.pt/pedro-corte-real/academia-sonhar-e-crescer/presidente-do-instituto-da-seguranca-social-diz-que-estado-nao-falhou-em-creche-de-lisboa/20260326/69c4ced1d34edcee7c624eff,yes,word matched in path not domain — verify,"""Academia Sonhar e Crescer"" Lisboa Portugal"
39157,A Semente,Porto Salvo,Oeiras,Creche,not found,,,"""A Semente"" Porto Salvo Portugal"
39158,Didático e Positivo,Cascais,Cascais,Creche,not found,,,"""Didático e Positivo"" Cascais Portugal"
39159,Colégio Santa Cruz,Lisboa,Lisboa,Creche,https://www.colegiostacruz.pt/contatos,,,"""Colégio Santa Cruz"" Lisboa Portugal"
39282,"Life In Party, Lda",Camarate,Loures,Creche,not found,,,"""Life In Party, Lda"" Camarate Portugal"
39286,O Montessori,Lisboa,Lisboa,Creche,https://www.omontessori.com/,,,"""O Montessori"" Lisboa Portugal"
213,Associação de Solidariedade Social dos Moradores do Bairro das Patameiras,Odivelas,Odivelas,Jardim de Infância,not found,,,"""Associação de Solidariedade Social dos Moradores do Bairro das Patameiras"" Odivelas Portugal"
303,Externato/ Semi-Internato Nossa Senhora da Assunção,Cascais,Cascais,Jardim de Infância,not found,,,"""Externato/ Semi-Internato Nossa Senhora da Assunção"" Cascais Portugal"
639,Secretariado Diocesano de Lisboa da ONPC - Centro Majari - CATL e Pré-Escolar,Lisboa,Lisboa,Jardim de Infância,not found,,,"""Secretariado Diocesano de Lisboa da ONPC - Centro Majari - CATL e Pré-Escolar"" Lisboa Portugal"
645,Secretariado Diocesano de Lisboa da ONPC - Chaborrilho - Pré-Escolar,Lisboa,Lisboa,Jardim de Infância,not found,,,"""Secretariado Diocesano de Lisboa da ONPC - Chaborrilho - Pré-Escolar"" Lisboa Portugal"
1544,Externato Jardim da Arroja,Odivelas-Arroja,Odivelas,Jardim de Infância,not found,,,"""Externato Jardim da Arroja"" Odivelas-Arroja Portugal"
1722,CATL do Centro Social e Paroquial Penha de França,Lisboa,Lisboa,Jardim de Infância,not found,,,"""CATL do Centro Social e Paroquial Penha de França"" Lisboa Portugal"
2251,Centro Social da Musgueira,Lisboa,Lisboa,Jardim de Infância,https://centro-social-da-musgueira.webnode.pt/,,,"""Centro Social da Musgueira"" Lisboa Portugal"
2253,Centro Social Paroquial da Charneca,Lisboa,Lisboa,Jardim de Infância,https://www.scml.ipav.pt/pt-pt/centro-social-paroquial-da-charneca-galinheiras,yes,word matched in path not domain — verify,"""Centro Social Paroquial da Charneca"" Lisboa Portugal"
2258,Na Avózinha,Lisboa,Lisboa,Jardim de Infância,not found,,,"""Na Avózinha"" Lisboa Portugal"
4893,Cooperativa de Ensino - Os Leõezinhos,Sintra,Sintra,Jardim de Infância,https://sintra.infoisinfo.com.pt/ficha/cooperativa_de_ensino_os_leoezinhos_c_r_l/620014,yes,word matched in path not domain — verify,"""Cooperativa de Ensino - Os Leõezinhos"" Sintra Portugal"
4900,Centro Social Paroquial do Cacém,Cacém,Sintra,Jardim de Infância,not found,,,"""Centro Social Paroquial do Cacém"" Cacém Portugal"
4908,Centro Social Paroquial de Mira Sintra,Agualva-Cacém,Sintra,Jardim de Infância,https://apoioperto.com/creches/sintra/,yes,word matched in path not domain — verify,"""Centro Social Paroquial de Mira Sintra"" Agualva-Cacém Portugal"
5263,"Centro Popular Infantil ""Nascer do Sol""",Bobadela,Loures,Jardim de Infância,https://nascerdosolcpi.pt/contactos/,,,"""Centro Popular Infantil ""Nascer do Sol"""" Bobadela Portugal"
5494,Creche da Abóboda - SCMC Cascais,São Domingos de Rana,Cascais,Creche e Jardim de Infância,not found,,,"""Creche da Abóboda - SCMC Cascais"" São Domingos de Rana Portugal"
5502,Creche e Jardim de Infância de Nossa Senhora da Rocha,Carnaxide,Oeiras,Creche e Jardim de Infância,not found,,,"""Creche e Jardim de Infância de Nossa Senhora da Rocha"" Carnaxide Portugal"
5574,Creche do Externato Modelo,Amadora,Amadora,Creche e Jardim de Infância,not found,,,"""Creche do Externato Modelo"" Amadora Portugal"
5830,Associação Solidariedade Subud - Centro Educacional e Comunitário Roda Viva,Alfragide,Amadora,Creche e Jardim de Infância,not found,,,"""Associação Solidariedade Subud - Centro Educacional e Comunitário Roda Viva"" Alfragide Portugal"
5841,Instituto Condessa de Cuba,Porto Salvo,Oeiras,Creche e Jardim de Infância,https://www.associacaoresgate.pt/instituto-condessa-de-cuba,yes,word matched in path not domain — verify; combined tipo — may have split pages,"""Instituto Condessa de Cuba"" Porto Salvo Portugal"
17008,Complexo da Cartaxaria - Infância - Santa Casa da Misericórdia de Arruda dos Vinhos,Arruda dos Vinhos,Arruda dos Vinhos,Jardim de Infância,https://apoioperto.com/creches/arruda-dos-vinhos/,yes,word matched in path not domain — verify,"""Complexo da Cartaxaria - Infância - Santa Casa da Misericórdia de Arruda dos Vinhos"" Arruda dos Vinhos Portugal"
21715,Serviço de Apoio Domiciliário,Alcabideche,Cascais,Jardim de Infância,https://www.cascais.pt/projeto/servico-de-apoio-domiciliario-sad,yes,word matched in path not domain — verify,"""Serviço de Apoio Domiciliário"" Alcabideche Portugal"
27836,Associação de S.bartolomeu dos Alemães em Lisboa / Escola Alemã do Estoril,Estoril,Cascais,Jardim de Infância,not found,,,"""Associação de S.bartolomeu dos Alemães em Lisboa / Escola Alemã do Estoril"" Estoril Portugal"
29394,"Cooperativa de Ensino ""Os Pioneiros""",Lisboa,Lisboa,Jardim de Infância,https://informacoeseservicos.lisboa.pt/contactos/diretorio-da-cidade/cooperativa-de-ensino-os-pioneiros,yes,word matched in path not domain — verify,"""Cooperativa de Ensino ""Os Pioneiros"""" Lisboa Portugal"
29395,"Jardim Infantil ""O Bambi""",Cruz Quebrada-Dafundo,Oeiras,Jardim de Infância,not found,,,"""Jardim Infantil ""O Bambi"""" Cruz Quebrada-Dafundo Portugal"
29411,Infantário Drª Mª Luz Sobral-Stª Cª Misericórdia,Colares,Sintra,Jardim de Infância,https://cfaecdl.com/utilizador/registar/nao-docente/,yes,word matched in path not domain — verify,"""Infantário Drª Mª Luz Sobral-Stª Cª Misericórdia"" Colares Portugal"
29445,Jardim de Infância D. João II,Lisboa,Lisboa,Jardim de Infância,not found,,,"""Jardim de Infância D. João II"" Lisboa Portugal"
29456,J. Inf. o Pirilampo do Cruzeiro,Mem Martins,Sintra,Jardim de Infância,https://www.servicospublicos.pt/servico-publico/8452/j--inf--o-pirilampo-do-cruzeiro,yes,word matched in path not domain — verify,"""J. Inf. o Pirilampo do Cruzeiro"" Mem Martins Portugal"
29461,"Externato ""O Nial""",Algueirão,Sintra,Jardim de Infância,https://www.externatonial.com/,,,"""Externato ""O Nial"""" Algueirão Portugal"
29476,"Externato Infantil e Primário ""O Beiral""",Lisboa,Lisboa,Jardim de Infância,https://escolabeiral.wixsite.com/beiral,,,"""Externato Infantil e Primário ""O Beiral"""" Lisboa Portugal"
29489,Externato de Nossa Senhora da Penha de França,Lisboa,Lisboa,Jardim de Infância,https://escoladevidro.pt/lescolas/externato-de-nossa-senhora-da-penha-de-franca/,yes,word matched in path not domain — verify,"""Externato de Nossa Senhora da Penha de França"" Lisboa Portugal"
29496,"Jardim Infantil ""O Girassol Dourado""",Queluz,Sintra,Jardim de Infância,https://www.servicospublicos.pt/servico-publico/8461/jardim-infantil-o-girassol-dourado,yes,word matched in path not domain — verify,"""Jardim Infantil ""O Girassol Dourado"""" Queluz Portugal"
29527,"Externato ""Rainha D. Estefânia""",Reboleira,Amadora,Jardim de Infância,https://www.paginasdenegocios.pt/component/mtree/escolas/externato-rainha-d-estefania?Itemid=,yes,word matched in path not domain — verify,"""Externato ""Rainha D. Estefânia"""" Reboleira Portugal"
29537,Escola Alemã do Estoril,Estoril,Cascais,Jardim de Infância,https://lissabon.diplo.de/pt-pt/themen/deutschlernen/ds-estoril-pt-2-1746720,yes,word matched in path not domain — verify,"""Escola Alemã do Estoril"" Estoril Portugal"
29538,Escola Alemã de Lisboa,Lisboa,Lisboa,Jardim de Infância,not found,,,"""Escola Alemã de Lisboa"" Lisboa Portugal"
29542,"Externato ""O Viveirinho""",Amadora,Amadora,Jardim de Infância,not found,,,"""Externato ""O Viveirinho"""" Amadora Portugal"
29552,Escola Selecta Prof. Doutor Amadeu Andrés,Lisboa,Lisboa,Jardim de Infância,https://www.directorioescolas.eu/escola/6852-escola-selecta-prof-doutor-amadeu-andres/,yes,word matched in path not domain — verify,"""Escola Selecta Prof. Doutor Amadeu Andrés"" Lisboa Portugal"
29563,"Colégio ""Dona Filipa""",Reboleira Sul,Amadora,Jardim de Infância,https://www.colegiodfilipa.com/,,,"""Colégio ""Dona Filipa"""" Reboleira Sul Portugal"
29574,"Colégio ""O Cocas""",Alhandra,Vila Franca de Xira,Jardim de Infância,https://caetanocalcada.wixsite.com/cocas,yes,word matched in path not domain — verify,"""Colégio ""O Cocas"""" Alhandra Portugal"
29582,Jardim de Infância os Meus Amigos,Agualva-Cacém,Sintra,Jardim de Infância,https://escoladevidro.pt/lescolas/jardim-de-infancia-os-meus-amigos/,yes,word matched in path not domain — verify,"""Jardim de Infância os Meus Amigos"" Agualva-Cacém Portugal"
29583,Associação Unidos de Cabo Verde,Encosta do Sol,Amadora,Jardim de Infância,not found,,,"""Associação Unidos de Cabo Verde"" Encosta do Sol Portugal"
29593,"""O Bosque"" Jardim Escola",Lisboa,Lisboa,Jardim de Infância,https://colegiobosque.pt/,,,"""""O Bosque"" Jardim Escola"" Lisboa Portugal"
29608,"Externato ""Os Fofinhos""",Lisboa,Lisboa,Jardim de Infância,not found,,,"""Externato ""Os Fofinhos"""" Lisboa Portugal"
29614,Jardim de Infância Associação de Educação Popular Zambujal,Zambujal,Cascais,Jardim de Infância,https://escoladevidro.pt/lescolas/jardim-de-infancia-associacao-de-educacao-popular-zambujal/,yes,word matched in path not domain — verify,"""Jardim de Infância Associação de Educação Popular Zambujal"" Zambujal Portugal"
29618,"Jardim de Infância ""As 4 Estações""",Massamá,Sintra,Jardim de Infância,https://www.servicospublicos.pt/servico-publico/8467/jardim-de-infancia-as-4-estacoes,yes,word matched in path not domain — verify,"""Jardim de Infância ""As 4 Estações"""" Massamá Portugal"
29621,"Jardim de Infância ""O Caracol Pimpão""",Amadora,Amadora,Jardim de Infância,https://www.municipiosefreguesias.pt/entidade/198954/jardim-de-infancia-o-caracol-pimpao--amadora,yes,word matched in path not domain — verify,"""Jardim de Infância ""O Caracol Pimpão"""" Amadora Portugal"
29628,"Externato ""O Pirilampo""",Odivelas,Odivelas,Jardim de Infância,https://www.mais.pt/atividadesindical/Servicos/DescontosparaSocios/Pages/O-Pirilampo-(Odivelas).aspx,yes,word matched in path not domain — verify,"""Externato ""O Pirilampo"""" Odivelas Portugal"
29630,"Jardim de Infância ""A Nova Escola""",Agualva-Cacém,Sintra,Jardim de Infância,not found,,,"""Jardim de Infância ""A Nova Escola"""" Agualva-Cacém Portugal"
29631,"Externato ""Roque Gameiro""",Damaia,Amadora,Jardim de Infância,not found,,,"""Externato ""Roque Gameiro"""" Damaia Portugal"
29675,Centro Social Paroquial de Santa Marta do Casal de Cambra,Casal de Cambra,Sintra,Jardim de Infância,https://www.waze.com/live-map/directions/pt/lisboa/casal-de-cambra/centro-social-paroquial-de-santa-marta-do-casal-de-cambra?to=place.ChIJ7b5dz47SHg0RLBRltyUkXzs,yes,word matched in path not domain — verify,"""Centro Social Paroquial de Santa Marta do Casal de Cambra"" Casal de Cambra Portugal"
29700,"Jardim Infantil ""O Pinhão""",Sintra,Sintra,Jardim de Infância,https://www.opinhao.com/,,,"""Jardim Infantil ""O Pinhão"""" Sintra Portugal"
29704,"Externato ""Santa Francisca""",Lisboa,Lisboa,Jardim de Infância,https://informacoeseservicos.lisboa.pt/contactos/diretorio-da-cidade/externato-santa-francisca,yes,word matched in path not domain — verify,"""Externato ""Santa Francisca"""" Lisboa Portugal"
29725,Jardim de Infância Krexe e Muito Mais,Rio de Mouro,Sintra,Jardim de Infância,https://www.directorioescolas.eu/escola/7708-jardim-de-infancia-krexe-e-muito-mais/,yes,word matched in path not domain — verify,"""Jardim de Infância Krexe e Muito Mais"" Rio de Mouro Portugal"
29732,Jardim de Infância Escolinha 7,Amadora,Amadora,Jardim de Infância,https://www.municipiosefreguesias.pt/entidade/2327/jardim-de-infancia-escolinha-7,yes,word matched in path not domain — verify,"""Jardim de Infância Escolinha 7"" Amadora Portugal"
29745,Jardim de Infância Fantasias e Letras,Tires,Cascais,Jardim de Infância,not found,,,"""Jardim de Infância Fantasias e Letras"" Tires Portugal"
29753,"Externato ""A Colina do Sol""",Brandoa,Amadora,Jardim de Infância,https://externatocolinadosol.weebly.com/contactos.html,,,"""Externato ""A Colina do Sol"""" Brandoa Portugal"
29783,"Externato ""O Caracol""",Amadora,Amadora,Jardim de Infância,https://www.primeiraimagem.com/externato-o-caracol.php,yes,word matched in path not domain — verify,"""Externato ""O Caracol"""" Amadora Portugal"
29785,Parque Encantado Lda.,Lisboa,Lisboa,Jardim de Infância,not found,,,"""Parque Encantado Lda."" Lisboa Portugal"
29797,"Externato ""Aljubarrota""",Amadora,Amadora,Jardim de Infância,not found,,,"""Externato ""Aljubarrota"""" Amadora Portugal"
29799,Instituto Espanhol de Lisboa,Dafundo,Oeiras,Jardim de Infância,https://www.guiadacidade.pt/pt/e/instituto-espanhol-de-lisboa-3437,yes,word matched in path not domain — verify,"""Instituto Espanhol de Lisboa"" Dafundo Portugal"
29813,Ass. Actividades Tempos Livres de Bolonha - Pré-Escolar,Póvoa de Santa Iria,Vila Franca de Xira,Jardim de Infância,not found,,,"""Ass. Actividades Tempos Livres de Bolonha - Pré-Escolar"" Póvoa de Santa Iria Portugal"
29942,Escola Básica do Barro,Barro,Torres Vedras,Jardim de Infância,https://escoladevidro.pt/lescolas/escola-basica-do-barro-torres-vedras/,yes,word matched in path not domain — verify,"""Escola Básica do Barro"" Barro Portugal"
29943,Jardim de Infância de Casalinhos de Alfaiata,Casalinhos de Alfaiata,Torres Vedras,Jardim de Infância,https://ecoescolas.abaae.pt/escola/jardim-de-infancia-de-casalinhos-de-alfaiata/,yes,word matched in path not domain — verify,"""Jardim de Infância de Casalinhos de Alfaiata"" Casalinhos de Alfaiata Portugal"
29944,Jardim de Infância de Cambelas,São Pedro da Cadeira,Torres Vedras,Jardim de Infância,https://escoladevidro.pt/lescolas/jardim-de-infancia-de-cambelas-torres-vedras/,yes,word matched in path not domain — verify,"""Jardim de Infância de Cambelas"" São Pedro da Cadeira Portugal"
29946,Jardim de Infância da Serra da Vila,"Serra da Vila, Torres Vedras",Torres Vedras,Jardim de Infância,https://www.servicospublicos.pt/servico-publico/2839/escola-basica-da-serra-da-vila--torres-vedras,yes,word matched in path not domain — verify,"""Jardim de Infância da Serra da Vila"" Serra da Vila, Torres Vedras Portugal"
29947,Jardim de Infância da Boavista - Silveira,Silveira,Torres Vedras,Jardim de Infância,https://escoladevidro.pt/lescolas/jardim-de-infancia-da-boavista-silveira-torres-vedras/,yes,word matched in path not domain — verify,"""Jardim de Infância da Boavista - Silveira"" Silveira Portugal"
29948,Escola Básica do Varatojo,Varatojo,Torres Vedras,Jardim de Infância,https://www.servicospublicos.pt/servico-publico/3117/escola-basica-do-varatojo--torres-vedras,yes,word matched in path not domain — verify,"""Escola Básica do Varatojo"" Varatojo Portugal"
29950,Escola Básica da Carvoeira,Carvoeira,Torres Vedras,Jardim de Infância,https://escoladevidro.pt/lescolas/escola-basica-da-carvoeira-torres-vedras/,yes,word matched in path not domain — verify,"""Escola Básica da Carvoeira"" Carvoeira Portugal"
29951,Escola Básica de Santa Cruz,Santa Cruz,Torres Vedras,Jardim de Infância,https://arquivos.rtp.pt/conteudos/20o-aniversario-da-escola-de-santa-cruz/,yes,word matched in path not domain — verify,"""Escola Básica de Santa Cruz"" Santa Cruz Portugal"
29965,Escola Básica de Chão do Sapo,Chão do Sapo,Cadaval,Jardim de Infância,https://escoladevidro.pt/lescolas/escola-basica-de-chao-do-sapo-cadaval/,yes,word matched in path not domain — verify,"""Escola Básica de Chão do Sapo"" Chão do Sapo Portugal"
29966,Escola Básica do Painho,Painho,Cadaval,Jardim de Infância,https://escoladevidro.pt/lescolas/escola-basica-do-painho-cadaval/,yes,word matched in path not domain — verify,"""Escola Básica do Painho"" Painho Portugal"
29967,Escola Básica de Alguber,Alguber,Cadaval,Jardim de Infância,not found,,,"""Escola Básica de Alguber"" Alguber Portugal"
29969,Escola Básica da Murteira,Murteira,Cadaval,Jardim de Infância,https://www.waze.com/live-map/directions/pt/aveiro/arada/escola-basica-da-murteira?to=place.ChIJy13xLqKHIw0RPRx5FNFyPPU,yes,word matched in path not domain — verify,"""Escola Básica da Murteira"" Murteira Portugal"
30001,Escola Básica de Paredes,Alenquer,Alenquer,Jardim de Infância,not found,,,"""Escola Básica de Paredes"" Alenquer Portugal"
30037,Jardim de Infância do Lumiar,Lisboa,Lisboa,Jardim de Infância,https://informacoeseservicos.lisboa.pt/contactos/diretorio-da-cidade/jardim-de-infancia-do-lumiar,yes,word matched in path not domain — verify,"""Jardim de Infância do Lumiar"" Lisboa Portugal"
30041,Jardim de Infância N.º 1 de Alverca do Ribatejo,Alverca,Vila Franca de Xira,Jardim de Infância,not found,,,"""Jardim de Infância N.º 1 de Alverca do Ribatejo"" Alverca Portugal"
30062,Jardim de Infância da Torre,Cascais,Cascais,Jardim de Infância,https://www.torreguia.pt/images/pdfs/Relat_Atividades_Contas_2021.pdf,,,"""Jardim de Infância da Torre"" Cascais Portugal"
30069,Escola Básica Quinta de São José,Póvoa de Santo Adrião,Odivelas,Jardim de Infância,https://emlista.pt/escolas-basicas/odivelas-escola-basica-quinta-de-sao-jose/12420,yes,word matched in path not domain — verify,"""Escola Básica Quinta de São José"" Póvoa de Santo Adrião Portugal"
30070,Escola Básica Barbosa Du Bocage,Póvoa de Santo Adrião,Odivelas,Jardim de Infância,not found,,,"""Escola Básica Barbosa Du Bocage"" Póvoa de Santo Adrião Portugal"
30090,Jardim de Infância de Aldeia Grande,Aldeia Grande,Torres Vedras,Jardim de Infância,https://escoladevidro.pt/lescolas/jardim-de-infancia-de-aldeia-grande-torres-vedras/,yes,word matched in path not domain — verify,"""Jardim de Infância de Aldeia Grande"" Aldeia Grande Portugal"
30092,Jardim de Infância de Matacães,Matacães,Torres Vedras,Jardim de Infância,not found,,,"""Jardim de Infância de Matacães"" Matacães Portugal"
30104,Jardim de Infância de a-Dos-Cunhados,A-Dos-Cunhados,Torres Vedras,Jardim de Infância,https://www.uf-adoscunhados-maceira.pt/educacao/,,,"""Jardim de Infância de a-Dos-Cunhados"" A-Dos-Cunhados Portugal"
30105,Escola Básica da Póvoa de Penafirme,Póvoa de Penafirme,Torres Vedras,Jardim de Infância,https://escoladevidro.pt/lescolas/escola-basica-da-povoa-de-penafirme-torres-vedras/,yes,word matched in path not domain — verify,"""Escola Básica da Póvoa de Penafirme"" Póvoa de Penafirme Portugal"
30107,Jardim de Infância da Ponte do Rol,Ponte do Rol,Torres Vedras,Jardim de Infância,https://www.investir-tvedras.pt/noticias/detalhes/atividade-de-proximidade-na-freguesia-de-ponte-do-rol,yes,word matched in path not domain — verify,"""Jardim de Infância da Ponte do Rol"" Ponte do Rol Portugal"
30108,Jardim de Infância da Boavista - Olheiros,Boavista,Torres Vedras,Jardim de Infância,https://escoladevidro.pt/lescolas/jardim-de-infancia-da-boavista-olheiros-torres-vedras/,yes,word matched in path not domain — verify,"""Jardim de Infância da Boavista - Olheiros"" Boavista Portugal"
30109,Jardim de Infância da Ribeira de Pedrulhos,Torres Vedras,Torres Vedras,Jardim de Infância,https://escoladevidro.pt/lescolas/jardim-de-infancia-da-ribeira-de-pedrulhos-torres-vedras/,yes,word matched in path not domain — verify,"""Jardim de Infância da Ribeira de Pedrulhos"" Torres Vedras Portugal"
30110,Jardim de Infância do Sobreiro Curvo,Sobreiro Curvo,Torres Vedras,Jardim de Infância,not found,,,"""Jardim de Infância do Sobreiro Curvo"" Sobreiro Curvo Portugal"
30111,Jardim de Infância da Fonte Grada,Fonte Grada,Torres Vedras,Jardim de Infância,https://escoladevidro.pt/lescolas/jardim-de-infancia-da-fonte-grada-torres-vedras/,yes,word matched in path not domain — verify,"""Jardim de Infância da Fonte Grada"" Fonte Grada Portugal"
30115,"Jardim de Infância de Cotovios, a-De-Freire",S. João dos Montes,Vila Franca de Xira,Jardim de Infância,https://escoladevidro.pt/lescolas/jardim-de-infancia-de-cotovios-a-de-freire-vila-franca-de-xira/,yes,word matched in path not domain — verify,"""Jardim de Infância de Cotovios, a-De-Freire"" S. João dos Montes Portugal"
30116,Jardim de Infância de Alhandra,Alhandra,Vila Franca de Xira,Jardim de Infância,not found,,,"""Jardim de Infância de Alhandra"" Alhandra Portugal"
30117,JI Manique do Intendente,Manique do Intendente,Azambuja,Jardim de Infância,not found,,,"""JI Manique do Intendente"" Manique do Intendente Portugal"
30118,Centro Escolar Alcoentre,,Azambuja,Jardim de Infância,https://agendadeconcertos.com/festa/natal-de-alcoentre/,yes,word matched in path not domain — verify,"""Centro Escolar Alcoentre"" Azambuja Portugal"
30122,Escola Básica de Tires,Tires,Cascais,Jardim de Infância,https://escoladevidro.pt/lescolas/escola-basica-de-tires-cascais/,yes,word matched in path not domain — verify,"""Escola Básica de Tires"" Tires Portugal"
30123,Escola Básica Padre Agostinho da Silva,Tires,Cascais,Jardim de Infância,https://escoladevidro.pt/lescolas/escola-basica-padre-agostinho-da-silva-tires-cascais/,yes,word matched in path not domain — verify,"""Escola Básica Padre Agostinho da Silva"" Tires Portugal"
30124,Escola Básica do Alto da Peça,Alcabideche,Cascais,Jardim de Infância,https://escoladevidro.pt/lescolas/escola-basica-do-alto-da-peca-alcabideche-cascais/,yes,word matched in path not domain — verify,"""Escola Básica do Alto da Peça"" Alcabideche Portugal"
30126,Jardim de Infância Fátima Campino,Alcoitão,Cascais,Jardim de Infância,https://escoladevidro.pt/lescolas/jardim-de-infancia-fatima-campino-alcoitao-cascais/,yes,word matched in path not domain — verify,"""Jardim de Infância Fátima Campino"" Alcoitão Portugal"
30156,Jardim de Infância de Bucelas,Bucelas,Loures,Jardim de Infância,not found,,,"""Jardim de Infância de Bucelas"" Bucelas Portugal"
30235,Jardim de Infância das Azenhas dos Tanoeiros,,Mafra,Jardim de Infância,not found,,,"""Jardim de Infância das Azenhas dos Tanoeiros"" Mafra Portugal"
30236,Jardim de Infância do Barril,Barril,Mafra,Jardim de Infância,not found,,,"""Jardim de Infância do Barril"" Barril Portugal"
30237,Jardim de Infância da Encarnação,Encarnação,Mafra,Jardim de Infância,https://escoladevidro.pt/lescolas/jardim-de-infancia-da-encarnacao-mafra/,yes,word matched in path not domain — verify,"""Jardim de Infância da Encarnação"" Encarnação Portugal"
30238,Jardim de Infância de Ribamar,,Mafra,Jardim de Infância,https://mafra.infoisinfo.com.pt/ficha/jardim_de_infancia_de_ribamar/371054,yes,word matched in path not domain — verify,"""Jardim de Infância de Ribamar"" Mafra Portugal"
30239,Jardim de Infância de Santo Isidoro,Santo Isidoro,Mafra,Jardim de Infância,https://escoladevidro.pt/lescolas/jardim-de-infancia-de-santo-isidoro-mafra/,yes,word matched in path not domain — verify,"""Jardim de Infância de Santo Isidoro"" Santo Isidoro Portugal"
30355,Escola Básica Rosa Lobato Faria,,Lisboa,Jardim de Infância,https://informacoeseservicos.lisboa.pt/contactos/diretorio-da-cidade/escola-basica-rosa-lobato-faria,yes,word matched in path not domain — verify,"""Escola Básica Rosa Lobato Faria"" Lisboa Portugal"
30430,Jardim de Infância de Vialonga,,Vila Franca de Xira,Jardim de Infância,https://portal.aevialonga.edu.pt/home-2/escolas/,,,"""Jardim de Infância de Vialonga"" Vila Franca de Xira Portugal"
30431,Escola Básica de Alpriate,Alpriate,Vila Franca de Xira,Jardim de Infância,https://omirante.pt/sociedade/2025-12-02-obras-de-requalificacao-da-escola-basica-de-alpriate-vao-durar-mais-de-um-ano-78330921,yes,word matched in path not domain — verify,"""Escola Básica de Alpriate"" Alpriate Portugal"
30432,Escola Básica N.º 3 de Vialonga,Vialonga,Vila Franca de Xira,Jardim de Infância,https://portal.aevialonga.edu.pt/home-2/escolas/,,,"""Escola Básica N.º 3 de Vialonga"" Vialonga Portugal"
30649,Escola Básica Engenheiro Duarte Pacheco,Beato,Lisboa,Jardim de Infância,https://informacoeseservicos.lisboa.pt/contactos/diretorio-da-cidade/escola-basica-engenheiro-duarte-pacheco,yes,word matched in path not domain — verify,"""Escola Básica Engenheiro Duarte Pacheco"" Beato Portugal"
30650,Escola Básica do Bairro do Armador,Lisboa,Lisboa,Jardim de Infância,https://escoladevidro.pt/lescolas/escola-basica-do-bairro-do-armador-lisboa/,yes,word matched in path not domain — verify,"""Escola Básica do Bairro do Armador"" Lisboa Portugal"
30818,"Externato ""Luso-Britânico""",Lisboa,Lisboa,Jardim de Infância,https://externatolusobritanico.pt/,,,"""Externato ""Luso-Britânico"""" Lisboa Portugal"
31022,Escola Básica Santo António,Lisboa,Lisboa,Jardim de Infância,https://informacoeseservicos.lisboa.pt/contactos/diretorio-da-cidade/escola-basica-santo-antonio,yes,word matched in path not domain — verify,"""Escola Básica Santo António"" Lisboa Portugal"
31033,"Escola Básica Aprígio Gomes, Mina",Amadora,Amadora,Jardim de Infância,https://escoladevidro.pt/lescolas/escola-basica-aprigio-gomes-mina-amadora/,yes,word matched in path not domain — verify,"""Escola Básica Aprígio Gomes, Mina"" Amadora Portugal"
31034,"Jardim de Infância do Cerrado da Bica, Mina",Cerrado da Bica,Amadora,Jardim de Infância,https://escoladevidro.pt/lescolas/jardim-de-infancia-do-cerrado-da-bica-mina-amadora/,yes,word matched in path not domain — verify,"""Jardim de Infância do Cerrado da Bica, Mina"" Cerrado da Bica Portugal"
31051,Jardim de Infância da Serra da Silveira,Belas,Sintra,Jardim de Infância,https://www.servicospublicos.pt/servico-publico/2325/escola-basica-n---5-de-belas--serra-da-silveira--sintra,yes,word matched in path not domain — verify,"""Jardim de Infância da Serra da Silveira"" Belas Portugal"
31052,Escola Básica de São Miguel de Alcainça,Alcainça,Mafra,Jardim de Infância,not found,,,"""Escola Básica de São Miguel de Alcainça"" Alcainça Portugal"
31054,Jardim de Infância de Barreiralva,Barreiralva,Mafra,Jardim de Infância,not found,,,"""Jardim de Infância de Barreiralva"" Barreiralva Portugal"
31055,Jardim de Infância do Quintal,Quintal,Mafra,Jardim de Infância,https://www.waze.com/live-map/directions/pt/lisboa/mafra/jardim-de-infancia-do-quintal?to=place.ChIJdS8kyMvZHg0R0bilTVOXKRk,yes,word matched in path not domain — verify,"""Jardim de Infância do Quintal"" Quintal Portugal"
31056,Escola Básica Dr. Sanches de Brito,A-Da-Pêrra,Mafra,Jardim de Infância,not found,,,"""Escola Básica Dr. Sanches de Brito"" A-Da-Pêrra Portugal"
31057,"Escola Básica das Freguesias de Igreja Nova e Cheleiros, Igreja Nova",Mafra,Mafra,Jardim de Infância,https://escoladevidro.pt/lescolas/escola-basica-das-freguesias-de-igreja-nova-e-cheleiros-igreja-nova-mafra/,yes,word matched in path not domain — verify,"""Escola Básica das Freguesias de Igreja Nova e Cheleiros, Igreja Nova"" Mafra Portugal"
31058,Jardim de Infância de Mafra,Mafra,Mafra,Jardim de Infância,https://www.aemafra.edu.pt/matriculas,,,"""Jardim de Infância de Mafra"" Mafra Portugal"
31065,"Jardim de Infância do Bairro Padre Cruz, Lisboa",,Lisboa,Jardim de Infância,https://escoladevidro.pt/lescolas/jardim-de-infancia-do-bairro-padre-cruz-lisboa/,yes,word matched in path not domain — verify,"""Jardim de Infância do Bairro Padre Cruz, Lisboa"" Lisboa Portugal"
31096,Escola Básica da Fonte Santa,Loures,Loures,Jardim de Infância,not found,,,"""Escola Básica da Fonte Santa"" Loures Portugal"
31097,"Jardim de Infância de Salemas, Loures",Salemas,Torre de Moncorvo,Jardim de Infância,https://escoladevidro.pt/lescolas/jardim-de-infancia-de-salemas-loures/,yes,word matched in path not domain — verify,"""Jardim de Infância de Salemas, Loures"" Salemas Portugal"
31098,"Escola Básica de Lousa, Loures",Lousa,Torre de Moncorvo,Jardim de Infância,https://escoladevidro.pt/lescolas/escola-basica-de-lousa-loures/,yes,word matched in path not domain — verify,"""Escola Básica de Lousa, Loures"" Lousa Portugal"
31099,Escola Básica de Montemor,Montemor,Loures,Jardim de Infância,https://www.aemontemor.pt/wp-content/uploads/2025/10/Regulamento-Interno-25-29.pdf,,,"""Escola Básica de Montemor"" Montemor Portugal"
31100,Escola Básica de Casainhos,Casainhos,Loures,Jardim de Infância,https://escoladevidro.pt/lescolas/escola-basica-de-casainhos-loures/,yes,word matched in path not domain — verify,"""Escola Básica de Casainhos"" Casainhos Portugal"
31101,Escola Básica Cabeço de Montachique,Cabeço de Montachique,Torre de Moncorvo,Jardim de Infância,not found,,,"""Escola Básica Cabeço de Montachique"" Cabeço de Montachique Portugal"
31108,Escola Básica do Parque Silva Porto,Lisboa,Lisboa,Jardim de Infância,https://www.municipiosefreguesias.pt/entidade/5199/escola-basica-do-parque-silva-porto,yes,word matched in path not domain — verify,"""Escola Básica do Parque Silva Porto"" Lisboa Portugal"
31110,Escola Básica N.º 1 do Bom Retiro,Vila Franca de Xira,Vila Franca de Xira,Jardim de Infância,https://escoladevidro.pt/lescolas/escola-basica-n-o-1-do-bom-retiro-vila-franca-de-xira/,yes,word matched in path not domain — verify,"""Escola Básica N.º 1 do Bom Retiro"" Vila Franca de Xira Portugal"
31111,Escola Básica N.º4 de Vila Franca de Xira,Bairro do Paraíso,Vila Franca de Xira,Jardim de Infância,https://www.directorioescolas.eu/escola/7755-escola-basica-n-4-de-vila-franca-de-xira/,yes,word matched in path not domain — verify,"""Escola Básica N.º4 de Vila Franca de Xira"" Bairro do Paraíso Portugal"
31112,Escola Básica João Villaret,Ramada,Odivelas,Jardim de Infância,not found,,,"""Escola Básica João Villaret"" Ramada Portugal"
31113,Escola Básica de Casal dos Apréstimos,Ramada,Odivelas,Jardim de Infância,https://www.municipiosefreguesias.pt/entidade/585505/escola-basica-de-casal-dos-aprestimos--ramada--odivelas---pre-escolar-e-jardim-de-infancia,yes,word matched in path not domain — verify,"""Escola Básica de Casal dos Apréstimos"" Ramada Portugal"
31114,"Escola Básica Artur Alves Cardoso, Caneças",Campos,Odivelas,Jardim de Infância,https://aecanecas.com/images/docs/Regulamento_Interno_CG_28_3_2014_alt_7_2019_e_7_2020.pdf,,,"""Escola Básica Artur Alves Cardoso, Caneças"" Campos Portugal"
31115,Escola Básica do 1ºciclo C/ JI do Infantado,Loures,Loures,Jardim de Infância,not found,,,"""Escola Básica do 1ºciclo C/ JI do Infantado"" Loures Portugal"
31116,Escola Básica do 1ºciclo C/ JI de Santo Antão do Tojal,Santo Antão do Tojal,Loures,Jardim de Infância,not found,,,"""Escola Básica do 1ºciclo C/ JI de Santo Antão do Tojal"" Santo Antão do Tojal Portugal"
31117,Jardim de Infância de Pintéus,Pintéus,Loures,Jardim de Infância,https://escoladevidro.pt/lescolas/jardim-de-infancia-de-pinteus-loures/,yes,word matched in path not domain — verify,"""Jardim de Infância de Pintéus"" Pintéus Portugal"
31118,Escola Básica do 1ºciclo C/ JI de à-Das-Lebres,Santo Antão do Tojal,Loures,Jardim de Infância,not found,,,"""Escola Básica do 1ºciclo C/ JI de à-Das-Lebres"" Santo Antão do Tojal Portugal"
31119,Escola Básica do 1ºciclo C/ JI de São Julião do Tojal,São Julião do Tojal,Loures,Jardim de Infância,not found,,,"""Escola Básica do 1ºciclo C/ JI de São Julião do Tojal"" São Julião do Tojal Portugal"
31120,Jardim de Infância da Manjoeira,Santo Antão do Tojal,Loures,Jardim de Infância,not found,,,"""Jardim de Infância da Manjoeira"" Santo Antão do Tojal Portugal"
31121,Escola Básica do 1ºciclo C/ JI do Zambujal,São Julião do Tojal,Loures,Jardim de Infância,not found,,,"""Escola Básica do 1ºciclo C/ JI do Zambujal"" São Julião do Tojal Portugal"
31122,Jardim de Infância Dr. João dos Santos,Odivelas,Odivelas,Jardim de Infância,https://www.municipiosefreguesias.pt/entidade/585558/jardim-de-infancia-dr--joao-dos-santos---pre-escolar-e-jardim-de-infancia,yes,word matched in path not domain — verify,"""Jardim de Infância Dr. João dos Santos"" Odivelas Portugal"
31123,Escola Básica de Porto Pinheiro,Odivelas,Odivelas,Jardim de Infância,not found,,,"""Escola Básica de Porto Pinheiro"" Odivelas Portugal"
31124,Escola Básica da Malveira,Malveira,Mafra,Jardim de Infância,not found,,,"""Escola Básica da Malveira"" Malveira Portugal"
31125,Jardim de Infância do Gradil,Gradil,Mafra,Jardim de Infância,https://moovitapp.com/index/pt/transportes_p%C3%BAblicos-Jardim_de_Inf%C3%A2ncia_do_Gradil-Lisboa-site_195546214-2460,yes,word matched in path not domain — verify,"""Jardim de Infância do Gradil"" Gradil Portugal"
31126,Jardim de Infância N.º 1 de Benfica,Lisboa,Lisboa,Jardim de Infância,https://www.lisboa.pt/pontos-de-interesse/detalhe/jardim-de-infancia-no-1-de-benfica,yes,word matched in path not domain — verify,"""Jardim de Infância N.º 1 de Benfica"" Lisboa Portugal"
31127,Jardim de Infância da Várzea de Sintra,Várzea de Sintra,Sintra,Jardim de Infância,https://uniaodasfreguesias-sintra.pt/author/ufsintr/page/138/,,,"""Jardim de Infância da Várzea de Sintra"" Várzea de Sintra Portugal"
31128,Jardim de Infância N.º 1 de Casal de Cambra,-Sintra,Sintra,Jardim de Infância,not found,,,"""Jardim de Infância N.º 1 de Casal de Cambra"" -Sintra Portugal"
31129,Escola Básica da Alta de Lisboa,Lisboa,Lisboa,Jardim de Infância,https://www.lisboa.pt/temas/educacao/programas,,,"""Escola Básica da Alta de Lisboa"" Lisboa Portugal"
31130,Escola Básica do Bairro Madre de Deus,Lisboa,Lisboa,Jardim de Infância,not found,,,"""Escola Básica do Bairro Madre de Deus"" Lisboa Portugal"
31131,Escola Básica Padre Abel Varzim,Lisboa,Lisboa,Jardim de Infância,https://informacoeseservicos.lisboa.pt/contactos/diretorio-da-cidade/escola-basica-padre-abel-varzim,yes,word matched in path not domain — verify,"""Escola Básica Padre Abel Varzim"" Lisboa Portugal"
31138,Escola Básica de Santo Condestável,Lisboa,Lisboa,Jardim de Infância,not found,,,"""Escola Básica de Santo Condestável"" Lisboa Portugal"
31140,Jardim de Infância Luísa Ducla Soares,Algés,Oeiras,Jardim de Infância,https://www.uniao-alcd.pt/diretorio-de-intituicoes-e-entidades/328-jardim-de-infancia-luisa-ducla-soares.html,yes,word matched in path not domain — verify,"""Jardim de Infância Luísa Ducla Soares"" Algés Portugal"
31141,Escola Básica da Quinta das Dálias,Famões,Odivelas,Jardim de Infância,https://moovitapp.com/index/pt/transportes_p%C3%BAblicos-Escola_B%C3%A1sica_da_Quinta_das_D%C3%A1lias_Fam%C3%B5es_Odivelas-Lisboa-site_235770710-2460,yes,word matched in path not domain — verify,"""Escola Básica da Quinta das Dálias"" Famões Portugal"
31142,Escola Básica Manuel Beça Múrias,Oeiras,Oeiras,Jardim de Infância,https://www.apbecamurias.pt/,,,"""Escola Básica Manuel Beça Múrias"" Oeiras Portugal"
31143,Jardim de Infância da Bobadela,Bobadela,Loures,Jardim de Infância,not found,,,"""Jardim de Infância da Bobadela"" Bobadela Portugal"
31144,Jardim de Infância de Palmeiros,Palmeiros,Sintra,Jardim de Infância,https://escoladevidro.pt/lescolas/jardim-de-infancia-de-palmeiros-sintra/,yes,word matched in path not domain — verify,"""Jardim de Infância de Palmeiros"" Palmeiros Portugal"
31145,Jardim de Infância de Morelena,Morelena,Sintra,Jardim de Infância,https://escoladevidro.pt/lescolas/jardim-de-infancia-de-morelena-sintra/,yes,word matched in path not domain — verify,"""Jardim de Infância de Morelena"" Morelena Portugal"
31146,Jardim de Infância de Montelavar,Montelavar,Sintra,Jardim de Infância,https://escoladevidro.pt/lescolas/jardim-de-infancia-de-montelavar-sintra/,yes,word matched in path not domain — verify,"""Jardim de Infância de Montelavar"" Montelavar Portugal"
31151,EB1/JI Sá de Miranda,Oeiras,Oeiras,Jardim de Infância,http://apeesademiranda.pt/,,,"""EB1/JI Sá de Miranda"" Oeiras Portugal"
31152,JI/EB Antero Basalisa,Carnaxide,Oeiras,Jardim de Infância,https://ko-portugal.europe-places.com/places/apjiebc-associacao-de-pais-jieb-antero-basalisa-2790-121-carnaxide,yes,word matched in path not domain — verify,"""JI/EB Antero Basalisa"" Carnaxide Portugal"
31153,Jardim de Infância da Quinta de São José,Sacavém,Loures,Jardim de Infância,https://escoladevidro.pt/lescolas/jardim-de-infancia-da-quinta-de-sao-jose-sacavem-loures/,yes,word matched in path not domain — verify,"""Jardim de Infância da Quinta de São José"" Sacavém Portugal"
31154,Escola Básica de Sacavém,Sacavém,Loures,Jardim de Infância,not found,,,"""Escola Básica de Sacavém"" Sacavém Portugal"
31155,Jardim de Infância de Terraços da Ponte,Sacavém,Loures,Jardim de Infância,https://www.directorioescolas.eu/escola/7265-jardim-de-infancia-de-terracos-da-ponte-sacavem-loures/,yes,word matched in path not domain — verify,"""Jardim de Infância de Terraços da Ponte"" Sacavém Portugal"
31156,Escola Básica Manuel Teixeira Gomes,,Lisboa,Jardim de Infância,https://informacoeseservicos.lisboa.pt/contactos/diretorio-da-cidade/escola-basica-manuel-teixeira-gomes,yes,word matched in path not domain — verify,"""Escola Básica Manuel Teixeira Gomes"" Lisboa Portugal"
31157,Escola Básica Alice Vieira,,Lisboa,Jardim de Infância,https://informacoeseservicos.lisboa.pt/contactos/diretorio-da-cidade/escola-basica-alice-vieira,yes,word matched in path not domain — verify,"""Escola Básica Alice Vieira"" Lisboa Portugal"
31162,Escola Básica N.º 195 de Lisboa,Lisboa,Lisboa,Jardim de Infância,https://www.lisboasru.pt/portfolio-collections/my-portfolio/requalificac%CC%A7a%CC%83o-da-escola-ba%CC%81sica-n%C2%BA-195-de-lisboa,,,"""Escola Básica N.º 195 de Lisboa"" Lisboa Portugal"
31163,Escola Básica Luiza Neto Jorge,Lisboa,Lisboa,Jardim de Infância,https://informacoeseservicos.lisboa.pt/contactos/diretorio-da-cidade/escola-basica-luiza-neto-jorge,yes,word matched in path not domain — verify,"""Escola Básica Luiza Neto Jorge"" Lisboa Portugal"
31164,Jardim de Infância N.º 2 da Brandoa,Brandoa,Amadora,Jardim de Infância,not found,,,"""Jardim de Infância N.º 2 da Brandoa"" Brandoa Portugal"
31174,Escola Básica da Flamenga,Flamenga,Loures,Jardim de Infância,not found,,,"""Escola Básica da Flamenga"" Flamenga Portugal"
31175,Jardim de Infância de Frielas,Frielas,Loures,Jardim de Infância,not found,,,"""Jardim de Infância de Frielas"" Frielas Portugal"
31176,Escola Básica Paulino Montez / JI N.º 6,Lisboa,Lisboa,Jardim de Infância,https://revelar.lisboa.pt/explorar/locais-de-interesse/escola-basica-paulino-montez,yes,word matched in path not domain — verify,"""Escola Básica Paulino Montez / JI N.º 6"" Lisboa Portugal"
31177,Jardim de Infância de São Brás,São Brás,Amadora,Jardim de Infância,not found,,,"""Jardim de Infância de São Brás"" São Brás Portugal"
31178,Escola Básica do 1º Ciclo Pintora Maluda,Lisboa,Lisboa,Jardim de Infância,not found,,,"""Escola Básica do 1º Ciclo Pintora Maluda"" Lisboa Portugal"
31179,Escola Básica do 1º Ciclo Padre José Manuel Rocha e Melo,Lisboa,Lisboa,Jardim de Infância,not found,,,"""Escola Básica do 1º Ciclo Padre José Manuel Rocha e Melo"" Lisboa Portugal"
31184,Escola Básica Mestre Querubim Lapa,Lisboa,Lisboa,Jardim de Infância,https://informacoeseservicos.lisboa.pt/contactos/diretorio-da-cidade/escola-basica-mestre-querubim-lapa,yes,word matched in path not domain — verify,"""Escola Básica Mestre Querubim Lapa"" Lisboa Portugal"
31185,"Escola Básica Fernando Formigal de Morais, Varge Mondar",Rio de Mouro,Sintra,Jardim de Infância,https://escoladevidro.pt/lescolas/escola-basica-fernando-formigal-de-morais-varge-mondar-sintra/,yes,word matched in path not domain — verify,"""Escola Básica Fernando Formigal de Morais, Varge Mondar"" Rio de Mouro Portugal"
31186,Jardim de Infância da Conquinha,Torres Vedras,Torres Vedras,Jardim de Infância,https://escoladevidro.pt/lescolas/jardim-de-infancia-da-conquinha-torres-vedras/,yes,word matched in path not domain — verify,"""Jardim de Infância da Conquinha"" Torres Vedras Portugal"
31187,EB Carlos Bernardes,Turcifal,Torres Vedras,Jardim de Infância,not found,,,"""EB Carlos Bernardes"" Turcifal Portugal"
31189,Jardim de Infância do Sarge,Sarge,Torres Vedras,Jardim de Infância,https://escoladevidro.pt/lescolas/jardim-de-infancia-do-sarge-torres-vedras/,yes,word matched in path not domain — verify,"""Jardim de Infância do Sarge"" Sarge Portugal"
31190,Jardim de Infância da Damaia,Damaia,Amadora,Jardim de Infância,https://www.waze.com/live-map/directions/pt/lisboa/amadora/jardim-de-infancia-da-damaia?to=place.ChIJRcK2cljNHg0Rt-O_sV5nSTI,yes,word matched in path not domain — verify,"""Jardim de Infância da Damaia"" Damaia Portugal"
31199,Escola Básica D. Dinis N.º 1,Odivelas,Odivelas,Jardim de Infância,not found,,,"""Escola Básica D. Dinis N.º 1"" Odivelas Portugal"
31200,Jardim de Infância Álvaro de Campos,Odivelas,Odivelas,Jardim de Infância,https://agr-odivelas.pt/jardim-de-infancia-alvaro-de-campos/,yes,word matched in path not domain — verify,"""Jardim de Infância Álvaro de Campos"" Odivelas Portugal"
31201,Jardim de Infância Roque Gameiro,Quinta Nova,Odivelas,Jardim de Infância,https://www.municipiosefreguesias.pt/entidade/585561/jardim-de-infancia-roque-gameiro---pre-escolar-e-jardim-de-infancia,yes,word matched in path not domain — verify,"""Jardim de Infância Roque Gameiro"" Quinta Nova Portugal"
31202,Escola Básica António Nobre,,Lisboa,Jardim de Infância,https://www.waze.com/live-map/directions/pt/lisboa/lisboa/escola-basica-antonio-nobre?to=place.ChIJ-0QA5yUzGQ0RsRxMhcIOYfg,yes,word matched in path not domain — verify,"""Escola Básica António Nobre"" Lisboa Portugal"
31203,Escola Básica de Laranjeiras,Lisboa,Lisboa,Jardim de Infância,https://escoladevidro.pt/lescolas/escola-basica-de-laranjeiras-lisboa/,yes,word matched in path not domain — verify,"""Escola Básica de Laranjeiras"" Lisboa Portugal"
31214,Escola Básica C/Jardim-De-Infância Amélia Vieira Luís,Outurela,Oeiras,Jardim de Infância,not found,,,"""Escola Básica C/Jardim-De-Infância Amélia Vieira Luís"" Outurela Portugal"
31215,Jardim de Infância Tomás Ribeiro,Carnaxide,Oeiras,Jardim de Infância,https://www.aecarnaxideportela.pt/agrupamento/j-i-tomas-ribeiro,yes,word matched in path not domain — verify,"""Jardim de Infância Tomás Ribeiro"" Carnaxide Portugal"
31318,Escola Básica da Vala do Carregado,Vala do Carregado,Vila Franca de Xira,Jardim de Infância,https://escoladevidro.pt/lescolas/escola-basica-da-vala-do-carregado-vila-franca-de-xira/,yes,word matched in path not domain — verify,"""Escola Básica da Vala do Carregado"" Vala do Carregado Portugal"
31319,Escola Básica da Quinta da Cevadeira,Castanheira do Ribatejo,Vila Franca de Xira,Jardim de Infância,https://www.municipiosefreguesias.pt/entidade/3553/escola-basica-da-quinta-da-cevadeira,yes,word matched in path not domain — verify,"""Escola Básica da Quinta da Cevadeira"" Castanheira do Ribatejo Portugal"
31499,Escola Básica de Porto Salvo,Oeiras,Oeiras,Jardim de Infância,https://aearibeiro.edu.pt/escolas/escola-basica-e-jardim-de-infancia-de-porto-salvo/,yes,word matched in path not domain — verify,"""Escola Básica de Porto Salvo"" Oeiras Portugal"
31500,"Escola Básica Pedro Álvares Cabral, Porto Salvo",Porto Salvo -Talaíde,Oeiras,Jardim de Infância,https://emlista.pt/escolas-basicas/oeiras-escola-basica-pedro-alvares-cabral-porto-salvo/12271,yes,word matched in path not domain — verify,"""Escola Básica Pedro Álvares Cabral, Porto Salvo"" Porto Salvo -Talaíde Portugal"
31501,Escola Básica N.º 1 do Carregado,Carregado,Alenquer,Jardim de Infância,not found,,,"""Escola Básica N.º 1 do Carregado"" Carregado Portugal"
31516,Escola Básica São Miguel do Milharado,Milharado,Mafra,Jardim de Infância,https://escoladevidro.pt/lescolas/escola-basica-sao-miguel-do-milharado-milharado-mafra/,yes,word matched in path not domain — verify,"""Escola Básica São Miguel do Milharado"" Milharado Portugal"
31517,Jardim de Infância da Venda do Pinheiro,Venda do Pinheiro,Mafra,Jardim de Infância,https://ecoescolas.abaae.pt/escola/jardim-de-infancia-da-venda-do-pinheiro/,yes,word matched in path not domain — verify,"""Jardim de Infância da Venda do Pinheiro"" Venda do Pinheiro Portugal"
31518,Jardim de Infância Beatriz Costa,Charneca,Mafra,Jardim de Infância,not found,,,"""Jardim de Infância Beatriz Costa"" Charneca Portugal"
31519,Jardim de Infância do Milharado,Milharado,Mafra,Jardim de Infância,https://escoladevidro.pt/lescolas/jardim-de-infancia-do-milharado-mafra/,yes,word matched in path not domain — verify,"""Jardim de Infância do Milharado"" Milharado Portugal"
31520,Escola Básica de Santo Estevão das Galés,Santo Estêvão das Galés,Mafra,Jardim de Infância,https://www.schoolofthefuture.eu/en/school/escola-basica-de-santo-estevao-das-gales,yes,word matched in path not domain — verify,"""Escola Básica de Santo Estevão das Galés"" Santo Estêvão das Galés Portugal"
31521,Escola Básica Prof. João Dias Agudo,Póvoa da Galega,Mafra,Jardim de Infância,not found,,,"""Escola Básica Prof. João Dias Agudo"" Póvoa da Galega Portugal"
31554,Escola Básica 1ºciclo com Jardim de Infância de Seixal,Seixal,Gavião,Jardim de Infância,not found,,,"""Escola Básica 1ºciclo com Jardim de Infância de Seixal"" Seixal Portugal"
31555,Escola Básica C/ Jardim de Infância do Vimeiro,Vimeiro,Lourinhã,Jardim de Infância,not found,,,"""Escola Básica C/ Jardim de Infância do Vimeiro"" Vimeiro Portugal"
31577,Jardim de Infância de Merceana,Merceana,Alenquer,Jardim de Infância,not found,,,"""Jardim de Infância de Merceana"" Merceana Portugal"
31578,Jardim de Infância de Aldeia Gavinha,Aldeia Gavinha,Alenquer,Jardim de Infância,https://escoladevidro.pt/lescolas/jardim-de-infancia-de-aldeia-gavinha-alenquer/,yes,word matched in path not domain — verify,"""Jardim de Infância de Aldeia Gavinha"" Aldeia Gavinha Portugal"
31579,Jardim de Infância de Vila Verde dos Francos,Vila Verde dos Francos,Alenquer,Jardim de Infância,not found,,,"""Jardim de Infância de Vila Verde dos Francos"" Vila Verde dos Francos Portugal"
31580,"Jardim de Infância de Cortegana, Alenquer",Cortegana,Vouzela,Jardim de Infância,https://apoioperto.com/creches/alenquer/,yes,word matched in path not domain — verify,"""Jardim de Infância de Cortegana, Alenquer"" Cortegana Portugal"
31581,"Jardim de Infância da Labrugeira, Alenquer",Labrugeira,Vouzela,Jardim de Infância,https://apoioperto.com/concelho/alenquer/,yes,word matched in path not domain — verify,"""Jardim de Infância da Labrugeira, Alenquer"" Labrugeira Portugal"
31582,Jardim de Infância de Pereiro de Palhacana,Preiro da Palhacana,Alenquer,Jardim de Infância,https://escoladevidro.pt/lescolas/jardim-de-infancia-de-pereiro-de-palhacana-alenquer/,yes,word matched in path not domain — verify,"""Jardim de Infância de Pereiro de Palhacana"" Preiro da Palhacana Portugal"
31584,Jardim de Infância de Penafirme da Mata,Penafirme da Mata,Alenquer,Jardim de Infância,https://escoladevidro.pt/lescolas/jardim-de-infancia-de-penafirme-da-mata-alenquer/,yes,word matched in path not domain — verify,"""Jardim de Infância de Penafirme da Mata"" Penafirme da Mata Portugal"
31588,Escola Básica de Alvide,,Cascais,Jardim de Infância,https://aealvide.com/,,,"""Escola Básica de Alvide"" Cascais Portugal"
31589,Escola Básica Professor Manuel Gaião,Cascais,Cascais,Jardim de Infância,https://emlista.pt/escolas-basicas/cascais-escola-basica-professor-manuel-gaiao/12217,yes,word matched in path not domain — verify,"""Escola Básica Professor Manuel Gaião"" Cascais Portugal"
31607,Jardim de Infância de Carcavelos,Carcavelos,Cascais,Jardim de Infância,https://www.schoolofthefuture.eu/en/school/jardim-de-infancia-de-carcavelos,yes,word matched in path not domain — verify,"""Jardim de Infância de Carcavelos"" Carcavelos Portugal"
31608,Escola Básica de Sassoeiros,Carcavelos,Cascais,Jardim de Infância,https://www.municipiosefreguesias.pt/entidade/501414/escola-basica-de-sassoeiros,yes,word matched in path not domain — verify,"""Escola Básica de Sassoeiros"" Carcavelos Portugal"
31610,Jardim de Infância da Falagueira,Amadora,Amadora,Jardim de Infância,https://www.jf-falagueiravendanova.pt/territorio/rede-escolar/86-rede-publica/1464-jardim-de-infancia-da-falagueira,,,"""Jardim de Infância da Falagueira"" Amadora Portugal"
31612,"Escola Básica de Atalaia, Lourinhã",Atalaia,Gavião,Jardim de Infância,https://escoladevidro.pt/lescolas/escola-basica-de-atalaia-lourinha/,yes,word matched in path not domain — verify,"""Escola Básica de Atalaia, Lourinhã"" Atalaia Portugal"
31635,Centro Escolar da Sapataria,Sapataria,Sobral de Monte Agraço,Jardim de Infância,https://www.jf-sapataria.pt/freguesia/locais-a-visitar/4-escola_basica_de_sapataria,,,"""Centro Escolar da Sapataria"" Sapataria Portugal"
31636,Jardim de Infância de Pontes de Monfalim,Pontes de Monfalim,Sobral de Monte Agraço,Jardim de Infância,not found,,,"""Jardim de Infância de Pontes de Monfalim"" Pontes de Monfalim Portugal"
31640,Jardim de Infância Roberto Ivens,Dafundo,Oeiras,Jardim de Infância,not found,,,"""Jardim de Infância Roberto Ivens"" Dafundo Portugal"
31641,Jardim de Infância José Martins,Linda-A-Velha,Oeiras,Jardim de Infância,https://aearc.pt/agrupamento/ji-jose-martins/,yes,word matched in path not domain — verify,"""Jardim de Infância José Martins"" Linda-A-Velha Portugal"
31652,Escola Básica do Parque das Nações,Lisboa,Lisboa,Jardim de Infância,https://aeeq.weebly.com/parque-das-naccedilotildees.html,yes,word matched in path not domain — verify,"""Escola Básica do Parque das Nações"" Lisboa Portugal"
31724,Escola Básica Boavida Canada,Campo de Feira,Azambuja,Jardim de Infância,not found,,,"""Escola Básica Boavida Canada"" Campo de Feira Portugal"
31752,Escola Básica da Malveira da Serra,Alcabideche,Cascais,Jardim de Infância,https://www.servicospublicos.pt/servico-publico/532/escola-basica-da-malveira-da-serra--cascais,yes,word matched in path not domain — verify,"""Escola Básica da Malveira da Serra"" Alcabideche Portugal"
31753,Jardim de Infância de Murches,Alcabideche,Cascais,Jardim de Infância,https://aecidadela.pt/agrupamento/ji-de-murches/,yes,word matched in path not domain — verify,"""Jardim de Infância de Murches"" Alcabideche Portugal"
31754,Escola Básica do Cobre,Cobre,Cascais,Jardim de Infância,not found,,,"""Escola Básica do Cobre"" Cobre Portugal"
31900,Jardim de Infância de Telheiras,Lisboa,Lisboa,Jardim de Infância,https://informacoeseservicos.lisboa.pt/contactos/diretorio-da-cidade/jardim-de-infancia-telheiras,yes,word matched in path not domain — verify,"""Jardim de Infância de Telheiras"" Lisboa Portugal"
31910,Escola Básica Luz Carnide,Lisboa,Lisboa,Jardim de Infância,https://informacoeseservicos.lisboa.pt/contactos/diretorio-da-cidade/escola-basica-luz-carnide,yes,word matched in path not domain — verify,"""Escola Básica Luz Carnide"" Lisboa Portugal"
31920,Jardim de Infância Abecedário,Amadora,Amadora,Jardim de Infância,https://escoladevidro.pt/lescolas/jardim-de-infancia-abecedario/,yes,word matched in path not domain — verify,"""Jardim de Infância Abecedário"" Amadora Portugal"
31942,Colégio Marista de Carcavelos,Parede,Cascais,Jardim de Infância,https://marista-carcavelos.globaleduca.com/,,,"""Colégio Marista de Carcavelos"" Parede Portugal"
31944,Escola Básica de S. Pedro da Cadeira,S. Pedro da Cadeira,Torres Vedras,Jardim de Infância,https://ecoescolas.abaae.pt/escola/escola-basica-de-s-pedro-da-cadeira/,yes,word matched in path not domain — verify,"""Escola Básica de S. Pedro da Cadeira"" S. Pedro da Cadeira Portugal"
31957,JI de Miragaia,,Lourinhã,Jardim de Infância,not found,,,"""JI de Miragaia"" Lourinhã Portugal"
31958,EB 1 Moita dos Ferreiros,Moita dos Ferreiros,Lourinhã,Jardim de Infância,not found,,,"""EB 1 Moita dos Ferreiros"" Moita dos Ferreiros Portugal"
31959,EB 1 Reguengo Grande,Reguengo Grande,Lourinhã,Jardim de Infância,not found,,,"""EB 1 Reguengo Grande"" Reguengo Grande Portugal"
31961,EB 1 S. Bartolomeu dos Galegos,S. Bartolomeu dos Galegos,Lourinhã,Jardim de Infância,not found,,,"""EB 1 S. Bartolomeu dos Galegos"" S. Bartolomeu dos Galegos Portugal"
31969,JI da Cova da Moura,Amadora,Amadora,Jardim de Infância,not found,,,"""JI da Cova da Moura"" Amadora Portugal"
31970,EB1/JI Águas Livres,Amadora,Amadora,Jardim de Infância,https://www.aedamaia.pt/index.php/agrupamento/escolas/eb1-ji-aguas-livres,yes,word matched in path not domain — verify,"""EB1/JI Águas Livres"" Amadora Portugal"
31997,EB1/JI da Mina,Amadora,Amadora,Jardim de Infância,https://www.jf-minadeagua.pt/territorio/rede-escolar,,,"""EB1/JI da Mina"" Amadora Portugal"
32036,Escola Básica Viscondessa dos Olivais,Lisboa,Lisboa,Jardim de Infância,https://informacoeseservicos.lisboa.pt/contactos/diretorio-da-cidade/escola-basica-viscondessa-dos-olivais,yes,word matched in path not domain — verify,"""Escola Básica Viscondessa dos Olivais"" Lisboa Portugal"
32037,Escola Básica Santa Maria dos Olivais / JI N.º 8,Lisboa,Lisboa,Jardim de Infância,https://informacoeseservicos.lisboa.pt/contactos/diretorio-da-cidade/escola-basica-viscondessa-dos-olivais,yes,word matched in path not domain — verify,"""Escola Básica Santa Maria dos Olivais / JI N.º 8"" Lisboa Portugal"
32106,EB1/JI de Fetais,Vila Lorena,Loures,Jardim de Infância,https://www.aec.edu.pt/index.php/escola-eb1ji-de-fetais/,yes,word matched in path not domain — verify,"""EB1/JI de Fetais"" Vila Lorena Portugal"
32107,EB1/JI N.º 1 de Camarate,Camarate,Loures,Jardim de Infância,not found,,,"""EB1/JI N.º 1 de Camarate"" Camarate Portugal"
32164,Jardim de Infância de Azenha,Ramada,Odivelas,Jardim de Infância,not found,,,"""Jardim de Infância de Azenha"" Ramada Portugal"
32183,Escola Básica Eça de Queirós,Ramada,Odivelas,Jardim de Infância,https://escoladevidro.pt/lescolas/escola-basica-eca-de-queiros-ramada-odivelas/,yes,word matched in path not domain — verify,"""Escola Básica Eça de Queirós"" Ramada Portugal"
32212,Escola Básica Vasco da Gama,Parque das Nações,Lisboa,Jardim de Infância,https://informacoeseservicos.lisboa.pt/contactos/diretorio-da-cidade/escola-basica-vasco-da-gama,yes,word matched in path not domain — verify,"""Escola Básica Vasco da Gama"" Parque das Nações Portugal"
32234,Escola Básica Artur Patrocínio,Azueira,Mafra,Jardim de Infância,https://autismo.pt/listing-item/escola-basica-artur-patrocinio/,yes,word matched in path not domain — verify,"""Escola Básica Artur Patrocínio"" Azueira Portugal"
32235,Escola Básica de São Miguel,Enxara do Bispo,Mafra,Jardim de Infância,https://www.servicospublicos.pt/servico-publico/12398/escola-basica-sao-miguel--enxara-do-bispo--mafra,yes,word matched in path not domain — verify,"""Escola Básica de São Miguel"" Enxara do Bispo Portugal"
32255,Escola Básica da Quinta da Vala,Alverca do Ribatejo,Vila Franca de Xira,Jardim de Infância,not found,,,"""Escola Básica da Quinta da Vala"" Alverca do Ribatejo Portugal"
32269,Escola Básica Cesário Verde,Caneças,Odivelas,Jardim de Infância,https://aecanecas.com/index.php/escola-basica-cesario-verde/46-uncategorised/informacoes-a-comunidade/informa%C3%A7%C3%B5es-ano-letivo-2020-2021.html,yes,word matched in path not domain — verify,"""Escola Básica Cesário Verde"" Caneças Portugal"
32270,JI Francisco Vieira Caldas,Caneças,Odivelas,Jardim de Infância,https://aecanecas.com/index.php/escola-basica-francisco-vieira-caldas.html,yes,word matched in path not domain — verify,"""JI Francisco Vieira Caldas"" Caneças Portugal"
32275,Escola Básica do 1ºciclo C/ JI do Fanqueiro,Loures,Loures,Jardim de Infância,not found,,,"""Escola Básica do 1ºciclo C/ JI do Fanqueiro"" Loures Portugal"
32285,Escola Básica Professora Maria Costa,Ramada,Odivelas,Jardim de Infância,not found,,,"""Escola Básica Professora Maria Costa"" Ramada Portugal"
32294,"JI/EB São Bento, Valejas",Barcarena,Oeiras,Jardim de Infância,not found,,,"""JI/EB São Bento, Valejas"" Barcarena Portugal"
32305,Escola Básica de Fernanda de Castro,Lisboa,Lisboa,Jardim de Infância,not found,,,"""Escola Básica de Fernanda de Castro"" Lisboa Portugal"
32315,Escola Básica Dr. João dos Santos,Lisboa,Lisboa,Jardim de Infância,https://informacoeseservicos.lisboa.pt/contactos/diretorio-da-cidade/escola-basica-joao-dos-santos,yes,word matched in path not domain — verify,"""Escola Básica Dr. João dos Santos"" Lisboa Portugal"
32330,Centro Cultural e Recreativo das Crianças do Cruzeiro e Rio Seco,Lisboa,Lisboa,Jardim de Infância,not found,,,"""Centro Cultural e Recreativo das Crianças do Cruzeiro e Rio Seco"" Lisboa Portugal"
32347,Escola Básica de Vila Nova da Rainha,Vila Nova da Rainha,Azambuja,Jardim de Infância,https://escoladevidro.pt/lescolas/escola-basica-de-vila-nova-da-rainha-azambuja/,yes,word matched in path not domain — verify,"""Escola Básica de Vila Nova da Rainha"" Vila Nova da Rainha Portugal"
32349,Bloco I - Pré Escolar,,Vila Franca de Xira,Jardim de Infância,not found,,,"""Bloco I - Pré Escolar"" Vila Franca de Xira Portugal"
32350,Bloco C+f - Pré Escolar,,Vila Franca de Xira,Jardim de Infância,not found,,,"""Bloco C+f - Pré Escolar"" Vila Franca de Xira Portugal"
32429,Escola Básica de Santana da Carnota,Santana da Carnota,Alenquer,Jardim de Infância,https://www.municipiosefreguesias.pt/entidade/501436/escola-basica-de-santana-da-carnota,yes,word matched in path not domain — verify,"""Escola Básica de Santana da Carnota"" Santana da Carnota Portugal"
32441,Escola Básica do Prior Velho,Prior Velho,Loures,Jardim de Infância,https://ecoescolas.abaae.pt/escola/escola-basica-do-prior-velho/,yes,word matched in path not domain — verify,"""Escola Básica do Prior Velho"" Prior Velho Portugal"
32445,Cei - Centro de Educação Infantil,São Domingos de Rana,Cascais,Jardim de Infância,not found,,,"""Cei - Centro de Educação Infantil"" São Domingos de Rana Portugal"
32453,Escola Básica Olival do Covo,Sacavém,Loures,Jardim de Infância,not found,,,"""Escola Básica Olival do Covo"" Sacavém Portugal"
32563,Escola Básica de Olival Basto,Olival Basto,Odivelas,Jardim de Infância,https://municipiosefreguesias.pt/entidade/6199/escola-basica-de-olival-basto,yes,word matched in path not domain — verify,"""Escola Básica de Olival Basto"" Olival Basto Portugal"
32604,Jardim de Infância Praia da Areia Branca,Lourinhã,Gavião,Jardim de Infância,https://lourinha.infoisinfo.com.pt/ficha/escola_basica_do_1_ciclo_com_jardim_de_infancia_praia_da_areia_branca/316939,yes,word matched in path not domain — verify,"""Jardim de Infância Praia da Areia Branca"" Lourinhã Portugal"
32605,Jardim de Infância de Ventosa,Santa Bárbara Lnh,Torres Vedras,Jardim de Infância,not found,,,"""Jardim de Infância de Ventosa"" Santa Bárbara Lnh Portugal"
32623,Jardim de Infância de Ribamar,Ribamar,Lourinhã,Jardim de Infância,https://ecoescolas.abaae.pt/escola/jardim-de-infancia-de-ribamar/,yes,word matched in path not domain — verify,"""Jardim de Infância de Ribamar"" Ribamar Portugal"
32624,Jardim de Infância de Lourinhã,Lourinhã,Gavião,Jardim de Infância,not found,,,"""Jardim de Infância de Lourinhã"" Lourinhã Portugal"
32720,Escola Básica de Sobral de Monte Agraço e Santo Quintino,Sobral de Monte Agraço,Sobral de Monte Agraço,Jardim de Infância,https://ecoescolas.abaae.pt/escola/escola-eb1ji-de-sobral-de-monte-agraco/,yes,word matched in path not domain — verify,"""Escola Básica de Sobral de Monte Agraço e Santo Quintino"" Sobral de Monte Agraço Portugal"
32750,Pré-Escolar Casa Nossa Senhora de Fátima,Barcarena,Oeiras,Jardim de Infância,not found,,,"""Pré-Escolar Casa Nossa Senhora de Fátima"" Barcarena Portugal"
32763,Escola Básica Manuel Coco,-Odivelas,Odivelas,Jardim de Infância,not found,,,"""Escola Básica Manuel Coco"" -Odivelas Portugal"
32771,JI Camarões,Almargem do Bispo,Sintra,Jardim de Infância,not found,,,"""JI Camarões"" Almargem do Bispo Portugal"
32772,EB1/JI Cortegaça,Pero Pinheiro,Sintra,Jardim de Infância,not found,,,"""EB1/JI Cortegaça"" Pero Pinheiro Portugal"
32773,EB1/JI Dona Maria,Almargem do Bispo,Sintra,Jardim de Infância,not found,,,"""EB1/JI Dona Maria"" Almargem do Bispo Portugal"
32774,EB1/JI de Maceira,Montelavar,Sintra,Jardim de Infância,not found,,,"""EB1/JI de Maceira"" Montelavar Portugal"
32775,EB1/JI de Negrais,,Sintra,Jardim de Infância,not found,,,"""EB1/JI de Negrais"" Sintra Portugal"
32776,EB1/JI de Pero Pinheiro,Pero Pinheiro,Sintra,Jardim de Infância,not found,,,"""EB1/JI de Pero Pinheiro"" Pero Pinheiro Portugal"
32777,EB1/JI de Sabugo e Vale de Lobos,Almargem do Bispo,Sintra,Jardim de Infância,not found,,,"""EB1/JI de Sabugo e Vale de Lobos"" Almargem do Bispo Portugal"
32783,EB1/JI de Almargem do Bispo,Almargem do Bispo,Sintra,Jardim de Infância,https://www.infoempresas.com.pt/S94995_OUTRAS-ATIVIDADES-ASSOCIATIVAS-NE/Freguesia_UNIAO-FREGUESIAS-ALMARGEM-BISPO-PERO-PINHEIRO-MONTELAVAR-SINTRA.html,yes,word matched in path not domain — verify,"""EB1/JI de Almargem do Bispo"" Almargem do Bispo Portugal"
32784,EB1/JI Aruil,Almargem do Bispo,Sintra,Jardim de Infância,not found,,,"""EB1/JI Aruil"" Almargem do Bispo Portugal"
32785,EB1/JI de Lameiras,Terrugem,Sintra,Jardim de Infância,https://jregiao-online.webnode.pt/products/lameiras-cumpre-tradi%C3%A7%C3%A3o/,yes,word matched in path not domain — verify,"""EB1/JI de Lameiras"" Terrugem Portugal"
33122,Escola Básica do 1º Ciclo Maria da Luz de Deus Ramos,Lisboa,Lisboa,Jardim de Infância,https://apaltodolumiar.wordpress.com/escolas/escola-basica-maria-da-luz-de-deus-ramos/,yes,word matched in path not domain — verify,"""Escola Básica do 1º Ciclo Maria da Luz de Deus Ramos"" Lisboa Portugal"
33138,Escola Básica do 1º Ciclo Dr. Nuno Cordeiro Ferreira,Lisboa,Lisboa,Jardim de Infância,not found,,,"""Escola Básica do 1º Ciclo Dr. Nuno Cordeiro Ferreira"" Lisboa Portugal"
33251,EB Nº2 de Vialonga,Vialonga,Vila Franca de Xira,Jardim de Infância,https://aevialonga.edu.pt/imagens/Newsletter_novembro_parte2/Newsletter_Novembro_(parte2)_files/5.html,,,"""EB Nº2 de Vialonga"" Vialonga Portugal"
33256,EB1 e JI Arneiro,Carcavelos,Cascais,Jardim de Infância,not found,,,"""EB1 e JI Arneiro"" Carcavelos Portugal"
33257,JI Conde Ferreira,Carcavelos,Cascais,Jardim de Infância,not found,,,"""JI Conde Ferreira"" Carcavelos Portugal"
33271,Escola Básica de Lóios,Marvila,Lisboa,Jardim de Infância,https://www.servicospublicos.pt/servico-publico/12323/escola-basica-de-loios--lisboa,yes,word matched in path not domain — verify,"""Escola Básica de Lóios"" Marvila Portugal"
33276,EB de Alpriate Nº2,Vialonga,Vila Franca de Xira,Jardim de Infância,not found,,,"""EB de Alpriate Nº2"" Vialonga Portugal"
33282,Eb1.2.3. C/ JI Pedro de Santarém,Lisboa,Lisboa,Jardim de Infância,not found,,,"""Eb1.2.3. C/ JI Pedro de Santarém"" Lisboa Portugal"
33283,EB1 C/ JI Arquitecto Gonçalo Ribeiro Telles,Lisboa,Lisboa,Jardim de Infância,not found,,,"""EB1 C/ JI Arquitecto Gonçalo Ribeiro Telles"" Lisboa Portugal"
33292,Escola EB1/ JI Adriano Correia de Oliveira,Lisboa,Lisboa,Jardim de Infância,not found,,,"""Escola EB1/ JI Adriano Correia de Oliveira"" Lisboa Portugal"
33302,Escola Básica José Jorge Letria,Cascais,Cascais,Jardim de Infância,https://aecidadela.pt/agrupamento/eb1-jose-jorge-letria/,yes,word matched in path not domain — verify,"""Escola Básica José Jorge Letria"" Cascais Portugal"
33303,Escola EB1/ JI Infante D. Henrique,Lisboa,Lisboa,Jardim de Infância,https://ecoescolas.abaae.pt/escola/escola-eb1-ji-infante-d-henrique/,yes,word matched in path not domain — verify,"""Escola EB1/ JI Infante D. Henrique"" Lisboa Portugal"
33340,EB1/JI Outeiro da Cabeça,Outeiro da Cabeça,Torres Vedras,Jardim de Infância,https://www.mapav.com/lisboa/torres-vedras/outeiro-da-cabeca/,yes,word matched in path not domain — verify,"""EB1/JI Outeiro da Cabeça"" Outeiro da Cabeça Portugal"
33341,EB1/JI Monte Redondo,Monte Redondo,Torres Vedras,Jardim de Infância,https://ecoescolas.abaae.pt/escola/escola-eb1-ji-monte-redondo/,yes,word matched in path not domain — verify,"""EB1/JI Monte Redondo"" Monte Redondo Portugal"
33342,EB1/JI Maxial,Maxial,Torres Vedras,Jardim de Infância,https://aehn.pt/atividades/agrupamento/eb1-ji-maxial?page=3,yes,word matched in path not domain — verify,"""EB1/JI Maxial"" Maxial Portugal"
33417,EB/ JI Hortênsia Diogo Correia,S. Pedro Estoril,Cascais,Jardim de Infância,not found,,,"""EB/ JI Hortênsia Diogo Correia"" S. Pedro Estoril Portugal"
33418,EB/JI A. H. Oliveira Marques,Estoril,Cascais,Jardim de Infância,not found,,,"""EB/JI A. H. Oliveira Marques"" Estoril Portugal"
33419,EB/JI Caparide,S. Domingos de Rana,Cascais,Jardim de Infância,not found,,,"""EB/JI Caparide"" S. Domingos de Rana Portugal"
33420,EB/JI Manique,Alcabideche,Cascais,Jardim de Infância,https://www.aealapraia.com/pag/EBJI-Manique-33.html,yes,word matched in path not domain — verify,"""EB/JI Manique"" Alcabideche Portugal"
33425,JI Tojalinho,Tojalinho,Loures,Jardim de Infância,not found,,,"""JI Tojalinho"" Tojalinho Portugal"
33426,EB1/JI Bragadas,Póvoa de Santa Iria,Vila Franca de Xira,Jardim de Infância,not found,,,"""EB1/JI Bragadas"" Póvoa de Santa Iria Portugal"
33439,Escola Básica do Casal de Cambra,Casal de Cambra,Sintra,Jardim de Infância,https://www.endeksa.com/pt-PT/analise/portugal/lisboa/sintra/casal-de-cambra/escola,yes,word matched in path not domain — verify,"""Escola Básica do Casal de Cambra"" Casal de Cambra Portugal"
33446,EB de Loures,Loures,Loures,Jardim de Infância,not found,,,"""EB de Loures"" Loures Portugal"
33448,EB Fanhões,Fanhões,Loures,Jardim de Infância,not found,,,"""EB Fanhões"" Fanhões Portugal"
33466,EB/JI Padre Francisco Soares,Torres Vedras,Torres Vedras,Jardim de Infância,not found,,,"""EB/JI Padre Francisco Soares"" Torres Vedras Portugal"
33477,EB/JI Conquinha,Torres Vedras,Torres Vedras,Jardim de Infância,https://www.waze.com/live-map/directions/pt/lisboa/torres-vedras/eb-ji-conquinha-1?to=place.ChIJ8wBWWMgtHw0RUpjpuLdLX9w,yes,word matched in path not domain — verify,"""EB/JI Conquinha"" Torres Vedras Portugal"
33615,Escola Básica Professor Oliveira Marques,,Lisboa,Jardim de Infância,not found,,,"""Escola Básica Professor Oliveira Marques"" Lisboa Portugal"
33737,Escola Básica do Sobral da Abelheira,Sobral da Abelheira,Mafra,Jardim de Infância,https://eb-do-sobral-da-abelheira.webnode.pt/os-nossos-textos/textos-da-rita/,,,"""Escola Básica do Sobral da Abelheira"" Sobral da Abelheira Portugal"
33836,Escola Básica António Rebelo de Andrade,Oeiras,Oeiras,Jardim de Infância,not found,,,"""Escola Básica António Rebelo de Andrade"" Oeiras Portugal"
34062,Escola Básica Gomes Freire de Andrade,Oeiras,Oeiras,Jardim de Infância,https://www.waze.com/live-map/directions/pt/lisboa/oeiras/escola-basica-gomes-freire-de-andrade?to=place.ChIJ3cRoXDLJHg0RG7Y39VnUrTQ,yes,word matched in path not domain — verify,"""Escola Básica Gomes Freire de Andrade"" Oeiras Portugal"
34379,Os Pipoquinhas Jardim de Infância,Lisboa,Lisboa,Jardim de Infância,not found,,,"""Os Pipoquinhas Jardim de Infância"" Lisboa Portugal"
34535,EB Professor José Salvado Sampaio,Lisboa,Lisboa,Jardim de Infância,not found,,,"""EB Professor José Salvado Sampaio"" Lisboa Portugal"
34559,Escola Básica Actor Vale,Lisboa,Lisboa,Jardim de Infância,https://informacoeseservicos.lisboa.pt/contactos/diretorio-da-cidade/escola-basica-actor-vale,yes,word matched in path not domain — verify,"""Escola Básica Actor Vale"" Lisboa Portugal"
34595,Pré-Escolar II,Castanheira do Ribatejo,Vila Franca de Xira,Jardim de Infância,not found,,,"""Pré-Escolar II"" Castanheira do Ribatejo Portugal"
34596,Jardim de Infância o Cantinho,Amadora,Amadora,Jardim de Infância,not found,,,"""Jardim de Infância o Cantinho"" Amadora Portugal"
35129,Escola Básica Orlando Gonçalves,Amadora,Amadora,Jardim de Infância,https://emlista.pt/escolas-basicas/amadora-escola-basica-orlando-goncalves/12151,yes,word matched in path not domain — verify,"""Escola Básica Orlando Gonçalves"" Amadora Portugal"
35130,"Escola Básica Alice Leite, Alfornelos",Amadora,Amadora,Jardim de Infância,https://escoladevidro.pt/lescolas/escola-basica-alice-leite-alfornelos-amadora/,yes,word matched in path not domain — verify,"""Escola Básica Alice Leite, Alfornelos"" Amadora Portugal"
35131,Escola Básica Santos Mattos,Amadora,Amadora,Jardim de Infância,https://www.municipiosefreguesias.pt/entidade/2350/escola-basica-santos-mattos,yes,word matched in path not domain — verify,"""Escola Básica Santos Mattos"" Amadora Portugal"
35148,Jardim de Infância do Bom Sucesso,Alverca do Ribatejo,Vila Franca de Xira,Jardim de Infância,not found,,,"""Jardim de Infância do Bom Sucesso"" Alverca do Ribatejo Portugal"
35152,Escola Básica Maria Irene Lopes de Azevedo,Amadora,Amadora,Jardim de Infância,https://www.municipiosefreguesias.pt/entidade/2318/escola-basica-maria-irene-lopes-de-azevedo,yes,word matched in path not domain — verify,"""Escola Básica Maria Irene Lopes de Azevedo"" Amadora Portugal"
35153,Escola Básica de Arruda dos Vinhos,Arruda dos Vinhos,Arruda dos Vinhos,Jardim de Infância,https://escoladevidro.pt/lescolas/escola-basica-de-arruda-dos-vinhos/,yes,word matched in path not domain — verify,"""Escola Básica de Arruda dos Vinhos"" Arruda dos Vinhos Portugal"
35154,Escola Básica de Santiago dos Velhos,Santiago dos Velhos,Arruda dos Vinhos,Jardim de Infância,https://escoladevidro.pt/lescolas/escola-basica-de-santiago-dos-velhos-arruda-dos-vinhos/,yes,word matched in path not domain — verify,"""Escola Básica de Santiago dos Velhos"" Santiago dos Velhos Portugal"
35155,Escola Básica de Arranhó,Arranhó,Arruda dos Vinhos,Jardim de Infância,https://escoladevidro.pt/lescolas/escola-basica-de-arranho-arruda-dos-vinhos/,yes,word matched in path not domain — verify,"""Escola Básica de Arranhó"" Arranhó Portugal"
35175,Escola Básica com Jardim de Infância da Quinta Grande,Amadora,Amadora,Jardim de Infância,not found,,,"""Escola Básica com Jardim de Infância da Quinta Grande"" Amadora Portugal"
35176,Escola Básica com Jardim de Infância do Alto do Moinho,Amadora,Amadora,Jardim de Infância,not found,,,"""Escola Básica com Jardim de Infância do Alto do Moinho"" Amadora Portugal"
35177,Escola Básica do Casal do Cotão,Cacém,Sintra,Jardim de Infância,https://www.municipiosefreguesias.pt/entidade/1898/escola-basica-do-casal-do-cotao,yes,word matched in path not domain — verify,"""Escola Básica do Casal do Cotão"" Cacém Portugal"
35178,Escola Básica N.º 2 de São Marcos,Cacém,Sintra,Jardim de Infância,https://escoladevidro.pt/lescolas/escola-basica-n-o-2-de-sao-marcos-sintra/,yes,word matched in path not domain — verify,"""Escola Básica N.º 2 de São Marcos"" Cacém Portugal"
35179,Escola Básica N.º 1 de São Marcos,Cacém,Sintra,Jardim de Infância,https://www.servicospublicos.pt/servico-publico/12682/escola-basica-n---1-de-sao-marcos--sintra,yes,word matched in path not domain — verify,"""Escola Básica N.º 1 de São Marcos"" Cacém Portugal"
35180,Escola Básica de Moinhos da Funcheira,Amadora,Amadora,Jardim de Infância,https://escoladevidro.pt/lescolas/escola-basica-de-moinhos-da-funcheira-amadora/,yes,word matched in path not domain — verify,"""Escola Básica de Moinhos da Funcheira"" Amadora Portugal"
35181,Escola Básica José Garcês,Casal da Mira,Amadora,Jardim de Infância,https://escoladevidro.pt/lescolas/escola-basica-jose-garces-casal-da-mira-amadora/,yes,word matched in path not domain — verify,"""Escola Básica José Garcês"" Casal da Mira Portugal"
35182,Escola Básica da Terra dos Arcos,Falagueira,Amadora,Jardim de Infância,https://escoladevidro.pt/lescolas/escola-basica-da-terra-dos-arcos-falagueira-amadora/,yes,word matched in path not domain — verify,"""Escola Básica da Terra dos Arcos"" Falagueira Portugal"
35183,Escola Básica Fernando Teixeira Lopes,Alcabideche,Cascais,Jardim de Infância,https://escoladevidro.pt/lescolas/escola-basica-fernando-teixeira-lopes-cascais/,yes,word matched in path not domain — verify,"""Escola Básica Fernando Teixeira Lopes"" Alcabideche Portugal"
35184,Escola Básica Raul Lino,Alcabideche,Cascais,Jardim de Infância,https://academiamilitar.pt/escola-basica-raul-lino.html,yes,word matched in path not domain — verify,"""Escola Básica Raul Lino"" Alcabideche Portugal"
35185,Escola Básica Dr. Vasco Moniz,Vila Franca de Xira,Vila Franca de Xira,Jardim de Infância,https://ecoescolas.abaae.pt/escola/escola-basica-dr-vasco-moniz/,yes,word matched in path not domain — verify,"""Escola Básica Dr. Vasco Moniz"" Vila Franca de Xira Portugal"
35186,Escola Básica Branquinho da Fonseca,Cascais,Cascais,Jardim de Infância,https://escoladevidro.pt/lescolas/escola-basica-branquinho-da-fonseca-cascais/,yes,word matched in path not domain — verify,"""Escola Básica Branquinho da Fonseca"" Cascais Portugal"
35187,Escola Básica de Areia - Guincho,Cascais,Cascais,Jardim de Infância,https://escoladevidro.pt/lescolas/escola-basica-de-areia-guincho-cascais/,yes,word matched in path not domain — verify,"""Escola Básica de Areia - Guincho"" Cascais Portugal"
35188,Escola Básica de Santa Susana,São João das Lampas,Sintra,Jardim de Infância,https://escoladevidro.pt/lescolas/escola-basica-de-santa-susana-sintra/,yes,word matched in path not domain — verify,"""Escola Básica de Santa Susana"" São João das Lampas Portugal"
35189,Escola Básica de São João das Lampas,São João das Lampas,Sintra,Jardim de Infância,not found,,,"""Escola Básica de São João das Lampas"" São João das Lampas Portugal"
35190,"Escola Básica de Bolembre, Magoito,",São João das Lampas,Sintra,Jardim de Infância,https://escoladevidro.pt/lescolas/escola-basica-de-bolembre-magoito-sintra/,yes,word matched in path not domain — verify,"""Escola Básica de Bolembre, Magoito,"" São João das Lampas Portugal"
35193,Escola Básica N.º 3 de Agualva,Agualva,Sintra,Jardim de Infância,https://escoladevidro.pt/lescolas/escola-basica-n-o-3-de-agualva-sintra/,yes,word matched in path not domain — verify,"""Escola Básica N.º 3 de Agualva"" Agualva Portugal"
35194,Escola Básica da Quinta da Fidalga,Agualva-Cacém,Sintra,Jardim de Infância,https://escoladevidro.pt/lescolas/escola-basica-da-quinta-da-fidalga-agualva-sintra/,yes,word matched in path not domain — verify,"""Escola Básica da Quinta da Fidalga"" Agualva-Cacém Portugal"
35195,Escola Básica com Jardim de Infância de Alfragide,Amadora,Amadora,Jardim de Infância,not found,,,"""Escola Básica com Jardim de Infância de Alfragide"" Amadora Portugal"
35196,Jardim de Infância de a-Da-Beja,Amadora,Amadora,Jardim de Infância,https://escoladevidro.pt/lescolas/jardim-de-infancia-de-a-da-beja-amadora/,yes,word matched in path not domain — verify,"""Jardim de Infância de a-Da-Beja"" Amadora Portugal"
35197,Escola Básica Vasco Martins,Reboleira,Amadora,Jardim de Infância,http://www.aepap.edu.pt/site/index.php/agrupamento/escolas/escola-basica-vasco-martins-rebolo,yes,word matched in path not domain — verify,"""Escola Básica Vasco Martins"" Reboleira Portugal"
35198,Escola Básica Fernando José dos Santos,Alcabideche,Cascais,Jardim de Infância,https://ecoescolas.abaae.pt/escola/escola-basica-fernando-jose-dos-santos/,yes,word matched in path not domain — verify,"""Escola Básica Fernando José dos Santos"" Alcabideche Portugal"
35199,Jardim de Infância N.º 2 de Vila Franca de Xira,Vila Franca de Xira,Vila Franca de Xira,Jardim de Infância,https://escoladevidro.pt/lescolas/jardim-de-infancia-n-o-2-de-vila-franca-de-xira/,yes,word matched in path not domain — verify,"""Jardim de Infância N.º 2 de Vila Franca de Xira"" Vila Franca de Xira Portugal"
35200,Jardim de Infância de Povos,Vila Franca de Xira,Vila Franca de Xira,Jardim de Infância,https://ecoescolas.abaae.pt/escola/jardim-de-infancia-de-povos/,yes,word matched in path not domain — verify,"""Jardim de Infância de Povos"" Vila Franca de Xira Portugal"
35201,Escola Básica N.º 1 de Galiza,Estoril,Cascais,Jardim de Infância,https://escoladevidro.pt/lescolas/escola-basica-n-o-1-de-galiza-cascais/,yes,word matched in path not domain — verify,"""Escola Básica N.º 1 de Galiza"" Estoril Portugal"
35202,Escola Básica de Assafora,São João das Lampas,Sintra,Jardim de Infância,https://escoladevidro.pt/lescolas/escola-basica-de-assafora-sintra/,yes,word matched in path not domain — verify,"""Escola Básica de Assafora"" São João das Lampas Portugal"
35203,Escola Básica de Vila Verde,Terrugem,Sintra,Jardim de Infância,https://escoladevidro.pt/lescolas/escola-basica-de-vila-verde-sintra/,yes,word matched in path not domain — verify,"""Escola Básica de Vila Verde"" Terrugem Portugal"
35204,"Escola Básica de Campelos,",Campelos,Torres Vedras,Jardim de Infância,not found,,,"""Escola Básica de Campelos,"" Campelos Portugal"
35205,"Jardim de Infância da Cabeça Gorda,",Campelos,Torres Vedras,Jardim de Infância,https://escoladevidro.pt/lescolas/jardim-de-infancia-da-cabeca-gorda-torres-vedras/,yes,word matched in path not domain — verify,"""Jardim de Infância da Cabeça Gorda,"" Campelos Portugal"
35206,Escola Básica N.º 2 de Agualva,Agualva-Cacém,Sintra,Jardim de Infância,https://escoladevidro.pt/lescolas/escola-basica-n-o-2-de-agualva-sintra/,yes,word matched in path not domain — verify,"""Escola Básica N.º 2 de Agualva"" Agualva-Cacém Portugal"
35207,Jardim de Infância Nossa Senhora da Anunciação,Agualva-Cacém,Sintra,Jardim de Infância,https://www.servicospublicos.pt/servico-publico/2329/jardim-de-infancia-nossa-senhora-da-anunciacao--agualva--sintra,yes,word matched in path not domain — verify,"""Jardim de Infância Nossa Senhora da Anunciação"" Agualva-Cacém Portugal"
35208,Jardim de Infância Cesaltina Fialho Gouveia,Alcabideche,Cascais,Jardim de Infância,https://www.servicospublicos.pt/servico-publico/528/jardim-de-infancia-cesaltina-fialho-gouveia--alcabideche--cascais,yes,word matched in path not domain — verify,"""Jardim de Infância Cesaltina Fialho Gouveia"" Alcabideche Portugal"
35209,"Escola Básica da Ericeira,",Ericeira-Mafra,Mafra,Jardim de Infância,https://ecoescolas.abaae.pt/escola/escola-basica-da-ericeira/,yes,word matched in path not domain — verify,"""Escola Básica da Ericeira,"" Ericeira-Mafra Portugal"
35211,Escola Básica do Pendão,Queluz,Sintra,Jardim de Infância,https://aprs.fi/info/a/Pendao,yes,word matched in path not domain — verify,"""Escola Básica do Pendão"" Queluz Portugal"
35212,Escola Básica N.º 6 de Santa Iria de Azoia,Santa Iria de Azoia,Loures,Jardim de Infância,not found,,,"""Escola Básica N.º 6 de Santa Iria de Azoia"" Santa Iria de Azoia Portugal"
35213,Escola Básica do Bairro da Covina,Santa Iria de Azoia,Loures,Jardim de Infância,not found,,,"""Escola Básica do Bairro da Covina"" Santa Iria de Azoia Portugal"
35214,Escola Básica de Bela Vista,Santa Iria de Azoia,Loures,Jardim de Infância,https://escoladevidro.pt/lescolas/escola-basica-de-bela-vista-santa-iria-de-azoia-loures/,yes,word matched in path not domain — verify,"""Escola Básica de Bela Vista"" Santa Iria de Azoia Portugal"
35215,Escola Básica de Colaride,Agualva-Cacém,Sintra,Jardim de Infância,https://ecoescolas.abaae.pt/escola/escola-eb1ji-de-colaride/,yes,word matched in path not domain — verify,"""Escola Básica de Colaride"" Agualva-Cacém Portugal"
35216,Escola Básica da Freguesia de Santo Isidoro,Santo Isidoro Mfr,Mafra,Jardim de Infância,https://ecoescolas.abaae.pt/escola/escola-basica-da-freguesia-de-santo-isidoro/,yes,word matched in path not domain — verify,"""Escola Básica da Freguesia de Santo Isidoro"" Santo Isidoro Mfr Portugal"
35217,"Escola Básica da Freguesia da Carvoeira,",Carvoeira Mfr,Mafra,Jardim de Infância,not found,,,"""Escola Básica da Freguesia da Carvoeira,"" Carvoeira Mfr Portugal"
35218,Escola Básica Mário Cunha Brito,Belas-Sintra,Sintra,Jardim de Infância,https://escoladevidro.pt/lescolas/escola-basica-mario-cunha-brito-belas-sintra/,yes,word matched in path not domain — verify,"""Escola Básica Mário Cunha Brito"" Belas-Sintra Portugal"
35219,Escola Básica de Pego Longo,Belas,Sintra,Jardim de Infância,https://www.waze.com/live-map/directions/pt/lisboa/belas/escola-basica-de-pego-longo?to=place.ChIJ8bOQPwbNHg0RCXbdwB_k7gM,yes,word matched in path not domain — verify,"""Escola Básica de Pego Longo"" Belas Portugal"
35220,Escola Básica N.º 2 de Queluz,Queluz,Sintra,Jardim de Infância,https://escoladevidro.pt/lescolas/escola-basica-n-o-2-de-queluz-sintra/,yes,word matched in path not domain — verify,"""Escola Básica N.º 2 de Queluz"" Queluz Portugal"
35221,Escola Básica N.º 5 de Santa Iria de Azoia,Santa Iria de Azoia,Loures,Jardim de Infância,not found,,,"""Escola Básica N.º 5 de Santa Iria de Azoia"" Santa Iria de Azoia Portugal"
35222,Escola Básica do Alto da Eira,Santa Iria de Azoia,Loures,Jardim de Infância,https://aesia.pt/portal/a-aesia-agrupamento-de-escolas-de-santa-iria-de-azoia/e-b-1ji-alto-da-eira/,yes,word matched in path not domain — verify,"""Escola Básica do Alto da Eira"" Santa Iria de Azoia Portugal"
35223,Escola Básica de Via Rara,Santa Iria de Azoia,Loures,Jardim de Infância,https://ecoescolas.abaae.pt/escola/escola-basica-de-via-rara/,yes,word matched in path not domain — verify,"""Escola Básica de Via Rara"" Santa Iria de Azoia Portugal"
35235,"Jardim de Infância de Apelação, Quinta da Fonte",Apelação,Loures,Jardim de Infância,https://escoladevidro.pt/lescolas/jardim-de-infancia-de-apelacao-quinta-da-fonte-loures/,yes,word matched in path not domain — verify,"""Jardim de Infância de Apelação, Quinta da Fonte"" Apelação Portugal"
35236,Escola Básica Nº 1 de Apelação,Apelação,Loures,Jardim de Infância,not found,,,"""Escola Básica Nº 1 de Apelação"" Apelação Portugal"
35237,Escola Básica e Secundária Mestre Domingos Saraiva,Mem Martins,Sintra,Jardim de Infância,https://ecoescolas.abaae.pt/escola/escola-basica-e-secundaria-mestre-domingos-saraiva/,yes,word matched in path not domain — verify,"""Escola Básica e Secundária Mestre Domingos Saraiva"" Mem Martins Portugal"
35239,Escola Básica N.º 2 de São João da Talha,S. João da Talha,Loures,Jardim de Infância,not found,,,"""Escola Básica N.º 2 de São João da Talha"" S. João da Talha Portugal"
35240,"Escola Básica Manuel Heleno, Carenque",Amadora,Amadora,Jardim de Infância,https://www.directorioescolas.eu/escola/7860-escola-basica-manuel-heleno-carenque-amadora/,yes,word matched in path not domain — verify,"""Escola Básica Manuel Heleno, Carenque"" Amadora Portugal"
35241,Escola Básica da Venteira,Amadora,Amadora,Jardim de Infância,https://escoladevidro.pt/lescolas/escola-basica-da-venteira-amadora/,yes,word matched in path not domain — verify,"""Escola Básica da Venteira"" Amadora Portugal"
35242,Escola Básica Raquel Gameiro,Amadora,Amadora,Jardim de Infância,not found,,,"""Escola Básica Raquel Gameiro"" Amadora Portugal"
35243,Jardim de Infância de Ral,Sintra,Sintra,Jardim de Infância,https://www.servicospublicos.pt/servico-publico/1573/jardim-de-infancia-de-ral--sintra,yes,word matched in path not domain — verify,"""Jardim de Infância de Ral"" Sintra Portugal"
35244,Escola Básica Maria Luciana Seruca,Paço de Arcos,Oeiras,Jardim de Infância,https://escoladevidro.pt/lescolas/escola-basica-maria-luciana-seruca-paco-de-arcos-oeiras/,yes,word matched in path not domain — verify,"""Escola Básica Maria Luciana Seruca"" Paço de Arcos Portugal"
35245,Escola Básica de São José,Lisboa,Lisboa,Jardim de Infância,not found,,,"""Escola Básica de São José"" Lisboa Portugal"
35246,Escola Básica N.º 1 de Mem Martins,Mem Martins,Sintra,Jardim de Infância,https://escoladevidro.pt/lescolas/escola-basica-n-o-1-de-mem-martins-sintra/,yes,word matched in path not domain — verify,"""Escola Básica N.º 1 de Mem Martins"" Mem Martins Portugal"
35247,Escola Básica Sophia de Mello Breyner Andresen,Famões,Odivelas,Jardim de Infância,not found,,,"""Escola Básica Sophia de Mello Breyner Andresen"" Famões Portugal"
35259,Escola Básica de Algueirão,Mem Martins,Sintra,Jardim de Infância,https://www.endeksa.com/en/analysis/portugal/lisboa/sintra/algueirao-mem-martins/school,yes,word matched in path not domain — verify,"""Escola Básica de Algueirão"" Mem Martins Portugal"
35260,"Escola Básica N.º 4 de São João da Talha,",São João da Talha,Loures,Jardim de Infância,https://www.aesjt.pt/wpaesjt/escola-basica-n-o-4-de-sao-joao-da-talha-vence-programa-bairros-felizes-portugal-feliz/,yes,word matched in path not domain — verify,"""Escola Básica N.º 4 de São João da Talha,"" São João da Talha Portugal"
35261,Escola Básica de Vale Figueira,S. João da Talha,Loures,Jardim de Infância,https://escoladevidro.pt/lescolas/escola-basica-de-vale-figueira-loures/,yes,word matched in path not domain — verify,"""Escola Básica de Vale Figueira"" S. João da Talha Portugal"
35262,Escola EB1/JI de S. João da Talha,São João da Talha,Loures,Jardim de Infância,https://www.aesjt.pt/wpaesjt/agrupamento/escola-eb1-ji-de-s-joao-da-talha/,yes,word matched in path not domain — verify,"""Escola EB1/JI de S. João da Talha"" São João da Talha Portugal"
35263,Escola Básica D. Carlos I,Sintra,Sintra,Jardim de Infância,https://emlista.pt/escolas-basicas/sintra-escola-basica-d-carlos-i/12567,yes,word matched in path not domain — verify,"""Escola Básica D. Carlos I"" Sintra Portugal"
35265,Escola Básica do Lourel,Sintra,Sintra,Jardim de Infância,https://escoladevidro.pt/lescolas/escola-basica-do-lourel-sintra/,yes,word matched in path not domain — verify,"""Escola Básica do Lourel"" Sintra Portugal"
35266,Escola Básica Pintor Almada Negreiros,Lisboa,Lisboa,Jardim de Infância,https://www.lisboa.pt/pontos-de-interesse/detalhe/escola-basica-pintor-almada-negreiros,yes,word matched in path not domain — verify,"""Escola Básica Pintor Almada Negreiros"" Lisboa Portugal"
35267,Escola Básica do Condado,Lisboa,Lisboa,Jardim de Infância,https://informacoeseservicos.lisboa.pt/contactos/diretorio-da-cidade/escola-basica-do-condado,yes,word matched in path not domain — verify,"""Escola Básica do Condado"" Lisboa Portugal"
35268,Escola Básica Gaivotas,Lisboa,Lisboa,Jardim de Infância,https://informacoeseservicos.lisboa.pt/contactos/diretorio-da-cidade/escola-basica-gaivotas,yes,word matched in path not domain — verify,"""Escola Básica Gaivotas"" Lisboa Portugal"
35269,Escola Básica Luísa Ducla Soares,Lisboa,Lisboa,Jardim de Infância,https://www.lisboa.pt/pontos-de-interesse/detalhe/escola-basica-luisa-ducla-soares,yes,word matched in path not domain — verify,"""Escola Básica Luísa Ducla Soares"" Lisboa Portugal"
35270,Escola Básica de Ouressa,Mem Martins,Sintra,Jardim de Infância,https://sintranoticias.pt/2025/03/13/edificio-modelar-inaugurado-na-escola-basica-de-ouressa-em-mem-martins/,yes,word matched in path not domain — verify,"""Escola Básica de Ouressa"" Mem Martins Portugal"
35271,Jardim de Infância N.º 3 de Mem Martins,Mem Martins,Sintra,Jardim de Infância,https://www.directorioescolas.eu/escola/7562-jardim-de-infancia-n-3-de-mem-martins-sintra/,yes,word matched in path not domain — verify,"""Jardim de Infância N.º 3 de Mem Martins"" Mem Martins Portugal"
35272,Escola Básica de Mem Martins,Mem Martins,Sintra,Jardim de Infância,https://www.aememmartins.pt/wp-content/uploads/2020/05/Oferta-educativa-2020-2021.pdf,,,"""Escola Básica de Mem Martins"" Mem Martins Portugal"
35273,Escola Básica do Alto de Algés,Algés,Oeiras,Jardim de Infância,https://www.aemiraflores.edu.pt/joomla2/index.php/eb1-ji-do-alto-de-alges,yes,word matched in path not domain — verify,"""Escola Básica do Alto de Algés"" Algés Portugal"
35274,Escola Básica de Casais de Trigache,Famões,Odivelas,Jardim de Infância,not found,,,"""Escola Básica de Casais de Trigache"" Famões Portugal"
35275,Escola Básica Veiga Ferreira,Famões,Odivelas,Jardim de Infância,https://www.municipiosefreguesias.pt/entidade/585534/escola-basica-veiga-ferreira--famoes---1---ciclo-do-ensino-basico,yes,word matched in path not domain — verify,"""Escola Básica Veiga Ferreira"" Famões Portugal"
35277,"Escola Básica N.º 3 da Bobadela,",Bobadela Lrs,Loures,Jardim de Infância,https://escoladevidro.pt/lescolas/escola-basica-n-o-3-da-bobadela-loures/,yes,word matched in path not domain — verify,"""Escola Básica N.º 3 da Bobadela,"" Bobadela Lrs Portugal"
35278,Escola Básica da Tapada das Mercês,Mem Martins,Sintra,Jardim de Infância,https://www.municipiosefreguesias.pt/entidade/5760/escola-basica-da-tapada-das-merces,yes,word matched in path not domain — verify,"""Escola Básica da Tapada das Mercês"" Mem Martins Portugal"
35279,Escola Básica Teixeira de Pascoais,Lisboa,Lisboa,Jardim de Infância,https://informacoeseservicos.lisboa.pt/contactos/diretorio-da-cidade/escola-basica-teixeira-de-pascoais,yes,word matched in path not domain — verify,"""Escola Básica Teixeira de Pascoais"" Lisboa Portugal"
35280,Escola Básica da Brandoa,Amadora,Amadora,Jardim de Infância,https://www.servicospublicos.pt/servico-publico/12100/escola-basica-sacadura-cabral--brandoa--amadora,yes,word matched in path not domain — verify,"""Escola Básica da Brandoa"" Amadora Portugal"
35281,Escola Básica Sacadura Cabral,Amadora,Amadora,Jardim de Infância,https://escoladevidro.pt/lescolas/escola-basica-sacadura-cabral-brandoa-amadora/,yes,word matched in path not domain — verify,"""Escola Básica Sacadura Cabral"" Amadora Portugal"
35282,Escola Básica Mestre Arnaldo Louro de Almeida,Lisboa,Lisboa,Jardim de Infância,https://informacoeseservicos.lisboa.pt/contactos/diretorio-da-cidade/escola-basica-mestre-arnaldo-louro-de-almeida,yes,word matched in path not domain — verify,"""Escola Básica Mestre Arnaldo Louro de Almeida"" Lisboa Portugal"
35283,Escola Básica de Francos,Rio de Mouro,Sintra,Jardim de Infância,https://www.waze.com/live-map/directions/pt/lisboa/rio-de-mouro/escola-basica-de-francos?to=place.ChIJ5zR897XPHg0R3jaUu9EdQw0,yes,word matched in path not domain — verify,"""Escola Básica de Francos"" Rio de Mouro Portugal"
35284,Escola Básica N.º 1 de Lisboa,Lisboa,Lisboa,Jardim de Infância,https://www.lisboa.pt/pontos-de-interesse/detalhe/escola-basica-no-1-de-lisboa,,,"""Escola Básica N.º 1 de Lisboa"" Lisboa Portugal"
35285,Escola Básica Homero Serpa,Lisboa,Lisboa,Jardim de Infância,https://informacoeseservicos.lisboa.pt/contactos/diretorio-da-cidade/escola-basica-homero-serpa,yes,word matched in path not domain — verify,"""Escola Básica Homero Serpa"" Lisboa Portugal"
35286,Escola Básica Raúl Lino,Lisboa,Lisboa,Jardim de Infância,https://ecoescolas.abaae.pt/escola/escola-basica-raul-lino/,yes,word matched in path not domain — verify,"""Escola Básica Raúl Lino"" Lisboa Portugal"
35287,Escola Básica de Santo Amaro,Lisboa,Lisboa,Jardim de Infância,https://www.directorioescolas.eu/escola/6918-escola-basica-de-santo-amaro-lisboa/,yes,word matched in path not domain — verify,"""Escola Básica de Santo Amaro"" Lisboa Portugal"
35288,Escola Básica da Rinchoa,Rio de Mouro,Sintra,Jardim de Infância,https://www.servicospublicos.pt/servico-publico/1813/escola-basica-da-rinchoa--rio-de-mouro--sintra,yes,word matched in path not domain — verify,"""Escola Básica da Rinchoa"" Rio de Mouro Portugal"
35289,Escola Básica N.º 1 de Fitares,Rio de Mouro,Sintra,Jardim de Infância,https://escoladevidro.pt/lescolas/escola-basica-n-o-1-de-fitares-sintra/,yes,word matched in path not domain — verify,"""Escola Básica N.º 1 de Fitares"" Rio de Mouro Portugal"
35291,Escola Básica de Ota,Ota,Alenquer,Jardim de Infância,https://escoladevidro.pt/lescolas/escola-basica-de-ota-alenquer/,yes,word matched in path not domain — verify,"""Escola Básica de Ota"" Ota Portugal"
35292,Jardim de Infância de Abrigada,Abrigada,Alenquer,Jardim de Infância,https://escoladevidro.pt/lescolas/jardim-de-infancia-de-abrigada-alenquer/,yes,word matched in path not domain — verify,"""Jardim de Infância de Abrigada"" Abrigada Portugal"
35293,Jardim de Infância de Meca,Meca,Alenquer,Jardim de Infância,https://www.directorioescolas.eu/escola/6181-jardim-de-infancia-de-meca-alenquer/,yes,word matched in path not domain — verify,"""Jardim de Infância de Meca"" Meca Portugal"
35295,Escola Básica de Cabra Figa,Rio de Mouro,Sintra,Jardim de Infância,https://escoladevidro.pt/lescolas/escola-basica-de-cabra-figa-sintra/,yes,word matched in path not domain — verify,"""Escola Básica de Cabra Figa"" Rio de Mouro Portugal"
35296,Jardim de Infância Padre Agostinho da Mota,Rio de Mouro,Sintra,Jardim de Infância,https://www.servicospublicos.pt/servico-publico/3053/jardim-de-infancia-padre-agostinho-da-mota--albarraque--sintra,yes,word matched in path not domain — verify,"""Jardim de Infância Padre Agostinho da Mota"" Rio de Mouro Portugal"
35298,Escola Básica de Cabanas de Torres,Cabanas de Torres,Alenquer,Jardim de Infância,https://www.directorioescolas.eu/escola/6174-escola-basica-de-cabanas-de-torres-alenquer/,yes,word matched in path not domain — verify,"""Escola Básica de Cabanas de Torres"" Cabanas de Torres Portugal"
35300,Escola Básica de Colares,Colares,Sintra,Jardim de Infância,https://escoladevidro.pt/lescolas/escola-basica-de-colares-sintra/,yes,word matched in path not domain — verify,"""Escola Básica de Colares"" Colares Portugal"
35301,Jardim de Infância de Azenhas do Mar,Colares,Sintra,Jardim de Infância,https://www.servicospublicos.pt/servico-publico/705/jardim-de-infancia-de-azenhas-do-mar--sintra,yes,word matched in path not domain — verify,"""Jardim de Infância de Azenhas do Mar"" Colares Portugal"
35302,Jardim de Infância N.º 1 do Cacém,Agualva-Cacém,Sintra,Jardim de Infância,https://www.servicospublicos.pt/servico-publico/707/jardim-de-infancia-n---1-do-cacem--sintra,yes,word matched in path not domain — verify,"""Jardim de Infância N.º 1 do Cacém"" Agualva-Cacém Portugal"
35303,Escola Básica N.º 2 de Mem Martins,Mem Martins,Sintra,Jardim de Infância,https://www.directorioescolas.eu/escola/7566-escola-basica-n-2-de-mem-martins-sintra/,yes,word matched in path not domain — verify,"""Escola Básica N.º 2 de Mem Martins"" Mem Martins Portugal"
35304,Escola Básica N.º 1 de Rio de Mouro,Rio de Mouro,Sintra,Jardim de Infância,https://escoladevidro.pt/lescolas/escola-basica-n-o-1-de-rio-de-mouro-sintra/,yes,word matched in path not domain — verify,"""Escola Básica N.º 1 de Rio de Mouro"" Rio de Mouro Portugal"
35305,Escola Básica EB1/JI Maria Lamas,Odivelas,Odivelas,Jardim de Infância,not found,,,"""Escola Básica EB1/JI Maria Lamas"" Odivelas Portugal"
35315,Agrupamento de Escolas Dr Azevedo Neves/ Escola Básica Condes da Lousã,Amadora,Amadora,Jardim de Infância,not found,,,"""Agrupamento de Escolas Dr Azevedo Neves/ Escola Básica Condes da Lousã"" Amadora Portugal"
35316,Agrupamento de Escolas Dr Azevedo Neves/ Escola Básica José Ruy,Amadora,Amadora,Jardim de Infância,not found,,,"""Agrupamento de Escolas Dr Azevedo Neves/ Escola Básica José Ruy"" Amadora Portugal"
35317,Escola Básica N.º 2 de Abóboda,São Domingos de Rana,Cascais,Jardim de Infância,https://escoladevidro.pt/lescolas/escola-basica-n-o-2-de-aboboda-cascais/,yes,word matched in path not domain — verify,"""Escola Básica N.º 2 de Abóboda"" São Domingos de Rana Portugal"
35318,Escola Básica de Trajouce,São Domingos de Rana,Cascais,Jardim de Infância,https://escoladevidro.pt/lescolas/escola-basica-de-trajouce-cascais/,yes,word matched in path not domain — verify,"""Escola Básica de Trajouce"" São Domingos de Rana Portugal"
35319,Escola Básica de Santa Clara,Lisboa,Lisboa,Jardim de Infância,https://www.sabado.pt/portugal/detalhe/pais-contra-obras-na-escola-basica-de-santa-clara-para-novo-espaco-do-panteao,yes,word matched in path not domain — verify,"""Escola Básica de Santa Clara"" Lisboa Portugal"
35320,Escola Básica de Vila de Rei,Bucelas,Loures,Jardim de Infância,not found,,,"""Escola Básica de Vila de Rei"" Bucelas Portugal"
35321,Escola Básica da Portela de Sintra,Sintra,Sintra,Jardim de Infância,https://www.directorioescolas.eu/escola/7661-escola-basica-da-portela-de-sintra-sintra/,yes,word matched in path not domain — verify,"""Escola Básica da Portela de Sintra"" Sintra Portugal"
35322,Escola Básica de Sintra,Sintra,Sintra,Jardim de Infância,https://ecoescolas.abaae.pt/escola/escola-eb1-ji-sintra/,yes,word matched in path not domain — verify,"""Escola Básica de Sintra"" Sintra Portugal"
35323,Escola Básica de Mucifal,Colares,Sintra,Jardim de Infância,https://www.servicospublicos.pt/servico-publico/3052/escola-basica-de-mucifal--sintra,yes,word matched in path not domain — verify,"""Escola Básica de Mucifal"" Colares Portugal"
35324,Escola Básica de São Pedro,Sintra,Sintra,Jardim de Infância,https://escoladevidro.pt/lescolas/escola-basica-de-sao-pedro-sintra/,yes,word matched in path not domain — verify,"""Escola Básica de São Pedro"" Sintra Portugal"
35325,Escola Básica N.º 1 do Linhó,Sintra,Sintra,Jardim de Infância,https://escoladevidro.pt/lescolas/escola-basica-n-o-1-do-linho-sintra/,yes,word matched in path not domain — verify,"""Escola Básica N.º 1 do Linhó"" Sintra Portugal"
35326,Escola Básica Jorge Mineiro,Barcarena,Oeiras,Jardim de Infância,https://emlista.pt/escolas-basicas/oeiras-escola-basica-jorge-mineiro/12262,yes,word matched in path not domain — verify,"""Escola Básica Jorge Mineiro"" Barcarena Portugal"
35327,Escola Básica Narcisa Pereira,Queijas,Oeiras,Jardim de Infância,not found,,,"""Escola Básica Narcisa Pereira"" Queijas Portugal"
35328,Escola Básica Cesário Verde,Queijas,Oeiras,Jardim de Infância,https://www.waze.com/live-map/directions/pt/lisboa/queijas/escola-basica-cesario-verde-queijas?to=place.ChIJf3hqk3DNHg0R8MrApYTiT6w,yes,word matched in path not domain — verify,"""Escola Básica Cesário Verde"" Queijas Portugal"
35329,Escola Básica de Vale Mourão,Rio de Mouro,Sintra,Jardim de Infância,https://escoladevidro.pt/lescolas/escola-basica-de-vale-mourao-sintra/,yes,word matched in path not domain — verify,"""Escola Básica de Vale Mourão"" Rio de Mouro Portugal"
35330,Escola Básica Ribeiro de Carvalho,Agualva-Cacém,Sintra,Jardim de Infância,https://esgamabarros.pt/gbarros/agrupamento/eb-ribeiro-carvalho/,yes,word matched in path not domain — verify,"""Escola Básica Ribeiro de Carvalho"" Agualva-Cacém Portugal"
35331,Escola Básica N.º 1 da Serra das Minas,Rio de Mouro,Sintra,Jardim de Infância,https://escoladevidro.pt/lescolas/escola-basica-n-o-1-da-serra-das-minas-sintra/,yes,word matched in path not domain — verify,"""Escola Básica N.º 1 da Serra das Minas"" Rio de Mouro Portugal"
35332,Escola Básica do Casal da Barôta,Belas,Sintra,Jardim de Infância,https://escoladevidro.pt/lescolas/escola-basica-do-casal-da-barota-belas-sintra/,yes,word matched in path not domain — verify,"""Escola Básica do Casal da Barôta"" Belas Portugal"
35333,Escola Básica de Xutaria,Belas,Sintra,Jardim de Infância,https://www.municipiosefreguesias.pt/entidade/2903/escola-basica-de-xutaria,yes,word matched in path not domain — verify,"""Escola Básica de Xutaria"" Belas Portugal"
35334,Escola Básica N.º 2 de Massamá,Queluz,Sintra,Jardim de Infância,https://escoladevidro.pt/lescolas/escola-basica-n-o-2-de-massama-sintra/,yes,word matched in path not domain — verify,"""Escola Básica N.º 2 de Massamá"" Queluz Portugal"
35335,Escola Básica N.º 2 da Serras das Minas,Rio de Mouro,Sintra,Jardim de Infância,https://escoladevidro.pt/lescolas/escola-basica-n-o-2-da-serras-das-minas-sintra/,yes,word matched in path not domain — verify,"""Escola Básica N.º 2 da Serras das Minas"" Rio de Mouro Portugal"
35336,Escola Básica N.º 2 de Rio de Mouro,Rio de Mouro,Sintra,Jardim de Infância,not found,,,"""Escola Básica N.º 2 de Rio de Mouro"" Rio de Mouro Portugal"
35337,Escola Básica N.º 2 da Rinchoa,Rio de Mouro,Sintra,Jardim de Infância,https://escoladevidro.pt/lescolas/escola-basica-n-o-2-da-rinchoa-sintra/,yes,word matched in path not domain — verify,"""Escola Básica N.º 2 da Rinchoa"" Rio de Mouro Portugal"
36269,EB1 Agostinho da Silva,Lisboa,Lisboa,Jardim de Infância,not found,,,"""EB1 Agostinho da Silva"" Lisboa Portugal"
36375,Escola Básica à-Dos-Cãos,À-Dos Cãos,Loures,Jardim de Infância,https://ko-portugal.europe-places.com/places/escola-basica-a-dos-caos-loures,yes,word matched in path not domain — verify,"""Escola Básica à-Dos-Cãos"" À-Dos Cãos Portugal"
36416,Jardim de Infância Vale Aveiras,Aveiras de Cima,Azambuja,Jardim de Infância,https://omirante.pt/semanario/2018-12-13/primeiro-plano/2018-12-12-No-dia-de-inauguracao-do-Jardim-de-infancia-Vale-Aveiras,yes,word matched in path not domain — verify,"""Jardim de Infância Vale Aveiras"" Aveiras de Cima Portugal"
36417,Escola Básica de Albarraque,Rio de Mouro,Sintra,Jardim de Infância,https://escoladevidro.pt/lescolas/escola-basica-de-albarraque-sintra/,yes,word matched in path not domain — verify,"""Escola Básica de Albarraque"" Rio de Mouro Portugal"
36421,Escola Básica de Pêro Negro,Sobral de Monte Agraço,Sobral de Monte Agraço,Jardim de Infância,https://escoladevidro.pt/lescolas/escola-basica-de-pero-negro-sobral-de-monte-agraco/,yes,word matched in path not domain — verify,"""Escola Básica de Pêro Negro"" Sobral de Monte Agraço Portugal"
36437,Escola Básica de Serradas,Rio de Mouro,Sintra,Jardim de Infância,https://escoladevidro.pt/lescolas/escola-basica-de-serradas-sintra/,yes,word matched in path not domain — verify,"""Escola Básica de Serradas"" Rio de Mouro Portugal"
36456,Escola Básica Arquiteto Vítor Palla,Lisboa,Lisboa,Jardim de Infância,not found,,,"""Escola Básica Arquiteto Vítor Palla"" Lisboa Portugal"
36457,Escola Sampaio Garrido,Lisboa,Lisboa,Jardim de Infância,https://www.lisboa.pt/pontos-de-interesse/detalhe/escola-basica-sampaio-garrido,yes,word matched in path not domain — verify,"""Escola Sampaio Garrido"" Lisboa Portugal"
36546,Colégio Infantil de Educação Popular da Poça,S. João do Estoril,Cascais,Jardim de Infância,https://www.servicospublicos.pt/servico-publico/10641/jardim-de-infancia-associacao-de-educacao-popular-zambujal,yes,word matched in path not domain — verify,"""Colégio Infantil de Educação Popular da Poça"" S. João do Estoril Portugal"
36547,Centro Social Paroq. Nª. Senhora da Conceição (Outurela),Carnaxide,Oeiras,Jardim de Infância,not found,,,"""Centro Social Paroq. Nª. Senhora da Conceição (Outurela)"" Carnaxide Portugal"
36916,Escola Básica Maria Máxima Vaz,Odivelas,Odivelas,Jardim de Infância,https://agr-odivelas.pt/escola-basica-1o-ciclo-maria-maxima-vaz/,yes,word matched in path not domain — verify,"""Escola Básica Maria Máxima Vaz"" Odivelas Portugal"
36946,Escola Básica dos Castanheiros (JI e 1.º Ciclo),Caneças,Odivelas,Jardim de Infância,not found,,,"""Escola Básica dos Castanheiros (JI e 1.º Ciclo)"" Caneças Portugal"
36962,JI Alexandre Rodrigues Ferreira,Lisboa,Lisboa,Jardim de Infância,https://informacoeseservicos.lisboa.pt/contactos/diretorio-da-cidade/ji-alexandre-rodrigues-ferreira,yes,word matched in path not domain — verify,"""JI Alexandre Rodrigues Ferreira"" Lisboa Portugal"
37128,Kriakrianças,Linda-A-Velha,Oeiras,Jardim de Infância,http://www.kriakriancas.com/,,,"""Kriakrianças"" Linda-A-Velha Portugal"
37238,Escola Básica N.º 3 de Belas,Belas,Sintra,Jardim de Infância,https://www.servicospublicos.pt/servico-publico/868/escola-basica-n---3-de-belas--sintra,yes,word matched in path not domain — verify,"""Escola Básica N.º 3 de Belas"" Belas Portugal"
37278,Jardim de Infância da Murteira,Loures,Loures,Jardim de Infância,not found,,,"""Jardim de Infância da Murteira"" Loures Portugal"
37279,Jardim de Infância Nº2 de Loures,Loures,Loures,Jardim de Infância,not found,,,"""Jardim de Infância Nº2 de Loures"" Loures Portugal"
37619,Jardim de Infância de Moledo,Moledo,Lourinhã,Jardim de Infância,https://escoladevidro.pt/lescolas/jardim-de-infancia-de-moledo-caminha/,yes,word matched in path not domain — verify,"""Jardim de Infância de Moledo"" Moledo Portugal"
37620,Escola Básica Frei Luís de Sousa,Lisboa,Lisboa,Jardim de Infância,https://informacoeseservicos.lisboa.pt/contactos/diretorio-da-cidade/escola-basica-frei-luis-de-sousa,yes,word matched in path not domain — verify,"""Escola Básica Frei Luís de Sousa"" Lisboa Portugal"
37621,Escola Básica do Sobralinho,Sobralinho,Vila Franca de Xira,Jardim de Infância,not found,,,"""Escola Básica do Sobralinho"" Sobralinho Portugal"
37623,Escola Básica Anselmo de Oliveira,Paço de Arcos,Oeiras,Jardim de Infância,https://escoladevidro.pt/lescolas/escola-basica-anselmo-de-oliveira-paco-de-arcos-oeiras/,yes,word matched in path not domain — verify,"""Escola Básica Anselmo de Oliveira"" Paço de Arcos Portugal"
37624,Escola Básica de Murtal,Murtal,Cascais,Jardim de Infância,https://www.municipiosefreguesias.pt/entidade/6431/escola-basica-de-murtal,yes,word matched in path not domain — verify,"""Escola Básica de Murtal"" Murtal Portugal"
37625,Escola Básica Santo António,Parede,Cascais,Jardim de Infância,https://www.aeparede.edu.pt/corta-mato-escolar-escola-basica-santo-antonio/,yes,word matched in path not domain — verify,"""Escola Básica Santo António"" Parede Portugal"
37627,Escola Básica da Dagorda,Dagorda,Cadaval,Jardim de Infância,https://www.municipiosefreguesias.municipiosefreguesias.pt/entidade/8963/escola-basica-da-dagorda,yes,word matched in path not domain — verify,"""Escola Básica da Dagorda"" Dagorda Portugal"
37628,Escola Básica de Figueiros,Figueiros,Cadaval,Jardim de Infância,https://www.uf-painhoefigueiros.pt/freguesia/redeescolar/1,,,"""Escola Básica de Figueiros"" Figueiros Portugal"
37629,Escola Básica N.º 1 do Cadaval,Cadaval,Cadaval,Jardim de Infância,https://escoladevidro.pt/lescolas/escola-basica-n-o-1-do-cadaval/,yes,word matched in path not domain — verify,"""Escola Básica N.º 1 do Cadaval"" Cadaval Portugal"
37630,Jardim de Infância do Peral,Peral,Cadaval,Jardim de Infância,https://escoladevidro.pt/lescolas/jardim-de-infancia-do-peral-cadaval/,yes,word matched in path not domain — verify,"""Jardim de Infância do Peral"" Peral Portugal"
37632,Escola Básica Padre Andrade,Abóboda,Cascais,Jardim de Infância,https://www.cascais.pt/galeria-de-imagens/padre-andrade-da-nome-escola-basica-da-aboboda,yes,word matched in path not domain — verify,"""Escola Básica Padre Andrade"" Abóboda Portugal"
37633,Escola Básica Fausto Cardoso de Figueiredo,Estoril,Cascais,Jardim de Infância,https://escoladevidro.pt/lescolas/escola-basica-fausto-cardoso-de-figueiredo-estoril-cascais/,yes,word matched in path not domain — verify,"""Escola Básica Fausto Cardoso de Figueiredo"" Estoril Portugal"
37634,Escola Básica do Beato,Lisboa,Lisboa,Jardim de Infância,https://www.lisboa.pt/pontos-de-interesse/detalhe/escola-basica-ji-do-beato,yes,word matched in path not domain — verify,"""Escola Básica do Beato"" Lisboa Portugal"
37635,Escola Básica N.º 4 da Parede,Madorna,Cascais,Jardim de Infância,https://callejero-portugal.openalfa.com/calles/rua-rosa-damasceno-madorna-carcavelos-e-parede-cascais,yes,word matched in path not domain — verify,"""Escola Básica N.º 4 da Parede"" Madorna Portugal"
37636,"Escola Básica Ricardo Alberty, São Brás",Casal de São Brás,Amadora,Jardim de Infância,not found,,,"""Escola Básica Ricardo Alberty, São Brás"" Casal de São Brás Portugal"
37640,Escola Básica do Bairro de São Miguel,Lisboa,Lisboa,Jardim de Infância,https://informacoeseservicos.lisboa.pt/contactos/diretorio-da-cidade/escola-basica-bairro-de-sao-miguel,yes,word matched in path not domain — verify,"""Escola Básica do Bairro de São Miguel"" Lisboa Portugal"
37641,"Escola Básica Prista Monteiro, Lisboa",Carnide,Lisboa,Jardim de Infância,not found,,,"""Escola Básica Prista Monteiro, Lisboa"" Carnide Portugal"
37788,Escola Básica do Mosteiro,Odivelas,Odivelas,Jardim de Infância,https://adodivelas.pt/escola-basica-do-mosteiro-v2/,yes,word matched in path not domain — verify,"""Escola Básica do Mosteiro"" Odivelas Portugal"
38243,"Escola Básica de Lopas, Agualva",Agualva Cacem,Sintra,Jardim de Infância,https://escoladevidro.pt/lescolas/escola-basica-de-lopas-agualva-sintra/,yes,word matched in path not domain — verify,"""Escola Básica de Lopas, Agualva"" Agualva Cacem Portugal"
38244,Escola Básica N.º 1 da Bobadela,Bobadela,Loures,Jardim de Infância,https://escoladevidro.pt/lescolas/escola-basica-n-o-1-da-bobadela-loures/,yes,word matched in path not domain — verify,"""Escola Básica N.º 1 da Bobadela"" Bobadela Portugal"
38245,Escola Básica Jorge Barradas,Lisboa,Lisboa,Jardim de Infância,https://informacoeseservicos.lisboa.pt/contactos/diretorio-da-cidade/escola-basica-jorge-barradas,yes,word matched in path not domain — verify,"""Escola Básica Jorge Barradas"" Lisboa Portugal"
38246,Escola Básica de Lombos,Carcavelos,Cascais,Jardim de Infância,https://escoladevidro.pt/lescolas/escola-basica-de-lombos-carcavelos-cascais/,yes,word matched in path not domain — verify,"""Escola Básica de Lombos"" Carcavelos Portugal"
38248,Escola Básica Manuel da Maia,Lisboa,Lisboa,Jardim de Infância,https://informacoeseservicos.lisboa.pt/contactos/diretorio-da-cidade/escola-basica-manuel-da-maia,yes,word matched in path not domain — verify,"""Escola Básica Manuel da Maia"" Lisboa Portugal"
38249,Escola Básica N.º 72,Lisboa,Lisboa,Jardim de Infância,https://www.lisboa.pt/pontos-de-interesse/detalhe/escola-basica-no-72-de-lisboa,yes,word matched in path not domain — verify,"""Escola Básica N.º 72"" Lisboa Portugal"
38250,Escola Básica N.º 2 de Monte Abraão,Monte Abraão,Sintra,Jardim de Infância,https://escoladevidro.pt/lescolas/escola-basica-n-o-2-de-monte-abraao-sintra/,yes,word matched in path not domain — verify,"""Escola Básica N.º 2 de Monte Abraão"" Monte Abraão Portugal"
38280,JI/ EB1 da Rebelva,Carcavelos,Cascais,Jardim de Infância,not found,,,"""JI/ EB1 da Rebelva"" Carcavelos Portugal"
38307,Jardim de Infância o Palhaço Azul,Caneças,Odivelas,Jardim de Infância,https://escoladevidro.pt/lescolas/jardim-de-infancia-o-palhaco-azul/,yes,word matched in path not domain — verify,"""Jardim de Infância o Palhaço Azul"" Caneças Portugal"
38308,A Escolinha da Aldeia,Carcavelos,Cascais,Jardim de Infância,not found,,,"""A Escolinha da Aldeia"" Carcavelos Portugal"
38309,Colégio Dim Dam Dum,Mem Martins,Sintra,Jardim de Infância,https://www.servicospublicos.pt/servico-publico/10978/colegio-dim--dam--dum,yes,word matched in path not domain — verify,"""Colégio Dim Dam Dum"" Mem Martins Portugal"
38311,Colégio Place4all,Lisboa,Lisboa,Jardim de Infância,not found,,,"""Colégio Place4all"" Lisboa Portugal"
38312,Duende Mágico,Odivelas,Odivelas,Jardim de Infância,"https://www.waze.com/pt-PT/live-map/directions/pt/lisboa/odivelas/duende-magico-atividades-educativas,-lda.?to=place.ChIJcerC3RYtGQ0RHaxMBTyqbSM",yes,word matched in path not domain — verify,"""Duende Mágico"" Odivelas Portugal"
38313,Jardim de Infância a Estrelinha Amarela,Pirescoxe,Loures,Jardim de Infância,not found,,,"""Jardim de Infância a Estrelinha Amarela"" Pirescoxe Portugal"
38314,Jardim de Infância Estrelas de Luz,Amadora,Amadora,Jardim de Infância,not found,,,"""Jardim de Infância Estrelas de Luz"" Amadora Portugal"
38316,Laranja Lima,Mafra,Mafra,Jardim de Infância,https://www.infoempresas.com.pt/Empresa_LARANJA-LIMA-ATL-JARDIM-INFANCIA-CRECHE-CENTRO-ESTUDOS.html,yes,word matched in path not domain — verify,"""Laranja Lima"" Mafra Portugal"
38319,Tesouros e Aventuras,Queluz,Sintra,Jardim de Infância,not found,,,"""Tesouros e Aventuras"" Queluz Portugal"
38571,Colégio o Pinheiro Sabichão,Pêro Pinheiro,Sintra,Jardim de Infância,https://colegiopinheirosabichao.pt/,,,"""Colégio o Pinheiro Sabichão"" Pêro Pinheiro Portugal"
38753,Escola Básica de Casal Novo,Casal Novo,Gavião,Jardim de Infância,https://escoladevidro.pt/lescolas/escola-basica-de-casal-novo-leiria/,yes,word matched in path not domain — verify,"""Escola Básica de Casal Novo"" Casal Novo Portugal"
39097,Jardim de Infância Casal dos Sonhos,Amadora,Amadora,Jardim de Infância,https://www.waze.com/pt-PT/live-map/directions/pt/lisboa/amadora/jardim-de-infancia-casal-dos-sonhos?to=place.ChIJHZnKOIfNHg0RYcfYv35VnFo,yes,word matched in path not domain — verify,"""Jardim de Infância Casal dos Sonhos"" Amadora Portugal"
39202,JI Alzira Beatriz Pacheco,Póvoa de Santo Adrião,Odivelas,Jardim de Infância,not found,,,"""JI Alzira Beatriz Pacheco"" Póvoa de Santo Adrião Portugal"
1811,Creche Nossa Senhora Anjos,Cabeço de Vide,Fronteira,Creche,not found,,,"""Creche Nossa Senhora Anjos"" Cabeço de Vide Portugal"
1817,Centro Infantil Nossa Senhora Vila Velha,Fronteira,Fronteira,Creche e Jardim de Infância,not found,,,"""Centro Infantil Nossa Senhora Vila Velha"" Fronteira Portugal"
1820,Infantário da Santa Casa da Misericórdia de Avis,Avis,Avis,Creche,https://www.scmavis.pt/Artigos/Details?id=329&pageIndex=4,,,"""Infantário da Santa Casa da Misericórdia de Avis"" Avis Portugal"
1825,Creche Nossa Senhora Graça,Cano,Sousel,Creche,not found,,,"""Creche Nossa Senhora Graça"" Cano Portugal"
1826,Infantário D. Anita,Galveias,Ponte de Sor,Creche e Jardim de Infância,https://www.jfgalveias.pt/territorio/rede-escolar/168-fundacao-infantario-dona-anita,yes,word matched in path not domain — verify; combined tipo — may have split pages,"""Infantário D. Anita"" Galveias Portugal"
1828,Equip Soc da Santa Casa da Misericórdia de Sousel,Sousel,Sousel,Creche e Jardim de Infância,not found,,,"""Equip Soc da Santa Casa da Misericórdia de Sousel"" Sousel Portugal"
1835,Jardim de Infância Nossa Senhora Conceição,Montargil,Ponte de Sor,Creche e Jardim de Infância,not found,,,"""Jardim de Infância Nossa Senhora Conceição"" Montargil Portugal"
1841,Centro Paroquial Assistência Castelo Vide,Castelo de Vide,Entroncamento,Creche e Jardim de Infância,not found,,,"""Centro Paroquial Assistência Castelo Vide"" Castelo de Vide Portugal"
1848,Jardim de Infância Centro Bem Estar Social Arronches,Arronches,Arronches,Creche e Jardim de Infância,not found,,,"""Jardim de Infância Centro Bem Estar Social Arronches"" Arronches Portugal"
1860,Centro Infantil Vila Boim,Vila Boim,Viana do Castelo,Creche e Jardim de Infância,not found,,,"""Centro Infantil Vila Boim"" Vila Boim Portugal"
1862,Jardim de Infância Semi-Internato Nossa Senhora Encarnação,Elvas,Elvas,Creche e Jardim de Infância,not found,,,"""Jardim de Infância Semi-Internato Nossa Senhora Encarnação"" Elvas Portugal"
1863,Jardim de Infância Semi-Internato Nossa Senhora Encarnação - Anexo,Elvas,Elvas,Creche e Jardim de Infância,not found,,,"""Jardim de Infância Semi-Internato Nossa Senhora Encarnação - Anexo"" Elvas Portugal"
1865,Obra de Santa Zita - Portalegre,Portalegre,Portalegre,Creche e Jardim de Infância,not found,,,"""Obra de Santa Zita - Portalegre"" Portalegre Portugal"
1867,"Centro Social Infantil "" O Girassol""",Portalegre,Portalegre,Creche e Jardim de Infância,https://www.csigirassol.pt/,yes,combined tipo — may have split pages,"""Centro Social Infantil "" O Girassol"""" Portalegre Portugal"
1868,Centro Social e Jardim Infantil de São Cristóvão,Portalegre,Portalegre,Creche e Jardim de Infância,not found,,,"""Centro Social e Jardim Infantil de São Cristóvão"" Portalegre Portugal"
1889,Centro de Bem Estar Social da Freguesia de Urra,Portalegre,Portalegre,Creche e Jardim de Infância,not found,,,"""Centro de Bem Estar Social da Freguesia de Urra"" Portalegre Portugal"
1890,Lar de Nossa Senhora da Redonda,Alpalhão,Nisa,Creche,https://laresdeidosos.pt/lar-de-nossa-senhora-da-redonda/,yes,word matched in path not domain — verify,"""Lar de Nossa Senhora da Redonda"" Alpalhão Portugal"
1896,Fundação Centro Social Nossa Senhora do Paço,Barbacena,Elvas,Creche e Jardim de Infância,https://irmasconcepcionistas.org/centro-social-nossa-senhora-do-paco/,yes,word matched in path not domain — verify; combined tipo — may have split pages,"""Fundação Centro Social Nossa Senhora do Paço"" Barbacena Portugal"
1897,"Jardim de Infância ""O Despertar""",Campo Maior,Entroncamento,Creche e Jardim de Infância,https://arquitecturaaqui.eu/en/buildings-ensembles/13781/jardim-de-infancia-o-despertar-campo-maior,yes,word matched in path not domain — verify; combined tipo — may have split pages,"""Jardim de Infância ""O Despertar"""" Campo Maior Portugal"
1899,Centro Dia Betânia-Campo Maior,Campo Maior,Campo Maior,Creche,https://apoioperto.com/concelho/campo-maior/,yes,word matched in path not domain — verify,"""Centro Dia Betânia-Campo Maior"" Campo Maior Portugal"
1908,"""O Cantinho""",Elvas,Viana do Castelo,Creche,not found,,,"""""O Cantinho"""" Elvas Portugal"
1986,Obra de Santa Zita - Elvas,Elvas,Elvas,Creche e Jardim de Infância,https://escoladevidro.pt/lescolas/jardim-de-infancia-obra-de-santa-zita-elvas/,yes,word matched in path not domain — verify; combined tipo — may have split pages,"""Obra de Santa Zita - Elvas"" Elvas Portugal"
4115,Centro Infantil de Santa Eulália,Santa Eulália,Vizela,Creche,https://cmce.pt/sobre-nos-centro-infantil-de-santa-eulalia/,yes,word matched in path not domain — verify,"""Centro Infantil de Santa Eulália"" Santa Eulália Portugal"
16038,Infantário os Traquinas,Fortios,Portalegre,Creche e Jardim de Infância,https://aatif-lar-fortios.webnode.pt/servi%C3%A7os/infantario-os-traquinas/,yes,word matched in path not domain — verify; combined tipo — may have split pages,"""Infantário os Traquinas"" Fortios Portugal"
16043,Centro Social Diocesano de Santo António,Portalegre,Portalegre,Creche e Jardim de Infância,not found,,,"""Centro Social Diocesano de Santo António"" Portalegre Portugal"
18148,Creche da Santa Casa da Misericórdia de Monforte,Monforte,Monforte,Creche,not found,,,"""Creche da Santa Casa da Misericórdia de Monforte"" Monforte Portugal"
28328,"Associação Cresce ao Sol - Creche, Pré-Escolar e CATL",Ponte de Sor,Ponte de Sor,Creche e Jardim de Infância,not found,,,"""Associação Cresce ao Sol - Creche, Pré-Escolar e CATL"" Ponte de Sor Portugal"
32904,Creche do Lar Nossa Senhora da Graça de Póvoa e Meadas,Póvoa e Meadas,Castelo de Vide,Creche,not found,,,"""Creche do Lar Nossa Senhora da Graça de Póvoa e Meadas"" Póvoa e Meadas Portugal"
34121,Os Pupilos,Elvas,Elvas,Creche,not found,,,"""Os Pupilos"" Elvas Portugal"
29831,Jardim de Infância de Monforte,Monforte,Monforte,Jardim de Infância,not found,,,"""Jardim de Infância de Monforte"" Monforte Portugal"
29832,Jardim de Infância de Assumar,,Monforte,Jardim de Infância,https://escoladevidro.pt/lescolas/jardim-de-infancia-de-assumar-monforte/,yes,word matched in path not domain — verify,"""Jardim de Infância de Assumar"" Monforte Portugal"
29905,Jardim de Infância de Vaiamonte,,Monforte,Jardim de Infância,https://www.servicospublicos.pt/servico-publico/2527/escola-basica-de-vaiamonte--monforte,yes,word matched in path not domain — verify,"""Jardim de Infância de Vaiamonte"" Monforte Portugal"
30850,Escola Básica de Atalaião,Portalegre,Portalegre,Jardim de Infância,https://ecoescolas.abaae.pt/escola/escola-basica-de-atalaiao/,yes,word matched in path not domain — verify,"""Escola Básica de Atalaião"" Portalegre Portugal"
31029,Escola Básica C/ J.i. de São Vicente,S. Vicente,Elvas,Jardim de Infância,not found,,,"""Escola Básica C/ J.i. de São Vicente"" S. Vicente Portugal"
31030,"Jardim de Infância de Terrugem, Elvas",Terrugem,Viana do Castelo,Jardim de Infância,https://escoladevidro.pt/lescolas/jardim-de-infancia-de-terrugem-elvas/,yes,word matched in path not domain — verify,"""Jardim de Infância de Terrugem, Elvas"" Terrugem Portugal"
31237,Jardim de Infância de Alcáçova,Elvas,Elvas,Jardim de Infância,https://escoladevidro.pt/lescolas/jardim-de-infancia-de-alcacova-elvas/,yes,word matched in path not domain — verify,"""Jardim de Infância de Alcáçova"" Elvas Portugal"
31238,Escola Básica das Fontainhas,Elvas,Elvas,Jardim de Infância,https://escoladevidro.pt/lescolas/escola-basica-das-fontainhas-elvas/,yes,word matched in path not domain — verify,"""Escola Básica das Fontainhas"" Elvas Portugal"
31515,Escola Básica de Comenda,Comenda,Gavião,Jardim de Infância,https://www.schoolofthefuture.eu/pt/escola/ae-gaviao-eb-de-comenda,yes,word matched in path not domain — verify,"""Escola Básica de Comenda"" Comenda Portugal"
31529,Jardim de Infância de Avis,Avis,Avis,Jardim de Infância,https://www.jf-avis.pt/territorio/rede-escolar/86-rede-publica/1539-escola-basica-do-1-o-ciclo-e-jardim-de-infancia-de-avis,,,"""Jardim de Infância de Avis"" Avis Portugal"
31530,Jardim de Infância de Benavila,Benavila,Avis,Jardim de Infância,https://www.schoolofthefuture.eu/en/school/jardim-de-infancia-de-benavila,yes,word matched in path not domain — verify,"""Jardim de Infância de Benavila"" Benavila Portugal"
31547,Jardim de Infância de Santo Amaro,Santo Amaro,Sousel,Jardim de Infância,https://escoladevidro.pt/lescolas/jardim-de-infancia-de-santo-amaro-sousel/,yes,word matched in path not domain — verify,"""Jardim de Infância de Santo Amaro"" Santo Amaro Portugal"
31728,Jardim de Infância de Cunheira,Cunheira,Alter do Chão,Jardim de Infância,https://escoladevidro.pt/lescolas/jardim-de-infancia-de-cunheira-alter-do-chao/,yes,word matched in path not domain — verify,"""Jardim de Infância de Cunheira"" Cunheira Portugal"
31840,"Escola Básica de Foros de Arrão de Cima, Ponte de Sôr",Foros do Arrão,Ponte de Sor,Jardim de Infância,https://escoladevidro.pt/lescolas/escola-basica-de-foros-de-arrao-de-cima-ponte-de-sor/,yes,word matched in path not domain — verify,"""Escola Básica de Foros de Arrão de Cima, Ponte de Sôr"" Foros do Arrão Portugal"
31843,"Escola Básica N.º 2 de Montargil, Ponte de Sôr",Montargil,Ponte de Sor,Jardim de Infância,https://www.servicospublicos.pt/servico-publico/2863/escola-basica-n---2-de-montargil--ponte-de-sor,yes,word matched in path not domain — verify,"""Escola Básica N.º 2 de Montargil, Ponte de Sôr"" Montargil Portugal"
31845,"Escola Básica de Longomel, Ponte de Sôr",Longomel,Ponte de Sor,Jardim de Infância,https://escoladevidro.pt/lescolas/escola-basica-de-longomel-ponte-de-sor/,yes,word matched in path not domain — verify,"""Escola Básica de Longomel, Ponte de Sôr"" Longomel Portugal"
32288,Escola Básica da Urra,Urra,Portalegre,Jardim de Infância,not found,,,"""Escola Básica da Urra"" Urra Portugal"
32303,Escola Básica e Secundária de Gavião,Gavião,Gavião,Jardim de Infância,https://escoladevidro.pt/lescolas/escola-basica-e-secundaria-de-gaviao/,yes,word matched in path not domain — verify,"""Escola Básica e Secundária de Gavião"" Gavião Portugal"
32478,Jardim de Infância de Casa Branca,Casa Branca,Sousel,Jardim de Infância,https://www.jf-casabranca.pt/territorio/rede-escolar/76-creches/1514-jardim-de-infancia-de-casa-branca,,,"""Jardim de Infância de Casa Branca"" Casa Branca Portugal"
32507,"Escola Básica e Secundária Padre Joaquim Maria Fernandes, Sousel - Jardim de Infância de Sousel",Sousel,Sousel,Jardim de Infância,https://apoioperto.com/creches/sousel/,yes,word matched in path not domain — verify,"""Escola Básica e Secundária Padre Joaquim Maria Fernandes, Sousel - Jardim de Infância de Sousel"" Sousel Portugal"
32508,"Escola Básica de Cano, Sousel - Jardim de Infância de Cano",Cano,Sousel,Jardim de Infância,https://apoioperto.com/creches/sousel/,yes,word matched in path not domain — verify,"""Escola Básica de Cano, Sousel - Jardim de Infância de Cano"" Cano Portugal"
33415,EB1/JI da Boa-Fé,Elvas,Elvas,Jardim de Infância,http://gia-elvas.blogspot.com/2026/02/mesas-no-exterior-da-eb1ji-da-boa-fe.html,yes,word matched in path not domain — verify,"""EB1/JI da Boa-Fé"" Elvas Portugal"
33416,EB1/JI de Raposeira,Elvas,Elvas,Jardim de Infância,not found,,,"""EB1/JI de Raposeira"" Elvas Portugal"
35306,Escola Básica Ana Maria Ferreira Gordo,Crato,Crato,Jardim de Infância,https://www.directorioescolas.eu/escola/8767-escola-basica-ana-maria-ferreira-gordo-crato/,yes,word matched in path not domain — verify,"""Escola Básica Ana Maria Ferreira Gordo"" Crato Portugal"
35307,Escola Básica Frei Manuel Cardoso,Fronteira,Fronteira,Jardim de Infância,https://radioelvas.com/2025/04/02/fronteira-obra-de-remodelacao-da-escola-basica-frei-manuel-cardoso-ja-foi-inaugurada/,yes,word matched in path not domain — verify,"""Escola Básica Frei Manuel Cardoso"" Fronteira Portugal"
35308,Escola Básica de Cabeço de Vide,Cabeço de Vide,Fronteira,Jardim de Infância,not found,,,"""Escola Básica de Cabeço de Vide"" Cabeço de Vide Portugal"
35338,Escola Básica de Santo Aleixo,Monforte,Monforte,Jardim de Infância,https://callejero-portugal.openalfa.com/santo-aleixo/educacion,yes,word matched in path not domain — verify,"""Escola Básica de Santo Aleixo"" Monforte Portugal"
35339,Escola Básica de Castelo de Vide,Castelo de Vide,Castelo de Vide,Jardim de Infância,https://escoladevidro.pt/lescolas/escola-basica-de-castelo-de-vide/,yes,word matched in path not domain — verify,"""Escola Básica de Castelo de Vide"" Castelo de Vide Portugal"
35340,Jardim de Infância de Póvoa e Meadas,Castelo de Vide-Nossa Senhora da G,Castelo de Vide,Jardim de Infância,not found,,,"""Jardim de Infância de Póvoa e Meadas"" Castelo de Vide-Nossa Senhora da G Portugal"
35341,"Escola Básica de Ammaia, Portagem",São Salvador da Aramenha,Marvão,Jardim de Infância,https://escoladevidro.pt/lescolas/escola-basica-de-ammaia-portagem-marvao/,yes,word matched in path not domain — verify,"""Escola Básica de Ammaia, Portagem"" São Salvador da Aramenha Portugal"
35342,Escola Básica Dr. Manuel Magro Machado,Santo António das Areias,Marvão,Jardim de Infância,not found,,,"""Escola Básica Dr. Manuel Magro Machado"" Santo António das Areias Portugal"
35356,Jardim de Infância de Alpalhão,Alpalhão,Nisa,Jardim de Infância,not found,,,"""Jardim de Infância de Alpalhão"" Alpalhão Portugal"
35357,Jardim de Infância de Tolosa,Tolosa,Nisa,Jardim de Infância,https://agrupamentonisa.edu.gov.pt/site/jardim-infancia-de-tolosa/,yes,word matched in path not domain — verify,"""Jardim de Infância de Tolosa"" Tolosa Portugal"
35358,Escola Básica de Alcôrrego,Alcórrego,Avis,Jardim de Infância,https://escoladevidro.pt/lescolas/escola-basica-de-alcorrego-avis/,yes,word matched in path not domain — verify,"""Escola Básica de Alcôrrego"" Alcórrego Portugal"
35359,Escola Básica de Santa Luzia,Elvas,Elvas,Jardim de Infância,https://agr-staluzia.pt/site/escola-basica-de-santa-luzia/,,,"""Escola Básica de Santa Luzia"" Elvas Portugal"
35360,Jardim de Infância de Revoltilho,Elvas,Elvas,Jardim de Infância,not found,,,"""Jardim de Infância de Revoltilho"" Elvas Portugal"
35362,Escola Básica da Calçadinha,Elvas,Elvas,Jardim de Infância,https://agr-staluzia.pt/site/escola-basica-da-calcadinha/,yes,word matched in path not domain — verify,"""Escola Básica da Calçadinha"" Elvas Portugal"
35363,Jardim de Infância de Malvar,Elvas,Elvas,Jardim de Infância,https://escoladevidro.pt/lescolas/jardim-de-infancia-de-malvar-elvas/,yes,word matched in path not domain — verify,"""Jardim de Infância de Malvar"" Elvas Portugal"
35364,Centro Escolar Comendador Rui Nabeiro,Campo Maior,Entroncamento,Jardim de Infância,not found,,,"""Centro Escolar Comendador Rui Nabeiro"" Campo Maior Portugal"
35365,Escola Básica de Ponte de Sôr,Ponte de Sor,Ponte de Sor,Jardim de Infância,https://www.endeksa.com/pt-PT/analise/portugal/portalegre/ponte-de-sor/ponte-de-sor/escola,yes,word matched in path not domain — verify,"""Escola Básica de Ponte de Sôr"" Ponte de Sor Portugal"
37642,Escola Básica de Alter do Chão,Alter do Chão,Alter do Chão,Jardim de Infância,https://www.municipiosefreguesias.pt/entidade/2248/escola-basica-de-alter-do-chao--alter-do-chao,yes,word matched in path not domain — verify,"""Escola Básica de Alter do Chão"" Alter do Chão Portugal"
37643,"Escola Básica de Ervedal, Avis",Ervedal,Oliveira do Hospital,Jardim de Infância,https://www.directorioescolas.eu/escola/8745-escola-basica-de-ervedal-avis/,yes,word matched in path not domain — verify,"""Escola Básica de Ervedal, Avis"" Ervedal Portugal"
2601,Abrigo Côrte Real- Obra de Nossa Senhora das Candeias,Porto,Porto,Creche e Jardim de Infância,not found,,,"""Abrigo Côrte Real- Obra de Nossa Senhora das Candeias"" Porto Portugal"
2604,Equip. Soc. Associação de Solidariedade Social - O Amanhã da Criança,Aguas Santas,Maia,Creche e Jardim de Infância,not found,,,"""Equip. Soc. Associação de Solidariedade Social - O Amanhã da Criança"" Aguas Santas Portugal"
2635,Associação de Moradores de Massarelos,Porto,Porto,Creche,https://ammassarelos.pt/,,,"""Associação de Moradores de Massarelos"" Porto Portugal"
2638,Equip. Soc. Centro Social de Cête,Paredes,Paredes,Creche,https://booking-senior.com/listing/equip-soc-centro-social-de-cete-e-residencia-senior-belo-horizonte/,yes,word matched in path not domain — verify,"""Equip. Soc. Centro Social de Cête"" Paredes Portugal"
2646,Associação Cultural e Desportiva da Casa do Povo de Vila Boa do Bispo/IPSS,Marco de Canaveses,Marco de Canaveses,Creche,https://www.cpvilaboadobispo.com/index.php/respostas_sociais/item/3,,,"""Associação Cultural e Desportiva da Casa do Povo de Vila Boa do Bispo/IPSS"" Marco de Canaveses Portugal"
2654,Equip. Soc. Centro Social Paroquial da Vila de Alpendurada,"Alpendorada, Várzea e Torrão",Marco de Canaveses,Creche,not found,,,"""Equip. Soc. Centro Social Paroquial da Vila de Alpendurada"" Alpendorada, Várzea e Torrão Portugal"
2666,Centro de Animação à Infância de Vermoim,Maia,Maia,Creche e Jardim de Infância,not found,,,"""Centro de Animação à Infância de Vermoim"" Maia Portugal"
2667,Creche Jardim de Infância Catassol,Maia,Maia,Creche e Jardim de Infância,not found,,,"""Creche Jardim de Infância Catassol"" Maia Portugal"
2668,Creche Jardim de Infância São Pedro Fins,São Pedro Fins,Maia,Creche e Jardim de Infância,not found,,,"""Creche Jardim de Infância São Pedro Fins"" São Pedro Fins Portugal"
2669,Centro Social José Moreira da Silva e Lucinda Alves Silva,Maia,Monção,Creche e Jardim de Infância,not found,,,"""Centro Social José Moreira da Silva e Lucinda Alves Silva"" Maia Portugal"
2684,Centro Infantil de Matosinhos,Matosinhos,Matosinhos,Creche e Jardim de Infância,https://ecoescolas.abaae.pt/escola/centro-infantil-de-matosinhos/,yes,word matched in path not domain — verify; combined tipo — may have split pages,"""Centro Infantil de Matosinhos"" Matosinhos Portugal"
2685,Creche e Jardim de Infância da Biquinha,Matosinhos,Matosinhos,Creche e Jardim de Infância,https://escoladevidro.pt/lescolas/creche-e-jardim-de-infancia-da-biquinha-santa-casa-da-misericordia-de-matosinhos/,yes,word matched in path not domain — verify; combined tipo — may have split pages,"""Creche e Jardim de Infância da Biquinha"" Matosinhos Portugal"
2686,"Jardim de Infância, Creche e ATL o Paraíso",Matosinhos,Matosinhos,Creche e Jardim de Infância,not found,,,"""Jardim de Infância, Creche e ATL o Paraíso"" Matosinhos Portugal"
2694,"Creche, Jardim de Infância e ATL ""Maria do Rosário""",Santa Cruz do Bispo,Santa Cruz,Creche e Jardim de Infância,not found,,,"""Creche, Jardim de Infância e ATL ""Maria do Rosário"""" Santa Cruz do Bispo Portugal"
2696,Jardim de Infância Solidariedade Social da Urbanização Nortecoope - Solinorte,São Mamede Infesta,Matosinhos,Creche e Jardim de Infância,not found,,,"""Jardim de Infância Solidariedade Social da Urbanização Nortecoope - Solinorte"" São Mamede Infesta Portugal"
2697,Jardimcoope-Solidariedade Social,Gueifães,Maia,Creche e Jardim de Infância,https://www.jardimcoope.pt/uploads/instituicao_uploads/Estatutos.pdf,yes,combined tipo — may have split pages,"""Jardimcoope-Solidariedade Social"" Gueifães Portugal"
2712,Centro Paroquial - Casa da Sagrada Família de Penafiel,Penafiel,Penafiel,Creche e Jardim de Infância,https://www.casasagradafamiliapenafiel.com/,yes,combined tipo — may have split pages,"""Centro Paroquial - Casa da Sagrada Família de Penafiel"" Penafiel Portugal"
2740,Creche Jardim de Infância de Pedrouços,Pedrouços,Maia,Creche e Jardim de Infância,not found,,,"""Creche Jardim de Infância de Pedrouços"" Pedrouços Portugal"
2741,Infantário Águas Santas I,Águas Santas,Maia,Creche e Jardim de Infância,not found,,,"""Infantário Águas Santas I"" Águas Santas Portugal"
2742,Jardim de Infância de Gondim,Gondim,Maia,Creche e Jardim de Infância,not found,,,"""Jardim de Infância de Gondim"" Gondim Portugal"
2743,Infantário de Crestins,Moreira,Monção,Creche e Jardim de Infância,not found,,,"""Infantário de Crestins"" Moreira Portugal"
2745,Creche Jardim de Infância de Nogueira,Nogueira,Maia,Creche e Jardim de Infância,https://municipiosefreguesias.pt/freguesia/1027/Nogueira,yes,word matched in path not domain — verify; combined tipo — may have split pages,"""Creche Jardim de Infância de Nogueira"" Nogueira Portugal"
2747,Associação para o Desenvolvimento de Lagares,Penafiel,Penafiel,Creche e Jardim de Infância,not found,,,"""Associação para o Desenvolvimento de Lagares"" Penafiel Portugal"
2749,Equip. Soc. Obra Social Cultural Sílvia Cardoso,Paços de Ferreira,Paços de Ferreira,Creche e Jardim de Infância,not found,,,"""Equip. Soc. Obra Social Cultural Sílvia Cardoso"" Paços de Ferreira Portugal"
2755,"Creche, Jardim de Infância e Lar Maria Viana - SCM de Felgueiras",Felgueiras,Felgueiras,Creche e Jardim de Infância,not found,,,"""Creche, Jardim de Infância e Lar Maria Viana - SCM de Felgueiras"" Felgueiras Portugal"
2765,Jardim de Infância da Associação de Promoção Social do Calvário,Valongo,Póvoa de Lanhoso,Creche e Jardim de Infância,not found,,,"""Jardim de Infância da Associação de Promoção Social do Calvário"" Valongo Portugal"
2767,Equip. Soc. Centro Social e Cultural de Valbom,Gondomar,Gondomar,Creche,not found,,,"""Equip. Soc. Centro Social e Cultural de Valbom"" Gondomar Portugal"
2778,Jardim de Infância Centro Social Cultural e Recreativo Arvorense,Vila do Conde,Vila do Conde,Creche e Jardim de Infância,not found,,,"""Jardim de Infância Centro Social Cultural e Recreativo Arvorense"" Vila do Conde Portugal"
2780,Centro Social da Paróquia de Beiriz,Beiriz,Póvoa de Varzim,Creche e Jardim de Infância,not found,,,"""Centro Social da Paróquia de Beiriz"" Beiriz Portugal"
2782,Creche e Jardim de Infância Novo Mundo do Centro Social Paroquial de Navais,Póvoa de Varzim,Almeida,Creche,not found,,,"""Creche e Jardim de Infância Novo Mundo do Centro Social Paroquial de Navais"" Póvoa de Varzim Portugal"
2783,Equip. Soc. Centro Social Paroquial de Terroso,Terroso,Póvoa de Varzim,Creche,not found,,,"""Equip. Soc. Centro Social Paroquial de Terroso"" Terroso Portugal"
2784,"Centro Social Paroquial da Junqueira "" O Sonho""",Vila do Conde,Vila do Conde,Creche,https://laresdeidosos.pt/lar-de-idosos-de-junqueira/,yes,word matched in path not domain — verify,"""Centro Social Paroquial da Junqueira "" O Sonho"""" Vila do Conde Portugal"
2786,Infantário D. Victória Graça Andrade Ferreira,Vila do Conde,Vila do Conde,Creche,not found,,,"""Infantário D. Victória Graça Andrade Ferreira"" Vila do Conde Portugal"
2787,Centro Social Paroquial de Santa Marinha,Vila Nova de Gaia,Vila Nova de Gaia,Creche,not found,,,"""Centro Social Paroquial de Santa Marinha"" Vila Nova de Gaia Portugal"
2790,Creche Lar da Criança,Vila Nova de Gaia,Vila Nova de Gaia,Creche,not found,,,"""Creche Lar da Criança"" Vila Nova de Gaia Portugal"
2800,Jardim de Infância Associação Social Recreativa e Cultural Trrim Trrim,Vila Nova de Gaia,Vila Nova de Gaia,Creche e Jardim de Infância,not found,,,"""Jardim de Infância Associação Social Recreativa e Cultural Trrim Trrim"" Vila Nova de Gaia Portugal"
3604,Equip. Soc. Associação de Protecção à Terceira Idade - Af Vila Cova,Vila do Conde,Vila do Conde,Creche e Jardim de Infância,not found,,,"""Equip. Soc. Associação de Protecção à Terceira Idade - Af Vila Cova"" Vila do Conde Portugal"
3605,Centro Social de Fajozes,Fajozes,Vila do Conde,Creche e Jardim de Infância,not found,,,"""Centro Social de Fajozes"" Fajozes Portugal"
3612,Jardim Escola - Misericórdia de Azurara,Vila do Conde,Vila do Conde,Creche e Jardim de Infância,https://vila-do-conde.infoisinfo.com.pt/ficha/jardim_escola_misericordia_de_azurara/371357,yes,word matched in path not domain — verify; combined tipo — may have split pages,"""Jardim Escola - Misericórdia de Azurara"" Vila do Conde Portugal"
3617,Equip. Soc. Centro Social Paroquial da Touguinha,Touguinha,Vila do Conde,Creche,not found,,,"""Equip. Soc. Centro Social Paroquial da Touguinha"" Touguinha Portugal"
3629,Creche do Centro Social e Paroquial da Igreja do Sr. de Vera Cruz do Candal,Vila Nova de Gaia,Vila Nova de Gaia,Creche e Jardim de Infância,not found,,,"""Creche do Centro Social e Paroquial da Igreja do Sr. de Vera Cruz do Candal"" Vila Nova de Gaia Portugal"
3644,Jardim de Infância Associação de Beneficência Casas de São Vicente de Paulo,Felgueiras,Felgueiras,Creche e Jardim de Infância,not found,,,"""Jardim de Infância Associação de Beneficência Casas de São Vicente de Paulo"" Felgueiras Portugal"
3656,Equip. Soc. da Santa Casa da Misericórdia de Valongo,Valongo,Valongo,Creche e Jardim de Infância,not found,,,"""Equip. Soc. da Santa Casa da Misericórdia de Valongo"" Valongo Portugal"
3670,Creche e Jardim de Infância da Associação Humanitária Bombeiros Voluntários da Trofa,Trofa,Trofa,Creche e Jardim de Infância,https://apoioperto.com/creches/trofa/,yes,word matched in path not domain — verify; combined tipo — may have split pages,"""Creche e Jardim de Infância da Associação Humanitária Bombeiros Voluntários da Trofa"" Trofa Portugal"
3675,Jardim de Infância do Centro Cultural de Solidariedade Social de Guifões,Guifões,Matosinhos,Creche e Jardim de Infância,not found,,,"""Jardim de Infância do Centro Cultural de Solidariedade Social de Guifões"" Guifões Portugal"
3678,Infantário de Gondivai - Centro Social Leça do Balio,Leça do Balio,Matosinhos,Creche e Jardim de Infância,not found,,,"""Infantário de Gondivai - Centro Social Leça do Balio"" Leça do Balio Portugal"
3686,Assus - Associação de Solidariedade Social da Urbanização do Seixo,São Mamede Infesta,Matosinhos,Creche e Jardim de Infância,https://www.assus.pt/,yes,combined tipo — may have split pages,"""Assus - Associação de Solidariedade Social da Urbanização do Seixo"" São Mamede Infesta Portugal"
3705,Equip. Soc. Centro Social Nossa Senhora Pedra Maria,Varziela,Felgueiras,Creche,not found,,,"""Equip. Soc. Centro Social Nossa Senhora Pedra Maria"" Varziela Portugal"
3708,Creche Nossa Senhora da Conceição,Póvoa do Varzim,Póvoa de Varzim,Creche,not found,,,"""Creche Nossa Senhora da Conceição"" Póvoa do Varzim Portugal"
3709,A Beneficente - Jardim de Infância Monsenhor Pires Quesado,Póvoa de Varzim,Póvoa de Varzim,Creche e Jardim de Infância,not found,,,"""A Beneficente - Jardim de Infância Monsenhor Pires Quesado"" Póvoa de Varzim Portugal"
3710,Centro Social da Sé Catedral,Cedofeita,Porto,Creche e Jardim de Infância,not found,,,"""Centro Social da Sé Catedral"" Cedofeita Portugal"
3712,Infantário Flor de Abril | Benéfica e Previdente,Porto,Porto,Creche e Jardim de Infância,not found,,,"""Infantário Flor de Abril | Benéfica e Previdente"" Porto Portugal"
3724,Instituto Profissional do Terço,Porto,Porto,Creche,https://somosipss.pt/ipss/ipterco,yes,word matched in path not domain — verify,"""Instituto Profissional do Terço"" Porto Portugal"
3728,Infantário Grande Jardim - Centro Solidareidade Social Santo António das Antas,Vila Nova de Gaia,Vila Nova de Gaia,Creche e Jardim de Infância,not found,,,"""Infantário Grande Jardim - Centro Solidareidade Social Santo António das Antas"" Vila Nova de Gaia Portugal"
3737,Centro Social São Roque da Lameira,Porto,Porto,Creche e Jardim de Infância,not found,,,"""Centro Social São Roque da Lameira"" Porto Portugal"
3739,Centro Social Fonte de Moura,Porto,Porto,Creche e Jardim de Infância,not found,,,"""Centro Social Fonte de Moura"" Porto Portugal"
3741,Centro Social do Regado,Porto,Seia,Creche e Jardim de Infância,https://www.odps.org.pt/espaco/regado,yes,word matched in path not domain — verify; combined tipo — may have split pages,"""Centro Social do Regado"" Porto Portugal"
3744,Centro Social da Pasteleira,Porto,Porto,Creche e Jardim de Infância,https://www.odps.org.pt/espaco/pasteleira,yes,word matched in path not domain — verify; combined tipo — may have split pages,"""Centro Social da Pasteleira"" Porto Portugal"
3746,Centro Social do Bairro Rainha Dona Leonor,Porto,Porto,Creche,https://www.laresonline.pt/pt/valencia/apoio-domiciliario/equipamento/4621-apoio-domiciliario-do-centro-social-do-bairro-rainha-dona-leonor/recomendar/,yes,word matched in path not domain — verify,"""Centro Social do Bairro Rainha Dona Leonor"" Porto Portugal"
3749,Centro Social do Bairro do Cerco do Porto,Porto,Porto,Creche e Jardim de Infância,https://emlista.pt/infantarios-e-creches/jardim-de-infancia-centro-social-do-bairro-do-cerco-do-porto-da-obra-diocesana-de-promoccedil/7686,yes,word matched in path not domain — verify; combined tipo — may have split pages,"""Centro Social do Bairro do Cerco do Porto"" Porto Portugal"
3750,Obra Diocesiana de Promoção Social - Centro Social São João de Deus,Porto,Porto,Creche e Jardim de Infância,not found,,,"""Obra Diocesiana de Promoção Social - Centro Social São João de Deus"" Porto Portugal"
3752,Centro Social do Bairro Carriçal,Porto,Seia,Creche,not found,,,"""Centro Social do Bairro Carriçal"" Porto Portugal"
3767,Centro Infantil a Minha Janela,Porto,Porto,Creche,not found,,,"""Centro Infantil a Minha Janela"" Porto Portugal"
3785,Centro Infantil de São Mamede,São Mamede de Infesta,Matosinhos,Creche,not found,,,"""Centro Infantil de São Mamede"" São Mamede de Infesta Portugal"
3792,Centro Social Paroquial do Carvalhido,Porto,Porto,Creche,http://www.centrospcarvalhido.pt/,,,"""Centro Social Paroquial do Carvalhido"" Porto Portugal"
4612,A Toquinha 2,Porto,Porto,Creche,not found,,,"""A Toquinha 2"" Porto Portugal"
4613,"Associação das Creches de São Vicente de Paulo - Creche, Pré-Escolar, CATL",Porto,Porto,Creche,not found,,,"""Associação das Creches de São Vicente de Paulo - Creche, Pré-Escolar, CATL"" Porto Portugal"
4614,O Popas Creche e Jardim de Infância,Porto,Seia,Creche,not found,,,"""O Popas Creche e Jardim de Infância"" Porto Portugal"
4616,Centro Infantil da Zona de Justino Teixeira,Porto,Porto,Creche e Jardim de Infância,https://www.centrojteixeira.pt/,yes,combined tipo — may have split pages,"""Centro Infantil da Zona de Justino Teixeira"" Porto Portugal"
4618,Jardim de Infância os Rabinos,Porto,Porto,Creche e Jardim de Infância,https://moovitapp.com/index/pt/transportes_p%C3%BAblicos-Jardim_de_Inf%C3%A2ncia_os_Rabinos-Porto-site_271154755-1904,yes,word matched in path not domain — verify; combined tipo — may have split pages,"""Jardim de Infância os Rabinos"" Porto Portugal"
4644,Instituto Municipal Condessa de Lumbrales,Porto,Porto,Creche e Jardim de Infância,not found,,,"""Instituto Municipal Condessa de Lumbrales"" Porto Portugal"
4655,Centro Social da Paroquia de Nossa Senhora da Ajuda,Porto,Porto,Creche e Jardim de Infância,https://www.paroquiadaajuda.org/atividade-paroquial/pastoral-comunitaria/centro-social,yes,combined tipo — may have split pages,"""Centro Social da Paroquia de Nossa Senhora da Ajuda"" Porto Portugal"
4659,O Pequerrucho Creche Jardim de Infância,Porto,Porto,Creche,not found,,,"""O Pequerrucho Creche Jardim de Infância"" Porto Portugal"
4664,"Chupetão Educação Infantil,",Porto,Porto,Creche e Jardim de Infância,https://chupetao.pt/o-colegio/,yes,combined tipo — may have split pages,"""Chupetão Educação Infantil,"" Porto Portugal"
4668,Jardim de Infância da Associação de Beneficência Florinhas do Lar,Porto,Porto,Creche e Jardim de Infância,not found,,,"""Jardim de Infância da Associação de Beneficência Florinhas do Lar"" Porto Portugal"
4671,Equipamento Social do Viso,Porto,Porto,Creche e Jardim de Infância,not found,,,"""Equipamento Social do Viso"" Porto Portugal"
4680,Centro Social da Paroquia de Gulpilhares,Vila Nova de Gaia,Vila Nova de Gaia,Creche e Jardim de Infância,not found,,,"""Centro Social da Paroquia de Gulpilhares"" Vila Nova de Gaia Portugal"
4681,Jardim de Infância Jean Piaget,Arcozelo,Vila Nova de Gaia,Creche e Jardim de Infância,not found,,,"""Jardim de Infância Jean Piaget"" Arcozelo Portugal"
4683,Jardim de Infância Centro Social de Sandim,Sandim,Vila Nova de Gaia,Creche e Jardim de Infância,not found,,,"""Jardim de Infância Centro Social de Sandim"" Sandim Portugal"
4684,Jardim de Infância Centro Social de Candal Marco,Vila Nova de Gaia,Vila Nova de Gaia,Creche e Jardim de Infância,not found,,,"""Jardim de Infância Centro Social de Candal Marco"" Vila Nova de Gaia Portugal"
4686,Centro Paroquial de S. João Baptista de Canelas,Canelas,Vila Nova de Gaia,Creche e Jardim de Infância,not found,,,"""Centro Paroquial de S. João Baptista de Canelas"" Canelas Portugal"
4712,Equip. Social Centro Social do Soutelo,Rio Tinto,Gondomar,Creche e Jardim de Infância,not found,,,"""Equip. Social Centro Social do Soutelo"" Rio Tinto Portugal"
5888,Creche o Patati,Porto,Porto,Creche,not found,,,"""Creche o Patati"" Porto Portugal"
5906,Creche Adarsol,Porto,Seia,Creche,http://www.adarsol.pt/,,,"""Creche Adarsol"" Porto Portugal"
5908,Creche Jardim de Infância as Formiguinhas,Felgueiras,Felgueiras,Creche e Jardim de Infância,not found,,,"""Creche Jardim de Infância as Formiguinhas"" Felgueiras Portugal"
5910,"Saber Crescer-Centro de Actividades de Tempos Livres, Lda.",Gondomar,Gondomar,Creche e Jardim de Infância,https://sabercrescer.pt/,yes,combined tipo — may have split pages,"""Saber Crescer-Centro de Actividades de Tempos Livres, Lda."" Gondomar Portugal"
5913,A Teia,Valongo,Valongo,Creche e Jardim de Infância,not found,,,"""A Teia"" Valongo Portugal"
5915,Jardim de Infância Aniquibébé,Vila Nova de Gaia,Vila Nova de Gaia,Creche e Jardim de Infância,https://www.municipiosefreguesias.pt/entidade/9330/escola-particular-e-cooperativa-creche-e-jardim-de-infancia--aniquibebe,yes,word matched in path not domain — verify; combined tipo — may have split pages,"""Jardim de Infância Aniquibébé"" Vila Nova de Gaia Portugal"
5920,Comboio Trolaró,Rio Tinto,Gondomar,Creche,https://www.primeiraimagem.com/o-comboio-trolaro.php,yes,word matched in path not domain — verify,"""Comboio Trolaró"" Rio Tinto Portugal"
5925,"O Coquinhas, Creche, Jardim de Infância e ATL, Lda.",Leça do Balio,Matosinhos,Creche e Jardim de Infância,not found,,,"""O Coquinhas, Creche, Jardim de Infância e ATL, Lda."" Leça do Balio Portugal"
13191,A Fisga - Infantário e Jardim de Infância,Rio Tinto,Gondomar,Creche e Jardim de Infância,https://prospeo.io/c/a-fisga-infantario-e-jardim-de-infancia,yes,word matched in path not domain — verify; combined tipo — may have split pages,"""A Fisga - Infantário e Jardim de Infância"" Rio Tinto Portugal"
13195,Creche Associação Baptista Ágape,Matosinhos,Matosinhos,Creche e Jardim de Infância,not found,,,"""Creche Associação Baptista Ágape"" Matosinhos Portugal"
13205,Centro de Acolhimento de Crianças em Risco da Santa Casa da Misericórdia Vila do Conde,Vila do Conde,Vila do Conde,Creche e Jardim de Infância,https://apoioperto.com/creches/vila-do-conde/,yes,word matched in path not domain — verify; combined tipo — may have split pages,"""Centro de Acolhimento de Crianças em Risco da Santa Casa da Misericórdia Vila do Conde"" Vila do Conde Portugal"
13214,Centro Infantil de Santo Tirso,Santo Tirso,Santo Tirso,Creche e Jardim de Infância,https://ecoescolas.abaae.pt/escola/centro-infantil-de-santo-tirso/,yes,word matched in path not domain — verify; combined tipo — may have split pages,"""Centro Infantil de Santo Tirso"" Santo Tirso Portugal"
13218,Equip. Social Centro Social Paroquial de Caxinas,Vila do Conde,Vila do Conde,Creche e Jardim de Infância,not found,,,"""Equip. Social Centro Social Paroquial de Caxinas"" Vila do Conde Portugal"
15180,Novo Colégio de Valongo,Valongo,Valongo,Creche e Jardim de Infância,not found,,,"""Novo Colégio de Valongo"" Valongo Portugal"
15181,Jardim de Infância a Criança,Valongo,Valongo,Creche e Jardim de Infância,not found,,,"""Jardim de Infância a Criança"" Valongo Portugal"
15196,Centro Social em Macieira da Santa Casa da Misericórdia de Vila do Conde,Macieira da Maia–v.conde,Vila do Conde,Creche e Jardim de Infância,not found,,,"""Centro Social em Macieira da Santa Casa da Misericórdia de Vila do Conde"" Macieira da Maia–v.conde Portugal"
15198,Equip. Soc. do Centro Social e Paroquial de Aver-O-Mar,Aver-O-Mar,Póvoa de Varzim,Creche e Jardim de Infância,not found,,,"""Equip. Soc. do Centro Social e Paroquial de Aver-O-Mar"" Aver-O-Mar Portugal"
16098,"Creche, Jardim de Infância ""O Capuchinho""",Penafiel,Penafiel,Creche e Jardim de Infância,not found,,,"""Creche, Jardim de Infância ""O Capuchinho"""" Penafiel Portugal"
16115,Jardim das Cores,Vila do Conde,Vila do Conde,Creche e Jardim de Infância,not found,,,"""Jardim das Cores"" Vila do Conde Portugal"
17128,Associação para o Desenvolvimento Social da Freguesia de Margaride,Felgueiras,Felgueiras,Creche,not found,,,"""Associação para o Desenvolvimento Social da Freguesia de Margaride"" Felgueiras Portugal"
17164,Centro Comunitário de S. Cosme da Santa Casa da Misericórdia de Vera Cruz de Gondomar,Gondomar,Gondomar,Creche,https://www.misericordia-gondomar.pt/wp-content/uploads/2021/06/RA-Final-2020_1.pdf,,,"""Centro Comunitário de S. Cosme da Santa Casa da Misericórdia de Vera Cruz de Gondomar"" Gondomar Portugal"
17170,Solinorte-Jardim de Infância Acácio Gomes,Porto,Porto,Creche e Jardim de Infância,https://www.directorioescolas.eu/escola/1531-jardim-de-infancia-acacio-gomes-solinorte/,yes,word matched in path not domain — verify; combined tipo — may have split pages,"""Solinorte-Jardim de Infância Acácio Gomes"" Porto Portugal"
17220,Equipamento Social do Centro Social e Paroquial de Santão,Santão,Felgueiras,Creche e Jardim de Infância,not found,,,"""Equipamento Social do Centro Social e Paroquial de Santão"" Santão Portugal"
17221,Associação de Solidariedade Social de Nespereira,Nespereira,Lousada,Creche,https://assnespereira.com/,,,"""Associação de Solidariedade Social de Nespereira"" Nespereira Portugal"
17692,Centro Social Monsenhor Pires Quesado,Póvoa de Varzim,Póvoa de Varzim,Creche e Jardim de Infância,not found,,,"""Centro Social Monsenhor Pires Quesado"" Póvoa de Varzim Portugal"
17720,Centro Infantil de Valbom,Valbom,Gondomar,Creche e Jardim de Infância,not found,,,"""Centro Infantil de Valbom"" Valbom Portugal"
17857,Creche Gota de Mel,Maia,Maia,Creche,https://portaldaqueixa.com/brands/creche-gota-de-mel,yes,word matched in path not domain — verify,"""Creche Gota de Mel"" Maia Portugal"
17878,Colégio Carrocel Mágico,Rio Tinto,Gondomar,Creche e Jardim de Infância,not found,,,"""Colégio Carrocel Mágico"" Rio Tinto Portugal"
17886,Creche o Pequenote,S. Félix da Marinha,Vila Nova de Gaia,Creche e Jardim de Infância,not found,,,"""Creche o Pequenote"" S. Félix da Marinha Portugal"
17892,CATL e Creche do Centro Social de S. Pedro de Rates,Póvoa de Varzim,Póvoa de Varzim,Creche e Jardim de Infância,not found,,,"""CATL e Creche do Centro Social de S. Pedro de Rates"" Póvoa de Varzim Portugal"
17893,Centro Social Paroquial de Santo Estêvão de Oldrões,Penafiel,Penafiel,Creche,not found,,,"""Centro Social Paroquial de Santo Estêvão de Oldrões"" Penafiel Portugal"
17905,Centro Social e Paroquial Padre António Mendonça,Airães -Felgueiras,Felgueiras,Creche e Jardim de Infância,not found,,,"""Centro Social e Paroquial Padre António Mendonça"" Airães -Felgueiras Portugal"
17906,Fundação Joaquim Oliveira Lopes,Vila Nova de Gaia,Vila Nova de Gaia,Creche,not found,,,"""Fundação Joaquim Oliveira Lopes"" Vila Nova de Gaia Portugal"
17910,Equip. Social da Associação de Solidariedade Humanitária de Monte Córdova,Santo Tirso,Santo Tirso,Creche,not found,,,"""Equip. Social da Associação de Solidariedade Humanitária de Monte Córdova"" Santo Tirso Portugal"
17921,Florinhas do Lar Casa Santa Isabel,Vila Nova de Gaia,Vila Nova de Gaia,Creche,not found,,,"""Florinhas do Lar Casa Santa Isabel"" Vila Nova de Gaia Portugal"
17922,"Colégio Infantil Circo Mágico, Lda.",Vila Nova de Gaia,Vila Nova de Gaia,Creche,not found,,,"""Colégio Infantil Circo Mágico, Lda."" Vila Nova de Gaia Portugal"
17932,O Jardim da Anita - Jardim de Infância da Lixa,Lixa,Felgueiras,Creche,not found,,,"""O Jardim da Anita - Jardim de Infância da Lixa"" Lixa Portugal"
17935,Externato Senhora do Carmo,Lousada,Lousada,Creche,https://senhoradocarmo.pt/,,,"""Externato Senhora do Carmo"" Lousada Portugal"
17942,Os Fecucos - Infantários,Vila Nova de Gaia,Vila Nova de Gaia,Creche,not found,,,"""Os Fecucos - Infantários"" Vila Nova de Gaia Portugal"
17949,Infantário Rá-Mi-Olé,Rio Tinto,Gondomar,Creche e Jardim de Infância,not found,,,"""Infantário Rá-Mi-Olé"" Rio Tinto Portugal"
17983,Jardim Infantil o Filhote,Vila Nova de Gaia,Vila Nova de Gaia,Creche e Jardim de Infância,https://www.portugalempresas.pt/directory/jardim-infantil-o-filhote-lda-3/,yes,word matched in path not domain — verify; combined tipo — may have split pages,"""Jardim Infantil o Filhote"" Vila Nova de Gaia Portugal"
17987,Externato Limiar - Creche e Jardim de Infância,Maia,Maia,Creche e Jardim de Infância,https://ecoescolas.abaae.pt/escola/externato-limiar-creche-e-jardim-de-infancia/,yes,word matched in path not domain — verify; combined tipo — may have split pages,"""Externato Limiar - Creche e Jardim de Infância"" Maia Portugal"
17996,Atchim Infantário,Vila Nova de Gaia,Vila Nova de Gaia,Creche e Jardim de Infância,not found,,,"""Atchim Infantário"" Vila Nova de Gaia Portugal"
18003,O Barãozinho,Porto,Porto,Creche,https://infantarios.pt/infantario-o-baraozinho/,yes,word matched in path not domain — verify,"""O Barãozinho"" Porto Portugal"
18004,Bê-Á-Bá,,Porto,Creche,not found,,,"""Bê-Á-Bá"" Porto Portugal"
18007,Alcofinha,Porto,Porto,Creche,not found,,,"""Alcofinha"" Porto Portugal"
18011,O Sorriso,Maia,Maia,Creche e Jardim de Infância,https://www.osorrisoinfantarioejardiminfantil.com/,yes,combined tipo — may have split pages,"""O Sorriso"" Maia Portugal"
18022,Infantário do Manso - Centro Social de Leça do Balio,Leça do Balio,Matosinhos,Creche e Jardim de Infância,not found,,,"""Infantário do Manso - Centro Social de Leça do Balio"" Leça do Balio Portugal"
18023,Infantário de Recarei - Centro Social de Leça do Balio,,Matosinhos,Creche e Jardim de Infância,not found,,,"""Infantário de Recarei - Centro Social de Leça do Balio"" Matosinhos Portugal"
18035,Equipamento Social da Associação para o Desenvolvimento Integral de Barrosas,Felgueiras,Felgueiras,Creche e Jardim de Infância,not found,,,"""Equipamento Social da Associação para o Desenvolvimento Integral de Barrosas"" Felgueiras Portugal"
18036,Equip. Social da Sta. Casa Mis. da Maia - Santa Maria de Avioso,Avioso Santa Maria,Maia,Creche e Jardim de Infância,https://apoioperto.com/creches/maia/,yes,word matched in path not domain — verify; combined tipo — may have split pages,"""Equip. Social da Sta. Casa Mis. da Maia - Santa Maria de Avioso"" Avioso Santa Maria Portugal"
18037,Creche Infantário Águas Santas II,Águas Santas,Maia,Creche e Jardim de Infância,https://www.construdata21.com/fr/servicios/listado-de-obras/remodelacao-e-ampliacao-da-creche--infantario--aguas-santas-ii/,yes,word matched in path not domain — verify; combined tipo — may have split pages,"""Creche Infantário Águas Santas II"" Águas Santas Portugal"
18038,Creche Infantário de Milheirós,Milheirós-Maia,Maia,Creche e Jardim de Infância,not found,,,"""Creche Infantário de Milheirós"" Milheirós-Maia Portugal"
18064,Centro Social Paroquial de São João da Foz do Sousa,Foz do Sousa,Gondomar,Creche,https://www.fozdosousacovelo.pt/conhecer/movimento-associativo,,,"""Centro Social Paroquial de São João da Foz do Sousa"" Foz do Sousa Portugal"
18428,Jardim de Infância Henrique Bravo,S. Mamede Infesta,Matosinhos,Creche e Jardim de Infância,not found,,,"""Jardim de Infância Henrique Bravo"" S. Mamede Infesta Portugal"
18505,Educação Infantil Pinheiro Manso,Porto,Porto,Creche e Jardim de Infância,not found,,,"""Educação Infantil Pinheiro Manso"" Porto Portugal"
19242,"Infantário Creche ""O Miúdo 2""",Amarante,Amarante,Creche e Jardim de Infância,https://omiudo.pt/,yes,combined tipo — may have split pages,"""Infantário Creche ""O Miúdo 2"""" Amarante Portugal"
19284,Amas - Associação Mamedense de Apoio Social,São Mamede Infesta,Matosinhos,Creche e Jardim de Infância,https://www.amasipss.pt/,yes,combined tipo — may have split pages,"""Amas - Associação Mamedense de Apoio Social"" São Mamede Infesta Portugal"
19287,O Piratinha,São Mamede Infesta,Matosinhos,Creche e Jardim de Infância,not found,,,"""O Piratinha"" São Mamede Infesta Portugal"
19291,Centro Infantil Nova Aurora,Porto,Seia,Creche e Jardim de Infância,https://www.primeiraimagem.com/centro-infantil-nova-aurora.php,yes,word matched in path not domain — verify; combined tipo — may have split pages,"""Centro Infantil Nova Aurora"" Porto Portugal"
19301,Centro de Acção Social de Acolhimento à Terceira Idade de Roriz,Roriz (Santo Tirso),Santo Tirso,Creche,not found,,,"""Centro de Acção Social de Acolhimento à Terceira Idade de Roriz"" Roriz (Santo Tirso) Portugal"
19304,Associação de Solidariedade Social e Cultura para o Desenvolvimento de Rans,Rans- Penafiel,Penafiel,Creche,https://www.asscdrans.pt/,,,"""Associação de Solidariedade Social e Cultura para o Desenvolvimento de Rans"" Rans- Penafiel Portugal"
19342,Creche de Santo António,Póvoa de Varzim,Póvoa de Varzim,Creche e Jardim de Infância,not found,,,"""Creche de Santo António"" Póvoa de Varzim Portugal"
19363,Academia Ramos Pinto,Rio Tinto,Gondomar,Creche,https://academiaramospinto.pt/home/,,,"""Academia Ramos Pinto"" Rio Tinto Portugal"
19382,Ass Social Recreativa e Cultural Bem-Fazer Vaiavante - Centro de Apoio à Comunidade Major Valentim Loureiro,S.p.cova,Gondomar,Creche,not found,,,"""Ass Social Recreativa e Cultural Bem-Fazer Vaiavante - Centro de Apoio à Comunidade Major Valentim Loureiro"" S.p.cova Portugal"
19444,O Duende,Senhora da Hora,Matosinhos,Creche e Jardim de Infância,https://www.infantariooduende.com/,yes,combined tipo — may have split pages,"""O Duende"" Senhora da Hora Portugal"
21829,Centro Social e Paroquial de Labruge,Labruge Vc,Vila do Conde,Creche,not found,,,"""Centro Social e Paroquial de Labruge"" Labruge Vc Portugal"
21838,A Casa da Avó - Jardim de Infância,Mafamude Vng,Vila Nova de Gaia,Creche,not found,,,"""A Casa da Avó - Jardim de Infância"" Mafamude Vng Portugal"
21990,Jardim Escola João de Deus - Vila Nova de Gaia,Vila Nova de Gaia,Vila Nova de Gaia,Creche e Jardim de Infância,http://jejdgaia.blogspot.com/p/contactos.html,yes,combined tipo — may have split pages,"""Jardim Escola João de Deus - Vila Nova de Gaia"" Vila Nova de Gaia Portugal"
21991,Creche Olival Social,Olival,Vila Nova de Gaia,Creche e Jardim de Infância,not found,,,"""Creche Olival Social"" Olival Portugal"
22101,Centro de Dia Salvador Caetano e Ana Caetano,Vn Gaia,Vila Nova de Gaia,Creche e Jardim de Infância,https://aegaianascente.pt/arquivo20232024.php,yes,combined tipo — may have split pages,"""Centro de Dia Salvador Caetano e Ana Caetano"" Vn Gaia Portugal"
22559,Centro Comunitário Cruz da Serra,Paços de Ferreira,Paços de Ferreira,Creche,not found,,,"""Centro Comunitário Cruz da Serra"" Paços de Ferreira Portugal"
22567,Creche de Sobrosa,Sobrosa Paredes,Paredes,Creche,not found,,,"""Creche de Sobrosa"" Sobrosa Paredes Portugal"
22569,Balão Encantado – Creche,Vila Nova de Gaia,Vila Nova de Gaia,Creche,not found,,,"""Balão Encantado – Creche"" Vila Nova de Gaia Portugal"
22649,Centro Social de Fânzeres,Fânzeres,Gondomar,Creche,https://www.misericordia-gondomar.pt/centro-social-de-fanzeres/,yes,word matched in path not domain — verify,"""Centro Social de Fânzeres"" Fânzeres Portugal"
22810,Jardim-De-Infância Joanico,Vila Nova de Gaia,Vila Nova de Gaia,Creche e Jardim de Infância,not found,,,"""Jardim-De-Infância Joanico"" Vila Nova de Gaia Portugal"
22814,O Girassol dos Pequeninos,Avintes,Vila Nova de Gaia,Creche e Jardim de Infância,not found,,,"""O Girassol dos Pequeninos"" Avintes Portugal"
22815,"O Malmequer - Infantário e Centro de Estudos, Lda",Fornos,Marco de Canaveses,Creche e Jardim de Infância,not found,,,"""O Malmequer - Infantário e Centro de Estudos, Lda"" Fornos Portugal"
23537,Equip. Social Centro Social Paroquial de Caxinas,Vila do Conde,Vila do Conde,Creche,not found,,,"""Equip. Social Centro Social Paroquial de Caxinas"" Vila do Conde Portugal"
24207,Centro de Apoio à Família,Jovim,Gondomar,Creche,https://www.misericordia-gondomar.pt/centro-de-apoio-a-familia/,yes,word matched in path not domain — verify,"""Centro de Apoio à Família"" Jovim Portugal"
24687,Associação Surpresa do Bebé,Porto,Seia,Creche,not found,,,"""Associação Surpresa do Bebé"" Porto Portugal"
24713,O Chorão,Rio Tinto,Gondomar,Creche,"https://www.waze.com/en-GB/live-map/directions/pt/porto/rio-tinto/o-chorao-creche,-jardim-de-infancia-e-atl?to=place.ChIJAS0LUKNjJA0RDUgHEv898PE",yes,word matched in path not domain — verify,"""O Chorão"" Rio Tinto Portugal"
24749,Quinta da Granja,Vila do Conde,Vila do Conde,Creche,not found,,,"""Quinta da Granja"" Vila do Conde Portugal"
24750,"Infantário Creche ""O Miúdo 1""",Amarante,Amarante,Creche,https://omiudo.pt/,,,"""Infantário Creche ""O Miúdo 1"""" Amarante Portugal"
24781,Creche Sonho Mágico,S. Cosme,Gondomar,Creche,not found,,,"""Creche Sonho Mágico"" S. Cosme Portugal"
24937,Miminho - Cruz Vermelha Portuguesa - Delegação da Póvoa de Varzim,Póvoa de Varzim,Póvoa de Varzim,Creche,not found,,,"""Miminho - Cruz Vermelha Portuguesa - Delegação da Póvoa de Varzim"" Póvoa de Varzim Portugal"
24941,O Nosso Futuro Centro de Estudos,Porto,Porto,Creche,not found,,,"""O Nosso Futuro Centro de Estudos"" Porto Portugal"
25047,Artistas & Cientistas,Valongo,Valongo,Creche e Jardim de Infância,not found,,,"""Artistas & Cientistas"" Valongo Portugal"
25050,Carinhos Escritos,Rio Tinto,Gondomar,Creche,https://carinhosescritos.educabiz.com/,,,"""Carinhos Escritos"" Rio Tinto Portugal"
25184,"O Caminhar, Creche e Jardim de Infância",Valongo,Valongo,Creche e Jardim de Infância,not found,,,"""O Caminhar, Creche e Jardim de Infância"" Valongo Portugal"
25192,"Sonho Audaz - Creche, Jardim de Infância e Sala de Estudo",Maia,Monção,Creche e Jardim de Infância,not found,,,"""Sonho Audaz - Creche, Jardim de Infância e Sala de Estudo"" Maia Portugal"
25432,Creche de Santo António dos Capuchos,Penafiel,Penafiel,Creche,not found,,,"""Creche de Santo António dos Capuchos"" Penafiel Portugal"
25896,Centro Social Paroquial de Santa Marinha do Zêzere Serviço de Apoio Domiciliário,Santa Marinha do Zêzere,Baião,Creche,https://apoioperto.com/creches/baiao/,,,"""Centro Social Paroquial de Santa Marinha do Zêzere Serviço de Apoio Domiciliário"" Santa Marinha do Zêzere Portugal"
25897,Creche do Centro Social Paroquial de Oliveira do Douro,Vila Nova de Gaia,Vila Nova de Gaia,Creche,not found,,,"""Creche do Centro Social Paroquial de Oliveira do Douro"" Vila Nova de Gaia Portugal"
26142,Jardim Escola a Cegonha,Valongo,Valongo,Creche,https://escolaacegonha.webnode.page/,,,"""Jardim Escola a Cegonha"" Valongo Portugal"
26640,Centro Social e Cultural de Custóias,Custóias,Matosinhos,Creche,https://www.csccustoias.pt/,,,"""Centro Social e Cultural de Custóias"" Custóias Portugal"
26713,Associação Coração Solidário de S. Miguel de Silvares,Lousada,Lousada,Creche,not found,,,"""Associação Coração Solidário de S. Miguel de Silvares"" Lousada Portugal"
26714,Centro Social e Paroquial de S. Romão de Carvalhosa,Banho e Carvalhosa,Marco de Canaveses,Creche,https://moovitapp.com/index/pt/transportes_p%C3%BAblicos-Igreja_de_S%C3%A3o_Rom%C3%A3o_de_Carvalhosa-Porto-site_234965419-1904,yes,word matched in path not domain — verify,"""Centro Social e Paroquial de S. Romão de Carvalhosa"" Banho e Carvalhosa Portugal"
27027,Raios de Luz - Creche e Jardim de Infância,Vila Nova de Gaia,Vila Nova de Gaia,Creche e Jardim de Infância,not found,,,"""Raios de Luz - Creche e Jardim de Infância"" Vila Nova de Gaia Portugal"
27047,Creche e Infantário Cubo Mágico,Santiago de Bougado,Trofa,Creche e Jardim de Infância,not found,,,"""Creche e Infantário Cubo Mágico"" Santiago de Bougado Portugal"
27050,Berçário/Creche Pronto a Crescer,Arcozelo,Vila Nova de Gaia,Creche,not found,,,"""Berçário/Creche Pronto a Crescer"" Arcozelo Portugal"
27125,Creche Abc,Senhora da Hora,Matosinhos,Creche,not found,,,"""Creche Abc"" Senhora da Hora Portugal"
27323,Creche Municipal da Afurada,Afurada,Vila Nova de Gaia,Creche,not found,,,"""Creche Municipal da Afurada"" Afurada Portugal"
27361,Creche Espaço para a Vida,Rio de Moinhos,Sátão,Creche,not found,,,"""Creche Espaço para a Vida"" Rio de Moinhos Portugal"
27453,Equipamento Social da Associação para o Desenvolvimento de Galegos,Galegos Pnf,Póvoa de Lanhoso,Creche,not found,,,"""Equipamento Social da Associação para o Desenvolvimento de Galegos"" Galegos Pnf Portugal"
27454,Creche e Aparece Unipessoal,Leça da Palmeira,Matosinhos,Creche,https://ko-portugal.europe-places.com/places/creche-e-aparece-unipessoal-lda-4450-718-leca-da-palmeira,yes,word matched in path not domain — verify,"""Creche e Aparece Unipessoal"" Leça da Palmeira Portugal"
27466,Jardim da Régia,Vila Nova de Gaia,Vila Nova de Gaia,Creche,not found,,,"""Jardim da Régia"" Vila Nova de Gaia Portugal"
27470,Associação Social e Recreativa Guerra Junqueiro,Lavra,Santa Cruz,Creche,http://associacaosocialrecreativaguerrajunqueiro.pt/historia/,,,"""Associação Social e Recreativa Guerra Junqueiro"" Lavra Portugal"
27643,Sol dos Pequeninos - Creche e Jardim de Infância,Vila Nova de Gaia,Vila Nova de Gaia,Creche,not found,,,"""Sol dos Pequeninos - Creche e Jardim de Infância"" Vila Nova de Gaia Portugal"
27663,Creche e Jardim de Infância Mosaico,Leça da Palmeira,Matosinhos,Creche,not found,,,"""Creche e Jardim de Infância Mosaico"" Leça da Palmeira Portugal"
27872,"O Risquinhas Creche Jardim Infância, Unipessoal, Lda.",Valadares,Vila Nova de Gaia,Creche,not found,,,"""O Risquinhas Creche Jardim Infância, Unipessoal, Lda."" Valadares Portugal"
28329,Centro Social Paroquial Divino Salvador de Moure,Moure-Felgueiras,Felgueiras,Creche,not found,,,"""Centro Social Paroquial Divino Salvador de Moure"" Moure-Felgueiras Portugal"
28356,Associação Emília Conceição Babo,Vila Meã,Póvoa de Lanhoso,Creche,not found,,,"""Associação Emília Conceição Babo"" Vila Meã Portugal"
28420,Colégio do Amial,Porto,Seia,Creche,https://www.colegiodoamial.com/,,,"""Colégio do Amial"" Porto Portugal"
28644,The Sailors,Matosinhos,Matosinhos,Creche,https://thesailors.pt/,,,"""The Sailors"" Matosinhos Portugal"
28650,Colégio Casa Verde,Vila Nova de Gaia,Vila Nova de Gaia,Creche e Jardim de Infância,not found,,,"""Colégio Casa Verde"" Vila Nova de Gaia Portugal"
29365,Ternura Inesgotável,,Maia,Creche e Jardim de Infância,not found,,,"""Ternura Inesgotável"" Maia Portugal"
29705,Colégio Marca D'água,Frazão,Paços de Ferreira,Creche e Jardim de Infância,https://colegiomarcadagua.edu.pt/contactos/,yes,combined tipo — may have split pages,"""Colégio Marca D'água"" Frazão Portugal"
29709,Jardim de Infância Oga Mitá,Porto,Porto,Creche e Jardim de Infância,https://escoladevidro.pt/lescolas/jardim-de-infancia-oga-mita/,yes,word matched in path not domain — verify; combined tipo — may have split pages,"""Jardim de Infância Oga Mitá"" Porto Portugal"
29764,"Jardim de Infância ""Adeus à Chupeta""",Vilar do Paraíso,Vila Nova de Gaia,Creche e Jardim de Infância,not found,,,"""Jardim de Infância ""Adeus à Chupeta"""" Vilar do Paraíso Portugal"
29769,A Arca dos Tarecos,,Póvoa de Varzim,Creche e Jardim de Infância,https://infantarios.pt/a-arca-dos-tarecos/,yes,word matched in path not domain — verify; combined tipo — may have split pages,"""A Arca dos Tarecos"" Póvoa de Varzim Portugal"
29784,Colégio o Castelo da Maia,Maia,Maia,Creche e Jardim de Infância,https://www.colegiocastelodamaia.pt/,yes,combined tipo — may have split pages,"""Colégio o Castelo da Maia"" Maia Portugal"
31905,Jardim Escola João de Deus - Santo Tirso,Santo Tirso,Santo Tirso,Creche e Jardim de Infância,not found,,,"""Jardim Escola João de Deus - Santo Tirso"" Santo Tirso Portugal"
32203,Creche Primavera | Benéfica e Previdente,Porto,Porto,Creche,not found,,,"""Creche Primavera | Benéfica e Previdente"" Porto Portugal"
32643,Associação Mais - Creche Santiago de Custóias,Custóias,Matosinhos,Creche,not found,,,"""Associação Mais - Creche Santiago de Custóias"" Custóias Portugal"
32882,Asman,Maia,Maia,Creche,not found,,,"""Asman"" Maia Portugal"
32985,Kids - I,Cidade da Maia,Maia,Creche,https://www.kidsi.pt/,,,"""Kids - I"" Cidade da Maia Portugal"
32986,"Génios em Marcha, Lda",Vila Nova de Gaia,Vila Nova de Gaia,Creche e Jardim de Infância,not found,,,"""Génios em Marcha, Lda"" Vila Nova de Gaia Portugal"
33310,Creche do Centro Paroquial e Social de S.martinho de Campo,Campo,Póvoa de Lanhoso,Creche,not found,,,"""Creche do Centro Paroquial e Social de S.martinho de Campo"" Campo Portugal"
33499,Complexo Intergeracional Quinta dos Avós,Oliveira do Douro,Vila Nova de Gaia,Creche,not found,,,"""Complexo Intergeracional Quinta dos Avós"" Oliveira do Douro Portugal"
34136,O Moinho,São Romão Coronado,Trofa,Creche,not found,,,"""O Moinho"" São Romão Coronado Portugal"
34223,Crescer a Brincar,Águas-Santas,Maia,Creche,https://www.crescerabrincar.pt/,,,"""Crescer a Brincar"" Águas-Santas Portugal"
34300,Creche Feliz,Porto,Seia,Creche,https://www.gov.pt/noticias/aplicacao-creche-feliz-ajuda-a-encontrar-vagas-em-creches-gratuitas,yes,word matched in path not domain — verify,"""Creche Feliz"" Porto Portugal"
37749,Letras e Números,Vilar do Paraíso,Vila Nova de Gaia,Creche,not found,,,"""Letras e Números"" Vilar do Paraíso Portugal"
37849,Colégio Primeiros Passos (Leça),Matosinhos,Matosinhos,Creche e Jardim de Infância,not found,,,"""Colégio Primeiros Passos (Leça)"" Matosinhos Portugal"
37917,Pequeno Forte,Vila do Conde,Vila do Conde,Creche,not found,,,"""Pequeno Forte"" Vila do Conde Portugal"
37983,Creche Infantário o Teu Filho,Rio Tinto,Gondomar,Creche e Jardim de Infância,not found,,,"""Creche Infantário o Teu Filho"" Rio Tinto Portugal"
37988,Morango Mágico,Lavra,Santa Cruz,Creche,not found,,,"""Morango Mágico"" Lavra Portugal"
38004,Academia das Chupetas,Matosinhos,Matosinhos,Creche,not found,,,"""Academia das Chupetas"" Matosinhos Portugal"
38751,Creche de Barreiras,Duas Igrejas Prd,Penafiel,Creche,not found,,,"""Creche de Barreiras"" Duas Igrejas Prd Portugal"
38783,Crescer a Brincar II,Gondomar,Gondomar,Creche,not found,,,"""Crescer a Brincar II"" Gondomar Portugal"
38852,Santa Casa da Misericórdia da Maia Creche de Folgosa,Maia,Maia,Creche,not found,,,"""Santa Casa da Misericórdia da Maia Creche de Folgosa"" Maia Portugal"
38856,Morangos Gaia Serzedo,Vila Nova de Gaia,Vila Nova de Gaia,Creche,not found,,,"""Morangos Gaia Serzedo"" Vila Nova de Gaia Portugal"
38858,Creche Cubo Mágico Pólo 2,Trofa,Trofa,Creche,not found,,,"""Creche Cubo Mágico Pólo 2"" Trofa Portugal"
38863,Infantário Creche o Miúdo Creche 4,Amarante,Amarante,Creche,not found,,,"""Infantário Creche o Miúdo Creche 4"" Amarante Portugal"
38871,Ritmos para Desafinar,Porto,Porto,Creche,not found,,,"""Ritmos para Desafinar"" Porto Portugal"
39056,República da Pequenada Centro Clínico e Educacional Lda,Leça do Balio,Matosinhos,Creche,"https://www.trademarkelite.com/europe/trademark/trademark-owner/Rep%C3%BAblica%20da%20Pequenada%20-%20Centro%20Cl%C3%ADnico%20e%20Educacional,%20Lda./695831/1/",yes,word matched in path not domain — verify,"""República da Pequenada Centro Clínico e Educacional Lda"" Leça do Balio Portugal"
39173,Care For Kids Serviços Infantis,Trofa,Trofa,Creche,not found,,,"""Care For Kids Serviços Infantis"" Trofa Portugal"
39261,Cresc(H)e com Amor,Guilhufe,Penafiel,Creche,https://creche-com-amor.pt/,,,"""Cresc(H)e com Amor"" Guilhufe Portugal"
39262,Números e Alíneas Lda,Milhundos,Penafiel,Creche,not found,,,"""Números e Alíneas Lda"" Milhundos Portugal"
39265,Acip - O Recreio,Caíde de Rei,Vila do Conde,Creche,https://acip.com.pt/wp-content/uploads/2021/05/Relat%C3%B3rio-Anual-de-Atividades-e-Contas-2020_acip-1.pdf,,,"""Acip - O Recreio"" Caíde de Rei Portugal"
39268,Berço Encantado - Creche e Berçário,Freamundo,Paços de Ferreira,Creche,not found,,,"""Berço Encantado - Creche e Berçário"" Freamundo Portugal"
2640,OBER-Obra Bem Estar Rural de Baião,Baião- Campelo,Baião,Jardim de Infância,not found,,,"""OBER-Obra Bem Estar Rural de Baião"" Baião- Campelo Portugal"
2643,Associação de Desenvolvimento do Grilo,Baião,Baião,Jardim de Infância,http://www.scmbaiao.pt/associacoes/index.php/2016/06/15/adegril-associacao-de-desenvolvimento-do-grilo/,yes,word matched in path not domain — verify,"""Associação de Desenvolvimento do Grilo"" Baião Portugal"
2794,Equip. Soc. Jardim Infantil de Nossa Senhora do Pilar,Vila Nova de Gaia,Vila Nova de Gaia,Jardim de Infância,not found,,,"""Equip. Soc. Jardim Infantil de Nossa Senhora do Pilar"" Vila Nova de Gaia Portugal"
3618,Instituto Maria da Paz Varzim,Póvoa de Varzim,Póvoa de Varzim,Jardim de Infância,not found,,,"""Instituto Maria da Paz Varzim"" Póvoa de Varzim Portugal"
3636,Casa do Povo de Peroselo,Peroselo,Penafiel,Jardim de Infância,not found,,,"""Casa do Povo de Peroselo"" Peroselo Portugal"
3649,Sede da Associação de Desenvolvimento Comunitário - Delegação de Amarante,Amarante,Amarante,Jardim de Infância,not found,,,"""Sede da Associação de Desenvolvimento Comunitário - Delegação de Amarante"" Amarante Portugal"
3723,Centro Social da Paróquia Senhora da Conceição,Cedofeita,Porto,Jardim de Infância,not found,,,"""Centro Social da Paróquia Senhora da Conceição"" Cedofeita Portugal"
4689,Patronato Nossa Senhora da Nazaré,Porto,Porto,Jardim de Infância,not found,,,"""Patronato Nossa Senhora da Nazaré"" Porto Portugal"
4703,ATL da Associação Social Cultural de Louredo,Paredes,Vieira do Minho,Jardim de Infância,not found,,,"""ATL da Associação Social Cultural de Louredo"" Paredes Portugal"
4704,Centro Social de São Félix da Marinha,São Félix da Marinha,Vila Nova de Gaia,Jardim de Infância,https://centrosocialsfelix.pt/,,,"""Centro Social de São Félix da Marinha"" São Félix da Marinha Portugal"
17685,Centro de Actividades de Tempos Livres da Azenha,Gueifães,Maia,Jardim de Infância,not found,,,"""Centro de Actividades de Tempos Livres da Azenha"" Gueifães Portugal"
17829,Centro Social e Paroquial de Perosinho,Perosinho,Vila Nova de Gaia,Jardim de Infância,not found,,,"""Centro Social e Paroquial de Perosinho"" Perosinho Portugal"
18114,Lar Crianças e Jovens Instituto Madre Matilde,Póvoa de Varzim,Póvoa de Varzim,Jardim de Infância,not found,,,"""Lar Crianças e Jovens Instituto Madre Matilde"" Póvoa de Varzim Portugal"
22107,Fundação Joaquim Oliveira Lopes - Pólo 2,Avintes,Vila Nova de Gaia,Jardim de Infância,https://infantarios.pt/fundacao-joaquim-oliveira-lopes-polo-2/,yes,word matched in path not domain — verify,"""Fundação Joaquim Oliveira Lopes - Pólo 2"" Avintes Portugal"
27241,Centro de Actividades de Tempos Livres de Gueifães,Gueifães,Maia,Jardim de Infância,not found,,,"""Centro de Actividades de Tempos Livres de Gueifães"" Gueifães Portugal"
29109,Osmope - Organização Social de Movimentos das Pontes Educativas,Bonfim-Porto,Porto,Creche e Jardim de Infância,not found,,,"""Osmope - Organização Social de Movimentos das Pontes Educativas"" Bonfim-Porto Portugal"
29257,O Meu Mundo,Figueiró,Amarante,Creche e Jardim de Infância,https://colegio.pt/colegio/o-meu-mundo/,yes,word matched in path not domain — verify; combined tipo — may have split pages,"""O Meu Mundo"" Figueiró Portugal"
29413,Jardim Infantil de Stª Marinha (OBER),Santa Marinha do Zêzere,Baião,Jardim de Infância,https://www.cfaels.pt/utilizador/registar/utilizador2/seleciona-profissao/,yes,word matched in path not domain — verify,"""Jardim Infantil de Stª Marinha (OBER)"" Santa Marinha do Zêzere Portugal"
29416,Centro Infantil da Lixa,Vila Cova da Lixa,Felgueiras,Jardim de Infância,https://www.somosipss.pt/ipss/CILixa,yes,word matched in path not domain — verify,"""Centro Infantil da Lixa"" Vila Cova da Lixa Portugal"
29417,Jardim Infantil do Bairro do Aleixo,Porto,Porto,Jardim de Infância,https://www.directorioescolas.eu/escola/1562-jardim-infantil-do-bairro-do-aleixo/,yes,word matched in path not domain — verify,"""Jardim Infantil do Bairro do Aleixo"" Porto Portugal"
29449,Centro Infantil de Borba de Godim,Vila da Lixa,Felgueiras,Jardim de Infância,not found,,,"""Centro Infantil de Borba de Godim"" Vila da Lixa Portugal"
29462,"Externato ""Bom Jesus"" De Matosinhos",Matosinhos,Matosinhos,Jardim de Infância,not found,,,"""Externato ""Bom Jesus"" De Matosinhos"" Matosinhos Portugal"
29470,"Externato ""Nossa Senhora de Fátima""",Arcozelo Vila Nova de Gaia,Vila Nova de Gaia,Jardim de Infância,https://ecoescolas.abaae.pt/escola/externato-nossa-senhora-de-fatima/,yes,word matched in path not domain — verify,"""Externato ""Nossa Senhora de Fátima"""" Arcozelo Vila Nova de Gaia Portugal"
29478,Externato Infantil o Petiz,Cedofeita,Porto,Jardim de Infância,not found,,,"""Externato Infantil o Petiz"" Cedofeita Portugal"
29595,Jardim de Infância do Centro Social das Guardeiras,Moreira,Monção,Jardim de Infância,not found,,,"""Jardim de Infância do Centro Social das Guardeiras"" Moreira Portugal"
29601,Jardim Infantil do Centro Paroquial de Ariz,Ariz,Marco de Canaveses,Jardim de Infância,not found,,,"""Jardim Infantil do Centro Paroquial de Ariz"" Ariz Portugal"
29629,Colégio Primeiros Passos,Porto,Porto,Jardim de Infância,https://ppassos.com/,,,"""Colégio Primeiros Passos"" Porto Portugal"
29681,Jardim Infantil o Principezinho Encantado,Porto,Seia,Jardim de Infância,not found,,,"""Jardim Infantil o Principezinho Encantado"" Porto Portugal"
29708,Jardim de Infância o Pimpas,Mafamude,Vila Nova de Gaia,Jardim de Infância,https://moovitapp.com/index/en/public_transit-Jardim_de_Inf%C3%A2ncia_O_Pimpas-Porto-site_179920944-1904,yes,word matched in path not domain — verify,"""Jardim de Infância o Pimpas"" Mafamude Portugal"
29713,Jardim de Infância Quintinha,São Félix da Marinha,Vila Nova de Gaia,Jardim de Infância,https://www.quintinhasaofelix.pt/,,,"""Jardim de Infância Quintinha"" São Félix da Marinha Portugal"
29766,Jardim Infância Cantinho da Alegria,Porto,Seia,Jardim de Infância,not found,,,"""Jardim Infância Cantinho da Alegria"" Porto Portugal"
29815,Pré-Escolar do Gove,Gove,Baião,Jardim de Infância,not found,,,"""Pré-Escolar do Gove"" Gove Portugal"
29816,Jardim Escola João de Deus,Matosinhos,Matosinhos,Jardim de Infância,not found,,,"""Jardim Escola João de Deus"" Matosinhos Portugal"
29817,Jardim Escola João de Deus,Penafiel,Penafiel,Jardim de Infância,http://jardimescolajoaodeusdepenafiel.blogspot.com/2015/12/contactos.html,,,"""Jardim Escola João de Deus"" Penafiel Portugal"
29820,Escola Básica de Sá,Arcozelo,Vila Nova de Gaia,Jardim de Infância,https://www.schoolofthefuture.eu/en/school/escola-basica-de-sa,yes,word matched in path not domain — verify,"""Escola Básica de Sá"" Arcozelo Portugal"
29828,Centro Escolar de Casais EB1/JI,Casais,Lousada,Jardim de Infância,not found,,,"""Centro Escolar de Casais EB1/JI"" Casais Portugal"
29829,"Centro Escolar de Nespereira, EB1/J.i",Nespereira,Lousada,Jardim de Infância,not found,,,"""Centro Escolar de Nespereira, EB1/J.i"" Nespereira Portugal"
29830,Centro Escolar de Figueiras -EB1/JI,Figueiras,Lousada,Jardim de Infância,not found,,,"""Centro Escolar de Figueiras -EB1/JI"" Figueiras Portugal"
29833,Escola Básica de Pias,"Pias, Lousada",Lousada,Jardim de Infância,https://www.endeksa.com/pt-PT/analise/portugal/porto/lousada/silvares-pias-nogueira-e-alvarenga/escola,yes,word matched in path not domain — verify,"""Escola Básica de Pias"" Pias, Lousada Portugal"
30072,"Escola Básica do Douro, Rio Mau, Penafiel",Rio Mau,Vila do Conde,Jardim de Infância,https://www.servicospublicos.pt/servico-publico/13263/escola-basica-do-douro--rio-mau--penafiel,yes,word matched in path not domain — verify,"""Escola Básica do Douro, Rio Mau, Penafiel"" Rio Mau Portugal"
30074,Escola Básica da Portela,Portela,Penafiel,Jardim de Infância,https://www.agrupamentosabandeira.pt/sitio/index.php/component/contact/contact/8-contacts/8-escola-basica-da-portela-das-padeiras,yes,word matched in path not domain — verify,"""Escola Básica da Portela"" Portela Portugal"
30075,"Escola Básica de Calçada, Monte",Oldrões,Penafiel,Jardim de Infância,not found,,,"""Escola Básica de Calçada, Monte"" Oldrões Portugal"
30076,Escola Básica de Valpedre,Valpedre,Penafiel,Jardim de Infância,not found,,,"""Escola Básica de Valpedre"" Valpedre Portugal"
30077,Escola Básica de Tojais,,Penafiel,Jardim de Infância,not found,,,"""Escola Básica de Tojais"" Penafiel Portugal"
30078,"Escola Básica de Canelas, Penafiel",,Vila Nova de Gaia,Jardim de Infância,not found,,,"""Escola Básica de Canelas, Penafiel"" Vila Nova de Gaia Portugal"
30080,Escola Básica da Quinta de São Gens,Senhora da Hora,Matosinhos,Jardim de Infância,not found,,,"""Escola Básica da Quinta de São Gens"" Senhora da Hora Portugal"
30081,Escola Básica de Quatro Caminhos,Senhora da Hora,Matosinhos,Jardim de Infância,https://escoladevidro.pt/lescolas/escola-basica-de-quatro-caminhos-senhora-da-hora-matosinhos/,yes,word matched in path not domain — verify,"""Escola Básica de Quatro Caminhos"" Senhora da Hora Portugal"
30150,Jardim de Infância de Nossa Senhora da Saúde,Laúndos,Póvoa de Varzim,Jardim de Infância,https://www.servicospublicos.pt/servico-publico/567/jardim-de-infancia-de-nossa-senhora-da-saude--laundos--povoa-de-varzim,yes,word matched in path not domain — verify,"""Jardim de Infância de Nossa Senhora da Saúde"" Laúndos Portugal"
30151,Jardim de Infância Lugar de Laúndos,Laúndos,Póvoa de Varzim,Jardim de Infância,https://escoladevidro.pt/lescolas/jardim-de-infancia-lugar-de-laundos-povoa-de-varzim/,yes,word matched in path not domain — verify,"""Jardim de Infância Lugar de Laúndos"" Laúndos Portugal"
30152,"Jardim de Infância de Cruz, Balazar",Balasar,Póvoa de Varzim,Jardim de Infância,not found,,,"""Jardim de Infância de Cruz, Balazar"" Balasar Portugal"
30163,Escola Básica de Costa,Roriz,Santo Tirso,Jardim de Infância,https://www.municipiosefreguesias.pt/entidade/7481/escola-basica-de-costa--roriz--santo-tirso,yes,word matched in path not domain — verify,"""Escola Básica de Costa"" Roriz Portugal"
30164,Escola Básica de Quelha,Quelha,Santo Tirso,Jardim de Infância,not found,,,"""Escola Básica de Quelha"" Quelha Portugal"
30165,Escola Básica de Olival,São Mamede Negrelos,Santo Tirso,Jardim de Infância,https://escoladevidro.pt/lescolas/escola-basica-de-olival-santo-tirso/,yes,word matched in path not domain — verify,"""Escola Básica de Olival"" São Mamede Negrelos Portugal"
30166,Escola Básica de Ribeira,Ribeira,Santo Tirso,Jardim de Infância,https://www.servicospublicos.pt/servico-publico/3252/escola-basica-de-ribeira--santo-tirso,yes,word matched in path not domain — verify,"""Escola Básica de Ribeira"" Ribeira Portugal"
30167,Escola Básica da Lage,Vilarinho,Santo Tirso,Jardim de Infância,https://aesmartinho.pt/escola-basica-da-lage/,yes,word matched in path not domain — verify,"""Escola Básica da Lage"" Vilarinho Portugal"
30193,Escola Básica da Praia,Leça da Palmeira,Matosinhos,Jardim de Infância,not found,,,"""Escola Básica da Praia"" Leça da Palmeira Portugal"
30194,Escola Básica Eng. Fernando Pinto de Oliveira,Leça da Palmeira,Matosinhos,Jardim de Infância,not found,,,"""Escola Básica Eng. Fernando Pinto de Oliveira"" Leça da Palmeira Portugal"
30200,"Escola Básica N.º 1 de Campelo, Sobrado, Valongo",Sobrado,Póvoa de Lanhoso,Jardim de Infância,not found,,,"""Escola Básica N.º 1 de Campelo, Sobrado, Valongo"" Sobrado Portugal"
30201,"Escola Básica de Paço, Sobrado, Valongo",Sobrado,Póvoa de Lanhoso,Jardim de Infância,https://escoladevidro.pt/lescolas/escola-basica-de-paco-sobrado-valongo/,yes,word matched in path not domain — verify,"""Escola Básica de Paço, Sobrado, Valongo"" Sobrado Portugal"
30252,Jardim de Infância de Santa Bárbara,Fânzeres,Gondomar,Jardim de Infância,https://escoladevidro.pt/lescolas/jardim-de-infancia-de-santa-barbara-fanzeres-gondomar/,yes,word matched in path not domain — verify,"""Jardim de Infância de Santa Bárbara"" Fânzeres Portugal"
30253,Escola Básica de Bela Vista,Fânzeres,Gondomar,Jardim de Infância,not found,,,"""Escola Básica de Bela Vista"" Fânzeres Portugal"
30274,Escola Básica Bento de Freitas,Vila do Conde,Vila do Conde,Jardim de Infância,https://moovitapp.com/index/pt/transportes_p%C3%BAblicos-Escola_B%C3%A1sica_Bento_de_Freitas-Porto-site_17563131-1904,yes,word matched in path not domain — verify,"""Escola Básica Bento de Freitas"" Vila do Conde Portugal"
30275,Escola Básica das Violetas,Vila do Conde,Vila do Conde,Jardim de Infância,https://escoladevidro.pt/lescolas/escola-basica-das-violetas-vila-do-conde/,yes,word matched in path not domain — verify,"""Escola Básica das Violetas"" Vila do Conde Portugal"
30276,"Jardim de Infância da Rua dos Girassóis, Caxinas",Vila do Conde,Vila do Conde,Jardim de Infância,https://escoladevidro.pt/lescolas/jardim-de-infancia-da-rua-dos-girassois-caxinas-vila-do-conde/,yes,word matched in path not domain — verify,"""Jardim de Infância da Rua dos Girassóis, Caxinas"" Vila do Conde Portugal"
30294,"Escola Básica N.º 1 de Cerro, Guidões, Trofa",Guidões,Vila Flor,Jardim de Infância,https://escoladevidro.pt/lescolas/escola-basica-n-o-1-de-cerro-guidoes-trofa/,yes,word matched in path not domain — verify,"""Escola Básica N.º 1 de Cerro, Guidões, Trofa"" Guidões Portugal"
30295,"Escola Básica de Portela, São Romão do Coronado",S. Romão do Coronado,Trofa,Jardim de Infância,https://escoladevidro.pt/lescolas/escola-basica-de-portela-sao-romao-do-coronado-trofa/,yes,word matched in path not domain — verify,"""Escola Básica de Portela, São Romão do Coronado"" S. Romão do Coronado Portugal"
30296,"Escola Básica de Fonteleite, São Romão do Coronado",S. Romão do Coronado,Trofa,Jardim de Infância,not found,,,"""Escola Básica de Fonteleite, São Romão do Coronado"" S. Romão do Coronado Portugal"
30297,"Jardim de Infância de Giesta, Cidoi, Trofa",Alvarelhos,Vila Flor,Jardim de Infância,not found,,,"""Jardim de Infância de Giesta, Cidoi, Trofa"" Alvarelhos Portugal"
30298,"Escola Básica N.º 2 de Cerro, Guidões, Trofa",Guidões,Vila Flor,Jardim de Infância,https://escoladevidro.pt/lescolas/escola-basica-n-o-2-de-cerro-guidoes-trofa/,yes,word matched in path not domain — verify,"""Escola Básica N.º 2 de Cerro, Guidões, Trofa"" Guidões Portugal"
30299,Escola Básica de Vila,S. Mamede do Coronado,Trofa,Jardim de Infância,https://ecoescolas.abaae.pt/escola/escola-basica-de-vila/,yes,word matched in path not domain — verify,"""Escola Básica de Vila"" S. Mamede do Coronado Portugal"
30300,Escola Básica de Estação,Muro,Trofa,Jardim de Infância,https://escoladevidro.pt/lescolas/escola-basica-de-estacao-muro-trofa/,yes,word matched in path not domain — verify,"""Escola Básica de Estação"" Muro Portugal"
30301,Escola Básica de Feira Nova,S. Mamede do Coronado,Trofa,Jardim de Infância,https://www.onoticiasdatrofa.pt/eb1-feira-nova-foi-requalificada-para-ano-letivo/,yes,word matched in path not domain — verify,"""Escola Básica de Feira Nova"" S. Mamede do Coronado Portugal"
30302,Escola Básica de Quereledo,Covelas,Trofa,Jardim de Infância,https://escoladevidro.pt/lescolas/escola-basica-de-quereledo-covelas-trofa/,yes,word matched in path not domain — verify,"""Escola Básica de Quereledo"" Covelas Portugal"
30335,Escola Básica da Agra,Porto,Seia,Jardim de Infância,not found,,,"""Escola Básica da Agra"" Porto Portugal"
30358,Jardim de Infância de Canidelo,Canidelo,Vila Nova de Gaia,Jardim de Infância,not found,,,"""Jardim de Infância de Canidelo"" Canidelo Portugal"
30359,Escola Básica de São Paio,Canidelo,Vila Nova de Gaia,Jardim de Infância,https://escoladevidro.pt/lescolas/escola-basica-de-sao-paio-canidelo-vila-nova-de-gaia/,yes,word matched in path not domain — verify,"""Escola Básica de São Paio"" Canidelo Portugal"
30368,Escola Básica N.º 1 de Gondomar,Gondomar,Gondomar,Jardim de Infância,https://escoladevidro.pt/lescolas/escola-basica-n-o-1-de-gondomar/,yes,word matched in path not domain — verify,"""Escola Básica N.º 1 de Gondomar"" Gondomar Portugal"
30419,Escola Básica da Venda Nova,Rio Tinto,Gondomar,Jardim de Infância,https://ecoescolas.abaae.pt/escola/escola-basica-da-venda-nova/,yes,word matched in path not domain — verify,"""Escola Básica da Venda Nova"" Rio Tinto Portugal"
30420,Escola Básica da Boavista - Lourinhã,Rio Tinto,Gondomar,Jardim de Infância,not found,,,"""Escola Básica da Boavista - Lourinhã"" Rio Tinto Portugal"
30421,Jardim de Infância de Venda Nova,Venda Nova,Gondomar,Jardim de Infância,https://www.servicospublicos.pt/servico-publico/853/jardim-de-infancia-de-venda-nova--gondomar,yes,word matched in path not domain — verify,"""Jardim de Infância de Venda Nova"" Venda Nova Portugal"
30445,"Escola Básica de Carvalhal e Mó, S. Pedro da Cova",S.pedro da Cova,Gondomar,Jardim de Infância,not found,,,"""Escola Básica de Carvalhal e Mó, S. Pedro da Cova"" S.pedro da Cova Portugal"
30446,Escola Básica N.º 1 de Gueifães,Gueifães,Maia,Jardim de Infância,https://escoladevidro.pt/lescolas/escola-basica-n-o-1-de-gueifaes-maia/,yes,word matched in path not domain — verify,"""Escola Básica N.º 1 de Gueifães"" Gueifães Portugal"
30490,Eb1ji1maia (Cem),Maia,Maia,Jardim de Infância,not found,,,"""Eb1ji1maia (Cem)"" Maia Portugal"
30512,Escola Básica de Matas,Santa Marinha,Vila Nova de Gaia,Jardim de Infância,https://www.aecostamatos.pt/escola-basica-de-matas,yes,word matched in path not domain — verify,"""Escola Básica de Matas"" Santa Marinha Portugal"
30513,Escola Básica de Devesas,Vila Nova de Gaia,Vila Nova de Gaia,Jardim de Infância,https://escoladevidro.pt/lescolas/escola-basica-de-devesas-vila-nova-de-gaia/,yes,word matched in path not domain — verify,"""Escola Básica de Devesas"" Vila Nova de Gaia Portugal"
30514,Escola Básica de Quinta dos Castelos,Santa Marinha,Vila Nova de Gaia,Jardim de Infância,https://www.aecostamatos.pt/escola-basica-de-quinta-dos-castelos,yes,word matched in path not domain — verify,"""Escola Básica de Quinta dos Castelos"" Santa Marinha Portugal"
30515,Escola Básica de Cabo-Mor,Vila Nova de Gaia,Vila Nova de Gaia,Jardim de Infância,https://www.apeecabomor.pt/,,,"""Escola Básica de Cabo-Mor"" Vila Nova de Gaia Portugal"
30516,Escola Básica de Bandeira,Vila Nova de Gaia,Vila Nova de Gaia,Jardim de Infância,https://escoladevidro.pt/lescolas/escola-basica-de-bandeira-vila-nova-de-gaia/,yes,word matched in path not domain — verify,"""Escola Básica de Bandeira"" Vila Nova de Gaia Portugal"
30521,Escola Básica S. Caetano 2,Rio Tinto,Gondomar,Jardim de Infância,not found,,,"""Escola Básica S. Caetano 2"" Rio Tinto Portugal"
30594,Escola Básica de Labruge,Vila do Conde,Vila do Conde,Jardim de Infância,https://escoladevidro.pt/lescolas/escola-basica-de-labruge-vila-do-conde/,yes,word matched in path not domain — verify,"""Escola Básica de Labruge"" Vila do Conde Portugal"
30595,Escola Básica de Mindelo,Mindelo,Vila do Conde,Jardim de Infância,not found,,,"""Escola Básica de Mindelo"" Mindelo Portugal"
30597,Escola Básica de Facho,Vila Chã,Vila do Conde,Jardim de Infância,not found,,,"""Escola Básica de Facho"" Vila Chã Portugal"
30598,Escola Básica de Mosteiró,Mosteiró,Vila do Conde,Jardim de Infância,https://escoladevidro.pt/lescolas/escola-basica-de-mosteiro-vila-do-conde/,yes,word matched in path not domain — verify,"""Escola Básica de Mosteiró"" Mosteiró Portugal"
30599,Escola Básica de Carrapata,Vilar,Vila do Conde,Jardim de Infância,https://escoladevidro.pt/lescolas/escola-basica-de-carrapata-vilar-vila-do-conde/,yes,word matched in path not domain — verify,"""Escola Básica de Carrapata"" Vilar Portugal"
30600,Escola Básica de Igreja,Modivas,Vila do Conde,Jardim de Infância,https://escoladevidro.pt/lescolas/escola-basica-de-igreja-modivas-vila-do-conde/,yes,word matched in path not domain — verify,"""Escola Básica de Igreja"" Modivas Portugal"
30601,Escola Básica de Aveleda,Aveleda,Vila do Conde,Jardim de Infância,https://aetsm.pt/%F0%9F%9A%93%F0%9F%91%AE%E2%99%80%EF%B8%8F-visita-especial-a-escola-basica-de-aveleda/,yes,word matched in path not domain — verify,"""Escola Básica de Aveleda"" Aveleda Portugal"
30602,Escola Básica de Igreja,Vila Chã,Vila do Conde,Jardim de Infância,https://www.servicospublicos.pt/servico-publico/927/escola-basica-de-igreja--vila-cha--vila-do-conde,yes,word matched in path not domain — verify,"""Escola Básica de Igreja"" Vila Chã Portugal"
30603,Escola Básica de Real,Vilar do Pinheiro,Vila do Conde,Jardim de Infância,https://escoladevidro.pt/lescolas/escola-basica-de-real-vilar-do-pinheiro-vila-do-conde/,yes,word matched in path not domain — verify,"""Escola Básica de Real"" Vilar do Pinheiro Portugal"
30621,Escola Básica de Abragão,Abragão,Penafiel,Jardim de Infância,not found,,,"""Escola Básica de Abragão"" Abragão Portugal"
30622,Escola Básica de Cabeça Santa,Cabeça Santa,Penafiel,Jardim de Infância,not found,,,"""Escola Básica de Cabeça Santa"" Cabeça Santa Portugal"
30644,JI de Ribes,Ribes,Vila Nova de Gaia,Jardim de Infância,not found,,,"""JI de Ribes"" Ribes Portugal"
30645,EB1/JI da Serpente,Serpente,Vila Nova de Gaia,Jardim de Infância,https://helico.pt/apps/companies/profile/id/487037/slug/associacao-de-pais-e-encarregados-de-educacao-da-eb1-ji-da-serpente,yes,word matched in path not domain — verify,"""EB1/JI da Serpente"" Serpente Portugal"
30646,JI de Loureiro 1,Perosinho,Vila Nova de Gaia,Jardim de Infância,not found,,,"""JI de Loureiro 1"" Perosinho Portugal"
30647,EB1/JI do Alquebre,Uf Serzedo-Perosinho,Vila Nova de Gaia,Jardim de Infância,not found,,,"""EB1/JI do Alquebre"" Uf Serzedo-Perosinho Portugal"
30648,Jardim de Infância de Valadares,Valadares,Vila Nova de Gaia,Jardim de Infância,https://www.waze.com/live-map/directions/pt/porto/pedreiras/jardim-de-infancia-de-valadares-agro?to=place.ChIJl4qKEN56JA0RssRjyHaajMg,yes,word matched in path not domain — verify,"""Jardim de Infância de Valadares"" Valadares Portugal"
30682,Escola Básica Mirante dos Sonhos,Ermesinde,Valongo,Jardim de Infância,https://www.jornalnovoregional.pt/2026/03/turma-da-escola-mirante-dos-sonhos-em-ermesinde-vence-olimpiadas-da-educacao-financeira/,yes,word matched in path not domain — verify,"""Escola Básica Mirante dos Sonhos"" Ermesinde Portugal"
30683,Escola Básica de Carvalhal,Ermesinde,Valongo,Jardim de Infância,not found,,,"""Escola Básica de Carvalhal"" Ermesinde Portugal"
30684,Escola Básica de Saibreiras,Ermesinde,Valongo,Jardim de Infância,https://escoladevidro.pt/lescolas/escola-basica-de-saibreiras-ermesinde-valongo/,yes,word matched in path not domain — verify,"""Escola Básica de Saibreiras"" Ermesinde Portugal"
30694,Escola Básica de Fonte Arcada,Fonte Arcada,Penafiel,Jardim de Infância,https://escoladevidro.pt/lescolas/escola-basica-de-fonte-arcada-penafiel/,yes,word matched in path not domain — verify,"""Escola Básica de Fonte Arcada"" Fonte Arcada Portugal"
30695,Escola Básica de Lagares,Lagares,Penafiel,Jardim de Infância,http://agpsousa.pt/escolas/escolabasicalagares/escolabasicalagares.html,yes,word matched in path not domain — verify,"""Escola Básica de Lagares"" Lagares Portugal"
30696,Jardim de Infância de Figueira,Figueira,Penafiel,Jardim de Infância,https://www.lagaresefigueira.pt/freguesia/redeescolar/2,,,"""Jardim de Infância de Figueira"" Figueira Portugal"
30698,Jardim de Infância de Capela,Capela,Penafiel,Jardim de Infância,https://www.servicospublicos.pt/servico-publico/1644/escola-basica-de-capela--penafiel,yes,word matched in path not domain — verify,"""Jardim de Infância de Capela"" Capela Portugal"
30699,Jardim de Infância de Vale Formoso,Paço de Sousa,Penafiel,Jardim de Infância,https://escoladevidro.pt/lescolas/jardim-de-infancia-de-vale-formoso-paco-de-sousa-penafiel/,yes,word matched in path not domain — verify,"""Jardim de Infância de Vale Formoso"" Paço de Sousa Portugal"
30721,"Escola Básica de São Lourenço, Balteiro",Balteiro-Vilar do Andorinho,Vila Nova de Gaia,Jardim de Infância,https://www.servicospublicos.pt/servico-publico/2159/escola-basica-de-balteiro--vilar-de-andorinho--vila-nova-de-gaia,yes,word matched in path not domain — verify,"""Escola Básica de São Lourenço, Balteiro"" Balteiro-Vilar do Andorinho Portugal"
30722,Escola Básica N.º 1 de Vila de Este,Vila de Este,Vila Nova de Gaia,Jardim de Infância,not found,,,"""Escola Básica N.º 1 de Vila de Este"" Vila de Este Portugal"
30723,Escola Básica de Estação,Valongo,Valongo,Jardim de Infância,https://www.servicospublicos.pt/servico-publico/2640/escola-basica-de-estacao--valongo,yes,word matched in path not domain — verify,"""Escola Básica de Estação"" Valongo Portugal"
30724,Escola Básica de Valado,Valongo,Valongo,Jardim de Infância,https://www.servicospublicos.pt/servico-publico/2640/escola-basica-de-estacao--valongo,yes,word matched in path not domain — verify,"""Escola Básica de Valado"" Valongo Portugal"
30725,Escola Básica de Calvário,Valongo,Valongo,Jardim de Infância,not found,,,"""Escola Básica de Calvário"" Valongo Portugal"
30726,Jardim de Infância de Susão,,Valongo,Jardim de Infância,https://escoladevidro.pt/lescolas/jardim-de-infancia-de-susao-valongo-valongo/,yes,word matched in path not domain — verify,"""Jardim de Infância de Susão"" Valongo Portugal"
30727,Escola Básica Nova de Valongo,Valongo,Valongo,Jardim de Infância,https://www.municipiosefreguesias.pt/entidade/8860/escola-basica-nova-de-valongo,yes,word matched in path not domain — verify,"""Escola Básica Nova de Valongo"" Valongo Portugal"
30736,Escola Básica de Parada,Pedrouços,Maia,Jardim de Infância,https://escoladevidro.pt/lescolas/escola-basica-de-parada-pedroucos-maia/,yes,word matched in path not domain — verify,"""Escola Básica de Parada"" Pedrouços Portugal"
30737,Escola Básica de Enxurreiras,Pedrouços,Maia,Jardim de Infância,https://escoladevidro.pt/lescolas/escola-basica-de-enxurreiras-pedroucos-maia/,yes,word matched in path not domain — verify,"""Escola Básica de Enxurreiras"" Pedrouços Portugal"
30811,Jardim de Infância de Aguda,Aguda,Vila Nova de Gaia,Jardim de Infância,not found,,,"""Jardim de Infância de Aguda"" Aguda Portugal"
30812,Escola Básica de Matosinhos,São Félix da Marinha,Vila Nova de Gaia,Jardim de Infância,not found,,,"""Escola Básica de Matosinhos"" São Félix da Marinha Portugal"
30813,Escola Básica de Aguda,Arcozelo,Vila Nova de Gaia,Jardim de Infância,https://www.aesophiambreyner.org/jideaguda,yes,word matched in path not domain — verify,"""Escola Básica de Aguda"" Arcozelo Portugal"
30814,Escola Básica de Corvo,Arcozelo,Vila Nova de Gaia,Jardim de Infância,https://www.schoolofthefuture.eu/en/school/escola-basica-de-corvo-e-ji,yes,word matched in path not domain — verify,"""Escola Básica de Corvo"" Arcozelo Portugal"
30815,Escola Básica de Chãos Velhos,Arcozelo,Vila Nova de Gaia,Jardim de Infância,https://escoladevidro.pt/lescolas/escola-basica-de-chaos-velhos-arcozelo-vila-nova-de-gaia/,yes,word matched in path not domain — verify,"""Escola Básica de Chãos Velhos"" Arcozelo Portugal"
30830,"Escola Básica de Vilela, Paredes",Vilela,Póvoa de Lanhoso,Jardim de Infância,https://escoladevidro.pt/lescolas/escola-basica-de-vilela-paredes/,yes,word matched in path not domain — verify,"""Escola Básica de Vilela, Paredes"" Vilela Portugal"
30831,Escola Básica N.º 1 de Rebordosa,Rebordosa,Paredes,Jardim de Infância,https://escoladevidro.pt/lescolas/escola-basica-n-o-1-de-rebordosa-paredes/,yes,word matched in path not domain — verify,"""Escola Básica N.º 1 de Rebordosa"" Rebordosa Portugal"
30832,Escola Básica de Serrinha,Rebordosa,Paredes,Jardim de Infância,not found,,,"""Escola Básica de Serrinha"" Rebordosa Portugal"
30833,Jardim de Infância São Marcos,Rebordosa,Paredes,Jardim de Infância,https://escoladevidro.pt/lescolas/jardim-de-infancia-sao-marcos-rebordosa-paredes/,yes,word matched in path not domain — verify,"""Jardim de Infância São Marcos"" Rebordosa Portugal"
30836,Escola Básica de Carvalhosa,Carvalhosa,Paços de Ferreira,Jardim de Infância,https://moovitapp.com/index/en/public_transit-Escola_B%C3%A1sica_de_Carvalhosa-Porto-site_265235107-1904,yes,word matched in path not domain — verify,"""Escola Básica de Carvalhosa"" Carvalhosa Portugal"
30846,Escola Básica de Azurara,Azurara,Vila do Conde,Jardim de Infância,https://aedas.edu.pt/escolas/escola-basica-de-azurara/,yes,word matched in path not domain — verify,"""Escola Básica de Azurara"" Azurara Portugal"
30847,Escola Básica N.º 1 de Vila do Conde,Vila do Conde,Vila do Conde,Jardim de Infância,https://aedas.edu.pt/escolas/escola-basica-n-o-1-de-vila-do-conde/,yes,word matched in path not domain — verify,"""Escola Básica N.º 1 de Vila do Conde"" Vila do Conde Portugal"
30848,"Jardim de Infância de Real, Vila do Conde",Tougues,Vila Nova de Cerveira,Jardim de Infância,https://escoladevidro.pt/lescolas/jardim-de-infancia-de-real-vila-do-conde/,yes,word matched in path not domain — verify,"""Jardim de Infância de Real, Vila do Conde"" Tougues Portugal"
30851,Escola Básica de Rans,Rans,Penafiel,Jardim de Infância,https://escoladevidro.pt/lescolas/escola-basica-de-rans-penafiel/,yes,word matched in path not domain — verify,"""Escola Básica de Rans"" Rans Portugal"
30852,"Escola Básica de Torre, Urrô",,Penafiel,Jardim de Infância,not found,,,"""Escola Básica de Torre, Urrô"" Penafiel Portugal"
30854,"Jardim de Infância Padre António Rodrigues Pimentel, Guilhufe",Igreja (Guilhufe),Penafiel,Jardim de Infância,https://escoladevidro.pt/lcategorias/agrupamento-de-escolas-joaquim-de-araujo-guilhufe-penafiel/,yes,word matched in path not domain — verify,"""Jardim de Infância Padre António Rodrigues Pimentel, Guilhufe"" Igreja (Guilhufe) Portugal"
30855,"Jardim de Infância de Igreja, Marecos",,Penafiel,Jardim de Infância,not found,,,"""Jardim de Infância de Igreja, Marecos"" Penafiel Portugal"
30856,"Jardim de Infância de Agulha, Galegos",Penafiel,Póvoa de Lanhoso,Jardim de Infância,not found,,,"""Jardim de Infância de Agulha, Galegos"" Penafiel Portugal"
30857,"Escola Básica de Boavista, Santiago de Subarrifana",,Penafiel,Jardim de Infância,not found,,,"""Escola Básica de Boavista, Santiago de Subarrifana"" Penafiel Portugal"
30864,Escola Básica de Mouriz,Mouriz,Paredes,Jardim de Infância,not found,,,"""Escola Básica de Mouriz"" Mouriz Portugal"
30865,Jardim de Infância de Boavista,Beire,Paredes,Jardim de Infância,https://ecoescolas.abaae.pt/escola/jardim-de-infancia-de-boavista-beire/,yes,word matched in path not domain — verify,"""Jardim de Infância de Boavista"" Beire Portugal"
30866,Jardim de Infância de Mó,Madalena,Paredes,Jardim de Infância,not found,,,"""Jardim de Infância de Mó"" Madalena Portugal"
30867,"Jardim de Infância de Estrebuela, Castelões de Cepeda",Paredes,Paredes,Jardim de Infância,not found,,,"""Jardim de Infância de Estrebuela, Castelões de Cepeda"" Paredes Portugal"
30868,Escola Básica Nº 2 de Paredes,Paredes,Paredes,Jardim de Infância,https://www.isotis.org/isotis-news/primary-school-n-2-of-paredes-portugal-develops-activities-to-support-multilingualism-and-multiculturalism/,yes,word matched in path not domain — verify,"""Escola Básica Nº 2 de Paredes"" Paredes Portugal"
30869,EB de Bitarães,"Bitarães , Paredes",Paredes,Jardim de Infância,not found,,,"""EB de Bitarães"" Bitarães , Paredes Portugal"
30870,Jardim de Infância de Paredes,Castelões de Cepeda,Paredes,Jardim de Infância,not found,,,"""Jardim de Infância de Paredes"" Castelões de Cepeda Portugal"
30871,"Jardim de Infância de Carreiras Verdes, Louredo, Paredes",Louredo,Vieira do Minho,Jardim de Infância,https://escoladevidro.pt/lescolas/jardim-de-infancia-de-carreiras-verdes-louredo-paredes/,yes,word matched in path not domain — verify,"""Jardim de Infância de Carreiras Verdes, Louredo, Paredes"" Louredo Portugal"
30879,"Jardim de Infância Quinta do Casal, Ariz, Marco de Canaveses,",Bem Viver,Marco de Canaveses,Jardim de Infância,not found,,,"""Jardim de Infância Quinta do Casal, Ariz, Marco de Canaveses,"" Bem Viver Portugal"
30880,Escola Básica de Paredes,Paredes de Viadores e Manhuncelos,Marco de Canaveses,Jardim de Infância,not found,,,"""Escola Básica de Paredes"" Paredes de Viadores e Manhuncelos Portugal"
30881,Escola Básica de Manhuncelos,Paredes de Viadores e Manhuncelos,Marco de Canaveses,Jardim de Infância,not found,,,"""Escola Básica de Manhuncelos"" Paredes de Viadores e Manhuncelos Portugal"
30882,Escola Básica de Tarrio,Tarrio,Santo Tirso,Jardim de Infância,https://escoladevidro.pt/lescolas/escola-basica-de-tarrio-santo-tirso/,yes,word matched in path not domain — verify,"""Escola Básica de Tarrio"" Tarrio Portugal"
30883,Jardim de Infância de Vinha,Burgães,Santo Tirso,Jardim de Infância,not found,,,"""Jardim de Infância de Vinha"" Burgães Portugal"
30884,"Jardim de Infância de Igreja, Areias",Igreja (Areias),Santo Tirso,Jardim de Infância,http://home.tomazpelayo.com/contatos/jardim-de-infancia-de-igreja-areias/,yes,word matched in path not domain — verify,"""Jardim de Infância de Igreja, Areias"" Igreja (Areias) Portugal"
30885,Escola Básica de Quinchães,Quinchães,Santo Tirso,Jardim de Infância,not found,,,"""Escola Básica de Quinchães"" Quinchães Portugal"
30886,Escola Básica de São Bento da Batalha,S. Bento da Batalha,Santo Tirso,Jardim de Infância,not found,,,"""Escola Básica de São Bento da Batalha"" S. Bento da Batalha Portugal"
30887,Escola Básica de Santa Luzia,Monte Córdova,Santo Tirso,Jardim de Infância,https://escoladevidro.pt/lescolas/escola-basica-de-santa-luzia-monte-cordova-santo-tirso/,yes,word matched in path not domain — verify,"""Escola Básica de Santa Luzia"" Monte Córdova Portugal"
30888,Escola Básica de Foral,Santo Tirso,Santo Tirso,Jardim de Infância,https://www.municipiosefreguesias.pt/entidade/7858/escola-basica-de-foral,yes,word matched in path not domain — verify,"""Escola Básica de Foral"" Santo Tirso Portugal"
30889,Jardim de Infância de Ribeiro,Rebordões,Santo Tirso,Jardim de Infância,https://home.tomazpelayo.com/contatos/jardim-de-infancia-de-ribeiro/?amp,yes,word matched in path not domain — verify,"""Jardim de Infância de Ribeiro"" Rebordões Portugal"
30890,"Escola Básica de Ermida, Santa Cristina do Couto",Sta Cristina do Couto,Santo Tirso,Jardim de Infância,https://escoladevidro.pt/lescolas/escola-basica-de-ermida-santa-cristina-do-couto-santo-tirso/,yes,word matched in path not domain — verify,"""Escola Básica de Ermida, Santa Cristina do Couto"" Sta Cristina do Couto Portugal"
30891,Jardim de Infância de Trás-Da-Serra,Jovim,Gondomar,Jardim de Infância,https://escoladevidro.pt/lescolas/jardim-de-infancia-de-tras-da-serra-jovim-gondomar/,yes,word matched in path not domain — verify,"""Jardim de Infância de Trás-Da-Serra"" Jovim Portugal"
30892,Jardim de Infância de Ribeira,Foz do Sousa,Gondomar,Jardim de Infância,not found,,,"""Jardim de Infância de Ribeira"" Foz do Sousa Portugal"
30893,Jardim de Infância de Atães,Jovim,Gondomar,Jardim de Infância,https://escoladevidro.pt/lescolas/jardim-de-infancia-de-ataes-gondomar/,yes,word matched in path not domain — verify,"""Jardim de Infância de Atães"" Jovim Portugal"
30894,Jardim de Infância de Jancido,Foz do Sousa,Gondomar,Jardim de Infância,not found,,,"""Jardim de Infância de Jancido"" Foz do Sousa Portugal"
30950,EB1/JI do Paranho,Trofa,Trofa,Jardim de Infância,not found,,,"""EB1/JI do Paranho"" Trofa Portugal"
30951,EB1/JI de Paradela,Trofa,Trofa,Jardim de Infância,not found,,,"""EB1/JI de Paradela"" Trofa Portugal"
30952,EB1/JI da Esprela,Trofa,Trofa,Jardim de Infância,not found,,,"""EB1/JI da Esprela"" Trofa Portugal"
30954,"Escola Básica de Duas Igrejas, Paredes","Duas Igrejas, Paredes",Penafiel,Jardim de Infância,not found,,,"""Escola Básica de Duas Igrejas, Paredes"" Duas Igrejas, Paredes Portugal"
30955,Escola Básica de Sobrosa,"Sobrosa, Paredes",Paredes,Jardim de Infância,not found,,,"""Escola Básica de Sobrosa"" Sobrosa, Paredes Portugal"
30956,Escola Básica N.º 1 de Frazão,Frazão,Paços de Ferreira,Jardim de Infância,https://escoladevidro.pt/lescolas/escola-basica-n-o-1-de-frazao-pacos-de-ferreira/,yes,word matched in path not domain — verify,"""Escola Básica N.º 1 de Frazão"" Frazão Portugal"
30957,Escola Básica de Arreigada,Arreigada,Paços de Ferreira,Jardim de Infância,https://www.imediato.pt/criado-recreio-natural-na-escola-basica-de-arreigada/,yes,word matched in path not domain — verify,"""Escola Básica de Arreigada"" Arreigada Portugal"
30958,Escola Básica de Seroa,Seroa,Paços de Ferreira,Jardim de Infância,https://mail.municipiosefreguesias.pt/entidade/587248/escola-basica-de-seroa---1---ciclo-do-ensino-basico,yes,word matched in path not domain — verify,"""Escola Básica de Seroa"" Seroa Portugal"
30961,Escola Básica Sudeste de Baião,Santa Marinha do Zêzere,Baião,Jardim de Infância,https://apoioperto.com/creches/baiao/,yes,word matched in path not domain — verify,"""Escola Básica Sudeste de Baião"" Santa Marinha do Zêzere Portugal"
30963,Escola Básica de Livração,S.to Isidoro e Livração,Marco de Canaveses,Jardim de Infância,https://www.santoisidoroelivracao.pt/freguesia/redeescolar/3,,,"""Escola Básica de Livração"" S.to Isidoro e Livração Portugal"
30964,Escola Básica de Regoufe,Banho e Carvalhosa,Marco de Canaveses,Jardim de Infância,https://escoladevidro.pt/lescolas/escola-basica-de-regoufe-banho-e-carvalhosa-marco-de-canaveses/,yes,word matched in path not domain — verify,"""Escola Básica de Regoufe"" Banho e Carvalhosa Portugal"
30965,Escola Básica de Outeiro,Constance,Marco de Canaveses,Jardim de Infância,not found,,,"""Escola Básica de Outeiro"" Constance Portugal"
30966,Escola Básica de Igreja,Banho e Carvalhosa,Marco de Canaveses,Jardim de Infância,https://www.servicospublicos.pt/servico-publico/2421/escola-basica-de-regoufe--banho-e-carvalhosa--marco-de-canaveses,yes,word matched in path not domain — verify,"""Escola Básica de Igreja"" Banho e Carvalhosa Portugal"
30967,"Escola Básica de Ladário, Fontelas",Constance,Marco de Canaveses,Jardim de Infância,not found,,,"""Escola Básica de Ladário, Fontelas"" Constance Portugal"
30983,"Escola Básica das Ribeiras, Matosinhos",Perafita,Santa Cruz,Jardim de Infância,https://escoladevidro.pt/lescolas/escola-basica-das-ribeiras-matosinhos/,yes,word matched in path not domain — verify,"""Escola Básica das Ribeiras, Matosinhos"" Perafita Portugal"
30984,"Escola Básica N.º 2 de Perafita, Matosinhos",Perafita,Santa Cruz,Jardim de Infância,not found,,,"""Escola Básica N.º 2 de Perafita, Matosinhos"" Perafita Portugal"
31002,Escola Básica de Pombeiro de Ribavizela,Pombeiro de Ribavizela,Felgueiras,Jardim de Infância,https://escoladevidro.pt/lescolas/escola-basica-de-pombeiro-de-ribavizela-felgueiras/,yes,word matched in path not domain — verify,"""Escola Básica de Pombeiro de Ribavizela"" Pombeiro de Ribavizela Portugal"
31003,Escola Básica de Jugueiros,Jugueiros,Felgueiras,Jardim de Infância,https://escoladevidro.pt/lescolas/escola-basica-de-jugueiros-viseu/,yes,word matched in path not domain — verify,"""Escola Básica de Jugueiros"" Jugueiros Portugal"
31004,Escola Básica de Estradinha - Sendim,Sendim,Tabuaço,Jardim de Infância,https://escoladevidro.pt/lescolas/escola-basica-de-estradinha-sendim-felgueiras/,yes,word matched in path not domain — verify,"""Escola Básica de Estradinha - Sendim"" Sendim Portugal"
31014,Escola Básica de Loureiro,Grijó,Vila Nova de Gaia,Jardim de Infância,https://www.servicospublicos.pt/servico-publico/1372/escola-basica-de-loureiro-grijo-vila-nova-de-gaia,yes,word matched in path not domain — verify,"""Escola Básica de Loureiro"" Grijó Portugal"
31015,Escola Básica Santo António,Grijó,Vila Nova de Gaia,Jardim de Infância,not found,,,"""Escola Básica Santo António"" Grijó Portugal"
31016,Escola Básica de Vendas,Seixezelo,Vila Nova de Gaia,Jardim de Infância,https://escoladevidro.pt/lescolas/escola-basica-de-vendas-seixezelo-vila-nova-de-gaia/,yes,word matched in path not domain — verify,"""Escola Básica de Vendas"" Seixezelo Portugal"
31017,Escola Básica de Asprela,Sermonde,Vila Nova de Gaia,Jardim de Infância,https://escoladevidro.pt/lescolas/escola-basica-de-asprela-sermonde-vila-nova-de-gaia/,yes,word matched in path not domain — verify,"""Escola Básica de Asprela"" Sermonde Portugal"
31021,Escola Básica de S. Tomé de Negrelos,São Tomé de Negrelos,Santo Tirso,Jardim de Infância,https://ecoescolas.abaae.pt/escola/escola-basica-de-s-tome-de-negrelos/,yes,word matched in path not domain — verify,"""Escola Básica de S. Tomé de Negrelos"" São Tomé de Negrelos Portugal"
31025,Jardim de Infância de Prenhô,Baião,Baião,Jardim de Infância,https://escoladevidro.pt/lescolas/jardim-de-infancia-de-prenho-baiao/,yes,word matched in path not domain — verify,"""Jardim de Infância de Prenhô"" Baião Portugal"
31044,Escola Básica N.º 1 de Sobreira,Sobreira,Paredes,Jardim de Infância,https://ecoescolas.abaae.pt/escola/escola-basica-no-1-de-sobreira/,yes,word matched in path not domain — verify,"""Escola Básica N.º 1 de Sobreira"" Sobreira Portugal"
31045,Escola Básica de Recarei,Recarei,Paredes,Jardim de Infância,http://www.agrupamentoescolassobreira.org/escola-basica-de-recarei/,yes,word matched in path not domain — verify,"""Escola Básica de Recarei"" Recarei Portugal"
31059,EB/JI Lagarteiro,Campanhã,Porto,Jardim de Infância,not found,,,"""EB/JI Lagarteiro"" Campanhã Portugal"
31066,Escola Básica N.º 2 do Viso,Bairro do Viso,Porto,Jardim de Infância,https://aevisoporto.pt/site/wp-content/uploads/2025/04/paa_24_25-VF.pdf,,,"""Escola Básica N.º 2 do Viso"" Bairro do Viso Portugal"
31067,Escola Básica dos Correios,Porto,Porto,Jardim de Infância,https://aevisoporto.pt/site/escola-basica-dos-correios/,yes,word matched in path not domain — verify,"""Escola Básica dos Correios"" Porto Portugal"
31075,Escola Básica de Baguim do Monte,Baguim do Monte,Gondomar,Jardim de Infância,not found,,,"""Escola Básica de Baguim do Monte"" Baguim do Monte Portugal"
31076,Jardim de Infância de Baixinho,Baguim do Monte,Gondomar,Jardim de Infância,https://escoladevidro.pt/lescolas/jardim-de-infancia-de-baixinho-baguim-do-monte-gondomar/,yes,word matched in path not domain — verify,"""Jardim de Infância de Baixinho"" Baguim do Monte Portugal"
31077,Jardim de Infância de Baguim do Monte,Baguim do Monte,Gondomar,Jardim de Infância,not found,,,"""Jardim de Infância de Baguim do Monte"" Baguim do Monte Portugal"
31078,Jardim de Infância de Castro,Baguim do Monte,Gondomar,Jardim de Infância,https://escoladevidro.pt/lescolas/jardim-de-infancia-de-castro-baguim-do-monte-gondomar/,yes,word matched in path not domain — verify,"""Jardim de Infância de Castro"" Baguim do Monte Portugal"
31079,Jardim de Infância de entre-Cancelas,Baguim do Monte,Gondomar,Jardim de Infância,not found,,,"""Jardim de Infância de entre-Cancelas"" Baguim do Monte Portugal"
31083,Escola Básica N.º 1 de Airães,Airães,Felgueiras,Jardim de Infância,https://escoladevidro.pt/escolas/localizacoes/airaes/,yes,word matched in path not domain — verify,"""Escola Básica N.º 1 de Airães"" Airães Portugal"
31084,Escola Básica de Cimo de Vila,Felgueiras,Felgueiras,Jardim de Infância,https://escoladevidro.pt/lescolas/escola-basica-de-cimo-de-vila-felgueiras/,yes,word matched in path not domain — verify,"""Escola Básica de Cimo de Vila"" Felgueiras Portugal"
31085,Escola Básica de Vinha - Pedreira,Pedreira,Felgueiras,Jardim de Infância,not found,,,"""Escola Básica de Vinha - Pedreira"" Pedreira Portugal"
31147,Escola Básica de Folgosa,Folgosa,Maia,Jardim de Infância,https://escoladevidro.pt/lescolas/escola-basica-de-folgosa-maia/,yes,word matched in path not domain — verify,"""Escola Básica de Folgosa"" Folgosa Portugal"
31148,"Escola Básica de Arcos, São Pedro Fins",S Pedro Fins,Maia,Jardim de Infância,https://escoladevidro.pt/lescolas/escola-basica-de-arcos-sao-pedro-fins-maia/,yes,word matched in path not domain — verify,"""Escola Básica de Arcos, São Pedro Fins"" S Pedro Fins Portugal"
31150,Escola Básica Santa Cristina,Folgosa,Maia,Jardim de Infância,https://emlista.pt/escolas-basicas/maia-escola-basica-santa-cristina-folgosa/10947,yes,word matched in path not domain — verify,"""Escola Básica Santa Cristina"" Folgosa Portugal"
31218,Escola Básica do Torno,Torno,Lousada,Jardim de Infância,https://www.municipiosefreguesias.pt/entidade/5464/escola-basica-do-torno,yes,word matched in path not domain — verify,"""Escola Básica do Torno"" Torno Portugal"
31219,Escola Básica de Vilar do Torno e Alemtém,Vilar do Torno e Alemtém,Lousada,Jardim de Infância,not found,,,"""Escola Básica de Vilar do Torno e Alemtém"" Vilar do Torno e Alemtém Portugal"
31231,Escola Básica de Lustosa,Lustosa,Lousada,Jardim de Infância,https://biblioblogdrmariofonseca.wordpress.com/tag/centro-escolar-de-lustosa/,yes,word matched in path not domain — verify,"""Escola Básica de Lustosa"" Lustosa Portugal"
31233,"Jardim de Infância de Uchas, Lousada","Aveleda, Lsd",Vila do Conde,Jardim de Infância,https://escoladevidro.pt/lescolas/jardim-de-infancia-de-uchas-lousada/,yes,word matched in path not domain — verify,"""Jardim de Infância de Uchas, Lousada"" Aveleda, Lsd Portugal"
31234,Jardim de Infância de Lagoa,"Nogueira, Lsd",Lousada,Jardim de Infância,not found,,,"""Jardim de Infância de Lagoa"" Nogueira, Lsd Portugal"
31235,Escola Básica de Mós,Lousada,Lousada,Jardim de Infância,https://arquitecturaaqui.eu/en/buildings-ensembles/48884/escola-basica-de-mos-silvares-lousada,yes,word matched in path not domain — verify,"""Escola Básica de Mós"" Lousada Portugal"
31265,Escola Básica/JI de Gouveia,Várzea Aliviada e Folhada,Marco de Canaveses,Jardim de Infância,not found,,,"""Escola Básica/JI de Gouveia"" Várzea Aliviada e Folhada Portugal"
31267,"Jardim de Infância de Cerdeiras, Tabuado",Marco de Canavezes,Marco de Canaveses,Jardim de Infância,https://escoladevidro.pt/lescolas/jardim-de-infancia-de-cerdeiras-tabuado-marco-de-canaveses/,yes,word matched in path not domain — verify,"""Jardim de Infância de Cerdeiras, Tabuado"" Marco de Canavezes Portugal"
31269,"Jardim de Infância de Murteirados,",Marco de Canaveses,Marco de Canaveses,Jardim de Infância,not found,,,"""Jardim de Infância de Murteirados,"" Marco de Canaveses Portugal"
31270,Jardim de Infância de Vila Verde,Marco de Canaveses,Marco de Canaveses,Jardim de Infância,https://moovitapp.com/index/pt/transportes_p%C3%BAblicos-Jardim_de_Inf%C3%A2ncia_de_Vila_verde-Porto-site_262359648-1904,yes,word matched in path not domain — verify,"""Jardim de Infância de Vila Verde"" Marco de Canaveses Portugal"
31271,Escola Básica de Freita,Marco de Canaveses,Marco de Canaveses,Jardim de Infância,https://escoladevidro.pt/lescolas/escola-basica-de-freita-marco-de-canaveses/,yes,word matched in path not domain — verify,"""Escola Básica de Freita"" Marco de Canaveses Portugal"
31272,Jardim de Infância de Ramalhais,Marco de Canaveses,Marco de Canaveses,Jardim de Infância,https://escoladevidro.pt/lescolas/jardim-de-infancia-de-ramalhais-marco-de-canaveses/,yes,word matched in path not domain — verify,"""Jardim de Infância de Ramalhais"" Marco de Canaveses Portugal"
31273,Jardim de Infância da Aliviada,Marco de Canavezes,Marco de Canaveses,Jardim de Infância,https://escoladevidro.pt/lescolas/jardim-de-infancia-da-aliviada-marco-de-canaveses/,yes,word matched in path not domain — verify,"""Jardim de Infância da Aliviada"" Marco de Canavezes Portugal"
31274,EB1/JI de Carreira - Avessadas,Marco de Canaveses,Marco de Canaveses,Jardim de Infância,not found,,,"""EB1/JI de Carreira - Avessadas"" Marco de Canaveses Portugal"
31275,EB1/JI da Barroca,Marco de Canaveses,Marco de Canaveses,Jardim de Infância,not found,,,"""EB1/JI da Barroca"" Marco de Canaveses Portugal"
31276,Jardim de Infância da Quinta do Casal,Fornos,Marco de Canaveses,Jardim de Infância,not found,,,"""Jardim de Infância da Quinta do Casal"" Fornos Portugal"
31277,EB1/JI de Eiró,Marco de Canaveses,Marco de Canaveses,Jardim de Infância,not found,,,"""EB1/JI de Eiró"" Marco de Canaveses Portugal"
31283,Jardim de Infância de Vila Cova,Vila Cova,Gondomar,Jardim de Infância,https://ecoescolas.abaae.pt/escola/jardim-de-infancia-de-vila-cova/,yes,word matched in path not domain — verify,"""Jardim de Infância de Vila Cova"" Vila Cova Portugal"
31305,Escola Básica de Macieira da Lixa,Macieira da Lixa,Felgueiras,Jardim de Infância,https://aelixa.pt/,,,"""Escola Básica de Macieira da Lixa"" Macieira da Lixa Portugal"
31306,Jardim de Infância da Lixa,Lixa,Felgueiras,Jardim de Infância,https://aelixa.pt/,,,"""Jardim de Infância da Lixa"" Lixa Portugal"
31342,Escola Básica de Várzea,Várzea,Felgueiras,Jardim de Infância,https://ecoescolas.abaae.pt/escola/escola-basica-de-varzea-antiga-escola-eb-de-varzea/,yes,word matched in path not domain — verify,"""Escola Básica de Várzea"" Várzea Portugal"
31343,Jardim de Infância de Felgueiras,Felgueiras,Felgueiras,Jardim de Infância,https://ecoescolas.abaae.pt/escola/jardim-de-infancia-de-felgueiras/,yes,word matched in path not domain — verify,"""Jardim de Infância de Felgueiras"" Felgueiras Portugal"
31344,Escola Básica de Margaride,Margaride,Felgueiras,Jardim de Infância,https://ecoescolas.abaae.pt/escola/escola-basica-de-margaride/,yes,word matched in path not domain — verify,"""Escola Básica de Margaride"" Margaride Portugal"
31345,Escola Básica de Estrada,Varziela,Felgueiras,Jardim de Infância,https://escoladevidro.pt/lescolas/escola-basica-de-estrada-varziela-felgueiras/,yes,word matched in path not domain — verify,"""Escola Básica de Estrada"" Varziela Portugal"
31347,Jardim de Infância de Cruzes,Idães,Felgueiras,Jardim de Infância,https://escoladevidro.pt/lescolas/jardim-de-infancia-de-cruzes-felgueiras/,yes,word matched in path not domain — verify,"""Jardim de Infância de Cruzes"" Idães Portugal"
31348,"Escola Básica de Outeiro, Longra",Rande,Felgueiras,Jardim de Infância,https://escoladevidro.pt/lescolas/escola-basica-de-outeiro-longra-felgueiras/,yes,word matched in path not domain — verify,"""Escola Básica de Outeiro, Longra"" Rande Portugal"
31377,"Escola Básica de Gandra, Paredes",Gandra,Ponte de Lima,Jardim de Infância,https://apoioperto.com/creches/paredes/,yes,word matched in path not domain — verify,"""Escola Básica de Gandra, Paredes"" Gandra Portugal"
31378,Escola Básica de Cete,Cete,Paredes,Jardim de Infância,https://escoladevidro.pt/lescolas/escola-basica-de-cete-paredes/,yes,word matched in path not domain — verify,"""Escola Básica de Cete"" Cete Portugal"
31379,Jardim de Infância de Lagar,Vandoma,Paredes,Jardim de Infância,https://escoladevidro.pt/lescolas/jardim-de-infancia-de-lagar-vandoma-paredes/,yes,word matched in path not domain — verify,"""Jardim de Infância de Lagar"" Vandoma Portugal"
31380,Escola Básica Ilídio Sardoeira,Amarante,Amarante,Jardim de Infância,https://aea.edu.pt/index.php/cei-centro-ilidio-sardoeira,yes,word matched in path not domain — verify,"""Escola Básica Ilídio Sardoeira"" Amarante Portugal"
31381,Jardim de Infância de Lomba,Lomba,Amarante,Jardim de Infância,https://moovitapp.com/index/en/public_transit-Jardim_de_Inf%C3%A2ncia_de_Lomba-Porto-site_265225113-1904,yes,word matched in path not domain — verify,"""Jardim de Infância de Lomba"" Lomba Portugal"
31382,Jardim de Infância de Boavista,Amarante,Amarante,Jardim de Infância,not found,,,"""Jardim de Infância de Boavista"" Amarante Portugal"
31386,"Jardim de Infância de Igreja, Gondar, Amarante",Gondar,Guimarães,Jardim de Infância,https://escoladevidro.pt/lescolas/jardim-de-infancia-de-igreja-gondar-amarante/,yes,word matched in path not domain — verify,"""Jardim de Infância de Igreja, Gondar, Amarante"" Gondar Portugal"
31407,Escola Básica Agustina Bessa Luís,Bagunte,Vila do Conde,Jardim de Infância,not found,,,"""Escola Básica Agustina Bessa Luís"" Bagunte Portugal"
31408,Escola Básica de Medados,Touguinha,Vila do Conde,Jardim de Infância,https://portal.agrupajunqueira.pt/index.php/agrupamento/escolas/60-ebmedados-localiza,yes,word matched in path not domain — verify,"""Escola Básica de Medados"" Touguinha Portugal"
31409,"Escola Básica de Bouçó, Rio Mau, Vila do Conde","Rio Mau, Vila do Conde.",Braga,Jardim de Infância,https://escoladevidro.pt/lescolas/escola-basica-de-bouco-rio-mau-vila-do-conde/,yes,word matched in path not domain — verify,"""Escola Básica de Bouçó, Rio Mau, Vila do Conde"" Rio Mau, Vila do Conde. Portugal"
31410,Escola Básica de Monte,Touguinhó,Vila do Conde,Jardim de Infância,https://escoladevidro.pt/lescolas/escola-basica-de-monte-touguinho-vila-do-conde/,yes,word matched in path not domain — verify,"""Escola Básica de Monte"" Touguinhó Portugal"
31411,Escola Básica N.º 1 de Junqueira,Junqueira,Vila do Conde,Jardim de Infância,https://portal.agrupajunqueira.pt/index.php/alunos/manuais-escolares/988-2024-2025-manuais-escolares-2025-2026,,,"""Escola Básica N.º 1 de Junqueira"" Junqueira Portugal"
31412,"Escola Básica de Casais, Arcos, Vila do Conde",Arcos,Braga,Jardim de Infância,https://escoladevidro.pt/lescolas/escola-basica-de-casais-arcos-vila-do-conde/,yes,word matched in path not domain — verify,"""Escola Básica de Casais, Arcos, Vila do Conde"" Arcos Portugal"
31466,Escola Básica de Figueiró,Figueiró,Paços de Ferreira,Jardim de Infância,https://escoladevidro.pt/lescolas/escola-basica-de-figueiro-pacos-de-ferreira/,yes,word matched in path not domain — verify,"""Escola Básica de Figueiró"" Figueiró Portugal"
31467,Escola Básica de Freamunde,,Paços de Ferreira,Jardim de Infância,https://aefreamunde.com/,,,"""Escola Básica de Freamunde"" Paços de Ferreira Portugal"
31468,Escola Básica de Raimonda,Raimonda,Paços de Ferreira,Jardim de Infância,https://escoladevidro.pt/lescolas/escola-basica-de-raimonda-pacos-de-ferreira/,yes,word matched in path not domain — verify,"""Escola Básica de Raimonda"" Raimonda Portugal"
31498,Escola Básica do Bom Pastor,Porto,Seia,Jardim de Infância,https://naturebasedsolutions.porto.pt/nbs/paineis-fotovoltaicos-da-escola-basica-do-bom-pastor/,yes,word matched in path not domain — verify,"""Escola Básica do Bom Pastor"" Porto Portugal"
31623,"Jardim de Infância de Ataíde, Amarante",Vila Mea,Póvoa de Lanhoso,Jardim de Infância,https://escoladevidro.pt/lescolas/jardim-de-infancia-de-ataide-amarante/,yes,word matched in path not domain — verify,"""Jardim de Infância de Ataíde, Amarante"" Vila Mea Portugal"
31624,"Escola Básica de Igreja, Vila Caiz",Vila Caiz Amt,Amarante,Jardim de Infância,https://www.servicospublicos.pt/servico-publico/1144/escola-basica-acacio-lino--travanca--amarante,yes,word matched in path not domain — verify,"""Escola Básica de Igreja, Vila Caiz"" Vila Caiz Amt Portugal"
31631,Escola Básica da Bandeirinha,Porto,Porto,Jardim de Infância,https://www.municipiosefreguesias.pt/entidade/6843/escola-basica-da-bandeirinha,yes,word matched in path not domain — verify,"""Escola Básica da Bandeirinha"" Porto Portugal"
31632,Escola Básica de Gandra,Águas Santas,Maia,Jardim de Infância,https://escoladevidro.pt/lescolas/escola-basica-de-gandra-aguas-santas-maia/,yes,word matched in path not domain — verify,"""Escola Básica de Gandra"" Águas Santas Portugal"
31634,"Escola Básica de Corim, Águas Santas",Aguas Santas,Maia,Jardim de Infância,https://www.servicospublicos.pt/servico-publico/2015/escola-basica-de-corim--aguas-santas--maia,yes,word matched in path not domain — verify,"""Escola Básica de Corim, Águas Santas"" Aguas Santas Portugal"
31653,Escola Básica de Valbom,"Valbom, Gondomar",Gondomar,Jardim de Infância,https://www.aev-valbom.org/,,,"""Escola Básica de Valbom"" Valbom, Gondomar Portugal"
31654,Jardim de Infância de Arroteia,Arroteia,Gondomar,Jardim de Infância,not found,,,"""Jardim de Infância de Arroteia"" Arroteia Portugal"
31655,"Jardim de Infância da Quinta do Sol, Valbom",Quinta do Sol,Gondomar,Jardim de Infância,https://escoladevidro.pt/lescolas/jardim-de-infancia-da-quinta-do-sol-valbom-gondomar/,yes,word matched in path not domain — verify,"""Jardim de Infância da Quinta do Sol, Valbom"" Quinta do Sol Portugal"
31683,Escola Básica de Barreiro,Alfena,Valongo,Jardim de Infância,https://www.servicospublicos.pt/servico-publico/1632/escola-basica-de-codiceira--alfena--valongo,yes,word matched in path not domain — verify,"""Escola Básica de Barreiro"" Alfena Portugal"
31684,Escola Básica de Codiceira,Alfena,Valongo,Jardim de Infância,https://escoladevidro.pt/lescolas/escola-basica-de-codiceira-alfena-valongo/,yes,word matched in path not domain — verify,"""Escola Básica de Codiceira"" Alfena Portugal"
31809,Escola Básica da Alegria,Porto,Porto,Jardim de Infância,https://apaescolaalegria.wixsite.com/alegria/school-info,,,"""Escola Básica da Alegria"" Porto Portugal"
31811,Escola Básica de Noeda,Porto,Porto,Jardim de Infância,not found,,,"""Escola Básica de Noeda"" Porto Portugal"
31812,Escola Básica das Flores,,Porto,Jardim de Infância,https://www.porto.pt/pt/video/abertura-do-ano-escolar-na-escola-basica-das-flores,yes,word matched in path not domain — verify,"""Escola Básica das Flores"" Porto Portugal"
31870,Colégio Luso Francês,Porto,Seia,Jardim de Infância,https://www.lusofrances.pt/,,,"""Colégio Luso Francês"" Porto Portugal"
31879,"Jardim de Infância de Vilar , Vilar de Andorinho",Vila Nova de Gaia,Vila Nova de Gaia,Jardim de Infância,not found,,,"""Jardim de Infância de Vilar , Vilar de Andorinho"" Vila Nova de Gaia Portugal"
31881,Externato Senhora do Alívio,Lixa,Felgueiras,Jardim de Infância,not found,,,"""Externato Senhora do Alívio"" Lixa Portugal"
31883,Jardim de Infância Jardim da Joana,Valongo,Valongo,Jardim de Infância,not found,,,"""Jardim de Infância Jardim da Joana"" Valongo Portugal"
31904,Jardim Escola João de Deus,Porto,Seia,Jardim de Infância,not found,,,"""Jardim Escola João de Deus"" Porto Portugal"
31950,EB1/JI de Brandariz,Uf Serzedo-Perosinho,Vila Nova de Gaia,Jardim de Infância,https://ecoescolas.abaae.pt/escola/escola-eb1-ji-de-brandariz/,yes,word matched in path not domain — verify,"""EB1/JI de Brandariz"" Uf Serzedo-Perosinho Portugal"
31951,EB1/JI de Megide,Canelas,Vila Nova de Gaia,Jardim de Infância,https://sp-ca.fastheroes.com/institution/ae-de-canelas-eb1-ji-de-megide/,yes,word matched in path not domain — verify,"""EB1/JI de Megide"" Canelas Portugal"
31952,EB Nº 1 de Igreja - Sande,Marco de Canaveses,Guimarães,Jardim de Infância,not found,,,"""EB Nº 1 de Igreja - Sande"" Marco de Canaveses Portugal"
31953,Escola Básica do 1.º Ciclo N.º 1 S. Sebastião,Marco de Canaveses,Lousada,Jardim de Infância,not found,,,"""Escola Básica do 1.º Ciclo N.º 1 S. Sebastião"" Marco de Canaveses Portugal"
31975,EB1/JI do Curro,Canelas,Vila Nova de Gaia,Jardim de Infância,https://agrcanelas.edu.pt/2023/12/07/bairro-feliz-parabens-associacao-de-pais-da-escola-eb1-ji-do-curro/,yes,word matched in path not domain — verify,"""EB1/JI do Curro"" Canelas Portugal"
31976,EB1/JI do Monte,Gulpilhares,Vila Nova de Gaia,Jardim de Infância,not found,,,"""EB1/JI do Monte"" Gulpilhares Portugal"
32030,Escola Básica de Sendim,Matosinhos,Matosinhos,Jardim de Infância,https://escoladevidro.pt/lescolas/escola-basica-de-sendim-matosinhos/,yes,word matched in path not domain — verify,"""Escola Básica de Sendim"" Matosinhos Portugal"
32042,EB1/Jipicota,Marco de Canaveses,Marco de Canaveses,Jardim de Infância,not found,,,"""EB1/Jipicota"" Marco de Canaveses Portugal"
32046,Escola Básica Quinta do Vieira,Custóias,Matosinhos,Jardim de Infância,not found,,,"""Escola Básica Quinta do Vieira"" Custóias Portugal"
32047,Escola Básica Profª. Elvira Valente,Custóias,Matosinhos,Jardim de Infância,not found,,,"""Escola Básica Profª. Elvira Valente"" Custóias Portugal"
32057,EB1/JI da Searinha,Marco de Canaveses,Marco de Canaveses,Jardim de Infância,not found,,,"""EB1/JI da Searinha"" Marco de Canaveses Portugal"
32058,EB1/JI de Rua Direita,Marco de Canaveses,Marco de Canaveses,Jardim de Infância,https://averdade.com/marco-eb1-ji-de-rua-direita-sobretamega-vai-dinamizar-umafeira-de-outono/,yes,word matched in path not domain — verify,"""EB1/JI de Rua Direita"" Marco de Canaveses Portugal"
32105,Escola Básica da Areia,Árvore,Vila do Conde,Jardim de Infância,not found,,,"""Escola Básica da Areia"" Árvore Portugal"
32125,"EB 1 com JI da Serrinha, Alpendorada",Alpendorada Matos,Marco de Canaveses,Jardim de Infância,not found,,,"""EB 1 com JI da Serrinha, Alpendorada"" Alpendorada Matos Portugal"
32126,Centro Escolar de Vila Boa do Bispo,Vila Boa do Bispo,Marco de Canaveses,Jardim de Infância,https://averdade.com/8314539214/marco-centro-escolar-de-vila-boa-do-bispo-testa-planos-de-emergencia-em-simulacro-de-incendio/,yes,word matched in path not domain — verify,"""Centro Escolar de Vila Boa do Bispo"" Vila Boa do Bispo Portugal"
32127,"EB 1 com JI da Quinta do Bairro, Várzea do Douro",Várzea do Douro Mcn,Marco de Canaveses,Jardim de Infância,not found,,,"""EB 1 com JI da Quinta do Bairro, Várzea do Douro"" Várzea do Douro Mcn Portugal"
32213,"Jardim de Infância da Estrada, Telões, Amarante",Telões Amt,Vila Pouca de Aguiar,Jardim de Infância,not found,,,"""Jardim de Infância da Estrada, Telões, Amarante"" Telões Amt Portugal"
32214,Jardim de Infância de Subacelo,Freixo de Baixo,Amarante,Jardim de Infância,not found,,,"""Jardim de Infância de Subacelo"" Freixo de Baixo Portugal"
32231,Escola Básica de Freixo de Cima,Freixo de Cima Amt,Amarante,Jardim de Infância,https://www.servicospublicos.pt/servico-publico/1144/escola-basica-acacio-lino--travanca--amarante,yes,word matched in path not domain — verify,"""Escola Básica de Freixo de Cima"" Freixo de Cima Amt Portugal"
32232,"Escola Básica de Igreja, Roço",Figueiró,Amarante,Jardim de Infância,not found,,,"""Escola Básica de Igreja, Roço"" Figueiró Portugal"
32233,"Escola Básica de Acácio Lino, Travanca, Amarante",Travanca Amt,Mogadouro,Jardim de Infância,not found,,,"""Escola Básica de Acácio Lino, Travanca, Amarante"" Travanca Amt Portugal"
32243,Escola Básica de Torreira,Fregim Amt,Amarante,Jardim de Infância,not found,,,"""Escola Básica de Torreira"" Fregim Amt Portugal"
32244,Escola Básica de Santa Comba,Amarante Vila Meã,Póvoa de Lanhoso,Jardim de Infância,https://escoladevidro.pt/lescolas/escola-basica-de-santa-comba-amarante/,yes,word matched in path not domain — verify,"""Escola Básica de Santa Comba"" Amarante Vila Meã Portugal"
32268,Jardim de Infância de Monte,Mouriz,Paredes,Jardim de Infância,https://escoladevidro.pt/lescolas/jardim-de-infancia-de-monte-mouriz-paredes/,yes,word matched in path not domain — verify,"""Jardim de Infância de Monte"" Mouriz Portugal"
32284,Jardim de Infância de Talhô,Gondalães,Paredes,Jardim de Infância,https://escoladevidro.pt/lescolas/jardim-de-infancia-de-talho-gondalaes-paredes/,yes,word matched in path not domain — verify,"""Jardim de Infância de Talhô"" Gondalães Portugal"
32289,Escola Básica de Covelo Moure,Moure Flg,Felgueiras,Jardim de Infância,not found,,,"""Escola Básica de Covelo Moure"" Moure Flg Portugal"
32296,EB de Cabeda,Alfena,Valongo,Jardim de Infância,not found,,,"""EB de Cabeda"" Alfena Portugal"
32297,EB do Lombelho,Alfena,Valongo,Jardim de Infância,not found,,,"""EB do Lombelho"" Alfena Portugal"
32317,EB/JI Falcão,Porto,Porto,Jardim de Infância,https://greenroofs.pt/pt/investigacao/camara-municipal-do-porto-my-building-is-green-escola-eb-ji-falcao,yes,word matched in path not domain — verify,"""EB/JI Falcão"" Porto Portugal"
32318,EB/JI Cerco,Porto,Porto,Jardim de Infância,not found,,,"""EB/JI Cerco"" Porto Portugal"
32319,EB/JI S. Roque,Porto,Porto,Jardim de Infância,not found,,,"""EB/JI S. Roque"" Porto Portugal"
32320,EB/JI Sra. Campanhã,Porto,Porto,Jardim de Infância,not found,,,"""EB/JI Sra. Campanhã"" Porto Portugal"
32333,Escola Básica de Montezelo - Fânzeres - Gondomar,Fânzeres,Gondomar,Jardim de Infância,not found,,,"""Escola Básica de Montezelo - Fânzeres - Gondomar"" Fânzeres Portugal"
32334,Escola Básica de Santa Eulália - Fânzeres - Gondomar,Fânzeres,Gondomar,Jardim de Infância,not found,,,"""Escola Básica de Santa Eulália - Fânzeres - Gondomar"" Fânzeres Portugal"
32336,EB/JI Corujeira,Porto,Porto,Jardim de Infância,not found,,,"""EB/JI Corujeira"" Porto Portugal"
32351,Jardim de Infância Pinheiro D Além,Valbom,Gondomar,Jardim de Infância,not found,,,"""Jardim de Infância Pinheiro D Além"" Valbom Portugal"
32405,Escola Básica Integrada da Barranha,Senhora da Hora,Matosinhos,Jardim de Infância,not found,,,"""Escola Básica Integrada da Barranha"" Senhora da Hora Portugal"
32409,Escola EB1/JI Vilar,Vilar Andorinho,Vila Nova de Gaia,Jardim de Infância,not found,,,"""Escola EB1/JI Vilar"" Vilar Andorinho Portugal"
32410,Escola EB1/JI Sardão,Oliveira do Douro,Vila Nova de Gaia,Jardim de Infância,not found,,,"""Escola EB1/JI Sardão"" Oliveira do Douro Portugal"
32411,Escola EB1/JI do Freixieiro,Oliveira do Douro,Vila Nova de Gaia,Jardim de Infância,not found,,,"""Escola EB1/JI do Freixieiro"" Oliveira do Douro Portugal"
32423,Escola EB1/JI Fernando Guedes,Avintes,Vila Nova de Gaia,Jardim de Infância,not found,,,"""Escola EB1/JI Fernando Guedes"" Avintes Portugal"
32448,Jardim de Infância de Laje,Parada de Todeia,Paredes,Jardim de Infância,not found,,,"""Jardim de Infância de Laje"" Parada de Todeia Portugal"
32449,Jardim de Infância de Astromil,Astromil,Paredes,Jardim de Infância,https://ecoescolas.abaae.pt/escola/jardim-de-infancia-de-astromil/,yes,word matched in path not domain — verify,"""Jardim de Infância de Astromil"" Astromil Portugal"
32456,Centro Escolar de Campo - EB1/JI,Nevogilde- Lousada,Lousada,Jardim de Infância,not found,,,"""Centro Escolar de Campo - EB1/JI"" Nevogilde- Lousada Portugal"
32464,Centro Escolar de Lodares - EB1/JI,Lodares- Lousada,Lousada,Jardim de Infância,not found,,,"""Centro Escolar de Lodares - EB1/JI"" Lodares- Lousada Portugal"
32466,Escola Básica com Jardim Infância Lagoas Nevogilde,Nevogilde Lousada,Lousada,Jardim de Infância,https://apoioperto.com/creches/lousada/,yes,word matched in path not domain — verify,"""Escola Básica com Jardim Infância Lagoas Nevogilde"" Nevogilde Lousada Portugal"
32467,Escola Básica de Boavista,Sernande,Felgueiras,Jardim de Infância,not found,,,"""Escola Básica de Boavista"" Sernande Portugal"
32468,JI Granja - Covas T,Covas-Lousada,Lousada,Jardim de Infância,not found,,,"""JI Granja - Covas T"" Covas-Lousada Portugal"
32470,Escola Básica de Paços,Revinhade,Felgueiras,Jardim de Infância,https://escoladevidro.pt/lescolas/escola-basica-de-pacos-felgueiras/,yes,word matched in path not domain — verify,"""Escola Básica de Paços"" Revinhade Portugal"
32471,Escola Básica de Salgueiros,Sousa,Felgueiras,Jardim de Infância,https://escoladevidro.pt/lescolas/escola-basica-de-salgueiros-felgueiras/,yes,word matched in path not domain — verify,"""Escola Básica de Salgueiros"" Sousa Portugal"
32543,Escola Básica de Irmãos Passos,Guifões,Matosinhos,Jardim de Infância,https://www.aeirmaospassos.pt/,,,"""Escola Básica de Irmãos Passos"" Guifões Portugal"
32583,Escola Básica de Moutidos,Águas Santas,Maia,Jardim de Infância,not found,,,"""Escola Básica de Moutidos"" Águas Santas Portugal"
32584,Escola Básica da Pícua,Águas Santas,Maia,Jardim de Infância,https://www.radiometropolitanaporto.pt/escola-da-picua-na-maia-reabre-com-melhorias-apos-investimento-de-130-mil-euros/,yes,word matched in path not domain — verify,"""Escola Básica da Pícua"" Águas Santas Portugal"
32603,Escola Básica de Estrada do Meio (Centro Escolar de Macieira),"Macieira, Lsd",Lousada,Jardim de Infância,not found,,,"""Escola Básica de Estrada do Meio (Centro Escolar de Macieira)"" Macieira, Lsd Portugal"
32606,Escola Básica de Telheiro (Centro Escolar de S. Miguel),Lousada (S. Miguel),Lousada,Jardim de Infância,not found,,,"""Escola Básica de Telheiro (Centro Escolar de S. Miguel)"" Lousada (S. Miguel) Portugal"
32625,EB de Carmo (Centro Escolar de Barrosas St.º Estêvão),Barrosas (Sto. Estêvão),Lousada,Jardim de Infância,not found,,,"""EB de Carmo (Centro Escolar de Barrosas St.º Estêvão)"" Barrosas (Sto. Estêvão) Portugal"
32626,Escola Básica de Sousela (Centro Escolar de Sousela),"Sousela, Lsd",Lousada,Jardim de Infância,not found,,,"""Escola Básica de Sousela (Centro Escolar de Sousela)"" Sousela, Lsd Portugal"
32691,Escola Básica de Torrados,Torrados,Felgueiras,Jardim de Infância,not found,,,"""Escola Básica de Torrados"" Torrados Portugal"
32694,EB Pinheiro,Pinheiro,Vieira do Minho,Jardim de Infância,https://www.aev-valbom.org/categoria/ji-eb1-pinheiro/,yes,word matched in path not domain — verify,"""EB Pinheiro"" Pinheiro Portugal"
32707,Escola Básica de Santa Luzia - Lagares,"Lagares, Felgueiras",Felgueiras,Jardim de Infância,not found,,,"""Escola Básica de Santa Luzia - Lagares"" Lagares, Felgueiras Portugal"
32708,Escola Básica de Ribeirinho - Penacova,"Penacova, Felgueiras",Penacova,Jardim de Infância,not found,,,"""Escola Básica de Ribeirinho - Penacova"" Penacova, Felgueiras Portugal"
32709,Escola Básica de Regilde,Regilde,Felgueiras,Jardim de Infância,https://www.radiovizela.pt/noticia-caminhada-solidaria-regilde-com-vida-foi-um-sucesso,yes,word matched in path not domain — verify,"""Escola Básica de Regilde"" Regilde Portugal"
32710,"Escola Básica do Cruzeiro, Vizela (S. Jorge)",Vizela (S.jorge),Felgueiras,Jardim de Infância,not found,,,"""Escola Básica do Cruzeiro, Vizela (S. Jorge)"" Vizela (S.jorge) Portugal"
32711,Escola Básica do Fontão,Friande,Felgueiras,Jardim de Infância,https://www.semanariofelgueiras.pt/2022/05/16/friande-escola-basica-do-fontao-ja-tem-associacao-de-pais/,yes,word matched in path not domain — verify,"""Escola Básica do Fontão"" Friande Portugal"
32715,Jardim de Infância de S. Domingos – Seroa,Seroa,Paços de Ferreira,Jardim de Infância,not found,,,"""Jardim de Infância de S. Domingos – Seroa"" Seroa Portugal"
32716,"Escola Básica Nº 2 de Lordelo, Paredes",Lordelo,Vila Real,Jardim de Infância,not found,,,"""Escola Básica Nº 2 de Lordelo, Paredes"" Lordelo Portugal"
32717,EB de Caramos,Caramos,Felgueiras,Jardim de Infância,not found,,,"""EB de Caramos"" Caramos Portugal"
33135,Escola Básica Nº 2 de Gueifães,Maia,Maia,Jardim de Infância,https://paginaseodisseias.blogspot.com/2014/05/escola-basica-n-2-de-gueifaes-maia.html,yes,word matched in path not domain — verify,"""Escola Básica Nº 2 de Gueifães"" Maia Portugal"
33161,Jardim de Infância do Outeiro (Escola Básica de Outeiro),Jovim,Gondomar,Jardim de Infância,not found,,,"""Jardim de Infância do Outeiro (Escola Básica de Outeiro)"" Jovim Portugal"
33162,"Jardim de Infância de Barroncal, Baião",Valadares,Vila Nova de Gaia,Jardim de Infância,https://escoladevidro.pt/lescolas/jardim-de-infancia-de-barroncal-baiao/,yes,word matched in path not domain — verify,"""Jardim de Infância de Barroncal, Baião"" Valadares Portugal"
33180,Jardim de Infância de Gens (Escola Básica de Gens),Gens-Foz do Sousa,Gondomar,Jardim de Infância,not found,,,"""Jardim de Infância de Gens (Escola Básica de Gens)"" Gens-Foz do Sousa Portugal"
33181,Escola Básica de Carvalhais,Gestaçô,Baião,Jardim de Infância,https://escoladevidro.pt/lescolas/escola-basica-de-carvalhais-gestaco-baiao/,yes,word matched in path not domain — verify,"""Escola Básica de Carvalhais"" Gestaçô Portugal"
33199,Escola Básica de Baltar,Baltar,Paredes,Jardim de Infância,https://ecoescolas.abaae.pt/escola/escola-basica-de-baltar/,yes,word matched in path not domain — verify,"""Escola Básica de Baltar"" Baltar Portugal"
33200,Escola Básica de S. Tomé,Paranhos,Seia,Jardim de Infância,not found,,,"""Escola Básica de S. Tomé"" Paranhos Portugal"
33201,Escola Básica dos Miosótis,Paranhos,Seia,Jardim de Infância,not found,,,"""Escola Básica dos Miosótis"" Paranhos Portugal"
33213,Escola Básica de Espinho,São Félix da Marinha,Vila Nova de Gaia,Jardim de Infância,https://www.schoolofthefuture.eu/en/school/escola-basica-de-espinho-e-ji,yes,word matched in path not domain — verify,"""Escola Básica de Espinho"" São Félix da Marinha Portugal"
33220,Escola Básica da Costa,Ermesinde,Valongo,Jardim de Infância,not found,,,"""Escola Básica da Costa"" Ermesinde Portugal"
33221,Escola Básica Montes da Costa,Ermesinde,Valongo,Jardim de Infância,not found,,,"""Escola Básica Montes da Costa"" Ermesinde Portugal"
33230,Escola Básica de Moinhos,São Félix da Marinha,Vila Nova de Gaia,Jardim de Infância,not found,,,"""Escola Básica de Moinhos"" São Félix da Marinha Portugal"
33277,Escola Básica de Monte das Cruzes,Milheirós,Maia,Jardim de Infância,https://www.noticiasmaia.com/eb-de-monte-das-cruzes-vai-ser-requalificada/,yes,word matched in path not domain — verify,"""Escola Básica de Monte das Cruzes"" Milheirós Portugal"
33278,Escola Básica de Monte Calvário,Nogueira da Maia,Maia,Jardim de Infância,not found,,,"""Escola Básica de Monte Calvário"" Nogueira da Maia Portugal"
33279,Escola Básica de Frejufe,Silva Escura,Maia,Jardim de Infância,not found,,,"""Escola Básica de Frejufe"" Silva Escura Portugal"
33311,Escola Básica de Caxinas,Vila do Conde,Vila do Conde,Jardim de Infância,not found,,,"""Escola Básica de Caxinas"" Vila do Conde Portugal"
33313,EB1/JI de Finzes,Trofa,Trofa,Jardim de Infância,https://edu-capeat1.webnode.pt/album/galeria-de-fotos-pagina-inicial/eb1-ji-escola-finzes-1-jpg/,yes,word matched in path not domain — verify,"""EB1/JI de Finzes"" Trofa Portugal"
33314,EB1/JI de Cedões,Trofa,Trofa,Jardim de Infância,not found,,,"""EB1/JI de Cedões"" Trofa Portugal"
33322,Escola Básica de Benguiados,Vila do Conde,Vila do Conde,Jardim de Infância,https://escoladevidro.pt/lescolas/escola-basica-de-benguiados-vila-do-conde/,yes,word matched in path not domain — verify,"""Escola Básica de Benguiados"" Vila do Conde Portugal"
33328,EB1/JI de Bairros,Trofa,Trofa,Jardim de Infância,https://50anos25abril.pt/agenda/bairros-trofa-mural-de-celebracao-dos-50-anos-do-25-de-abril/,yes,word matched in path not domain — verify,"""EB1/JI de Bairros"" Trofa Portugal"
33329,EB1/JI da Lagoa,Trofa,Trofa,Jardim de Infância,not found,,,"""EB1/JI da Lagoa"" Trofa Portugal"
33366,Escola Básica de Fijós,Sobrado,Póvoa de Lanhoso,Jardim de Infância,https://escoladevidro.pt/lescolas/escola-basica-de-fijos-sobrado-valongo/,yes,word matched in path not domain — verify,"""Escola Básica de Fijós"" Sobrado Portugal"
33367,Escola Básica da Balsa,Valongo,Póvoa de Lanhoso,Jardim de Infância,not found,,,"""Escola Básica da Balsa"" Valongo Portugal"
33384,Escola Básica de Irivo,Irivo,Penafiel,Jardim de Infância,https://escoladevidro.pt/lescolas/escola-basica-de-irivo-penafiel/,yes,word matched in path not domain — verify,"""Escola Básica de Irivo"" Irivo Portugal"
33385,Escola Básica de S. Lourenço,Paço de Sousa,Penafiel,Jardim de Infância,not found,,,"""Escola Básica de S. Lourenço"" Paço de Sousa Portugal"
33390,EB1/Jardim de Infância Quinta das Chás,V.n. Gaia,Vila Nova de Gaia,Jardim de Infância,not found,,,"""EB1/Jardim de Infância Quinta das Chás"" V.n. Gaia Portugal"
33391,Escola Básica de Pinheiro,Pinheiro Pnf,Penafiel,Jardim de Infância,https://escoladevidro.pt/lescolas/escola-basica-de-pinheiro-penafiel/,yes,word matched in path not domain — verify,"""Escola Básica de Pinheiro"" Pinheiro Pnf Portugal"
33400,EB1 / Jardim de Infância da Praia,V.n. Gaia,Vila Nova de Gaia,Jardim de Infância,not found,,,"""EB1 / Jardim de Infância da Praia"" V.n. Gaia Portugal"
33951,EB de Chouselas,Canidelo,Vila Nova de Gaia,Jardim de Infância,not found,,,"""EB de Chouselas"" Canidelo Portugal"
33952,Escola Básica Amorosa,Leça da Palmeira,Matosinhos,Jardim de Infância,not found,,,"""Escola Básica Amorosa"" Leça da Palmeira Portugal"
33953,Escola Básica Nogueira Pinto,Leça da Palmeira,Matosinhos,Jardim de Infância,https://emlista.pt/escolas-basicas/matosinhos-escola-basica-nogueira-pinto-leca-da-palmeira/10856,yes,word matched in path not domain — verify,"""Escola Básica Nogueira Pinto"" Leça da Palmeira Portugal"
33980,EB de Afurada de Baixo,Vila Nova de Gaia,Vila Nova de Gaia,Jardim de Infância,not found,,,"""EB de Afurada de Baixo"" Vila Nova de Gaia Portugal"
33981,EB de Afurada de Cima,Vila Nova de Gaia,Vila Nova de Gaia,Jardim de Infância,not found,,,"""EB de Afurada de Cima"" Vila Nova de Gaia Portugal"
33982,EB de Lavadores,Canidelo,Vila Nova de Gaia,Jardim de Infância,not found,,,"""EB de Lavadores"" Canidelo Portugal"
33983,EB de Meiral,Vila Nova de Gaia,Vila Nova de Gaia,Jardim de Infância,not found,,,"""EB de Meiral"" Vila Nova de Gaia Portugal"
33984,EB de Viso,Canidelo,Vila Nova de Gaia,Jardim de Infância,not found,,,"""EB de Viso"" Canidelo Portugal"
33989,"Escola Básica Viscondessa, Santa Cruz do Bispo, Matosinhos",Santa Cruz do Bispo,Santa Cruz,Jardim de Infância,https://emlista.pt/escolas-basicas/matosinhos-escola-basica-viscondessa-santa-cruz-do-bispo/10702,yes,word matched in path not domain — verify,"""Escola Básica Viscondessa, Santa Cruz do Bispo, Matosinhos"" Santa Cruz do Bispo Portugal"
33992,Escola Básica (C/ JI) de Cadavão,Vilar do Paraíso,Vila Nova de Gaia,Jardim de Infância,not found,,,"""Escola Básica (C/ JI) de Cadavão"" Vilar do Paraíso Portugal"
33993,Escola Básica (C/ JI) de Campolinho 1,Valadares,Vila Nova de Gaia,Jardim de Infância,not found,,,"""Escola Básica (C/ JI) de Campolinho 1"" Valadares Portugal"
33994,Escola Básica (C/ JI) de Campolinho 2,Valadares,Vila Nova de Gaia,Jardim de Infância,not found,,,"""Escola Básica (C/ JI) de Campolinho 2"" Valadares Portugal"
33995,Escola Básica (C/ JI) de Capela,Gulpilhares,Vila Nova de Gaia,Jardim de Infância,not found,,,"""Escola Básica (C/ JI) de Capela"" Gulpilhares Portugal"
33996,Escola Básica (C/ JI) de Junqueira,Vilar Paraíso,Vila Nova de Gaia,Jardim de Infância,not found,,,"""Escola Básica (C/ JI) de Junqueira"" Vilar Paraíso Portugal"
33997,Escola Básica (C/ JI) de Vila Chã,Valadares,Vila Nova de Gaia,Jardim de Infância,not found,,,"""Escola Básica (C/ JI) de Vila Chã"" Valadares Portugal"
33999,Escola Básica de Cabo-Maureles,Vila Boa de Quires e Maureles,Marco de Canaveses,Jardim de Infância,https://www.ae1marco.pt/contacto-do-agrupamento/escola-basica-de-cabo/,yes,word matched in path not domain — verify,"""Escola Básica de Cabo-Maureles"" Vila Boa de Quires e Maureles Portugal"
34015,Escola Básica (C/ JI) de Francelos,Gulpilhares,Vila Nova de Gaia,Jardim de Infância,not found,,,"""Escola Básica (C/ JI) de Francelos"" Gulpilhares Portugal"
34016,Escola Básica (C/ JI) de Lagos,Vilar do Paraíso,Vila Nova de Gaia,Jardim de Infância,not found,,,"""Escola Básica (C/ JI) de Lagos"" Vilar do Paraíso Portugal"
34035,Escola Básica de Vila Nova,Vila Boa de Quires,Marco de Canaveses,Jardim de Infância,https://www.ae1marco.pt/contacto-do-agrupamento/escola-basica-de-vila-nova/,yes,word matched in path not domain — verify,"""Escola Básica de Vila Nova"" Vila Boa de Quires Portugal"
34036,Escola Básica de Igreja,Vila Boa de Quires e Maureles,Marco de Canaveses,Jardim de Infância,https://www.ae1marco.pt/contacto-do-agrupamento/escola-basica-de-igreja-vbq/,yes,word matched in path not domain — verify,"""Escola Básica de Igreja"" Vila Boa de Quires e Maureles Portugal"
34037,Escola Básica de Peso Santo Isidoro,Santo Isidoro e Livração,Marco de Canaveses,Jardim de Infância,https://www.santoisidoroelivracao.pt/freguesia/redeescolar/2,,,"""Escola Básica de Peso Santo Isidoro"" Santo Isidoro e Livração Portugal"
34040,EB 1 com JI de Favões,Bem Viver (Favões),Marco de Canaveses,Jardim de Infância,https://apoioperto.com/creches/arouca/,yes,word matched in path not domain — verify,"""EB 1 com JI de Favões"" Bem Viver (Favões) Portugal"
34056,Escola Básica de Boelhe,Boelhe,Penafiel,Jardim de Infância,not found,,,"""Escola Básica de Boelhe"" Boelhe Portugal"
34057,Escola Básica de Rio de Moínhos,Rio de Moínhos,Sátão,Jardim de Infância,https://esposende-educa.pt/escola/escola-basica-de-rio-de-moinhos/,yes,word matched in path not domain — verify,"""Escola Básica de Rio de Moínhos"" Rio de Moínhos Portugal"
34058,Jardim de Infância de Vila Cova,Vila Cova,Penafiel,Jardim de Infância,https://abeiradouro.net/ji-de-vila-cova/,yes,word matched in path not domain — verify,"""Jardim de Infância de Vila Cova"" Vila Cova Portugal"
34075,Escola Básica de Peroselo,Peroselo,Penafiel,Jardim de Infância,https://escoladevidro.pt/lescolas/escola-basica-de-peroselo-penafiel/,yes,word matched in path not domain — verify,"""Escola Básica de Peroselo"" Peroselo Portugal"
34076,Escola Básica de Luzim,Luzim,Penafiel,Jardim de Infância,https://escoladevidro.pt/lescolas/escola-basica-de-luzim-penafiel/,yes,word matched in path not domain — verify,"""Escola Básica de Luzim"" Luzim Portugal"
34416,Jardim de Infância de Arnelas,Olival,Vila Nova de Gaia,Jardim de Infância,not found,,,"""Jardim de Infância de Arnelas"" Olival Portugal"
34417,Jardim de Infância de Painçais,Lever,Vila Nova de Gaia,Jardim de Infância,not found,,,"""Jardim de Infância de Painçais"" Lever Portugal"
34418,Jardim de Infância de Hortas,Lever,Vila Nova de Gaia,Jardim de Infância,not found,,,"""Jardim de Infância de Hortas"" Lever Portugal"
34419,Jardim de Infância de Sá,Sandim,Vila Nova de Gaia,Jardim de Infância,not found,,,"""Jardim de Infância de Sá"" Sandim Portugal"
34420,Jardim de Infância de Urbano Santos Moura,Crestuma,Vila Nova de Gaia,Jardim de Infância,not found,,,"""Jardim de Infância de Urbano Santos Moura"" Crestuma Portugal"
34421,Jardim de Infância de Igreja,Sandim,Vila Nova de Gaia,Jardim de Infância,not found,,,"""Jardim de Infância de Igreja"" Sandim Portugal"
34422,Jardim de Infância de Seixo-Alvo,Olival,Vila Nova de Gaia,Jardim de Infância,not found,,,"""Jardim de Infância de Seixo-Alvo"" Olival Portugal"
34435,Jardim de Infância de Gestosa,Sandim,Vila Nova de Gaia,Jardim de Infância,not found,,,"""Jardim de Infância de Gestosa"" Sandim Portugal"
34436,Jardim de Infância de Igreja e Lavadores,Olival,Vila Nova de Gaia,Jardim de Infância,not found,,,"""Jardim de Infância de Igreja e Lavadores"" Olival Portugal"
34437,Jardim de Infância de Portelinha,Lever,Vila Nova de Gaia,Jardim de Infância,https://ecoescolas.abaae.pt/escola/jardim-de-infancia-de-portelinha-no-1/,yes,word matched in path not domain — verify,"""Jardim de Infância de Portelinha"" Lever Portugal"
34515,Jardim de Infância de Pulgada,Aguiar de Sousa,Paredes,Jardim de Infância,https://escoladevidro.pt/lescolas/jardim-de-infancia-de-pulgada-aguiar-de-sousa-paredes/,yes,word matched in path not domain — verify,"""Jardim de Infância de Pulgada"" Aguiar de Sousa Portugal"
34516,JI de Mariz,Vilar de Andorinho,Vila Nova de Gaia,Jardim de Infância,not found,,,"""JI de Mariz"" Vilar de Andorinho Portugal"
34579,Escola Básica de Portela,Fridão,Amarante,Jardim de Infância,https://escoladevidro.pt/lescolas/escola-basica-de-portela-fridao-amarante/,yes,word matched in path not domain — verify,"""Escola Básica de Portela"" Fridão Portugal"
34580,Escola Básica do Marão,Várzea,Amarante,Jardim de Infância,https://www.directorioescolas.eu/escola/2219-escola-basica-do-marao-varzea-amarante/,yes,word matched in path not domain — verify,"""Escola Básica do Marão"" Várzea Portugal"
34597,Escola Básica de Salvador do Monte,Salvador,Vieira do Minho,Jardim de Infância,https://escoladevidro.pt/lescolas/escola-basica-de-salvador-do-monte-amarante/,yes,word matched in path not domain — verify,"""Escola Básica de Salvador do Monte"" Salvador Portugal"
34598,"Escola Básica de Barracão, S. Gonçalo",Amarante,Amarante,Jardim de Infância,not found,,,"""Escola Básica de Barracão, S. Gonçalo"" Amarante Portugal"
34599,Escola Básica N.º 2 de Amarante,Amarante,Amarante,Jardim de Infância,https://www.directorioescolas.eu/escola/2188-escola-basica-n-2-de-amarante/,yes,word matched in path not domain — verify,"""Escola Básica N.º 2 de Amarante"" Amarante Portugal"
34615,Escola Básica de Cristelos,,Lousada,Jardim de Infância,not found,,,"""Escola Básica de Cristelos"" Lousada Portugal"
34616,Escola Básica de Silvares,Lousada,Lousada,Jardim de Infância,https://ciberjornal.blog/2024/10/28/dia-da-biblioteca-escolareb-de-silvares/,yes,word matched in path not domain — verify,"""Escola Básica de Silvares"" Lousada Portugal"
34617,Escola Básica de Boim,,Lagos,Jardim de Infância,not found,,,"""Escola Básica de Boim"" Lagos Portugal"
34635,Escola Básica de Ordem,"Ordem, Lousada",Lousada,Jardim de Infância,not found,,,"""Escola Básica de Ordem"" Ordem, Lousada Portugal"
35366,Escola Básica do Covelo,Porto,Seia,Jardim de Infância,not found,,,"""Escola Básica do Covelo"" Porto Portugal"
35367,Escola Básica Costa Cabral,Porto,Seia,Jardim de Infância,not found,,,"""Escola Básica Costa Cabral"" Porto Portugal"
35368,Escola Básica de São José,Refojos de Riba de Ave,Santo Tirso,Jardim de Infância,https://escoladevidro.pt/lescolas/escola-basica-de-sao-jose-refojos-de-riba-de-ave-santo-tirso/,yes,word matched in path not domain — verify,"""Escola Básica de São José"" Refojos de Riba de Ave Portugal"
35369,Escola Básica de São José,Reguenga,Santo Tirso,Jardim de Infância,not found,,,"""Escola Básica de São José"" Reguenga Portugal"
35370,Escola Básica de Granja,Rates,Póvoa de Varzim,Jardim de Infância,https://escoladevidro.pt/lescolas/escola-basica-de-granja-rates-povoa-de-varzim/,yes,word matched in path not domain — verify,"""Escola Básica de Granja"" Rates Portugal"
35371,Jardim de Infância Dr. Luís Amaro de Oliveira,Póvoa de Varzim,Póvoa de Varzim,Jardim de Infância,https://moovitapp.com/index/pt/transportes_p%C3%BAblicos-Jardim_de_Inf%C3%A2ncia_Dr_Lu%C3%ADs_Amaro_de_Oliveira-Porto-site_262361358-1904,yes,word matched in path not domain — verify,"""Jardim de Infância Dr. Luís Amaro de Oliveira"" Póvoa de Varzim Portugal"
35372,Escola Básica de São Martinho,São Martinho do Campo,Santo Tirso,Jardim de Infância,https://aesmartinho.pt/wp-content/uploads/2023/12/Projeto-Educativo-2023-2026-1.pdf,,,"""Escola Básica de São Martinho"" São Martinho do Campo Portugal"
35373,Jardim de Infância de Fontela,Gondomar,Gondomar,Jardim de Infância,not found,,,"""Jardim de Infância de Fontela"" Gondomar Portugal"
35374,Jardim de Infância o Mineiro,S. Pedro Cova,Gondomar,Jardim de Infância,not found,,,"""Jardim de Infância o Mineiro"" S. Pedro Cova Portugal"
35375,Escola Básica de Campinhos,Santo Tirso- Agrela,Santo Tirso,Jardim de Infância,not found,,,"""Escola Básica de Campinhos"" Santo Tirso- Agrela Portugal"
35376,Escola Básica de Arcozelo,Água Longa,Santo Tirso,Jardim de Infância,https://escoladevidro.pt/lescolas/escola-basica-de-arcozelo-agua-longa-santo-tirso/,yes,word matched in path not domain — verify,"""Escola Básica de Arcozelo"" Água Longa Portugal"
35377,Escola Básica de Parada,Santo Tirso,Santo Tirso,Jardim de Infância,not found,,,"""Escola Básica de Parada"" Santo Tirso Portugal"
35378,Escola Básica de Igreja,Guimarei,Santo Tirso,Jardim de Infância,https://escoladevidro.pt/lescolas/escola-basica-de-igreja-guimarei-santo-tirso/,yes,word matched in path not domain — verify,"""Escola Básica de Igreja"" Guimarei Portugal"
35379,Escola Básica de Fontainhas,Balazar Pvz,Póvoa de Varzim,Jardim de Infância,https://www.servicospublicos.pt/servico-publico/3241/escola-basica-de-fontainhas--povoa-de-varzim,yes,word matched in path not domain — verify,"""Escola Básica de Fontainhas"" Balazar Pvz Portugal"
35381,Jardim de Infância de Sejães,Terroso,Póvoa de Varzim,Jardim de Infância,https://escoladevidro.pt/lescolas/jardim-de-infancia-de-sejaes-terroso-povoa-de-varzim/,yes,word matched in path not domain — verify,"""Jardim de Infância de Sejães"" Terroso Portugal"
35382,Escola Básica de Igreja,Beiriz,Póvoa de Varzim,Jardim de Infância,https://escoladevidro.pt/lescolas/escola-basica-de-igreja-beiriz-povoa-de-varzim/,yes,word matched in path not domain — verify,"""Escola Básica de Igreja"" Beiriz Portugal"
35383,Jardim de Infância dos Carregais,S. Cosme,Gondomar,Jardim de Infância,not found,,,"""Jardim de Infância dos Carregais"" S. Cosme Portugal"
35384,Escola Básica do Taralhão,Gondomar,Gondomar,Jardim de Infância,https://www.aejuliodinis.pt/arquivo/tag/escola-basica-do-taralhao,yes,word matched in path not domain — verify,"""Escola Básica do Taralhão"" Gondomar Portugal"
35385,Jardim de Infância de Vinhal,Vinhal-Gondomar,Gondomar,Jardim de Infância,https://escoladevidro.pt/lescolas/jardim-de-infancia-de-vinhal-gondomar/,yes,word matched in path not domain — verify,"""Jardim de Infância de Vinhal"" Vinhal-Gondomar Portugal"
35386,Escola Básica de Aguiar,Gondomar,Gondomar,Jardim de Infância,https://escoladevidro.pt/lescolas/escola-basica-de-aguiar-gondomar/,yes,word matched in path not domain — verify,"""Escola Básica de Aguiar"" Gondomar Portugal"
35387,Escola Básica do Castelo da Maia,Maia,Maia,Jardim de Infância,https://arquivo.aecastelomaia.pt/index.php?limitstart=410,,,"""Escola Básica do Castelo da Maia"" Maia Portugal"
35395,EB1 Vila Verde,S. Pedro da Cova,Gondomar,Jardim de Infância,https://agrupspc.pt/nota/429-articulacao-pre-1-ciclo-eb1-vila-verde-contruindo-pontes,yes,word matched in path not domain — verify,"""EB1 Vila Verde"" S. Pedro da Cova Portugal"
35396,EB1 Belo Horizonte,S. Pedro da Cova,Gondomar,Jardim de Infância,not found,,,"""EB1 Belo Horizonte"" S. Pedro da Cova Portugal"
35416,Eb1ji D. Manuel II,Vermoim,Maia,Jardim de Infância,not found,,,"""Eb1ji D. Manuel II"" Vermoim Portugal"
35417,Eb1ji Maia,Maia,Maia,Jardim de Infância,https://apoioperto.com/creches/maia/,yes,word matched in path not domain — verify,"""Eb1ji Maia"" Maia Portugal"
35419,Escola Básica de Milhundos,Milhundos,Penafiel,Jardim de Infância,https://escoladevidro.pt/lescolas/escola-basica-de-milhundos-penafiel/,yes,word matched in path not domain — verify,"""Escola Básica de Milhundos"" Milhundos Portugal"
35420,Escola Básica de São Martinho de Recezinhos,S. Martinho de Recesinhos,Penafiel,Jardim de Infância,https://www.servicospublicos.pt/servico-publico/2040/escola-basica-de-santa-marta--penafiel,yes,word matched in path not domain — verify,"""Escola Básica de São Martinho de Recezinhos"" S. Martinho de Recesinhos Portugal"
35421,Escola Básica de Santa Marta,Santa Marta,Penafiel,Jardim de Infância,https://ecoescolas.abaae.pt/escola/escola-basica-de-santa-marta-do-pinhal/,yes,word matched in path not domain — verify,"""Escola Básica de Santa Marta"" Santa Marta Portugal"
35423,"Escola Básica de Maninho, Madalena",Vila Nova de Gaia,Vila Nova de Gaia,Jardim de Infância,https://www.directorioescolas.eu/escola/2029-escola-basica-de-maninho-madalena-vila-nova-de-gaia/,yes,word matched in path not domain — verify,"""Escola Básica de Maninho, Madalena"" Vila Nova de Gaia Portugal"
35424,Escola Básica de Padrão,Fornelo,Alijó,Jardim de Infância,https://escoladevidro.pt/lescolas/escola-basica-de-padrao-vila-do-conde/,yes,word matched in path not domain — verify,"""Escola Básica de Padrão"" Fornelo Portugal"
35425,Escola Básica de Vairão,Vila do Conde,Alijó,Jardim de Infância,https://escoladevidro.pt/lescolas/escola-basica-de-vairao-vila-do-conde/,yes,word matched in path not domain — verify,"""Escola Básica de Vairão"" Vila do Conde Portugal"
35426,Escola Básica de Quinta,Fajozes,Vila do Conde,Jardim de Infância,https://escoladevidro.pt/lescolas/escola-basica-de-quinta-fajozes-vila-do-conde/,yes,word matched in path not domain — verify,"""Escola Básica de Quinta"" Fajozes Portugal"
35428,Escola Básica de Macieira,Macieira da Mata,Vila do Conde,Jardim de Infância,https://escoladevidro.pt/lescolas/escola-basica-de-macieira-macieira-da-mata-vila-do-conde/,yes,word matched in path not domain — verify,"""Escola Básica de Macieira"" Macieira da Mata Portugal"
35429,Jardim de Infância de Laborim,Vila Nova de Gaia,Vila Nova de Gaia,Jardim de Infância,https://escoladevidro.pt/lescolas/jardim-de-infancia-de-laborim-mafamude-vila-nova-de-gaia/,yes,word matched in path not domain — verify,"""Jardim de Infância de Laborim"" Vila Nova de Gaia Portugal"
35430,Jardim de Infância do Cedro,Vila Nova de Gaia,Vila Nova de Gaia,Jardim de Infância,https://escoladevidro.pt/lescolas/jardim-de-infancia-do-cedro-vila-nova-de-gaia/,yes,word matched in path not domain — verify,"""Jardim de Infância do Cedro"" Vila Nova de Gaia Portugal"
35435,Eb1ji de Currais,Currais,Maia,Jardim de Infância,not found,,,"""Eb1ji de Currais"" Currais Portugal"
35436,Eb1ji Cidade Jardim,Vermoim,Maia,Jardim de Infância,not found,,,"""Eb1ji Cidade Jardim"" Vermoim Portugal"
35439,Escola Básica de Matosinhos,Matosinhos,Matosinhos,Jardim de Infância,https://aematosinhos.pt/,,,"""Escola Básica de Matosinhos"" Matosinhos Portugal"
35441,Escola Básica Florbela Espanca,Matosinhos,Matosinhos,Jardim de Infância,https://escoladevidro.pt/lescolas/escola-basica-florbela-espanca-matosinhos/,yes,word matched in path not domain — verify,"""Escola Básica Florbela Espanca"" Matosinhos Portugal"
35442,Escola Básica de S. Mamede de Recesinhos,São Mamede Recezinhos,Penafiel,Jardim de Infância,not found,,,"""Escola Básica de S. Mamede de Recesinhos"" São Mamede Recezinhos Portugal"
35443,Escola Básica de Marmoiral,Vila Nova de Gaia,Vila Nova de Gaia,Jardim de Infância,https://escoladevidro.pt/lescolas/escola-basica-de-marmoiral-vila-nova-de-gaia/,yes,word matched in path not domain — verify,"""Escola Básica de Marmoiral"" Vila Nova de Gaia Portugal"
35444,Jardim de Infância de Quinta do Vale,Vila Nova de Gaia,Vila Nova de Gaia,Jardim de Infância,not found,,,"""Jardim de Infância de Quinta do Vale"" Vila Nova de Gaia Portugal"
35445,Escola Básica de Gião de Cima,Gião Vcd Vila do Conde,Vila do Conde,Jardim de Infância,https://escoladevidro.pt/lescolas/escola-basica-de-giao-de-cima-vila-do-conde/,yes,word matched in path not domain — verify,"""Escola Básica de Gião de Cima"" Gião Vcd Vila do Conde Portugal"
35446,Jardim de Infância de São Lázaro,Guilhabreu,Vila do Conde,Jardim de Infância,https://escoladevidro.pt/lescolas/jardim-de-infancia-de-sao-lazaro-vila-do-conde/,yes,word matched in path not domain — verify,"""Jardim de Infância de São Lázaro"" Guilhabreu Portugal"
35447,Escola Básica de Susão,Valongo,Valongo,Jardim de Infância,https://escoladevidro.pt/lescolas/escola-basica-de-susao-valongo/,yes,word matched in path not domain — verify,"""Escola Básica de Susão"" Valongo Portugal"
35448,Escola Básica de Ilha,Valongo,Valongo,Jardim de Infância,https://www.municipiosefreguesias.pt/entidade/8866/escola-basica-de-ilha,yes,word matched in path not domain — verify,"""Escola Básica de Ilha"" Valongo Portugal"
35449,Jardim de Infância de Santegãos,Rio Tinto,Gondomar,Jardim de Infância,https://www.servicospublicos.pt/servico-publico/2280/jardim-de-infancia-de-santegaos--gondomar,yes,word matched in path not domain — verify,"""Jardim de Infância de Santegãos"" Rio Tinto Portugal"
35450,Escola Básica de Boucinha,Rio Tinto,Gondomar,Jardim de Infância,https://escoladevidro.pt/lescolas/escola-basica-de-boucinha-gondomar/,yes,word matched in path not domain — verify,"""Escola Básica de Boucinha"" Rio Tinto Portugal"
35451,Escola Básica N.º 2 de Pedrouços,Maia,Maia,Jardim de Infância,https://www.directorioescolas.eu/escola/1289-escola-basica-n-2-de-pedroucos-maia/,yes,word matched in path not domain — verify,"""Escola Básica N.º 2 de Pedrouços"" Maia Portugal"
35452,Escola Básica de Giesta,Maia,Maia,Jardim de Infância,https://escoladevidro.pt/lescolas/escola-basica-de-giesta-pedroucos-maia/,yes,word matched in path not domain — verify,"""Escola Básica de Giesta"" Maia Portugal"
35453,Escola Básica de Paço,Maia,Maia,Jardim de Infância,https://www.directorioescolas.eu/escola/1276-escola-basica-de-paco-maia/,yes,word matched in path not domain — verify,"""Escola Básica de Paço"" Maia Portugal"
35454,Escola Básica de Azenha,Campo Vlg,Póvoa de Lanhoso,Jardim de Infância,not found,,,"""Escola Básica de Azenha"" Campo Vlg Portugal"
35455,Escola Básica de Balselhas,Campo Vlg,Póvoa de Lanhoso,Jardim de Infância,https://escoladevidro.pt/lescolas/escola-basica-de-balselhas-valongo/,yes,word matched in path not domain — verify,"""Escola Básica de Balselhas"" Campo Vlg Portugal"
35456,Escola Básica de Outeiro,Campo Vlg,Póvoa de Lanhoso,Jardim de Infância,not found,,,"""Escola Básica de Outeiro"" Campo Vlg Portugal"
35457,Escola Básica de Retorta,Campo Vlg,Póvoa de Lanhoso,Jardim de Infância,https://www.municipiosefreguesias.pt/entidade/3319/escola-basica-de-retorta,yes,word matched in path not domain — verify,"""Escola Básica de Retorta"" Campo Vlg Portugal"
35458,Escola Básica de Moirais,Campo Vlg,Póvoa de Lanhoso,Jardim de Infância,https://aecampo.eu/escolas/eb1-ji-de-moirais/,yes,word matched in path not domain — verify,"""Escola Básica de Moirais"" Campo Vlg Portugal"
35465,Escola Básica da Vilarinha,Porto,Porto,Jardim de Infância,https://www.avmanoeloliveira.pt/pages/as-nossas-escolas-vilarinha/,yes,word matched in path not domain — verify,"""Escola Básica da Vilarinha"" Porto Portugal"
35466,Escola Básica da Fonte da Moura,Porto,Porto,Jardim de Infância,https://www.directorioescolas.eu/escola/1548-escola-basica-da-fonte-da-moura-porto/,yes,word matched in path not domain — verify,"""Escola Básica da Fonte da Moura"" Porto Portugal"
35468,Escola Básica da Pasteleira,Porto,Porto,Jardim de Infância,https://escoladevidro.pt/lescolas/escola-basica-da-pasteleira-porto/,yes,word matched in path not domain — verify,"""Escola Básica da Pasteleira"" Porto Portugal"
35469,Escola Básica das Condominhas,Porto,Porto,Jardim de Infância,not found,,,"""Escola Básica das Condominhas"" Porto Portugal"
35471,Escola Básica da Praia de Angeiras,Lavra,Santa Cruz,Jardim de Infância,https://escoladevidro.pt/lescolas/escola-basica-da-praia-de-angeiras-matosinhos/,yes,word matched in path not domain — verify,"""Escola Básica da Praia de Angeiras"" Lavra Portugal"
35472,Escola Básica das Campinas,Porto,Porto,Jardim de Infância,https://www.directorioescolas.eu/escola/1542-escola-basica-das-campinas-porto/,yes,word matched in path not domain — verify,"""Escola Básica das Campinas"" Porto Portugal"
35473,Escola Básica de Crestins,Maia,Monção,Jardim de Infância,https://www.servicospublicos.pt/servico-publico/2555/escola-basica-de-crestins--maia,yes,word matched in path not domain — verify,"""Escola Básica de Crestins"" Maia Portugal"
35474,Escola Básica de Pedras Rubras,Maia,Monção,Jardim de Infância,not found,,,"""Escola Básica de Pedras Rubras"" Maia Portugal"
35475,Escola Básica de Cabanelas,Lavra,Santa Cruz,Jardim de Infância,https://ecoescolas.abaae.pt/escola/escola-basica-de-cabanelas/,yes,word matched in path not domain — verify,"""Escola Básica de Cabanelas"" Lavra Portugal"
35476,Escola Básica de Agudela,Lavra,Santa Cruz,Jardim de Infância,https://www.aladi.pt/pt/artigo/primavera-na-escola-de-agudela-une-geracoes-em-desfile-inclusivo,yes,word matched in path not domain — verify,"""Escola Básica de Agudela"" Lavra Portugal"
35477,Escola Básica de Caíde de Rei,Caíde de Rei,Lousada,Jardim de Infância,http://www.eb23caiderei.pt/site/?page_id=211,,,"""Escola Básica de Caíde de Rei"" Caíde de Rei Portugal"
35479,Escola Básica N.º 1 de Cruzeiro,Cernadelo,Lousada,Jardim de Infância,https://escoladevidro.pt/lescolas/escola-basica-n-o-1-de-cruzeiro-lousada/,yes,word matched in path not domain — verify,"""Escola Básica N.º 1 de Cruzeiro"" Cernadelo Portugal"
35480,Escola Básica de Meinedo,Meinedo,Lousada,Jardim de Infância,http://ebmeinedo.blogspot.com/,,,"""Escola Básica de Meinedo"" Meinedo Portugal"
35481,Escola Básica da Guarda,Maia,Monção,Jardim de Infância,https://escoladevidro.pt/lescolas/escola-basica-da-guarda-moreira-maia/,yes,word matched in path not domain — verify,"""Escola Básica da Guarda"" Maia Portugal"
35482,Escola Básica de Branzelo,Melres,Gondomar,Jardim de Infância,https://abeiradouro.net/eb-de-branzelo/,yes,word matched in path not domain — verify,"""Escola Básica de Branzelo"" Melres Portugal"
35484,Escola Básica da Torrinha,Porto,Porto,Jardim de Infância,https://escoladevidro.pt/lescolas/escola-basica-da-torrinha-porto/,yes,word matched in path not domain — verify,"""Escola Básica da Torrinha"" Porto Portugal"
35485,Escola Básica de Carlos Alberto,Porto,Porto,Jardim de Infância,https://www.directorioescolas.eu/escola/1499-escola-basica-de-carlos-alberto-vitoria-porto/,yes,word matched in path not domain — verify,"""Escola Básica de Carlos Alberto"" Porto Portugal"
35486,Escola Básica do Monte Aventino,Porto,Porto,Jardim de Infância,http://www.ae-anobre.pt/images/Manuais_Escolares_EBMonte_Aventino_2018-2019.pdf,yes,word matched in path not domain — verify,"""Escola Básica do Monte Aventino"" Porto Portugal"
35487,Escola Básica de Igreja Velha,São Mamede de Infesta,Matosinhos,Jardim de Infância,not found,,,"""Escola Básica de Igreja Velha"" São Mamede de Infesta Portugal"
35488,Escola Básica Padre Manuel Castro,São Mamede de Infesta,Matosinhos,Jardim de Infância,https://escoladevidro.pt/lescolas/escola-basica-padre-manuel-castro-sao-mamede-de-infesta-matosinhos/,yes,word matched in path not domain — verify,"""Escola Básica Padre Manuel Castro"" São Mamede de Infesta Portugal"
35489,Escola Básica de Ermida,São Mamede de Infesta,Matosinhos,Jardim de Infância,https://escoladevidro.pt/lescolas/escola-basica-de-ermida-sao-mamede-de-infesta-matosinhos/,yes,word matched in path not domain — verify,"""Escola Básica de Ermida"" São Mamede de Infesta Portugal"
35490,Jardim de Infância de Ponte,Novelas,Penafiel,Jardim de Infância,not found,,,"""Jardim de Infância de Ponte"" Novelas Portugal"
35491,Centro Escolar de Duas Igrejas,Duas Igrejas Pnf,Penafiel,Jardim de Infância,https://www.verdadeiroolhar.pt/criancas-seniores-partilharam-historias-duas-igrejas-lordelo-sobrosa/,yes,word matched in path not domain — verify,"""Centro Escolar de Duas Igrejas"" Duas Igrejas Pnf Portugal"
35492,Escola Básica de Sampaio,Ermesinde,Valongo,Jardim de Infância,https://escoladevidro.pt/lescolas/escola-basica-de-sampaio-ermesinde-valongo/,yes,word matched in path not domain — verify,"""Escola Básica de Sampaio"" Ermesinde Portugal"
35493,Escola Básica de Gandra,Valongo,Valongo,Jardim de Infância,https://ecoescolas.abaae.pt/escola/escola-basica-de-gandra/,yes,word matched in path not domain — verify,"""Escola Básica de Gandra"" Valongo Portugal"
35494,Escola Básica de São Miguel de Nevogilde,Nevogilde,Porto,Jardim de Infância,https://escoladevidro.pt/lescolas/escola-basica-de-sao-miguel-de-nevogilde-porto/,yes,word matched in path not domain — verify,"""Escola Básica de São Miguel de Nevogilde"" Nevogilde Portugal"
35495,Escola Básica Lidador,Maia,Maia,Jardim de Infância,not found,,,"""Escola Básica Lidador"" Maia Portugal"
35496,Escola Básica de Prozela,Maia,Maia,Jardim de Infância,https://escoladevidro.pt/lescolas/escola-basica-de-prozela-maia/,yes,word matched in path not domain — verify,"""Escola Básica de Prozela"" Maia Portugal"
35497,Escola Básica de Cimo de Vila,Melres,Gondomar,Jardim de Infância,https://escoladevidro.pt/lescolas/escola-basica-de-cimo-de-vila-gondomar/,yes,word matched in path not domain — verify,"""Escola Básica de Cimo de Vila"" Melres Portugal"
35498,Escola Básica de Zebreiros,Foz do Sousa,Gondomar,Jardim de Infância,error:400,,,"""Escola Básica de Zebreiros"" Foz do Sousa Portugal"
35500,Escola Básica de São João de Deus,Porto,Porto,Jardim de Infância,error:400,,,"""Escola Básica de São João de Deus"" Porto Portugal"
35501,Escola Básica do Bom Sucesso,Porto,Porto,Jardim de Infância,error:400,,,"""Escola Básica do Bom Sucesso"" Porto Portugal"
35502,"Escola Básica de Amieira, Senhora da Hora",São Mamede de Infesta,Matosinhos,Jardim de Infância,error:400,,,"""Escola Básica de Amieira, Senhora da Hora"" São Mamede de Infesta Portugal"
35503,Escola Básica de Gondivai,Leça do Balio,Matosinhos,Jardim de Infância,not found,,,"""Escola Básica de Gondivai"" Leça do Balio Portugal"
35505,Escola Básica N.º 1 de Eiriz,Eiriz,Paços de Ferreira,Jardim de Infância,error:400,,,"""Escola Básica N.º 1 de Eiriz"" Eiriz Portugal"
35506,Escola Básica de Bela,Ermesinde,Valongo,Jardim de Infância,error:400,,,"""Escola Básica de Bela"" Ermesinde Portugal"
35507,Escola Básica Paulo da Gama,Porto,Porto,Jardim de Infância,https://aegarciadeorta.pt/escola-basica-paulo-da-gama-2/,yes,word matched in path not domain — verify,"""Escola Básica Paulo da Gama"" Porto Portugal"
35508,Escola Básica da Constituição,Porto,Porto,Jardim de Infância,not found,,,"""Escola Básica da Constituição"" Porto Portugal"
35509,Escola Básica Padre Américo,Ramalde,Porto,Jardim de Infância,https://emlista.pt/escolas-basicas/porto-escola-basica-padre-americo-ramalde/10743,yes,word matched in path not domain — verify,"""Escola Básica Padre Américo"" Ramalde Portugal"
35510,Jardim de Infância das Fontaínhas,Aves,Santo Tirso,Jardim de Infância,error:400,,,"""Jardim de Infância das Fontaínhas"" Aves Portugal"
35511,Escola Básica de Bom Nome,Aves,Santo Tirso,Jardim de Infância,error:400,,,"""Escola Básica de Bom Nome"" Aves Portugal"
35515,Escola Básica da Fontinha,Porto,Porto,Jardim de Infância,error:400,,,"""Escola Básica da Fontinha"" Porto Portugal"
35516,Escola Básica Fernão de Magalhães,Porto,Porto,Jardim de Infância,https://ecoescolas.abaae.pt/escola/escola-basica-fernao-de-magalhaes/,yes,word matched in path not domain — verify,"""Escola Básica Fernão de Magalhães"" Porto Portugal"
35517,Escola Básica de Castelos,Ramalde,Porto,Jardim de Infância,error:400,,,"""Escola Básica de Castelos"" Ramalde Portugal"
35518,Escola Básica de Caramila,Paranhos,Seia,Jardim de Infância,not found,,,"""Escola Básica de Caramila"" Paranhos Portugal"
35519,Escola Básica da Lomba,Porto,Porto,Jardim de Infância,error:400,,,"""Escola Básica da Lomba"" Porto Portugal"
36275,"Escola Básica de Areal, Couto-São Miguel",São Miguel do Couto,Santo Tirso,Jardim de Infância,error:400,,,"""Escola Básica de Areal, Couto-São Miguel"" São Miguel do Couto Portugal"
36276,Escola Básica de Igreja,Lama,Santo Tirso,Jardim de Infância,error:400,,,"""Escola Básica de Igreja"" Lama Portugal"
36277,"Escola Básica de Merouços, Santa Cristina do Couto",Santa Cristina Couto,Santo Tirso,Jardim de Infância,error:400,,,"""Escola Básica de Merouços, Santa Cristina do Couto"" Santa Cristina Couto Portugal"
36278,Escola Básica de Quintão,Palmeira,Santo Tirso,Jardim de Infância,error:400,,,"""Escola Básica de Quintão"" Palmeira Portugal"
36279,Escola Básica de Sequeirô,Sequeiró,Santo Tirso,Jardim de Infância,error:400,,,"""Escola Básica de Sequeirô"" Sequeiró Portugal"
36335,Jardim de Infância de Brito,São Félix da Marinha,Vila Nova de Gaia,Jardim de Infância,https://www.servicospublicos.pt/servico-publico/1023/jardim-de-infancia-de-brito--sao-felix-da-marinha--vila-nova-de-gaia,yes,word matched in path not domain — verify,"""Jardim de Infância de Brito"" São Félix da Marinha Portugal"
36434,Escola Básica Nº1 de Eiriz - Baião,Ancede,Baião,Jardim de Infância,error:400,,,"""Escola Básica Nº1 de Eiriz - Baião"" Ancede Portugal"
36935,Jardim de Infância do Outeiro,Serzedo,Vila Nova de Gaia,Jardim de Infância,error:400,,,"""Jardim de Infância do Outeiro"" Serzedo Portugal"
36952,Escola Básica Júlio Saúl Dias,Vila do Conde,Vila do Conde,Jardim de Infância,error:400,,,"""Escola Básica Júlio Saúl Dias"" Vila do Conde Portugal"
36964,"Escola Básica de Murraceses, Grijó Vila Nova de Gaia",Grijó Vng,Vila Nova de Gaia,Jardim de Infância,error:400,,,"""Escola Básica de Murraceses, Grijó Vila Nova de Gaia"" Grijó Vng Portugal"
37131,Escola Básica de Navais,Navais,Almeida,Jardim de Infância,error:400,,,"""Escola Básica de Navais"" Navais Portugal"
37132,Escola Básica de Teso,Estela,Póvoa de Varzim,Jardim de Infância,error:400,,,"""Escola Básica de Teso"" Estela Portugal"
37133,Escola Básica de Agro Velho,Aver-O-Mar,Póvoa de Varzim,Jardim de Infância,error:400,,,"""Escola Básica de Agro Velho"" Aver-O-Mar Portugal"
37134,Escola Básica dos Carvalhos,Carvalhos,Vila Nova de Gaia,Jardim de Infância,error:400,,,"""Escola Básica dos Carvalhos"" Carvalhos Portugal"
37135,Escola Básica de Alheiras,Pedroso,Vila Nova de Gaia,Jardim de Infância,error:400,,,"""Escola Básica de Alheiras"" Pedroso Portugal"
37136,Escola Básica de Leirós,Pedroso,Vila Nova de Gaia,Jardim de Infância,error:400,,,"""Escola Básica de Leirós"" Pedroso Portugal"
37215,EB1/JI Lagarteira,Canelas,Vila Nova de Gaia,Jardim de Infância,error:400,,,"""EB1/JI Lagarteira"" Canelas Portugal"
37315,Escola Básica de Aldeia,Aguçadoura,Almeida,Jardim de Infância,error:400,,,"""Escola Básica de Aldeia"" Aguçadoura Portugal"
37336,Escola Básica do Passal,S Pedro da Cova,Gondomar,Jardim de Infância,error:400,,,"""Escola Básica do Passal"" S Pedro da Cova Portugal"
37591,Escola Básica de São João da Foz,Porto,Porto,Jardim de Infância,error:400,,,"""Escola Básica de São João da Foz"" Porto Portugal"
37646,"Escola Básica de Igreja, Malta, Vila do Conde",Malta,Amarante,Jardim de Infância,https://www.servicospublicos.pt/servico-publico/1374/escola-basica-de-igreja--malta--vila-do-conde,yes,word matched in path not domain — verify,"""Escola Básica de Igreja, Malta, Vila do Conde"" Malta Portugal"
37648,Escola Básica de Figueiredo,Pedroso,Vila Nova de Gaia,Jardim de Infância,error:400,,,"""Escola Básica de Figueiredo"" Pedroso Portugal"
37649,Escola Básica de Mexedinho,Pedroso,Vila Nova de Gaia,Jardim de Infância,error:400,,,"""Escola Básica de Mexedinho"" Pedroso Portugal"
37650,Escola Básica de Senhora do Monte,Pedroso,Vila Nova de Gaia,Jardim de Infância,error:400,,,"""Escola Básica de Senhora do Monte"" Pedroso Portugal"
37651,Escola Básica Augusto Lessa,Porto,Seia,Jardim de Infância,error:400,,,"""Escola Básica Augusto Lessa"" Porto Portugal"
37653,Escola Básica de Boavista,Valongo,Valongo,Jardim de Infância,error:400,,,"""Escola Básica de Boavista"" Valongo Portugal"
37767,Escola Básica N.º 1 de Santo Tirso,Santo Tirso,Santo Tirso,Jardim de Infância,error:400,,,"""Escola Básica N.º 1 de Santo Tirso"" Santo Tirso Portugal"
37973,Creche e Jardim de Infância o Gonzo - Alfena,Valongo,Valongo,Jardim de Infância,error:400,,,"""Creche e Jardim de Infância o Gonzo - Alfena"" Valongo Portugal"
38252,Escola Básica de Santão,Santão,Felgueiras,Jardim de Infância,error:400,,,"""Escola Básica de Santão"" Santão Portugal"
38253,Escola Básica de Alto de Soutelo,Fanzeres,Gondomar,Jardim de Infância,error:400,,,"""Escola Básica de Alto de Soutelo"" Fanzeres Portugal"
38254,Escola Básica N.º 2 de São Caetano,Rio Tinto,Gondomar,Jardim de Infância,error:400,,,"""Escola Básica N.º 2 de São Caetano"" Rio Tinto Portugal"
38255,Escola Básica de Bustelo,Convento,Penafiel,Jardim de Infância,error:400,,,"""Escola Básica de Bustelo"" Convento Portugal"
38298,Projeto Scholé,Matosinhos,Matosinhos,Jardim de Infância,error:400,,,"""Projeto Scholé"" Matosinhos Portugal"
38322,"Escolinha da Campainha, Cooperativa de Solidariedade Social, CRL",Rio Tinto,Gondomar,Jardim de Infância,error:400,,,"""Escolinha da Campainha, Cooperativa de Solidariedade Social, CRL"" Rio Tinto Portugal"
38323,O Mundo Pula,Maia,Maia,Jardim de Infância,error:400,,,"""O Mundo Pula"" Maia Portugal"
38750,Escola Básica do Curvadelo,Serzedo,Vila Nova de Gaia,Jardim de Infância,error:400,,,"""Escola Básica do Curvadelo"" Serzedo Portugal"
39189,"Jardim de Infância de Areja, Lomba - Gondomar",Lomba,Gondomar,Jardim de Infância,error:400,,,"""Jardim de Infância de Areja, Lomba - Gondomar"" Lomba Portugal"
39231,Escola Básica de S. Nicolau,Porto,Porto,Jardim de Infância,error:400,,,"""Escola Básica de S. Nicolau"" Porto Portugal"
414,Centro Social Paroquial de Freixianda,Freixianda,Ourém,Creche,error:400,,,"""Centro Social Paroquial de Freixianda"" Freixianda Portugal"
416,Equip. Soc. Centro Social Paroquial São João Baptista,Espite,Ourém,Creche,error:400,,,"""Equip. Soc. Centro Social Paroquial São João Baptista"" Espite Portugal"
428,Área Infantil Centro Assistência Social Tomar,Tomar,Tomar,Creche e Jardim de Infância,not found,,,"""Área Infantil Centro Assistência Social Tomar"" Tomar Portugal"
448,Jardim Infância do Centro Social Paroquial de Vale das Mós,Vale das Mós,Abrantes,Creche e Jardim de Infância,error:400,,,"""Jardim Infância do Centro Social Paroquial de Vale das Mós"" Vale das Mós Portugal"
468,Jardim de Infância Centro Social de Alferrarede,Abrantes,Abrantes,Creche e Jardim de Infância,error:400,,,"""Jardim de Infância Centro Social de Alferrarede"" Abrantes Portugal"
470,Lar de Idosos Santa Casa da Misericórdia da Barquinha,Vila Nova da Barquinha,Vila Nova da Barquinha,Creche,error:400,,,"""Lar de Idosos Santa Casa da Misericórdia da Barquinha"" Vila Nova da Barquinha Portugal"
471,"Jardim de Infância ""O Coelhinho""",Chamusca,Chamusca,Creche,error:400,,,"""Jardim de Infância ""O Coelhinho"""" Chamusca Portugal"
493,Creche e Jardim de Infância Centro Bem Estar Social da Zona Alta,Torres Novas,Torres Novas,Creche e Jardim de Infância,error:400,,,"""Creche e Jardim de Infância Centro Bem Estar Social da Zona Alta"" Torres Novas Portugal"
496,Creche Centro Social Paroquial Nossa Senhora de Oliveira do Tramagal,Tramagal,Abrantes,Creche,error:400,,,"""Creche Centro Social Paroquial Nossa Senhora de Oliveira do Tramagal"" Tramagal Portugal"
499,Centro Social Paroquial de Golegã,Golegã,Golegã,Creche e Jardim de Infância,error:400,,,"""Centro Social Paroquial de Golegã"" Golegã Portugal"
501,Jardim Infantil de Riachos,Riachos,Torres Novas,Creche e Jardim de Infância,error:400,,,"""Jardim Infantil de Riachos"" Riachos Portugal"
511,"Sede, Creche, Pré - Escolar, Serviço de Apoio Domiciliário",Abrantes,Abrantes,Creche e Jardim de Infância,error:400,,,"""Sede, Creche, Pré - Escolar, Serviço de Apoio Domiciliário"" Abrantes Portugal"
515,Unidade do Padre Manuel Francisco Borges Centro Social Interparoquial de Santarém,Santarém,Santarém,Creche e Jardim de Infância,error:400,,,"""Unidade do Padre Manuel Francisco Borges Centro Social Interparoquial de Santarém"" Santarém Portugal"
517,Unidade de São Domingos Centro Social Interparoquial de Santarém,Santarém,Santarém,Creche e Jardim de Infância,error:400,,,"""Unidade de São Domingos Centro Social Interparoquial de Santarém"" Santarém Portugal"
527,Creche e Jardim de Infância - Centro Educativo e de Solidariedade Social Ezn da Fonte Boa,Vale de Santarém,Santarém,Creche e Jardim de Infância,error:400,,,"""Creche e Jardim de Infância - Centro Educativo e de Solidariedade Social Ezn da Fonte Boa"" Vale de Santarém Portugal"
530,Infantário Associação de Apoio às Famílias de Fazendas de Almeirim,Almeirim,Almeirim,Creche e Jardim de Infância,error:400,,,"""Infantário Associação de Apoio às Famílias de Fazendas de Almeirim"" Almeirim Portugal"
538,Creche Centro Social Paroquial da Ereira,Cartaxo,Cartaxo,Creche e Jardim de Infância,error:400,,,"""Creche Centro Social Paroquial da Ereira"" Cartaxo Portugal"
550,Centro Paroquial de Bem Estar Social de Almeirim,Almeirim,Almeirim,Creche e Jardim de Infância,error:400,,,"""Centro Paroquial de Bem Estar Social de Almeirim"" Almeirim Portugal"
564,Centro Materno Infantil e Cultural do Couço,Couço,Coruche,Creche,error:400,,,"""Centro Materno Infantil e Cultural do Couço"" Couço Portugal"
565,Creche Centro de Bem Estar Social de Minde para Crianças,Minde,Alcanena,Creche e Jardim de Infância,error:400,,,"""Creche Centro de Bem Estar Social de Minde para Crianças"" Minde Portugal"
572,Jardim de Infância Lar São José,Coruche,Coruche,Creche e Jardim de Infância,error:400,,,"""Jardim de Infância Lar São José"" Coruche Portugal"
579,Creche e Jardim Infantil de Benavente,Benavente,Benavente,Creche e Jardim de Infância,error:400,,,"""Creche e Jardim Infantil de Benavente"" Benavente Portugal"
592,Creche Andó-Litá,Tremês,Santarém,Creche,error:400,,,"""Creche Andó-Litá"" Tremês Portugal"
2401,Creche Pim Pam Pum,Verdelho,Santarém,Creche,error:400,,,"""Creche Pim Pam Pum"" Verdelho Portugal"
2406,Jardim de Infância o Ninho,Rio Maior,Rio Maior,Creche e Jardim de Infância,error:400,,,"""Jardim de Infância o Ninho"" Rio Maior Portugal"
2408,Santa Casa da Misericórdia de Ferreira do Zêzere,Ferreira do Zêzere,Ferreira do Zêzere,Creche e Jardim de Infância,error:400,,,"""Santa Casa da Misericórdia de Ferreira do Zêzere"" Ferreira do Zêzere Portugal"
2417,Centro Social da Divina Providência,Fátima,Ourém,Creche,error:400,,,"""Centro Social da Divina Providência"" Fátima Portugal"
2421,Equip. Soc. Centro Social Espírito Santo,Ourém,Ourém,Creche,error:400,,,"""Equip. Soc. Centro Social Espírito Santo"" Ourém Portugal"
2425,Jardim de Infância Centro Social Paroquial da Atouguia,Atouguia,Ourém,Creche e Jardim de Infância,error:400,,,"""Jardim de Infância Centro Social Paroquial da Atouguia"" Atouguia Portugal"
2526,Centro Infantil Santa Maria de Leuca,Fátima,Ourém,Creche e Jardim de Infância,error:400,,,"""Centro Infantil Santa Maria de Leuca"" Fátima Portugal"
2527,Equip. Social Centro Centro Social da Ribeira de Fárrio,Ribeira do Fárrio,Ourém,Creche,error:400,,,"""Equip. Social Centro Centro Social da Ribeira de Fárrio"" Ribeira do Fárrio Portugal"
6053,Infantário Encoprof,Entroncamento,Entroncamento,Creche e Jardim de Infância,error:400,,,"""Infantário Encoprof"" Entroncamento Portugal"
10872,Abrigo do Menino Jesus,Torres Novas,Torres Novas,Creche e Jardim de Infância,error:400,,,"""Abrigo do Menino Jesus"" Torres Novas Portugal"
15067,ACVP - Associação Comunitária de Vale da Pedra - Creche,Vale da Pedra,Cartaxo,Creche,error:400,,,"""ACVP - Associação Comunitária de Vale da Pedra - Creche"" Vale da Pedra Portugal"
