id,nome,localidade,concelho,tipo,website_found,needs_review,review_reason,raw_response
803,Comissão Melhoramentos de Azeméis,Oliveira de Azeméis,Oliveira de Azeméis,Creche,not found,,,not found
804,Centro Social Paroquial São Miguel,Oliveira de Azeméis,Oliveira de Azeméis,Creche,not found,,,"The official website for ""Centro Social Paroquial São Miguel"" in Oliveira de Azeméis, Portugal is https://vertexaisearch.cloud.google.com/grounding-api-redirect/AUZIYQH7xwdulOziz8gzlzdwYwCHAxXSvq1mAUZFNsfo9B322RqckbxAcdHAO4Guc4-Lt8X_pUY3ciupJpnBB7L5ib5KzjVpCyVmrLfb0-WRjKcvF2z_qadsxIbLqZ8wUw==."
812,Patronato Santo António,Oliveira de Azeméis,Oliveira de Azeméis,Creche e Jardim de Infância,not found,,,https://patsantonio.webnode.pt
822,Centro Social de Azurva,Aveiro,Aveiro,Creche e Jardim de Infância,http://www.centrosocialazurva.org/,yes,combined tipo — may have split pages,http://www.centrosocialazurva.org/
830,Casa da Criança Maria do Resgate Salazar,Luso,Mealhada,Creche,https://www.fbb.pt/casas-da-crianca/casa-da-crianca-maria-do-resgate-salazar/,yes,domain doesn't match institution name,"The official website for ""Casa da Criança Maria do Resgate Salazar"" is part of the Fundação Bissaya Barreto's ""Casas da Criança"" network.

https://www.fbb.pt/casas-da-crianca/casa-da-crianca-maria-do-resgate-salazar/"
832,Casa da Criança da Mealhada,Mealhada,Mealhada,Creche e Jardim de Infância,not found,,,"The official website for ""Casa da Criança da Mealhada"" is part of the Santa Casa da Misericórdia da Mealhada website.

https://www.scmm.pt/educacao/"
837,Centro Acolhimento Caritas Aveiro,Aveiro,Aveiro,Creche e Jardim de Infância,https://www.caritasaveiro.pt,yes,combined tipo — may have split pages,"The official website for ""Centro Acolhimento Caritas Aveiro"" is part of the Cáritas Diocesana de Aveiro. The URL is www.caritasaveiro.pt."
838,Creche da Santa Casa da Misericórdia de Aveiro,Aveiro,Aveiro,Creche e Jardim de Infância,not found,,,"The official website for ""Creche da Santa Casa da Misericórdia de Aveiro"" is part of the broader Santa Casa da Misericórdia de Aveiro website: www.scmaveiro.pt."
903,Centro Social Cultural e Recreativo de Carregosa,Oliveira de Azeméis,Oliveira de Azeméis,Creche e Jardim de Infância,not found,,,https://www.centrosocialdecarregosa.pt/
906,Centro Social Paroquial de São Jacinto,Aveiro,Aveiro,Creche e Jardim de Infância,https://centro-social-paroquial-s-jacinto.webnode.pt/,yes,combined tipo — may have split pages,"The official website for ""Centro Social Paroquial de São Jacinto"" in Aveiro, Portugal is https://centro-social-paroquial-s-jacinto.webnode.pt/."
921,Jardim de Infância Sant'ana,Mealhada,Mealhada,Creche,error:400,,,"{
  ""error"": {
    ""code"": 400,
    ""message"": ""API key expired. Please renew the API key."",
    ""status"": ""INVALID_ARGUMENT"",
    ""details"": [
      {
        ""@type"": ""type.googleapis.com/google.rpc"
966,Centro Social e Paroquial de São Miguel,Estarreja,Estarreja,Creche e Jardim de Infância,error:400,,,"{
  ""error"": {
    ""code"": 400,
    ""message"": ""API key expired. Please renew the API key."",
    ""status"": ""INVALID_ARGUMENT"",
    ""details"": [
      {
        ""@type"": ""type.googleapis.com/google.rpc"
1235,Centro Social Paroquial da Moita de Anadia,Anadia,Moita,Creche e Jardim de Infância,error:400,,,"{
  ""error"": {
    ""code"": 400,
    ""message"": ""API key expired. Please renew the API key."",
    ""status"": ""INVALID_ARGUMENT"",
    ""details"": [
      {
        ""@type"": ""type.googleapis.com/google.rpc"
1248,Centro de Bem Estar Social de Macinhata do Vouga,Macinhata do Vouga,Águeda,Creche e Jardim de Infância,error:400,,,"{
  ""error"": {
    ""code"": 400,
    ""message"": ""API key expired. Please renew the API key."",
    ""status"": ""INVALID_ARGUMENT"",
    ""details"": [
      {
        ""@type"": ""type.googleapis.com/google.rpc"
1255,Infantário da Anunciação,Ílhavo,Ílhavo,Creche,error:400,,,"{
  ""error"": {
    ""code"": 400,
    ""message"": ""API key expired. Please renew the API key."",
    ""status"": ""INVALID_ARGUMENT"",
    ""details"": [
      {
        ""@type"": ""type.googleapis.com/google.rpc"
1267,Centro Social Paroquial de Fonte de Angeão,Fonte de Angeão,Vagos,Creche,error:400,,,"{
  ""error"": {
    ""code"": 400,
    ""message"": ""API key expired. Please renew the API key."",
    ""status"": ""INVALID_ARGUMENT"",
    ""details"": [
      {
        ""@type"": ""type.googleapis.com/google.rpc"
1301,Obra da Providência,Gafanha da Nazaré,Ílhavo,Creche,error:400,,,"{
  ""error"": {
    ""code"": 400,
    ""message"": ""API key expired. Please renew the API key."",
    ""status"": ""INVALID_ARGUMENT"",
    ""details"": [
      {
        ""@type"": ""type.googleapis.com/google.rpc"
4509,Jardim de Infância do Centro Social do Couto Mineiro do Pejão,Raiva,Castelo de Paiva,Creche,error:400,,,"{
  ""error"": {
    ""code"": 400,
    ""message"": ""API key expired. Please renew the API key."",
    ""status"": ""INVALID_ARGUMENT"",
    ""details"": [
      {
        ""@type"": ""type.googleapis.com/google.rpc"
4512,Jardim de Infância do Centro Social Paroquial de Sobrado,Castelo de Paiva,Murça,Creche,error:400,,,"{
  ""error"": {
    ""code"": 400,
    ""message"": ""API key expired. Please renew the API key."",
    ""status"": ""INVALID_ARGUMENT"",
    ""details"": [
      {
        ""@type"": ""type.googleapis.com/google.rpc"
12132,Associação de Solidariedade Social de L0ureiro,Loureiro,Peso da Régua,Creche e Jardim de Infância,error:400,,,"{
  ""error"": {
    ""code"": 400,
    ""message"": ""API key expired. Please renew the API key."",
    ""status"": ""INVALID_ARGUMENT"",
    ""details"": [
      {
        ""@type"": ""type.googleapis.com/google.rpc"
18298,Quinta dos Pequenotes,Aveiro,Aveiro,Creche,error:400,,,"{
  ""error"": {
    ""code"": 400,
    ""message"": ""API key expired. Please renew the API key."",
    ""status"": ""INVALID_ARGUMENT"",
    ""details"": [
      {
        ""@type"": ""type.googleapis.com/google.rpc"
19945,Sonho da Criança,Souto,Santa Maria da Feira,Creche,error:400,,,"{
  ""error"": {
    ""code"": 400,
    ""message"": ""API key expired. Please renew the API key."",
    ""status"": ""INVALID_ARGUMENT"",
    ""details"": [
      {
        ""@type"": ""type.googleapis.com/google.rpc"
22182,Lápis e Cor,Albergaria a Velha,Albergaria-a-Velha,Creche,error:400,,,"{
  ""error"": {
    ""code"": 400,
    ""message"": ""API key expired. Please renew the API key."",
    ""status"": ""INVALID_ARGUMENT"",
    ""details"": [
      {
        ""@type"": ""type.googleapis.com/google.rpc"
22183,Cediara - Associação de Solidariedade Social de Ribeira de Fráguas,Ribeira de Fráguas,Albergaria-a-Velha,Creche,error:400,,,"{
  ""error"": {
    ""code"": 400,
    ""message"": ""API key expired. Please renew the API key."",
    ""status"": ""INVALID_ARGUMENT"",
    ""details"": [
      {
        ""@type"": ""type.googleapis.com/google.rpc"
22421,Associação de Pais do Infantário e Jardim-De-Infância da Escola Preparatória de Ovar,Ovar,Ovar,Creche,error:400,,,"{
  ""error"": {
    ""code"": 400,
    ""message"": ""API key expired. Please renew the API key."",
    ""status"": ""INVALID_ARGUMENT"",
    ""details"": [
      {
        ""@type"": ""type.googleapis.com/google.rpc"
860,Centro Infantil de Aveiro,Aveiro,Aveiro,Creche e Jardim de Infância,error:400,,,"{
  ""error"": {
    ""code"": 400,
    ""message"": ""API key expired. Please renew the API key."",
    ""status"": ""INVALID_ARGUMENT"",
    ""details"": [
      {
        ""@type"": ""type.googleapis.com/google.rpc"
1204,Infantário Centro Social de Santa Maria de Fiães,Fiães,Trancoso,Creche e Jardim de Infância,error:400,,,"{
  ""error"": {
    ""code"": 400,
    ""message"": ""API key expired. Please renew the API key."",
    ""status"": ""INVALID_ARGUMENT"",
    ""details"": [
      {
        ""@type"": ""type.googleapis.com/google.rpc"
1297,Casa da Pequenada,Macinhata do Vouga,Águeda,Jardim de Infância,error:400,,,"{
  ""error"": {
    ""code"": 400,
    ""message"": ""API key expired. Please renew the API key."",
    ""status"": ""INVALID_ARGUMENT"",
    ""details"": [
      {
        ""@type"": ""type.googleapis.com/google.rpc"
18511,"Jardim de Infância ""Lápis e Cor""",Albergaria-A-Velha,Albergaria-a-Velha,Jardim de Infância,error:400,,,"{
  ""error"": {
    ""code"": 400,
    ""message"": ""API key expired. Please renew the API key."",
    ""status"": ""INVALID_ARGUMENT"",
    ""details"": [
      {
        ""@type"": ""type.googleapis.com/google.rpc"
29854,Jardim de Infância de Santo António,Escapães,Santa Maria da Feira,Jardim de Infância,error:400,,,"{
  ""error"": {
    ""code"": 400,
    ""message"": ""API key expired. Please renew the API key."",
    ""status"": ""INVALID_ARGUMENT"",
    ""details"": [
      {
        ""@type"": ""type.googleapis.com/google.rpc"
29855,Jardim de Infância de Fontainhas,Arrifana,Vila Nova de Poiares,Jardim de Infância,error:400,,,"{
  ""error"": {
    ""code"": 400,
    ""message"": ""API key expired. Please renew the API key."",
    ""status"": ""INVALID_ARGUMENT"",
    ""details"": [
      {
        ""@type"": ""type.googleapis.com/google.rpc"
29856,Jardim de Infância de Bajouca,Pigeiros,Santa Maria da Feira,Jardim de Infância,error:400,,,"{
  ""error"": {
    ""code"": 400,
    ""message"": ""API key expired. Please renew the API key."",
    ""status"": ""INVALID_ARGUMENT"",
    ""details"": [
      {
        ""@type"": ""type.googleapis.com/google.rpc"
29857,Jardim de Infância de Pereiro,Milheirós de Poiares,Santa Maria da Feira,Jardim de Infância,error:400,,,"{
  ""error"": {
    ""code"": 400,
    ""message"": ""API key expired. Please renew the API key."",
    ""status"": ""INVALID_ARGUMENT"",
    ""details"": [
      {
        ""@type"": ""type.googleapis.com/google.rpc"
29927,Jardim de Infância de Aldriz,Argoncilhe,Santa Maria da Feira,Jardim de Infância,error:400,,,"{
  ""error"": {
    ""code"": 400,
    ""message"": ""API key expired. Please renew the API key."",
    ""status"": ""INVALID_ARGUMENT"",
    ""details"": [
      {
        ""@type"": ""type.googleapis.com/google.rpc"
29932,Jardim de Infância de Ordonhe,Argoncilhe,Santa Maria da Feira,Jardim de Infância,error:400,,,"{
  ""error"": {
    ""code"": 400,
    ""message"": ""API key expired. Please renew the API key."",
    ""status"": ""INVALID_ARGUMENT"",
    ""details"": [
      {
        ""@type"": ""type.googleapis.com/google.rpc"
29993,"Jardim de Infância de Travanca, Susana",Travanca,Oliveira de Azeméis,Jardim de Infância,error:400,,,"{
  ""error"": {
    ""code"": 400,
    ""message"": ""API key expired. Please renew the API key."",
    ""status"": ""INVALID_ARGUMENT"",
    ""details"": [
      {
        ""@type"": ""type.googleapis.com/google.rpc"
30393,Jardim de Infância da Pampilhosa,Pampilhosa,Mealhada,Jardim de Infância,error:400,,,"{
  ""error"": {
    ""code"": 400,
    ""message"": ""API key expired. Please renew the API key."",
    ""status"": ""INVALID_ARGUMENT"",
    ""details"": [
      {
        ""@type"": ""type.googleapis.com/google.rpc"
30394,"Jardim de Infância de Luso, Centro Escolar do Luso",Luso,Mealhada,Jardim de Infância,error:400,,,"{
  ""error"": {
    ""code"": 400,
    ""message"": ""API key expired. Please renew the API key."",
    ""status"": ""INVALID_ARGUMENT"",
    ""details"": [
      {
        ""@type"": ""type.googleapis.com/google.rpc"
30395,Jardim de Infância de Casal Comba,Casal Comba,Mealhada,Jardim de Infância,error:400,,,"{
  ""error"": {
    ""code"": 400,
    ""message"": ""API key expired. Please renew the API key."",
    ""status"": ""INVALID_ARGUMENT"",
    ""details"": [
      {
        ""@type"": ""type.googleapis.com/google.rpc"
30396,Jardim de Infância de Antes,Antes,Mealhada,Jardim de Infância,error:400,,,"{
  ""error"": {
    ""code"": 400,
    ""message"": ""API key expired. Please renew the API key."",
    ""status"": ""INVALID_ARGUMENT"",
    ""details"": [
      {
        ""@type"": ""type.googleapis.com/google.rpc"
30397,Jardim de Infância de Carqueijo,Casal Comba,Mealhada,Jardim de Infância,error:400,,,"{
  ""error"": {
    ""code"": 400,
    ""message"": ""API key expired. Please renew the API key."",
    ""status"": ""INVALID_ARGUMENT"",
    ""details"": [
      {
        ""@type"": ""type.googleapis.com/google.rpc"
30398,Jardim de Infância de Quinta do Valongo,Quinta do Valongo,Mealhada,Jardim de Infância,error:400,,,"{
  ""error"": {
    ""code"": 400,
    ""message"": ""API key expired. Please renew the API key."",
    ""status"": ""INVALID_ARGUMENT"",
    ""details"": [
      {
        ""@type"": ""type.googleapis.com/google.rpc"
30399,Jardim de Infância de Canedo,Pampilhosa,Mealhada,Jardim de Infância,error:400,,,"{
  ""error"": {
    ""code"": 400,
    ""message"": ""API key expired. Please renew the API key."",
    ""status"": ""INVALID_ARGUMENT"",
    ""details"": [
      {
        ""@type"": ""type.googleapis.com/google.rpc"
30416,"Jardim de Infância de Soutelo, Albergaria-A-Velha",Branca Alb,Coruche,Jardim de Infância,error:400,,,"{
  ""error"": {
    ""code"": 400,
    ""message"": ""API key expired. Please renew the API key."",
    ""status"": ""INVALID_ARGUMENT"",
    ""details"": [
      {
        ""@type"": ""type.googleapis.com/google.rpc"
30417,Jardim de Infância de Telhadela,Ribeira de Fráguas,Albergaria-a-Velha,Jardim de Infância,error:400,,,"{
  ""error"": {
    ""code"": 400,
    ""message"": ""API key expired. Please renew the API key."",
    ""status"": ""INVALID_ARGUMENT"",
    ""details"": [
      {
        ""@type"": ""type.googleapis.com/google.rpc"
30434,Jardim de Infância de Calvão,Calvão,Vagos,Jardim de Infância,error:400,,,"{
  ""error"": {
    ""code"": 400,
    ""message"": ""API key expired. Please renew the API key."",
    ""status"": ""INVALID_ARGUMENT"",
    ""details"": [
      {
        ""@type"": ""type.googleapis.com/google.rpc"
30436,Escola Básica de Fonte de Angeão,Fonte de Angeão,Vagos,Jardim de Infância,error:400,,,"{
  ""error"": {
    ""code"": 400,
    ""message"": ""API key expired. Please renew the API key."",
    ""status"": ""INVALID_ARGUMENT"",
    ""details"": [
      {
        ""@type"": ""type.googleapis.com/google.rpc"
30438,Jardim de Infância de Lomba,Santo António de Vagos,Vagos,Jardim de Infância,error:400,,,"{
  ""error"": {
    ""code"": 400,
    ""message"": ""API key expired. Please renew the API key."",
    ""status"": ""INVALID_ARGUMENT"",
    ""details"": [
      {
        ""@type"": ""type.googleapis.com/google.rpc"
30460,Jardim de Infância de Sangalhos,Sangalhos,Anadia,Jardim de Infância,error:400,,,"{
  ""error"": {
    ""code"": 400,
    ""message"": ""API key expired. Please renew the API key."",
    ""status"": ""INVALID_ARGUMENT"",
    ""details"": [
      {
        ""@type"": ""type.googleapis.com/google.rpc"
30461,Jardim de Infância de Avelãs de Cima,Avelãs de Cima,Anadia,Jardim de Infância,error:400,,,"{
  ""error"": {
    ""code"": 400,
    ""message"": ""API key expired. Please renew the API key."",
    ""status"": ""INVALID_ARGUMENT"",
    ""details"": [
      {
        ""@type"": ""type.googleapis.com/google.rpc"
30463,Jardim de Infância de Vila Nova de Monsarros,Vila Nova de Monsarros,Anadia,Jardim de Infância,error:400,,,"{
  ""error"": {
    ""code"": 400,
    ""message"": ""API key expired. Please renew the API key."",
    ""status"": ""INVALID_ARGUMENT"",
    ""details"": [
      {
        ""@type"": ""type.googleapis.com/google.rpc"
30464,Jardim de Infância de Vilarinho do Bairro,Vilarinho do Bairro,Anadia,Jardim de Infância,error:400,,,"{
  ""error"": {
    ""code"": 400,
    ""message"": ""API key expired. Please renew the API key."",
    ""status"": ""INVALID_ARGUMENT"",
    ""details"": [
      {
        ""@type"": ""type.googleapis.com/google.rpc"
30480,Escola Básica de Marinha Velha,Marinha Velha,Ílhavo,Jardim de Infância,error:400,,,"{
  ""error"": {
    ""code"": 400,
    ""message"": ""API key expired. Please renew the API key."",
    ""status"": ""INVALID_ARGUMENT"",
    ""details"": [
      {
        ""@type"": ""type.googleapis.com/google.rpc"
30481,Escola Básica de Chave,Chave,Ílhavo,Jardim de Infância,error:400,,,"{
  ""error"": {
    ""code"": 400,
    ""message"": ""API key expired. Please renew the API key."",
    ""status"": ""INVALID_ARGUMENT"",
    ""details"": [
      {
        ""@type"": ""type.googleapis.com/google.rpc"
30484,Jardim de Infância de Gafanha do Carmo,Gafanha do Carmo,Ílhavo,Jardim de Infância,error:400,,,"{
  ""error"": {
    ""code"": 400,
    ""message"": ""API key expired. Please renew the API key."",
    ""status"": ""INVALID_ARGUMENT"",
    ""details"": [
      {
        ""@type"": ""type.googleapis.com/google.rpc"
30486,Escola Básica de Rocas do Vouga,Rocas do Vouga,Sever do Vouga,Jardim de Infância,error:400,,,"{
  ""error"": {
    ""code"": 400,
    ""message"": ""API key expired. Please renew the API key."",
    ""status"": ""INVALID_ARGUMENT"",
    ""details"": [
      {
        ""@type"": ""type.googleapis.com/google.rpc"
30489,Jardim de Infância de Talhadas,Talhadas,Sever do Vouga,Jardim de Infância,error:400,,,"{
  ""error"": {
    ""code"": 400,
    ""message"": ""API key expired. Please renew the API key."",
    ""status"": ""INVALID_ARGUMENT"",
    ""details"": [
      {
        ""@type"": ""type.googleapis.com/google.rpc"
30686,Jardim de Infância de Sá,Sá,Castelo de Paiva,Jardim de Infância,error:400,,,"{
  ""error"": {
    ""code"": 400,
    ""message"": ""API key expired. Please renew the API key."",
    ""status"": ""INVALID_ARGUMENT"",
    ""details"": [
      {
        ""@type"": ""type.googleapis.com/google.rpc"
30690,"Jardim de Infância de Vista Alegre, São Martinho",S. Martinho,Castelo de Paiva,Jardim de Infância,error:400,,,"{
  ""error"": {
    ""code"": 400,
    ""message"": ""API key expired. Please renew the API key."",
    ""status"": ""INVALID_ARGUMENT"",
    ""details"": [
      {
        ""@type"": ""type.googleapis.com/google.rpc"
30691,Jardim de Infância de Crava,Crava,Castelo de Paiva,Jardim de Infância,error:400,,,"{
  ""error"": {
    ""code"": 400,
    ""message"": ""API key expired. Please renew the API key."",
    ""status"": ""INVALID_ARGUMENT"",
    ""details"": [
      {
        ""@type"": ""type.googleapis.com/google.rpc"
30709,"Escola Básica de Paço, Rossas, Arouca",Rossas,Vieira do Minho,Jardim de Infância,error:400,,,"{
  ""error"": {
    ""code"": 400,
    ""message"": ""API key expired. Please renew the API key."",
    ""status"": ""INVALID_ARGUMENT"",
    ""details"": [
      {
        ""@type"": ""type.googleapis.com/google.rpc"
30712,Escola Básica de Paços,Moldes,Arouca,Jardim de Infância,error:400,,,"{
  ""error"": {
    ""code"": 400,
    ""message"": ""API key expired. Please renew the API key."",
    ""status"": ""INVALID_ARGUMENT"",
    ""details"": [
      {
        ""@type"": ""type.googleapis.com/google.rpc"
30715,"Escola Básica de Paço, Alvarenga",,Arouca,Jardim de Infância,error:400,,,"{
  ""error"": {
    ""code"": 400,
    ""message"": ""API key expired. Please renew the API key."",
    ""status"": ""INVALID_ARGUMENT"",
    ""details"": [
      {
        ""@type"": ""type.googleapis.com/google.rpc"
30760,Jardim de Infância de Póvoa do Valado,Póvoa do Valado,Aveiro,Jardim de Infância,error:400,,,"{
  ""error"": {
    ""code"": 400,
    ""message"": ""API key expired. Please renew the API key."",
    ""status"": ""INVALID_ARGUMENT"",
    ""details"": [
      {
        ""@type"": ""type.googleapis.com/google.rpc"
30761,Jardim de Infância de Oliveirinha,Oliveirinha,Aveiro,Jardim de Infância,error:400,,,"{
  ""error"": {
    ""code"": 400,
    ""message"": ""API key expired. Please renew the API key."",
    ""status"": ""INVALID_ARGUMENT"",
    ""details"": [
      {
        ""@type"": ""type.googleapis.com/google.rpc"
30789,Escola Básica de Azagães,Carregosa,Oliveira de Azeméis,Jardim de Infância,error:400,,,"{
  ""error"": {
    ""code"": 400,
    ""message"": ""API key expired. Please renew the API key."",
    ""status"": ""INVALID_ARGUMENT"",
    ""details"": [
      {
        ""@type"": ""type.googleapis.com/google.rpc"
30976,"Jardim de Infância de Chão do Rio, Fiães, Santa Maria da Feira",Fiães,Trancoso,Jardim de Infância,error:400,,,"{
  ""error"": {
    ""code"": 400,
    ""message"": ""API key expired. Please renew the API key."",
    ""status"": ""INVALID_ARGUMENT"",
    ""details"": [
      {
        ""@type"": ""type.googleapis.com/google.rpc"
30979,"Escola Básica N.º 2 de Vendas Novas, Santa Maria da Feira",Vendas Novas,Trancoso,Jardim de Infância,error:400,,,"{
  ""error"": {
    ""code"": 400,
    ""message"": ""API key expired. Please renew the API key."",
    ""status"": ""INVALID_ARGUMENT"",
    ""details"": [
      {
        ""@type"": ""type.googleapis.com/google.rpc"
30980,"Jardim de Infância de Igreja, Caldas de São Jorge, Santa Maria da Feira",Caldas de S. Jorge,Trancoso,Jardim de Infância,error:400,,,"{
  ""error"": {
    ""code"": 400,
    ""message"": ""API key expired. Please renew the API key."",
    ""status"": ""INVALID_ARGUMENT"",
    ""details"": [
      {
        ""@type"": ""type.googleapis.com/google.rpc"
30982,"Escola Básica de Avenida, Chousa de Baixo, Santa Maria da Feira",Fiaes,Trancoso,Jardim de Infância,error:400,,,"{
  ""error"": {
    ""code"": 400,
    ""message"": ""API key expired. Please renew the API key."",
    ""status"": ""INVALID_ARGUMENT"",
    ""details"": [
      {
        ""@type"": ""type.googleapis.com/google.rpc"
31263,Escola Básica de Oiã Poente,Oiã,Oliveira do Bairro,Jardim de Infância,error:400,,,"{
  ""error"": {
    ""code"": 400,
    ""message"": ""API key expired. Please renew the API key."",
    ""status"": ""INVALID_ARGUMENT"",
    ""details"": [
      {
        ""@type"": ""type.googleapis.com/google.rpc"
31278,Escola Básica de Fonte Seca,Fonte Seca,Santa Maria da Feira,Jardim de Infância,error:400,,,"{
  ""error"": {
    ""code"": 400,
    ""message"": ""API key expired. Please renew the API key."",
    ""status"": ""INVALID_ARGUMENT"",
    ""details"": [
      {
        ""@type"": ""type.googleapis.com/google.rpc"
31763,Jardim de Infância de Vermoim,Ossela,Oliveira de Azeméis,Jardim de Infância,error:400,,,"{
  ""error"": {
    ""code"": 400,
    ""message"": ""API key expired. Please renew the API key."",
    ""status"": ""INVALID_ARGUMENT"",
    ""details"": [
      {
        ""@type"": ""type.googleapis.com/google.rpc"
31781,Escola Básica de Campo Grande,Campo Grande,Ovar,Jardim de Infância,error:400,,,"{
  ""error"": {
    ""code"": 400,
    ""message"": ""API key expired. Please renew the API key."",
    ""status"": ""INVALID_ARGUMENT"",
    ""details"": [
      {
        ""@type"": ""type.googleapis.com/google.rpc"
31786,Escola Básica de Vinha,Vinha,Ovar,Jardim de Infância,error:400,,,"{
  ""error"": {
    ""code"": 400,
    ""message"": ""API key expired. Please renew the API key."",
    ""status"": ""INVALID_ARGUMENT"",
    ""details"": [
      {
        ""@type"": ""type.googleapis.com/google.rpc"
31790,Escola Básica de Outeiral,Outeiral,Ovar,Jardim de Infância,error:400,,,"{
  ""error"": {
    ""code"": 400,
    ""message"": ""API key expired. Please renew the API key."",
    ""status"": ""INVALID_ARGUMENT"",
    ""details"": [
      {
        ""@type"": ""type.googleapis.com/google.rpc"
31791,Escola Básica de Murteira,Arada,Ovar,Jardim de Infância,error:400,,,"{
  ""error"": {
    ""code"": 400,
    ""message"": ""API key expired. Please renew the API key."",
    ""status"": ""INVALID_ARGUMENT"",
    ""details"": [
      {
        ""@type"": ""type.googleapis.com/google.rpc"
31971,JI Giesteira,Águeda,Águeda,Jardim de Infância,error:400,,,"{
  ""error"": {
    ""code"": 400,
    ""message"": ""API key expired. Please renew the API key."",
    ""status"": ""INVALID_ARGUMENT"",
    ""details"": [
      {
        ""@type"": ""type.googleapis.com/google.rpc"
31972,JI Águeda (Incluído no Edifício 1º Ceb),Águeda,Águeda,Jardim de Infância,error:400,,,"{
  ""error"": {
    ""code"": 400,
    ""message"": ""API key expired. Please renew the API key."",
    ""status"": ""INVALID_ARGUMENT"",
    ""details"": [
      {
        ""@type"": ""type.googleapis.com/google.rpc"
31974,JI Borralha (Incluído no Edifício do 1º Ceb),Borralha,Águeda,Jardim de Infância,error:400,,,"{
  ""error"": {
    ""code"": 400,
    ""message"": ""API key expired. Please renew the API key."",
    ""status"": ""INVALID_ARGUMENT"",
    ""details"": [
      {
        ""@type"": ""type.googleapis.com/google.rpc"
32038,EB/JI Combatentes,Ovar,Ovar,Jardim de Infância,error:400,,,"{
  ""error"": {
    ""code"": 400,
    ""message"": ""API key expired. Please renew the API key."",
    ""status"": ""INVALID_ARGUMENT"",
    ""details"": [
      {
        ""@type"": ""type.googleapis.com/google.rpc"
32039,EB/JI de Habitovar,Ovar,Ovar,Jardim de Infância,error:400,,,"{
  ""error"": {
    ""code"": 400,
    ""message"": ""API key expired. Please renew the API key."",
    ""status"": ""INVALID_ARGUMENT"",
    ""details"": [
      {
        ""@type"": ""type.googleapis.com/google.rpc"
32054,Jardim de Infância do Torrão do Lameiro,Ovar,Ovar,Jardim de Infância,error:400,,,"{
  ""error"": {
    ""code"": 400,
    ""message"": ""API key expired. Please renew the API key."",
    ""status"": ""INVALID_ARGUMENT"",
    ""details"": [
      {
        ""@type"": ""type.googleapis.com/google.rpc"
32122,EB1/ JI do Souto,Nogueira da Regedoura,Santa Maria da Feira,Jardim de Infância,error:400,,,"{
  ""error"": {
    ""code"": 400,
    ""message"": ""API key expired. Please renew the API key."",
    ""status"": ""INVALID_ARGUMENT"",
    ""details"": [
      {
        ""@type"": ""type.googleapis.com/google.rpc"
32124,Centro Escolar de Anta,Esmojães,Valença,Jardim de Infância,error:400,,,"{
  ""error"": {
    ""code"": 400,
    ""message"": ""API key expired. Please renew the API key."",
    ""status"": ""INVALID_ARGUMENT"",
    ""details"": [
      {
        ""@type"": ""type.googleapis.com/google.rpc"
32128,EB1/ JI de Pousadela,Nogueira da Regedoura,Santa Maria da Feira,Jardim de Infância,error:400,,,"{
  ""error"": {
    ""code"": 400,
    ""message"": ""API key expired. Please renew the API key."",
    ""status"": ""INVALID_ARGUMENT"",
    ""details"": [
      {
        ""@type"": ""type.googleapis.com/google.rpc"
32524,EB1/JI Aguada de Baixo,Aguada de Baixo,Águeda,Jardim de Infância,error:400,,,"{
  ""error"": {
    ""code"": 400,
    ""message"": ""API key expired. Please renew the API key."",
    ""status"": ""INVALID_ARGUMENT"",
    ""details"": [
      {
        ""@type"": ""type.googleapis.com/google.rpc"
32526,EB1/JI Espinhel,Espinhel,Águeda,Jardim de Infância,error:400,,,"{
  ""error"": {
    ""code"": 400,
    ""message"": ""API key expired. Please renew the API key."",
    ""status"": ""INVALID_ARGUMENT"",
    ""details"": [
      {
        ""@type"": ""type.googleapis.com/google.rpc"
32527,EB Prof. Artur Nunes Vidal,Fermentelos,Águeda,Jardim de Infância,error:400,,,"{
  ""error"": {
    ""code"": 400,
    ""message"": ""API key expired. Please renew the API key."",
    ""status"": ""INVALID_ARGUMENT"",
    ""details"": [
      {
        ""@type"": ""type.googleapis.com/google.rpc"
32746,Jardim de Infância da Vala – Silva Escura,Silva Escura,Maia,Jardim de Infância,error:400,,,"{
  ""error"": {
    ""code"": 400,
    ""message"": ""API key expired. Please renew the API key."",
    ""status"": ""INVALID_ARGUMENT"",
    ""details"": [
      {
        ""@type"": ""type.googleapis.com/google.rpc"
33208,Escola Básica de Corgo Comum,Ílhavo,Ílhavo,Jardim de Infância,error:400,,,"{
  ""error"": {
    ""code"": 400,
    ""message"": ""API key expired. Please renew the API key."",
    ""status"": ""INVALID_ARGUMENT"",
    ""details"": [
      {
        ""@type"": ""type.googleapis.com/google.rpc"
33211,Jardim de Infância de Vilarinho,Cesar,Oliveira de Azeméis,Jardim de Infância,error:400,,,"{
  ""error"": {
    ""code"": 400,
    ""message"": ""API key expired. Please renew the API key."",
    ""status"": ""INVALID_ARGUMENT"",
    ""details"": [
      {
        ""@type"": ""type.googleapis.com/google.rpc"
33225,Escola Básica de Chousa Velha,Ílhavo,Ílhavo,Jardim de Infância,error:400,,,"{
  ""error"": {
    ""code"": 400,
    ""message"": ""API key expired. Please renew the API key."",
    ""status"": ""INVALID_ARGUMENT"",
    ""details"": [
      {
        ""@type"": ""type.googleapis.com/google.rpc"
33229,Jardim de Macieira de Sarnes,Macieira de Sarnes,Oliveira de Azeméis,Jardim de Infância,error:400,,,"{
  ""error"": {
    ""code"": 400,
    ""message"": ""API key expired. Please renew the API key."",
    ""status"": ""INVALID_ARGUMENT"",
    ""details"": [
      {
        ""@type"": ""type.googleapis.com/google.rpc"
33318,Escola Básica de Curval,Pinheiro da Bemposta,Oliveira de Azeméis,Jardim de Infância,error:400,,,"{
  ""error"": {
    ""code"": 400,
    ""message"": ""API key expired. Please renew the API key."",
    ""status"": ""INVALID_ARGUMENT"",
    ""details"": [
      {
        ""@type"": ""type.googleapis.com/google.rpc"
33319,Escola Básica de Palmaz,Palmaz,Oliveira de Azeméis,Jardim de Infância,error:400,,,"{
  ""error"": {
    ""code"": 400,
    ""message"": ""API key expired. Please renew the API key."",
    ""status"": ""INVALID_ARGUMENT"",
    ""details"": [
      {
        ""@type"": ""type.googleapis.com/google.rpc"
34044,Escola Básica da Vila Verde,,Oliveira do Bairro,Jardim de Infância,error:400,,,"{
  ""error"": {
    ""code"": 400,
    ""message"": ""API key expired. Please renew the API key."",
    ""status"": ""INVALID_ARGUMENT"",
    ""details"": [
      {
        ""@type"": ""type.googleapis.com/google.rpc"
34778,Escola Básica N.º 1,Oliveira de Azeméis,Oliveira de Azeméis,Jardim de Infância,error:400,,,"{
  ""error"": {
    ""code"": 400,
    ""message"": ""API key expired. Please renew the API key."",
    ""status"": ""INVALID_ARGUMENT"",
    ""details"": [
      {
        ""@type"": ""type.googleapis.com/google.rpc"
34788,Escola EB1/JI da Raiva,Raiva,Castelo de Paiva,Jardim de Infância,error:400,,,"{
  ""error"": {
    ""code"": 400,
    ""message"": ""API key expired. Please renew the API key."",
    ""status"": ""INVALID_ARGUMENT"",
    ""details"": [
      {
        ""@type"": ""type.googleapis.com/google.rpc"
34796,Escola Básica N.º 4,Oliveira de Azeméis,Oliveira de Azeméis,Jardim de Infância,error:400,,,"{
  ""error"": {
    ""code"": 400,
    ""message"": ""API key expired. Please renew the API key."",
    ""status"": ""INVALID_ARGUMENT"",
    ""details"": [
      {
        ""@type"": ""type.googleapis.com/google.rpc"
34797,Escola Básica Comendador António da Silva Rodrigues,Ul,Oliveira de Azeméis,Jardim de Infância,error:400,,,"{
  ""error"": {
    ""code"": 400,
    ""message"": ""API key expired. Please renew the API key."",
    ""status"": ""INVALID_ARGUMENT"",
    ""details"": [
      {
        ""@type"": ""type.googleapis.com/google.rpc"
34805,Escola EB1/JI da Póvoa,Pedorido,Castelo de Paiva,Jardim de Infância,error:400,,,"{
  ""error"": {
    ""code"": 400,
    ""message"": ""API key expired. Please renew the API key."",
    ""status"": ""INVALID_ARGUMENT"",
    ""details"": [
      {
        ""@type"": ""type.googleapis.com/google.rpc"
34808,Jardim-De-Infância da Gafanha da Encarnação Centro,Gafanha da Encarnação,Ílhavo,Jardim de Infância,error:400,,,"{
  ""error"": {
    ""code"": 400,
    ""message"": ""API key expired. Please renew the API key."",
    ""status"": ""INVALID_ARGUMENT"",
    ""details"": [
      {
        ""@type"": ""type.googleapis.com/google.rpc"
34813,Escola Básica de Areais,Santa Joana,Aveiro,Jardim de Infância,error:400,,,"{
  ""error"": {
    ""code"": 400,
    ""message"": ""API key expired. Please renew the API key."",
    ""status"": ""INVALID_ARGUMENT"",
    ""details"": [
      {
        ""@type"": ""type.googleapis.com/google.rpc"
34814,Escola Básica N.º 1 de São Bernardo,S. Bernardo,Aveiro,Jardim de Infância,error:400,,,"{
  ""error"": {
    ""code"": 400,
    ""message"": ""API key expired. Please renew the API key."",
    ""status"": ""INVALID_ARGUMENT"",
    ""details"": [
      {
        ""@type"": ""type.googleapis.com/google.rpc"
34816,Jardim-De-Infância da Gafanha da Encarnação Norte,Gafanha da Encarnação,Ílhavo,Jardim de Infância,error:400,,,"{
  ""error"": {
    ""code"": 400,
    ""message"": ""API key expired. Please renew the API key."",
    ""status"": ""INVALID_ARGUMENT"",
    ""details"": [
      {
        ""@type"": ""type.googleapis.com/google.rpc"
34822,Escola Básica de Solposto,Santa Joana,Aveiro,Jardim de Infância,error:400,,,"{
  ""error"": {
    ""code"": 400,
    ""message"": ""API key expired. Please renew the API key."",
    ""status"": ""INVALID_ARGUMENT"",
    ""details"": [
      {
        ""@type"": ""type.googleapis.com/google.rpc"
34824,Escola Básica de Mato,Avança,Estarreja,Jardim de Infância,error:400,,,"{
  ""error"": {
    ""code"": 400,
    ""message"": ""API key expired. Please renew the API key."",
    ""status"": ""INVALID_ARGUMENT"",
    ""details"": [
      {
        ""@type"": ""type.googleapis.com/google.rpc"
34826,Escola Básica de Cabeças,Veiros Etr,Estarreja,Jardim de Infância,error:400,,,"{
  ""error"": {
    ""code"": 400,
    ""message"": ""API key expired. Please renew the API key."",
    ""status"": ""INVALID_ARGUMENT"",
    ""details"": [
      {
        ""@type"": ""type.googleapis.com/google.rpc"
34827,Escola Básica de Póvoa do Paço,Cacia,Aveiro,Jardim de Infância,error:400,,,"{
  ""error"": {
    ""code"": 400,
    ""message"": ""API key expired. Please renew the API key."",
    ""status"": ""INVALID_ARGUMENT"",
    ""details"": [
      {
        ""@type"": ""type.googleapis.com/google.rpc"
34828,Escola Básica de Quintã do Loureiro,Cacia,Aveiro,Jardim de Infância,error:400,,,"{
  ""error"": {
    ""code"": 400,
    ""message"": ""API key expired. Please renew the API key."",
    ""status"": ""INVALID_ARGUMENT"",
    ""details"": [
      {
        ""@type"": ""type.googleapis.com/google.rpc"
34829,Escola Básica de Sarrazola,Cacia,Aveiro,Jardim de Infância,error:400,,,"{
  ""error"": {
    ""code"": 400,
    ""message"": ""API key expired. Please renew the API key."",
    ""status"": ""INVALID_ARGUMENT"",
    ""details"": [
      {
        ""@type"": ""type.googleapis.com/google.rpc"
34836,Jardim de Infância de Nojões,Real Cpv,Penalva do Castelo,Jardim de Infância,error:400,,,"{
  ""error"": {
    ""code"": 400,
    ""message"": ""API key expired. Please renew the API key."",
    ""status"": ""INVALID_ARGUMENT"",
    ""details"": [
      {
        ""@type"": ""type.googleapis.com/google.rpc"
34837,"Escola Básica de Congosta,",Avança,Estarreja,Jardim de Infância,error:400,,,"{
  ""error"": {
    ""code"": 400,
    ""message"": ""API key expired. Please renew the API key."",
    ""status"": ""INVALID_ARGUMENT"",
    ""details"": [
      {
        ""@type"": ""type.googleapis.com/google.rpc"
34840,Jardim de Infância de Requeixo,Requeixo,Aveiro,Jardim de Infância,error:400,,,"{
  ""error"": {
    ""code"": 400,
    ""message"": ""API key expired. Please renew the API key."",
    ""status"": ""INVALID_ARGUMENT"",
    ""details"": [
      {
        ""@type"": ""type.googleapis.com/google.rpc"
34862,Escola Básica N.º 1 de Faria de Baixo,Vila de Cucujães,Oliveira de Azeméis,Jardim de Infância,error:400,,,"{
  ""error"": {
    ""code"": 400,
    ""message"": ""API key expired. Please renew the API key."",
    ""status"": ""INVALID_ARGUMENT"",
    ""details"": [
      {
        ""@type"": ""type.googleapis.com/google.rpc"
34863,Escola Básica de Bustelo,São Roque,Oliveira de Azeméis,Jardim de Infância,error:400,,,"{
  ""error"": {
    ""code"": 400,
    ""message"": ""API key expired. Please renew the API key."",
    ""status"": ""INVALID_ARGUMENT"",
    ""details"": [
      {
        ""@type"": ""type.googleapis.com/google.rpc"
34865,Escola Básica de Picoto,Vila de Cucujães,Oliveira de Azeméis,Jardim de Infância,error:400,,,"{
  ""error"": {
    ""code"": 400,
    ""message"": ""API key expired. Please renew the API key."",
    ""status"": ""INVALID_ARGUMENT"",
    ""details"": [
      {
        ""@type"": ""type.googleapis.com/google.rpc"
34867,"Escola Básica de Outeiro, Santiago de Riba-Ul",Santiago Riba-Ul,Oliveira de Azeméis,Jardim de Infância,error:400,,,"{
  ""error"": {
    ""code"": 400,
    ""message"": ""API key expired. Please renew the API key."",
    ""status"": ""INVALID_ARGUMENT"",
    ""details"": [
      {
        ""@type"": ""type.googleapis.com/google.rpc"
34869,"Jardim de Infância de Cruzeiro, Santiago de Riba-Ul,",Santiago Riba-Ul,Oliveira de Azeméis,Jardim de Infância,error:400,,,"{
  ""error"": {
    ""code"": 400,
    ""message"": ""API key expired. Please renew the API key."",
    ""status"": ""INVALID_ARGUMENT"",
    ""details"": [
      {
        ""@type"": ""type.googleapis.com/google.rpc"
34870,Jardim de Infância de Carvalho,Válega,Ovar,Jardim de Infância,error:400,,,"{
  ""error"": {
    ""code"": 400,
    ""message"": ""API key expired. Please renew the API key."",
    ""status"": ""INVALID_ARGUMENT"",
    ""details"": [
      {
        ""@type"": ""type.googleapis.com/google.rpc"
34871,"Escola Básica de Regedoura, Válega",Valega-Ovar,Ovar,Jardim de Infância,error:400,,,"{
  ""error"": {
    ""code"": 400,
    ""message"": ""API key expired. Please renew the API key."",
    ""status"": ""INVALID_ARGUMENT"",
    ""details"": [
      {
        ""@type"": ""type.googleapis.com/google.rpc"
34872,JI de São Vicente de Pereira Jusã,São Vicente de Pereira Jusã,Ovar,Jardim de Infância,error:400,,,"{
  ""error"": {
    ""code"": 400,
    ""message"": ""API key expired. Please renew the API key."",
    ""status"": ""INVALID_ARGUMENT"",
    ""details"": [
      {
        ""@type"": ""type.googleapis.com/google.rpc"
34875,"Escola Básica das Fontaínhas,a",São João da Madeira,São João da Madeira,Jardim de Infância,error:400,,,"{
  ""error"": {
    ""code"": 400,
    ""message"": ""API key expired. Please renew the API key."",
    ""status"": ""INVALID_ARGUMENT"",
    ""details"": [
      {
        ""@type"": ""type.googleapis.com/google.rpc"
34877,Escola Básica de Carquejido,Carquejido,São João da Madeira,Jardim de Infância,error:400,,,"{
  ""error"": {
    ""code"": 400,
    ""message"": ""API key expired. Please renew the API key."",
    ""status"": ""INVALID_ARGUMENT"",
    ""details"": [
      {
        ""@type"": ""type.googleapis.com/google.rpc"
36427,Escola Básica de Vila Chã,Vale de Cambra,Vale de Cambra,Jardim de Infância,error:400,,,"{
  ""error"": {
    ""code"": 400,
    ""message"": ""API key expired. Please renew the API key."",
    ""status"": ""INVALID_ARGUMENT"",
    ""details"": [
      {
        ""@type"": ""type.googleapis.com/google.rpc"
36429,Escola Básica de Codal,Vale de Cambra,Vale de Cambra,Jardim de Infância,error:400,,,"{
  ""error"": {
    ""code"": 400,
    ""message"": ""API key expired. Please renew the API key."",
    ""status"": ""INVALID_ARGUMENT"",
    ""details"": [
      {
        ""@type"": ""type.googleapis.com/google.rpc"
36432,Escola Básica de Macinhata,Vale de Cambra,Vale de Cambra,Jardim de Infância,error:400,,,"{
  ""error"": {
    ""code"": 400,
    ""message"": ""API key expired. Please renew the API key."",
    ""status"": ""INVALID_ARGUMENT"",
    ""details"": [
      {
        ""@type"": ""type.googleapis.com/google.rpc"
36438,Escola Básica de Angeja,Angeja,Albergaria-a-Velha,Jardim de Infância,error:400,,,"{
  ""error"": {
    ""code"": 400,
    ""message"": ""API key expired. Please renew the API key."",
    ""status"": ""INVALID_ARGUMENT"",
    ""details"": [
      {
        ""@type"": ""type.googleapis.com/google.rpc"
36855,EB1/JI de Casal da Renda,Paraíso Cpv,Castelo de Paiva,Jardim de Infância,error:400,,,"{
  ""error"": {
    ""code"": 400,
    ""message"": ""API key expired. Please renew the API key."",
    ""status"": ""INVALID_ARGUMENT"",
    ""details"": [
      {
        ""@type"": ""type.googleapis.com/google.rpc"
36954,Centro Escolar de Sobral,Mozelos,Santa Maria da Feira,Jardim de Infância,error:400,,,"{
  ""error"": {
    ""code"": 400,
    ""message"": ""API key expired. Please renew the API key."",
    ""status"": ""INVALID_ARGUMENT"",
    ""details"": [
      {
        ""@type"": ""type.googleapis.com/google.rpc"
37593,Escola Básica de Laginhas,Albergaria-A-Velha,Coruche,Jardim de Infância,error:400,,,"{
  ""error"": {
    ""code"": 400,
    ""message"": ""API key expired. Please renew the API key."",
    ""status"": ""INVALID_ARGUMENT"",
    ""details"": [
      {
        ""@type"": ""type.googleapis.com/google.rpc"
37594,Escola Básica de Janardo,Vale de Cambra,Vale de Cambra,Jardim de Infância,error:400,,,"{
  ""error"": {
    ""code"": 400,
    ""message"": ""API key expired. Please renew the API key."",
    ""status"": ""INVALID_ARGUMENT"",
    ""details"": [
      {
        ""@type"": ""type.googleapis.com/google.rpc"
1069,Creche Jardim Nossa Senhora da Conceição,Serpa,Serpa,Creche e Jardim de Infância,error:400,,,"{
  ""error"": {
    ""code"": 400,
    ""message"": ""API key expired. Please renew the API key."",
    ""status"": ""INVALID_ARGUMENT"",
    ""details"": [
      {
        ""@type"": ""type.googleapis.com/google.rpc"
19981,Jardim Infantil Nossa Senhora da Conceição,Beja,Beja,Creche e Jardim de Infância,error:400,,,"{
  ""error"": {
    ""code"": 400,
    ""message"": ""API key expired. Please renew the API key."",
    ""status"": ""INVALID_ARGUMENT"",
    ""details"": [
      {
        ""@type"": ""type.googleapis.com/google.rpc"
20701,"Creche ""O Sonho da Criança""",Beja,Beja,Creche,error:400,,,"{
  ""error"": {
    ""code"": 400,
    ""message"": ""API key expired. Please renew the API key."",
    ""status"": ""INVALID_ARGUMENT"",
    ""details"": [
      {
        ""@type"": ""type.googleapis.com/google.rpc"
24677,Creche o Bem-Me-Quer,Amareleja,Moura,Creche,error:400,,,"{
  ""error"": {
    ""code"": 400,
    ""message"": ""API key expired. Please renew the API key."",
    ""status"": ""INVALID_ARGUMENT"",
    ""details"": [
      {
        ""@type"": ""type.googleapis.com/google.rpc"
25070,Creche - Aldeia Nova,Vila Nova de São Bento,Serpa,Creche,error:400,,,"{
  ""error"": {
    ""code"": 400,
    ""message"": ""API key expired. Please renew the API key."",
    ""status"": ""INVALID_ARGUMENT"",
    ""details"": [
      {
        ""@type"": ""type.googleapis.com/google.rpc"
32290,"Creche "" Amor Perfeito""",Moura,Moura,Creche,error:400,,,"{
  ""error"": {
    ""code"": 400,
    ""message"": ""API key expired. Please renew the API key."",
    ""status"": ""INVALID_ARGUMENT"",
    ""details"": [
      {
        ""@type"": ""type.googleapis.com/google.rpc"
29875,Escola Básica de Santa Vitória,Santa Vitória,Beja,Jardim de Infância,error:400,,,"{
  ""error"": {
    ""code"": 400,
    ""message"": ""API key expired. Please renew the API key."",
    ""status"": ""INVALID_ARGUMENT"",
    ""details"": [
      {
        ""@type"": ""type.googleapis.com/google.rpc"
29876,Escola Básica de Santa Clara do Louredo,Santa Clara de Louredo,Beja,Jardim de Infância,error:400,,,"{
  ""error"": {
    ""code"": 400,
    ""message"": ""API key expired. Please renew the API key."",
    ""status"": ""INVALID_ARGUMENT"",
    ""details"": [
      {
        ""@type"": ""type.googleapis.com/google.rpc"
29913,"Jardim de Infância de Garvão, Ourique",,Gavião,Jardim de Infância,error:400,,,"{
  ""error"": {
    ""code"": 400,
    ""message"": ""API key expired. Please renew the API key."",
    ""status"": ""INVALID_ARGUMENT"",
    ""details"": [
      {
        ""@type"": ""type.googleapis.com/google.rpc"
29986,Jardim de Infância de Vila Nova de Milfontes,Vila Nova de Milfontes,Odemira,Jardim de Infância,error:400,,,"{
  ""error"": {
    ""code"": 400,
    ""message"": ""API key expired. Please renew the API key."",
    ""status"": ""INVALID_ARGUMENT"",
    ""details"": [
      {
        ""@type"": ""type.googleapis.com/google.rpc"
30733,Escola Básica de Brinches,Brinches,Serpa,Jardim de Infância,error:400,,,"{
  ""error"": {
    ""code"": 400,
    ""message"": ""API key expired. Please renew the API key."",
    ""status"": ""INVALID_ARGUMENT"",
    ""details"": [
      {
        ""@type"": ""type.googleapis.com/google.rpc"
31229,Epei a-Do-Pinto,A-Do-Pinto,Serpa,Jardim de Infância,error:400,,,"{
  ""error"": {
    ""code"": 400,
    ""message"": ""API key expired. Please renew the API key."",
    ""status"": ""INVALID_ARGUMENT"",
    ""details"": [
      {
        ""@type"": ""type.googleapis.com/google.rpc"
31230,Jardim de Infância de Mértola,Mértola,Mértola,Jardim de Infância,error:400,,,"{
  ""error"": {
    ""code"": 400,
    ""message"": ""API key expired. Please renew the API key."",
    ""status"": ""INVALID_ARGUMENT"",
    ""details"": [
      {
        ""@type"": ""type.googleapis.com/google.rpc"
31506,Escola Básica de Bombeiros Voluntários,Moura,Moura,Jardim de Infância,error:400,,,"{
  ""error"": {
    ""code"": 400,
    ""message"": ""API key expired. Please renew the API key."",
    ""status"": ""INVALID_ARGUMENT"",
    ""details"": [
      {
        ""@type"": ""type.googleapis.com/google.rpc"
31523,Jardim de Infância de Santo Aleixo Restauração,Santo Aleixo Restauração,Moura,Jardim de Infância,error:400,,,"{
  ""error"": {
    ""code"": 400,
    ""message"": ""API key expired. Please renew the API key."",
    ""status"": ""INVALID_ARGUMENT"",
    ""details"": [
      {
        ""@type"": ""type.googleapis.com/google.rpc"
31558,Ebi JI Frei António Chagas,Vidigueira,Vidigueira,Jardim de Infância,error:400,,,"{
  ""error"": {
    ""code"": 400,
    ""message"": ""API key expired. Please renew the API key."",
    ""status"": ""INVALID_ARGUMENT"",
    ""details"": [
      {
        ""@type"": ""type.googleapis.com/google.rpc"
31596,Jardim de Infância de Aldeia dos Fernandes,Aldeia dos Fernandes,Almodôvar,Jardim de Infância,error:400,,,"{
  ""error"": {
    ""code"": 400,
    ""message"": ""API key expired. Please renew the API key."",
    ""status"": ""INVALID_ARGUMENT"",
    ""details"": [
      {
        ""@type"": ""type.googleapis.com/google.rpc"
32321,Jardim Infância de Vila Nova de S. Bento,Vila Nova de São Bento,Serpa,Jardim de Infância,error:400,,,"{
  ""error"": {
    ""code"": 400,
    ""message"": ""API key expired. Please renew the API key."",
    ""status"": ""INVALID_ARGUMENT"",
    ""details"": [
      {
        ""@type"": ""type.googleapis.com/google.rpc"
32473,Jardim-De-Infância e Escola Básica de 1º Ciclo de São Luís,São Luís,Odemira,Jardim de Infância,error:400,,,"{
  ""error"": {
    ""code"": 400,
    ""message"": ""API key expired. Please renew the API key."",
    ""status"": ""INVALID_ARGUMENT"",
    ""details"": [
      {
        ""@type"": ""type.googleapis.com/google.rpc"
32475,Escola Básica de Algodor,Alcaria Ruiva,Mértola,Jardim de Infância,error:400,,,"{
  ""error"": {
    ""code"": 400,
    ""message"": ""API key expired. Please renew the API key."",
    ""status"": ""INVALID_ARGUMENT"",
    ""details"": [
      {
        ""@type"": ""type.googleapis.com/google.rpc"
32483,E.b. 1 e Jardim de Infância de Castelão,S. Luís,Odemira,Jardim de Infância,error:400,,,"{
  ""error"": {
    ""code"": 400,
    ""message"": ""API key expired. Please renew the API key."",
    ""status"": ""INVALID_ARGUMENT"",
    ""details"": [
      {
        ""@type"": ""type.googleapis.com/google.rpc"
32504,Escola Básica de Santana de Cambas,Santana de Cambas,Mértola,Jardim de Infância,error:400,,,"{
  ""error"": {
    ""code"": 400,
    ""message"": ""API key expired. Please renew the API key."",
    ""status"": ""INVALID_ARGUMENT"",
    ""details"": [
      {
        ""@type"": ""type.googleapis.com/google.rpc"
32629,EB1 C/JI de Pedrogão,Pedrogão,Vidigueira,Jardim de Infância,error:400,,,"{
  ""error"": {
    ""code"": 400,
    ""message"": ""API key expired. Please renew the API key."",
    ""status"": ""INVALID_ARGUMENT"",
    ""details"": [
      {
        ""@type"": ""type.googleapis.com/google.rpc"
32630,EB1 C/JI de Vila de Frades,Vila de Frades,Vidigueira,Jardim de Infância,error:400,,,"{
  ""error"": {
    ""code"": 400,
    ""message"": ""API key expired. Please renew the API key."",
    ""status"": ""INVALID_ARGUMENT"",
    ""details"": [
      {
        ""@type"": ""type.googleapis.com/google.rpc"
32631,EB1 C/JI de Selmes,Selmes,Vidigueira,Jardim de Infância,error:400,,,"{
  ""error"": {
    ""code"": 400,
    ""message"": ""API key expired. Please renew the API key."",
    ""status"": ""INVALID_ARGUMENT"",
    ""details"": [
      {
        ""@type"": ""type.googleapis.com/google.rpc"
33241,Escola Básica/Jardim de Infância de de Santa Bárbara de Padrões,,Castro Verde,Jardim de Infância,not found,,,"The ""Escola Básica/Jardim de Infância de Santa Bárbara de Padrões"" is part of the Agrupamento de Escolas de Castro Verde (School Group of Castro Verde).

The official website for the Agrupamento de Escolas de Castro Verde is: https://www.ae-castroverde.pt"
33267,Escola Básica/Jardim de Infância de Entradas,Castro Verde,Castro Verde,Jardim de Infância,not found,,,"The ""Escola Básica/Jardim de Infância de Entradas"" is part of the ""Agrupamento de Escolas de Castro Verde"" (School Group of Castro Verde). Therefore, its official information is found on the agrupamento's website.

https://www.agrupamentodeescolasdecastroverde.pt/eb1ji-de-entradas/"
34882,Escola Básica de São Matias,São Matias,Nisa,Jardim de Infância,not found,,,"The official website for ""Escola Básica de São Matias"" appears to be integrated within the website of the Junta de Freguesia de São Matias.

https://www.jfsaomatias.pt/rede-escolar/escola-basica-de-sao-matias-jardim-de-infancia-de-sao-matias"
34885,Escola Básica de Trigaches,Trigaches,Beja,Jardim de Infância,not found,,,not found
34887,Escola Básica de Zambujeira do Mar,Zambujeira do Mar,Odemira,Jardim de Infância,not found,,,The Escola Básica de Zambujeira do Mar is part of the Agrupamento de Escolas de São Teotónio. The official website for the Agrupamento de Escolas de São Teotónio is aest.edu.pt.
34890,Escola Básica de São Martinho das Amoreiras,S Martinho das Amoreiras,Odemira,Jardim de Infância,https://aesmartinho.pt,,,"The ""Escola Básica de São Martinho das Amoreiras"" in S Martinho das Amoreiras, Portugal, does not appear to have a standalone official website. However, it is listed as part of the Agrupamento de Escolas de Odemira, which likely means its information is integrated into the larger school group's online presence. Another school with a similar name, ""Escola Básica São Martinho"" or ""Agrupamento de Escolas de São Martinho,"" located in São Martinho do Campo, Santo Tirso, has an official website at aesmartinho.pt. There is also an ""EB1/PE de São Martinho"" which is part of the regional government's Escola Digital in the Autonomous Region of Madeira.

Given the specific location of ""S Martinho das Amoreiras"" which is within the municipality of Odemira, the most relevant information points to the school being part of the Odemira school cluster. Therefore, a direct official website for ""Escola Básica de São Martinho das Amoreiras"" was not found."
34892,Centro Escolar da Boavista dos Pinheiros,Boavista dos Pinheiros,Odemira,Jardim de Infância,https://gmail.com,yes,domain doesn't match institution name,"The ""Centro Escolar da Boavista dos Pinheiros"" is located in Odemira, Portugal, and is part of the ""Agrupamento de Escolas de Odemira"" (School Grouping of Odemira). While there isn't a dedicated official website solely for the ""Centro Escolar da Boavista dos Pinheiros"", information about it can be found through the Agrupamento de Escolas de Odemira or the local municipality. The email for the center is ceboavistapinheiros@gmail.com."
34893,Escola Básica de Ervidel,Ervidel,Aljustrel,Jardim de Infância,not found,,,"The official website for ""Escola Básica de Ervidel"" is part of the Agrupamento de Escolas de Aljustrel, and the specific page for Ervidel is under construction.

https://www.aerescolas.pt/eb1ji-de-ervidel"
34894,Escola Básica de Rio de Moinhos,Rio de Moinhos Ajt,Aljustrel,Jardim de Infância,http://www.aepenafielsudeste.pt/,yes,domain doesn't match institution name,"It appears there are several ""Escola Básica de Rio de Moinhos"" institutions in Portugal, located in different municipalities. To provide the correct URL, it's important to identify which specific ""Rio de Moinhos Ajt"" you are referring to, as ""Ajt"" doesn't clearly correspond to a known municipality in Portugal.

However, based on the search results, here are some URLs for ""Escola Básica de Rio de Moinhos"" associated with different locations:

*   **Agrupamento de Escolas de Aljustrel (Rio de Moinhos in Aljustrel):** This school's page states ""Em construção"" (Under construction).
*   **Agrupamento de Escolas Penafiel Sudeste (Rio de Moinhos in Penafiel):** The website for the agrupamento (group of schools) that includes an Escola Básica de Rio de Moinhos in Penafiel is http://www.aepenafielsudeste.pt/.
*   **Município de Esposende (Rio de Moinhos in Esposende):** The Escola Básica de Rio de Moinhos in Esposende is listed on the Esposende Educa portal, but it does not have a separate official website.

Please clarify the exact municipality for ""Rio de Moinhos Ajt"" to help me find the precise official website."
34895,Escola Básica de Messejana,Messejana,Aljustrel,Jardim de Infância,not found,,,"A ""Escola Básica de Messejana"" is part of the ""Agrupamento de Escolas de Aljustrel"". The official website for the ""Agrupamento de Escolas de Aljustrel"" is where information about Escola Básica de Messejana can be found.

The URL is: https://www.aerescolas.pt/"
34899,Jardim de Infância de Figueira de Cavaleiros,Ferreira do Alentejo,Ferreira do Alentejo,Jardim de Infância,not found,,,not found
34903,Escola Básica de Rosário,Rosário,Almodôvar,Jardim de Infância,https://gmail.com,yes,domain doesn't match institution name,"It appears there are several institutions in Portugal with ""Rosário"" in their name, including ""Escola Básica do Rosário"" in Moita and ""Escola Básica de Rosário"" in Almodôvar.

The ""Escola Básica do Rosário"" in Moita is listed on the Câmara Municipal da Moita (Moita City Council) website, with the email address ejirosario@gmail.com.

Another ""Escola Básica de Rosário"" is located in Almodôvar and is part of the Agrupamento de Escolas de Almodôvar. The email for this school is direcao@aealmodovar.edu.gov.pt.

There's also a ""Colégio do Rosário"" in Porto, which is a private Catholic school with its own website: www.colegiodorosario.pt.

Since the request was for ""Escola Básica de Rosário"" specifically in ""Rosário, Portugal"" and did not specify a municipality, and given the existence of multiple schools with similar names, it's not possible to definitively provide a single ""official website"" without further clarification.

Therefore, the answer is not found."
34904,Escola Básica de Santa Clara-A-Nova,Santa Clara-A-Nova,Almodôvar,Jardim de Infância,https://DirectorioEscolas.eu,,,"I was unable to find an official website specifically for ""Escola Básica de Santa Clara-A-Nova"" in Santa Clara-A-Nova, Portugal. Several search results mention an ""Escola Básica de Santa Clara,"" but these appear to be in different locations (Lisbon or Évora) and associated with different school groups.

One result, from DirectorioEscolas.eu, lists ""Escola Básica de Santa Clara-a-Nova, Almodôvar"" which is a town in the Beja District, matching the general region for Santa Clara-A-Nova. However, this listing provides an email address and phone number, but no website URL.

Another result refers to ""Colégio de Santa Clara"" with a website, but it is a private institution and seems distinct from a public ""Escola Básica""."
34906,Escola Básica de Vale de Vargo,Vale de Vargo,Serpa,Jardim de Infância,not found,,,"The Escola Básica de Vale de Vargo is part of the Agrupamento de Escolas n.º 1 de Serpa. The official website for the Agrupamento de Escolas n.º 1 de Serpa, which includes information about Escola Básica de Vale de Vargo, is https://www.aeserpa1.pt/."
34907,Escola Básica de Pias,Pias Srp,Serpa,Jardim de Infância,not found,,,http://ebipias.drealentejo.pt
37108,Jardim de Infância de Vila Nova de Baronia,Vila Nova de Baronia,Alvito,Jardim de Infância,https://vilanovadabaronia.freguesias.pt/,,,"I could not find an official independent website specifically for ""Jardim de Infância de Vila Nova de Baronia"". However, the institution is part of the ""Agrupamento de Escolas de Alvito"".

Here are some relevant links:

*   **Agrupamento de Escolas de Alvito:** This is the larger school group that includes the Jardim de Infância de Vila Nova de Baronia.
*   **Junta de Freguesia de Vila Nova da Baronia:** https://vilanovadabaronia.freguesias.pt/ This is the local parish council, which lists contact information for the Jardim de Infância."
39198,Jardim de Infância de Foros do Galeado,Vila Nova de Milfontes,Odemira,Jardim de Infância,not found,,,"The ""Jardim de Infância de Foros do Galeado"" is part of the ""Agrupamento de Escolas de Vila Nova de Milfontes"".

The official website for the Agrupamento de Escolas de Vila Nova de Milfontes, which includes the Jardim de Infância de Foros do Galeado, is: https://agrupamentomilfontes.wixsite.com/agrupamentomilfontes"
156,Centro Social da Paroquia de Penselo,Guimarães,Guimarães,Creche e Jardim de Infância,not found,,,https://somosipss.pt/instituicao/centro-social-da-paroquia-de-penselo
187,Centro Social da Paróquia de São Victor,Braga,Braga,Creche,not found,,,not found
2579,Creche as Formiguinhas - Santa Casa Misericórdia Barcelos,Barcelos,Vila Nova de Gaia,Creche,not found,,,Creche as Formiguinhas is part of the Santa Casa da Misericórdia de Barcelos. The official website for Santa Casa da Misericórdia de Barcelos is http://www.scmb.maisbarcelos.pt/.
3015,Creche do Lar do Trabalhador de Prado,Vila Prado,Vila Verde,Creche,not found,,,"While ""Creche do Lar do Trabalhador de Prado"" is a childcare institution in Vila Prado, Portugal, a dedicated official website for this specific creche was not found.

Information about the creche, including its address and contact number, can be found on platforms like Mapa Social and Primeira Imagem. The ""Lar do Trabalhador de Prado"" (Worker's Home of Prado), which is the owning entity of the creche, is a foundation.

The ""Lar do Trabalhador da Paróquia de Prado"" (Worker's Home of the Parish of Prado) is planning to build a new creche and senior residence, indicating future developments in the area. There is also a ""Casa do Povo da Vila de Prado"" (People's House of Vila de Prado) which is an IPSS (Private Institution of Social Solidarity) that supports childhood and the elderly, among other social activities."
3035,Centro Social Paroquial Sobreposta,Braga,Braga,Creche,not found,,,not found
3052,Centro de Solidariedade Social de Valdozende,Valdozende,Terras de Bouro,Creche e Jardim de Infância,https://www.cssv.pt,yes,domain doesn't match institution name; combined tipo — may have split pages,www.cssv.pt
3065,Centro Social da Paróquia de Cavês,Cabeceiras de Basto,Cabeceiras de Basto,Creche,http://www.cspcaves.com/,yes,domain doesn't match institution name,http://www.cspcaves.com/
3106,Centro Sócio Cultural e Desportivo de Sande S. Clemente-Creche,Sande S. Clemente,Guimarães,Creche,not found,,,https://www.csclemente.pt
3108,Equip Social do Centro Social de São Pedro Azurém,Guimarães,Guimarães,Creche,https://gmail.com,yes,domain doesn't match institution name,"I was unable to find an official website specifically for ""Equip Social do Centro Social de São Pedro Azurém"" in Guimarães, Portugal.

While several sources mention ""Centro Social de São Pedro Azurém"" as an institution offering childcare and social support in Guimarães, a dedicated official website for this specific ""Equip Social"" (Social Equipment/Facility) could not be identified from the search results.

Some results point to general directories or municipal portals that list the institution and its services, such as Mapa Social and the Guimarães Municipality's Associativism Portal. There is also mention of an email address (csazurem@gmail.com) and phone number (253516372) for ""Centro Social de São Pedro de Azurém"".

It is possible that ""Equip Social do Centro Social de São Pedro Azurém"" refers to a specific facility or set of services within the broader ""Centro Social de São Pedro Azurém,"" which may not have its own independent website."
3111,Creche da Casa do Povo Serzedelo,Guimarães,Póvoa de Lanhoso,Creche,not found,,,not found
3134,Centro Infantil Golães,Golães,Fafe,Creche e Jardim de Infância,not found,,,not found
3139,Creche Mais,Guimarães,Guimarães,Creche,not found,,,"""Creche Mais"" in Guimarães, Portugal, is owned by ""Lar Santa Estefânia,"" an Association of Social Solidarity. While there doesn't appear to be a dedicated official website solely for ""Creche Mais,"" Lar Santa Estefânia has a presence on Mapa Social, which provides contact information including an email address and phone number (253414652). They also have a Facebook page."
3159,Mãe Cegonha - Creche e Jardim de Infância,Braga,Braga,Creche,not found,,,not found
3161,Infantário de Sta. Ana - Irmandade de Santa Cruz,Braga,Braga,Creche e Jardim de Infância,not found,,,https://www.irmandadesantacruz.pt/infantario-de-santa-ana
3177,Centro Social Cultural Doutor Nuno Simões,Vila Nova de Famalicão,Vila Nova de Famalicão,Creche e Jardim de Infância,not found,,,The official website for Centro Social Cultural Doutor Nuno Simões is https://cscns.pt/.
3186,Centro Social Paroquial Castelões,Vila Nova de Famalicão,Vila Nova de Famalicão,Creche e Jardim de Infância,http://www.cspcasteloes.pt,yes,combined tipo — may have split pages,"The official website for ""Centro Social Paroquial Castelões"" in Vila Nova de Famalicão, Portugal is http://www.cspcasteloes.pt."
3187,Jardim de Infância Centro Social Paroquial São Dâmaso,Guimarães,Guimarães,Creche e Jardim de Infância,not found,,,not found
4211,Creche Centro Humanitário da Cruz Vermelha Portuguesa de Macieira de Rates,Barcelos,Barcelos,Creche e Jardim de Infância,not found,,,not found
4217,Centro Social Paroquial de São Miguel das Caldas de Vizela,Vizela,Vizela,Creche,not found,,,www.cspsmvizela.com
4221,A Bogalha,Braga,Braga,Creche e Jardim de Infância,not found,,,http://www.bogalha.pt
4229,Associação Bem Me Quer - Solidariedade em Delães,Vila Nova de Famalicão,Vila Nova de Famalicão,Creche e Jardim de Infância,not found,,,not found
4230,Centro Paroquial de Santa Maria,Vila Nova de Famalicão,Vila Nova de Famalicão,Creche e Jardim de Infância,not found,,,https://centrosantamaria.dotpro.pt/
4232,Centro Social Paroquia São Martinho Pousada de Saramagos - Equipamento P/Infância,Vila Nova de Famalicão,Vila Nova de Famalicão,Creche e Jardim de Infância,not found,,,www.centrosocialpousadasaramagos.pt
4253,Creche Arco Íris - Centro Social Paroquial de Casteloes - Polo de Pedome,Pedome,Vila Nova de Famalicão,Creche,http://ipss-casteloes.pt/,,,"The official website for Creche Arco Íris - Centro Social Paroquial de Casteloes - Polo de Pedome is part of the larger institution, Centro Social da Paróquia de Castelões. Their website is: http://ipss-casteloes.pt/."
11146,Associação de São José,Braga,Braga,Creche e Jardim de Infância,not found,,,"The ""Associação de São José"" in Braga, Portugal, appears to have two different entities with similar names.

The first, ""Associação de São José"", which includes a créche, pre-school and a ""Centro de Apoio à Vida"" (Life Support Center), can be found at https://associacaosjose.com/.

The second, ""Oficina de S. José"", is also an IPSS (Private Institution of Social Solidarity) and focuses on residential care for children and young people at risk. Their website is https://oficinadesaojose.com/."
13099,Creche da Associação de Solidariedade Social de Sta. Maria de Lamaçães,Braga,Braga,Creche,http://crechedelamacaes.pt/,,,"The official website for ""Creche da Associação de Solidariedade Social de Sta. Maria de Lamaçães"" is http://crechedelamacaes.pt/."
13104,Infantário de Mazagão - Centro Paroquial F. C S S. S.lázaro,Braga,Braga,Creche e Jardim de Infância,not found,,,"The official website for ""Infantário de Mazagão - Centro Paroquial F. C S S. S.Lázaro"" in Braga, Portugal is not found. However, information about this institution is available through the ""Mapa Social"" platform and Coverflex.

The Mapa Social listing for ""INFANTÁRIO DE MAZAGÃO - CENTRO PAROQUIAL F. C S S. S.LÁZARO"" provides contact details including a phone number (253672847) and an email address (centrosocialslazaro@sapo.pt).

Coverflex, a platform for childcare vouchers, also lists ""Creche e Jardim de Infância de Mazagão - Centro Social e Paroquial de S. Lázaro"" with the website email address geral@cspsl.pt and phone number 253609090."
13127,Creche - Polo 2 - Centro Cultural e Social de Santo Adrião,Braga,Braga,Creche,https://santoadriao.com/,,,https://santoadriao.com/
13140,Centro Social e Paroquial de Gilmonde,Gilmonde,Barcelos,Creche e Jardim de Infância,not found,,,not found
13141,CASP - Centro de Apoio e Solidariedade de Pousa,Pousa,Barcelos,Creche,not found,,,http://www.casp.maisbarcelos.pt/
17865,Creche Aldeia da Gente Pequena,Braga,Braga,Creche,not found,,,https://aldeiadagentep.yolasite.com/
18089,Equip Soc Centro Social Paroquial de Vale S. Cosme,Vila Nova de Famalicão,Vila Nova de Famalicão,Creche,https://www.cspvscosme.com,,,"The official website for ""Equip Soc Centro Social Paroquial de Vale S. Cosme"" in Vila Nova de Famalicão, Portugal is www.cspvscosme.com."
18296,Recreio do João - Cooperativa de Solidariedade Social,Vila Nova de Famalicão,Vila Nova de Famalicão,Creche,not found,,,not found
19083,Solidariedade - Grupo Cultural Recreativo Martim de Freitas,Fafe,Fafe,Creche e Jardim de Infância,not found,,,not found
21805,"O Talvaizinho - Jardim de Infância, Lda.",Vila Nova de Famalicão,Vila Nova de Famalicão,Creche e Jardim de Infância,not found,,,not found
21987,Centro Comunitário da Associação de Solidariedade Social de Basto,Celorico de Basto,Celorico de Basto,Creche,not found,,,"The official website for ""Centro Comunitário da Associação de Solidariedade Social de Basto"" is part of the Associação de Solidariedade Social de Basto website: https://assb.pt."
22031,Centro Social Aldeia da Gente Pequena,Braga,Braga,Creche e Jardim de Infância,not found,,,https://aldeiadagentepquena.yolasite.com/
22144,"Creche ""Girafa"" - Associação de Fomento Amarense",Amares,Amares,Creche,not found,,,"The official website for ""Creche ""Girafa"" - Associação de Fomento Amarense"" is afa-ipss.pt."
23048,Creche Traquilândia Centro Social e Paroquial de Vilar da Veiga,Vilar da Veiga,Terras de Bouro,Creche,not found,,,not found
23783,Obra Social do Sagrado Coração de Maria - Braga,Braga,Braga,Creche,not found,,,The official website for Obra Social do Sagrado Coração de Maria is https://osscm.pt/. This website provides information for both their Braga and Guimarães centers.
24610,Infantário da Escola Preparatória de Vila Nova de Famalicão,Calendário-V.n.famalicão,Vila Nova de Famalicão,Creche,not found,,,"The official website for ""Infantário da Escola Preparatória de Vila Nova de Famalicão"" is not found. However, it is associated with ""Júlio Brandão Infantário"", and it's a Private Institution of Social Solidarity. It also appears in directories as ""Infantário da Escola Preparatória de Vila Nova de Famalicão"" with an email address infescprepvnf@hotmail.com and phone number 252312512."
24887,Casa dos Bebés,Celorico de Basto,Celorico de Basto,Creche,not found,,,"""Casa dos Bebés"" in Celorico de Basto is a childcare institution under the ownership of ""Centro Social Paroquial Divino Salvador"" in Ribas. While there isn't a dedicated official website solely for ""Casa dos Bebés"" found in the search results, you can find information about it through the ""Mapa Social"" website.

The ""Mapa Social"" website lists ""Casa dos Bebés"" with the address Avenida do Centro Social de Ribas, N.º 49, 4890-508 Celorico de Basto. It also provides a phone number (253755132) and an email address (centrosocial.ribas@gmail.com) for the owning entity, Centro Social Paroquial Divino Salvador. Additionally, a Facebook contact is mentioned."
24981,"2008 Coop - Cooperativa de Solidariedade Social, CRL",Braga,Braga,Creche,not found,,,"I was unable to find an official website for ""2008 Coop - Cooperativa de Solidariedade Social, CRL"" in Braga, Portugal. Several sources provide contact information, including an address (Rua de Santa Justa, 29, 4705-108 Braga) and a phone number (253 215 891), and an email address (coop2008@live.com.pt). However, an official website URL was not found."
25073,Centro de Solidariedade Social de S. Veríssimo,Tamel São Veríssimo,Barcelos,Creche,http://css-sverissimo.pt/,,,http://css-sverissimo.pt/
25354,Complexo de Apoio Social Alargado - Casal do Telhado,S. Eulália,Vizela,Creche,not found,,,"The official website for ""Complexo de Apoio Social Alargado - Casal do Telhado"" is not found. However, it is part of the ""Centro Social Paroquial de Santa Eulália - Vizela"", which has a website."
26380,Centro de Apoio à Infância e Terceira Idade - Prado,Prado,Vila Verde,Creche,not found,,,"It appears that ""Centro de Apoio à Infância e Terceira Idade - Prado"" is a service offered by or closely associated with ""Casa do Povo de Vila do Prado"" and ""Santa Casa da Misericórdia de Vila Verde"".

The official website for ""Casa do Povo de Vila do Prado"" is https://cpvp.pt. This institution provides social responses for families, children, and young people through daycare, pre-school education, and after-school activities, and is also developing a home support service for the elderly.

The ""Centro de Apoio à Infância e Terceira Idade - Prado"" is also mentioned in connection with Santa Casa da Misericórdia de Vila Verde, which owns the entity.

While ""Centro de Apoio à Infância e Terceira Idade - Prado"" is listed as a service and facility in several directories and news articles, it does not appear to have a standalone official website. Instead, its information is integrated into the websites of related institutions. Therefore, the most relevant official website would be that of the ""Casa do Povo de Vila do Prado"".

https://cpvp.pt"
26692,Lar e Creche da A.R.C.A.,Arco de Baúlhe,Cabeceiras de Basto,Creche,not found,,,not found
34072,Associação Cristã Amor em Ação - Colégio Semear,S. Victor,Braga,Creche e Jardim de Infância,not found,,,not found
37400,Associação Social de Pereira,Pereira,Montemor-o-Velho,Creche,not found,,,"I found a website for ""Associação Social de Pereira"". It appears to be their official site.

https://associacaosocialpereira.com/"
39121,The Sailors - S. Vítor,Braga,Braga,Creche,https://thesailors.pt/creche-the-sailors/,,,"The official website for ""The Sailors - S. Vítor"" in Braga, Portugal is https://thesailors.pt/creche-the-sailors/."
39181,Creche Arco Íris,Vizela,Vizela,Creche,not found,,,"The ""Creche Arco Íris"" in Vizela, Portugal, is part of the Santa Casa da Misericórdia de Vizela. While the Santa Casa da Misericórdia de Vizela has a website that details their educational services, including a creche, a specific separate website for ""Creche Arco Íris"" was not found.

The Santa Casa da Misericórdia de Vizela website: http://planeta.clix.pt/scmv/"
39235,Creche Dr.ª Maria Júlia Martins,Cantelães,Vieira do Minho,Creche,not found,,,not found
39636,Fábula - Academia de Apoio às Famílias,Barcelos,Barcelos,Creche,not found,,,not found
39638,Creche Minimeus,Barcelos,Barcelos,Creche,not found,,,not found
39644,Creche de Gandarela de Basto,Basto (São Clemente),Celorico de Basto,Creche,not found,,,not found
39645,Creche do Centro Social da Paróquia de São Bartolomeu do Rego,Rego,Celorico de Basto,Creche,not found,,,not found
3115,Obra Social do Sagrado Coração de Maria - Guimarães,Guimarães,Guimarães,Jardim de Infância,not found,,,http://irscm-obrasocial.pt
3118,Centro Social e Paroquial São Martinho de Sande,Guimarães,Guimarães,Jardim de Infância,not found,,,not found
13149,Centro de Dia do Centro Social da Paróquia de Polvoreira,Guimarães,Guimarães,Jardim de Infância,https://www.cspolvoreira.com,,,"The official website for ""Centro de Dia do Centro Social da Paróquia de Polvoreira"" is www.cspolvoreira.com."
21958,Centro Paroquial de S. Romão de Mesão Frio,Guimarães,Guimarães,Jardim de Infância,not found,,,not found
29387,Jardim Infantil do Centro Paroquial,Vila Chã Eps,Vila do Conde,Jardim de Infância,not found,,,"The official website for ""Jardim Infantil do Centro Paroquial"" in Vila Chã Eps, Portugal is cpsvc.webnode.page."
29420,Jardim de Infância Bente,Bente,Vila Nova de Famalicão,Jardim de Infância,not found,,,"The ""Jardim de Infância Bente"" in Bente, Portugal, is part of the ""Agrupamento de Escolas Terras do Ave"" in Vila Nova de Famalicão.

The official website for the institution can be found as part of the agrupamento's website: https://aeterrasdoave.pt/ji-de-bente/"
29597,Jardim de Infância Montelongo,Fafe,Fafe,Jardim de Infância,not found,,,"The official website for ""Jardim de Infância Montelongo"" in Fafe, Portugal, was not found. While several sources provide contact information, addresses, and details about the institution, a dedicated official website is not listed. The ""Mapa Social"" mentions a Facebook contact, but no direct link to an official website. The ""Portal do Associativismo - Município de Fafe"" also does not list a website for the institution."
29823,Escola Básica de Riba de Ave,Riba de Ave,Vila Nova de Famalicão,Jardim de Infância,not found,,,"The ""Escola Básica de Riba de Ave"" is part of the ""Agrupamento de Escolas Terras do Ave"" in Vila Nova de Famalicão, Portugal.

The official website for the ""Agrupamento de Escolas Terras do Ave"" is where you can find information about Escola Básica de Riba de Ave.

https://www.aeterrasdoave.pt/"
29826,Escola Básica de Delães,Delães,Vila Nova de Famalicão,Jardim de Infância,not found,,,"The Escola Básica de Delães is part of the ""Agrupamento de Escolas Terras do Ave"" in Vila Nova de Famalicão, Portugal.

The official website for the ""Agrupamento de Escolas Terras do Ave"" is: https://www.aeterrasdoave.pt"
29827,"Escola Básica de Oliveira S. Mateus, Vila Nova Famalicão",Oliveira S. Mateus,Vila Nova de Famalicão,Jardim de Infância,not found,,,"The Escola Básica de Oliveira S. Mateus in Vila Nova de Famalicão, Portugal, is part of the ""Agrupamento de Escolas Terras do Ave, Vila Nova de Famalicão"". While there isn't a standalone official website for the Escola Básica de Oliveira S. Mateus, information about it can be found on the Eco-Escolas website and it is listed under the Agrupamento de Escolas Terras do Ave.

The Agrupamento de Escolas D. Maria II, another school group in Vila Nova de Famalicão, has an official website. However, this is a different agrupamento (school cluster) than the one Escola Básica de Oliveira S. Mateus belongs to.

Therefore, a direct, standalone official website for ""Escola Básica de Oliveira S. Mateus, Vila Nova Famalicão"" was not found."
29849,"Jardim de Infância de Calçadas, Barcelos",Calçadas,Vila Nova de Gaia,Jardim de Infância,not found,,,"The Jardim de Infância de Calçadas, Barcelos is part of the Agrupamento de Escolas Gonçalo Nunes, Barcelos.

You can find information about it on the Agrupamento de Escolas Gonçalo Nunes website:

https://aegn-barcelos.wixsite.com/aegn/jardins-de-infancia"
29888,Escola Básica de Barranhas,Vilarinho das Cambas,Vila Nova de Famalicão,Jardim de Infância,not found,,,The Escola Básica de Barranhas in Vilarinho das Cambas is part of the Agrupamento de Escolas de Ribeirão. The official website for the Agrupamento de Escolas de Ribeirão is https://www.aesribeirao.pt/.
29889,JI de Lousado,Lousado,Vila Nova de Famalicão,Jardim de Infância,not found,,,"It appears that ""JI de Lousado"" is part of a larger educational group, the Agrupamento de Escolas de Ribeirão.

The official website for ""JI Lousado"" can be found within the Agrupamento de Escolas de Ribeirão website:

https://vertexaisearch.cloud.google.com/grounding-api-redirect/AUZIYQH9Sr4r7ehcqKxAKmZ_r5MZoE7ejqc03HtpUirjsC_QSsxxxwadnUj8syXATIZNqWS0EqyoRomEbvE-vROY7opknCtqYhaJb8WNTiLBEKzJr9SCUiHQ71Q4kJucUrRwcdivjFzsK6gdpf3ddg=="
29890,Escola Básica de Sapugal,Fradelos,Vila Nova de Famalicão,Jardim de Infância,not found,,,"The Escola Básica de Sapugal in Fradelos, Portugal, is part of the Agrupamento de Escolas de Ribeirão. The official website for the Agrupamento de Escolas de Ribeirão is where you can find information regarding Escola Básica de Sapugal.

The URL for the Agrupamento de Escolas de Ribeirão is: not found"
29891,"Escola Básica de Valdossos, Fradelos",Vila Nova de Famalicão,Vila Nova de Famalicão,Jardim de Infância,not found,,,"The Escola Básica de Valdossos, Fradelos, in Vila Nova de Famalicão, Portugal, is part of the Agrupamento de Escolas de Ribeirão.

Here is the official website for the Agrupamento de Escolas de Ribeirão, which includes Escola Básica de Valdossos: https://www.eb23-ribeirao.pt/"
29901,Jardim de Infância da Quinta das Fontes,São Vicente,Braga,Jardim de Infância,not found,,,"The ""Jardim de Infância da Quinta das Fontes"" in São Vicente, Braga, Portugal, does not appear to have a standalone official website. However, it is associated with the ""Agrupamento de Escolas Dr. Francisco Sanches"".

Several directories provide contact information and details about the institution:
*   **Mapa Social**: Lists the address as Praça das Fontainhas - São Vicente, 4710-098 São Vicente, and provides a phone number (253619909) and email (diretor@aefranciscosanches.pt). It also states the owning entity is ""AGRUPAMENTO DE ESCOLAS DR. FRANCISCO SANCHES, BRAGA"".
*   **DirectorioEscolas.eu**: Also lists the address as Praça das Fontainhas - São Vicente, 4710 098 Braga, and the phone number 253619909.
*   **Serviços Públicos**: Provides the address Praça das Fontainhas - São Vicente, 4700-398 Braga, and phone number 253 619 909.
*   **escoladevidro.pt**: Lists the address as Praça das Fontainhas - São Vicente, 4700-398, Braga, Portugal, with the phone number 253619909 and email ji.qtfontes@escolas.min-edu.pt.

While there isn't a dedicated website for the Jardim de Infância da Quinta das Fontes itself, the email address `diretor@aefranciscosanches.pt` suggests a connection to the Agrupamento de Escolas Dr. Francisco Sanches. You might find more information on the official website for that school group, if one exists.

not found"
29908,"Escola Básica de Arcozelo, Barcelos",Arcozelo,Vila Nova de Gaia,Jardim de Infância,https://aegn150710.wixsite.com/barcelos,,,"It appears there are a few schools named ""Escola Básica de Arcozelo"" in Portugal, associated with different ""Agrupamento de Escolas"" (school clusters).

Based on the search results, the ""Escola Básica de Arcozelo, Barcelos"" is part of the **Agrupamento de Escolas Gonçalo Nunes** in Barcelos.

The official website for the Agrupamento de Escolas Gonçalo Nunes is: https://aegn150710.wixsite.com/barcelos"
29923,Escola Básica de Caldelas,Caldelas,Amares,Jardim de Infância,not found,,,"The ""Escola Básica de Caldelas"" in Caldelas, Portugal, appears to be part of the Agrupamento de Escolas de Amares. The official website for the Agrupamento de Escolas de Amares is aeamares.com."
29924,Escola Básica de Bouro,Bouro (Santa Maria),Amares,Jardim de Infância,not found,,,"The ""Escola Básica de Bouro"" in Bouro (Santa Maria), Portugal, is part of the ""Agrupamento de Escolas de Amares"".

The official website for ""Agrupamento de Escolas de Amares"" is not found in the search results. While several schools in the region have websites, none specifically match ""Escola Básica de Bouro"" as an independent entity with its own official website. Information about ""Escola Básica de Bouro"" can be found on sites like Mapa Social, which lists it as part of the ""Agrupamento de Escolas de Amares"" and provides contact details such as email (info@esamares.com).

Therefore, the direct official website for ""Escola Básica de Bouro"" is not found."
29996,Jardim de Infância de Souto - Santa Maria,Souto (Santa Maria),Guimarães,Jardim de Infância,not found,,,"The ""Jardim de Infância de Souto - Santa Maria"" is located in Guimarães, not Santa Maria. It is part of the Agrupamento de Escolas de Briteiros in Guimarães.

I was unable to find an official website specifically for ""Jardim de Infância de Souto - Santa Maria"". It is likely that its information is integrated into the website of the larger school group it belongs to, Agrupamento de Escolas de Briteiros. However, a direct URL for the specific kindergarten was not found.

not found"
30385,Jardim de Infância de Rego,,Celorico de Basto,Jardim de Infância,not found,,,"The ""Jardim de Infância de Rego"" in Celorico de Basto is part of the Agrupamento de Escolas de Celorico de Basto. While a specific, independent website for the ""Jardim de Infância de Rego"" was not found, information about it can be found on the website of the Agrupamento de Escolas de Celorico de Basto, specifically on their ""Contactos"" page. The email provided for the institution is direcao@agrcbt.pt.

Therefore, the closest to an official website for the institution itself would be the Agrupamento de Escolas de Celorico de Basto website.

https://www.agrcbt.pt/ (Based on the email domain direcao@agrcbt.pt)"
30588,Jardim de Infância de Lanhas,Lanhas,Vila Verde,Jardim de Infância,not found,,,not found
30589,Jardim de Infância da Loureira,Loureira,Vila Verde,Jardim de Infância,not found,,,"It appears there are two institutions with similar names. One is ""Jardim de Infância da Loureira"" located in Loureira, Vila Verde, Braga, and the other is ""Jardim de Infância de Loureira"" located in Loureira, Santa Catarina da Serra, Leiria.

For ""Jardim de Infância da Loureira"" in Loureira, Vila Verde, Braga, an official website was not found. However, it is part of the Agrupamento de Escolas de Vila Verde. You can find an email address: ji.aldeialoureira@escolas.min-edu.pt.

For ""Jardim de Infância de Loureira"" in Loureira, Santa Catarina da Serra, Leiria, a direct official website was also not found in the search results. It is associated with the Agrupamento de Escolas Caranguejeira - Santa Catarina da Serra. It has an email address: jiloureira@...."
30591,Jardim de Infância de Pico de Regalados,Pico de Regalados,Vila Verde,Jardim de Infância,not found,,,"""Jardim de Infância de Pico de Regalados"" does not appear to have a standalone official website. It is listed as part of the Agrupamento de Escolas de Vila Verde (School Group of Vila Verde).

Based on the search results, the institution can be contacted via email at ji.vilapicoregalados@escolas.min-edu.pt or by phone at 253324560."
30593,Jardim de Infância de Turiz,Turiz,Vila Verde,Jardim de Infância,not found,,,not found
30643,Escola Básica/JI de Ruães,Ruães,Braga,Jardim de Infância,not found,,,"The ""Escola Básica/JI de Ruães"" in Ruães, Portugal, does not appear to have its own independent official website. However, it is part of the ""Agrupamento de Escolas Mosteiro e Cávado, Braga"".

The contact information available for Escola Básica/JI de Ruães is:
*   **Address:** RUA DOS VERDES, 4700-565 Ruães
*   **Phone:** 253625228
*   **Email:** diretora@aemc.pt"
30680,Jardim-De-Infância da Goja,Braga,Braga,Jardim de Infância,not found,,,"The ""Jardim-De-Infância da Goja"" in Braga, Portugal, is part of the Agrupamento de Escolas de Real, Braga. The direct link to its page within the agrupamento's website is:

https://aereal.edu.pt/ji-de-frossos/"
30681,Jardim de Infância Quinta das Hortas,Braga,Braga,Jardim de Infância,not found,,,"The ""Jardim de Infância Quinta das Hortas"" is part of the ""Agrupamento de Escolas de Real"" in Braga, Portugal. The official website for the agrupamento (group of schools) where this kindergarten belongs is www.aereal.edu.pt."
30756,Escola Básica de São Gens,São Gens,Fafe,Jardim de Infância,not found,,,"The ""Escola Básica de São Gens"" in São Gens, Fafe, Portugal, is part of the ""Agrupamento de Escolas Prof. Carlos Teixeira, Fafe"".

The email address provided for the institution is geral@aecarlosteixeira.net. While a direct website for ""Escola Básica de São Gens"" isn't explicitly stated, it is common for individual schools to operate under a larger agrupamento (group of schools) and share their website. You can likely find more information by searching for the website of ""Agrupamento de Escolas Prof. Carlos Teixeira, Fafe""."
30757,Escola Básica de Quinchães,Quinchães,Fafe,Jardim de Infância,not found,,,"The ""Escola Básica de Quinchães"" is part of two different school groupings in Portugal, depending on its specific location.

If you are referring to the ""Escola Básica de Quinchães"" located in Fafe, the institution is part of the Agrupamento de Escolas Professor Carlos Teixeira, Fafe. Their contact page lists ""Escola EB1/JI de Quinchães"" with the email ebrquinchaes@eb23carlosteixeira.net, but no direct website is given for the individual school. The Agrupamento de Escolas Professor Carlos Teixeira has a website, but it is for the entire group of schools, not just Quinchães.

If you are referring to the ""Escola Básica do 1.º Ciclo de Quinchães"" located in Monte Córdova, Santo Tirso, it belongs to the Agrupamento de Escolas Tomaz Pelayo. You can find information about this school on the Agrupamento de Escolas Tomaz Pelayo's website.

Given that there are two schools with similar names in different municipalities, and neither has an independent ""official website"" but rather belongs to a larger school group, I cannot provide a single, direct URL for ""Escola Básica de Quinchães""."
30803,"Escola Básica de Santa Luzia, Azurém",,Guimarães,Jardim de Infância,not found,,,"The ""Escola Básica de Santa Luzia, Azurém"" in Guimarães, Portugal, is part of the ""Agrupamento de Escolas Francisco de Holanda, Guimarães"". While there isn't a dedicated website solely for Escola Básica de Santa Luzia, Azurém, you can find information about it through the agrupamento's website or other educational directories.

The email address associated with the school is direcao@esfh.pt or eb1.n1.guimaraes@escolas.min-edu.pt. The phone number is 253517452.

As the school is part of a larger group, it is highly probable that its official online presence is integrated within the Agrupamento de Escolas Francisco de Holanda's website. However, a specific URL for the Escola Básica de Santa Luzia, Azurém was not found."
30876,Escola Básica de Silveiros,Silveiros,Barcelos,Jardim de Infância,not found,,,"The official website for ""Escola Básica de Silveiros"" in Silveiros, Portugal was not found. The school is part of the ""Agrupamento de Escolas de Vale D'Este, Barcelos"". While general information and contact details are available on various school directories, a dedicated, official website for Escola Básica de Silveiros itself could not be identified through the search."
30928,Escola Básica de Cristelo,Cristelo,Paredes,Jardim de Infância,https://agcristelo.edu.pt/,,,"The official website for ""Escola Básica de Cristelo"" in Cristelo, Portugal is part of the Agrupamento de Escolas de Cristelo. The URL is https://agcristelo.edu.pt/."
30931,Jardim de Infância de Covelo,Adães,Barcelos,Jardim de Infância,not found,,,not found
30932,Escola Básica de Remelhe,Remelhe,Barcelos,Jardim de Infância,not found,,,"The ""Escola Básica de Remelhe"" in Remelhe, Portugal, is part of the ""Agrupamento de Escolas Rosa Ramalho"".

The official website for the ""Agrupamento de Escolas Rosa Ramalho"" is www.aerosaramalho.pt."
30933,Jardim de Infância Alcaides de Faria,Barcelinhos,Barcelos,Jardim de Infância,not found,,,"The ""Jardim de Infância Alcaides de Faria"" in Barcelinhos, Portugal, is part of the Agrupamento de Escolas Rosa Ramalho. It does not have a separate official website. The contact information provided for the institution is a phone number: 253 834 520, and an email address: ji.barcelinhos@escolas.min-edu.pt.

The Agrupamento de Escolas Rosa Ramalho has a website, and information regarding the Jardim de Infância Alcaides de Faria may be found there. However, it is a different entity than the ""Agrupamento de Escolas Alcaides de Faria"", which also has a website.

Therefore, a direct official website for ""Jardim de Infância Alcaides de Faria"" is not found."
30936,"Escola Básica de Carvalhal, Barcelos",Carvalhal,Sertã,Jardim de Infância,not found,,,"""Escola Básica de Carvalhal, Barcelos"" is part of the ""Agrupamento de Escolas Rosa Ramalho, Barcelos"".

The official website for the Agrupamento de Escolas Rosa Ramalho is not explicitly provided in the search results, but the contact email for Escola Básica de Carvalhal is eb.carvalhal@aerosaramalho.pt. This suggests that ""aerosaramalho.pt"" is likely the domain for the grouping.

Therefore, the most relevant official website is:

https://www.aerosaramalho.pt"
30937,"Escola Básica de Pereira, Barcelos",Pereira,Montemor-o-Velho,Jardim de Infância,not found,,,"The Escola Básica de Pereira, Barcelos is part of the Agrupamento de Escolas Rosa Ramalho.

The official website for the Agrupamento de Escolas Rosa Ramalho is not found in the search results. While several entries mention ""Escola Básica de Pereira, Barcelos"" and provide contact information such as an email address (`eb.pereira@aerosaramalho.pt`) and phone number, a direct official website for this specific school or its agrupamento could not be definitively identified.

Therefore, the URL is not found."
30988,Jardim de Infância de Cabreiros,Cabreiros,Braga,Jardim de Infância,not found,,,"The ""Jardim de Infância de Cabreiros"" is part of the ""Agrupamento de Escolas de Braga Oeste"" (AEBO).

You can find information about the ""Jardim de Infância de Cabreiros"" on the AEBO website: https://aebo.pt/"
30989,Escola Básica de Cunha,Cunha,Braga,Jardim de Infância,not found,,,not found
30990,Jardim de Infância de Vilaça entre Muros,Vilaça,Braga,Jardim de Infância,not found,,,"The ""Jardim de Infância de Vilaça entre Muros"" is part of the ""Agrupamento de Escolas de Trigal de Santa Maria"" (AETSM).

Here is the URL for the Agrupamento de Escolas de Trigal de Santa Maria, which includes information about the Jardim de Infância de Vilaça (Entre Muros):

https://www.aetsm.pt/"
30991,Escola Básica de Tebosa,Tebosa,Braga,Jardim de Infância,not found,,,"The Escola Básica de Tebosa is part of the Agrupamento de Escolas de Trigal de Santa Maria (AETSM) in Braga, Portugal. The official website for the agrupamento, which includes Escola Básica de Tebosa, is aetrigalsantamaria.pt."
30992,Escola Básica de Vimieiro,Stª Ana de Vimieiro,Braga,Jardim de Infância,not found,,,"The ""Escola Básica de Vimieiro"" in Stª Ana de Vimieiro, Portugal, does not appear to have a dedicated, independent official website.

However, it is part of larger educational or municipal entities that do have online presences:

*   It is associated with the Agrupamento de Escolas de Arraiolos.
*   The Junta de Freguesia de Vimieiro (Parish Council of Vimieiro) mentions the ""Escola do 1º Ciclo do Ensino Básico de Vimieiro"" on its website under ""Rede Escolar"".
*   The Municipality of Arraiolos also refers to the ""Escola Básica de Vimieiro"" in news about its requalification.

There is also a ""Creche / Jardim de Infância"" (Nursery / Kindergarten) operated by the Santa Casa da Misericórdia de Vimieiro, which has its own page.

Given the information, there is no single, dedicated official website for ""Escola Básica de Vimieiro"" in Stª Ana de Vimieiro. Therefore, the answer is ""not found""."
30994,Jardim de Infância de Igreja,Priscos,Braga,Jardim de Infância,not found,,,"The ""Jardim de Infância de Igreja"" in Priscos, Portugal, does not appear to have its own independent official website. It is part of the Agrupamento de Escolas de Trigal de Santa Maria, Braga (AETSM).

You can find some information and contact details for it on the AETSM website, and on other educational directories such as Mapa Social and DirectorioEscolas.eu.

Therefore, ""not found""."
31071,Escola Básica de Vinha,Atães,Guimarães,Jardim de Infância,not found,,,"The ""Escola Básica de Vinha"" in Atães, Portugal, is part of the Agrupamento de Escolas do Vale de São Torcato, Guimarães. While there isn't a dedicated official website solely for Escola Básica de Vinha, information about the school can be found on the agrupamento's website.

Here is the URL for the Agrupamento de Escolas do Vale de São Torcato:
https://aevst.pt/"
31074,Escola Básica de Bela Vista,Selho S. Lourenço,Guimarães,Jardim de Infância,not found,,,"The ""Escola Básica de Bela Vista"" in Selho S. Lourenço, Portugal, is part of the Agrupamento de Escolas do Vale de S. Torcato (AEVST).

The official website for the agrupamento, which includes the Escola Básica de Bela Vista, is https://aevst.pt/"
31105,Escola EB1/JI de Durrães,Durrães,Barcelos,Jardim de Infância,not found,,,The official website for Escola EB1/JI de Durrães is part of the Agrupamento de Escolas de Fragoso: https://vertexaisearch.cloud.google.com/grounding-api-redirect/AUZIYQE_Qo6_GGUSa5YxZtEPcfxW3Jp2DX9BgoFdaljTxjn_q92HeC4cuE5K5CvJISQ-3eaDcxAySAwk8Kjx1Gw3Hx95xlUzVqaj2LUlKsnHLXOmdlxX5QEYrR5c6VZ-RO2c1o4_Mkkf5ZuyOnBx1BKO0B3cAo_C5VM-WxW1MI28sFCC3K49_WZxHRBzDlB_FvU=.
31107,Escola EB1/JI de Palme,Palme,Barcelos,Jardim de Infância,not found,,,"The Escola EB1/JI de Palme is part of the Agrupamento de Escolas de Fragoso.

The official website for the Agrupamento de Escolas de Fragoso, which includes Escola EB1/JI de Palme, is: https://www.avef.pt/"
31242,Escola Básica do Cávado,Louredo,Vieira do Minho,Jardim de Infância,not found,,,not found
31288,Jardim de Infância de Marrancos,Vila Verde,Vila Verde,Jardim de Infância,not found,,,http://www.eb1-barrancos.rcts.pt
31292,Jardim de Infância N.º 2 de Moure,Vila Verde,Vila Verde,Jardim de Infância,not found,,,"""Jardim de Infância N.º 2 de Moure"" in Vila Verde, Portugal, is part of the ""Agrupamento de Escolas de Moure e Ribeira do Neiva"" (School Group of Moure and Ribeira do Neiva).

The official website for this school group, which includes Jardim de Infância N.º 2 de Moure, is http://aemourerneiva.ccems.pt/."
31294,"Jardim de Infância de Carreiras, Santiago",Carreiras S.tiago,Vila Verde,Jardim de Infância,not found,,,not found
31296,Escola Básica de Parada de Gatim,Vila Verde,Vila Verde,Jardim de Infância,not found,,,not found
31298,Jardim de Infância de Duas Igrejas,Duas Igrejas,Vila Verde,Jardim de Infância,not found,,,not found
31327,Escola EB1/JI Mascotelos,Mascotelos,Guimarães,Jardim de Infância,not found,,,"""Escola EB1/JI Mascotelos"" is part of the ""Agrupamento de Escolas D. Afonso Henriques"" in Guimarães, Portugal. While there isn't a dedicated website specifically for Escola EB1/JI Mascotelos, information about it can be found on the agrupamento's website.

https://www.aeafonsohenriques.pt/"
31329,Escola EB1/JI Silvares,Silvares,Guimarães,Jardim de Infância,not found,,,not found
31334,Escola Básica N.º 1 de Pevidém - Guimarães,Selho S. Jorge,Guimarães,Jardim de Infância,not found,,,"The ""Escola Básica N.º 1 de Pevidém - Guimarães"" is part of the ""Agrupamento de Escolas de Pevidém"". The official website for this cluster of schools is https://www.aepevidem.pt."
31336,Escola Básica de Gondar - Guimarães,Gondar,Guimarães,Jardim de Infância,not found,,,"The official website for ""Escola Básica de Gondar - Guimarães"" is www.eb1-gondar-cruzeiro.rcts.pt."
31366,"Escola Básica de Espinho, Braga",Salgueiral,Mortágua,Jardim de Infância,not found,,,"The Escola Básica de Espinho, Braga, located in Salgueiral, Portugal, is part of the Agrupamento de Escolas Carlos Amarante. The official website for the Agrupamento de Escolas Carlos Amarante, which includes this school, is not directly provided in the search results. While a phone number and email address are available, a dedicated URL for the school itself or its overarching school group is not listed."
31367,Escola Básica de Pedralva,Pedralva,Braga,Jardim de Infância,not found,,,"The ""Escola Básica de Pedralva"" in Pedralva, Portugal, is part of the ""Agrupamento de Escolas Carlos Amarante"". The official website for this educational group is https://www.aecarlosamarante.pt/.

Specifically for the EB1 de Pedralva (1º cycle of basic education) and Jardim de Infância de Pedralva (pre-school education), contact information and details can be found on the Agrupamento de Escolas Carlos Amarante website."
31417,"Escola Básica de Igreja, Sande - São Martinho",Sande S Martinho,Guimarães,Jardim de Infância,not found,,,"The ""Escola Básica de Igreja, Sande - São Martinho"" in Sande S. Martinho, Portugal, does not appear to have its own independent official website. It is part of a larger school group, the ""Agrupamento de Escolas das Taipas, Guimarães"".

However, some information about the school can be found on other platforms:

*   **Mapa Social:** This platform provides location and contact information, including the address (Lugar de Igreja Rua Padre António F. Ribeiro, 359, 4800 Guimarães) and identifies the owning entity as ""Agrupamento de Escolas das Taipas, Guimarães"".
*   **Agrupamento de Escolas das Taipas (AETAIPAS):** The AETAIPAS website lists ""Escola Básica de Igreja, Sande S. Martinho"" under its contacts, providing a phone number (253 578 754) and an email address for the coordinator, Prof. Eduardo Fernandes (eduardofernandes@aetaipas.pt).
*   **Eco-Escolas:** This website has a page for ""Escola EB Igreja Sande S. Martinho"" which lists its municipality as Guimarães and states its affiliation with ""Agrupamento: Escolas das Taipas, Guimarães"". It also provides the address (Rua Padre António Francisco Ribeiro Nº 359 4805-511 Sande S. Martinho) and phone number (253578754).
*   **DirectorioEscolas.eu:** This directory also lists the school with its address, phone number (253574929), and indicates it is a public elementary school.

Based on the available information, the school operates as part of the ""Agrupamento de Escolas das Taipas,"" which likely serves as its primary online presence. There is no direct, independent website for ""Escola Básica de Igreja, Sande - São Martinho."""
31432,Jardim de Infância de Eiral,Eiral,Vila Nova de Famalicão,Jardim de Infância,not found,,,"""Jardim de Infância de Eiral"" appears to be a public kindergarten that is part of the ""Agrupamento de Escolas D. Maria II, Vila Nova de Famalicão"" school cluster. While there isn't a dedicated official website for ""Jardim de Infância de Eiral"" itself, information about it can be found through the Eco-Escolas program website, where it is listed as ""Jardim de Infância de Eiral-Brufe"" and identified as an ""Eco-Escola"". This program is part of the Associação Bandeira Azul de Ambiente e Educação (ABAAE), and their official website is https://ecoescolas.abaae.pt/."
31433,Escola Básica de Louro / Mouquim,Vila Nova de Famalicão,Vila Nova de Famalicão,Jardim de Infância,not found,,,"The Escola Básica de Louro / Mouquim in Vila Nova de Famalicão, Portugal, is part of the Agrupamento de Escolas D. Maria II. While there isn't a specific independent website solely for ""Escola Básica de Louro / Mouquim,"" information about it can be found on the website for its agrupamento.

The official website for Agrupamento de Escolas D. Maria II is: not found"
31435,"Jardim de Infância de Além, Gavião",Vila Nova de Famalicão,Vila Nova de Famalicão,Jardim de Infância,not found,,,"The official website for Jardim de Infância de Além, Gavião in Vila Nova de Famalicão, Portugal is not found. While several directories and educational platforms list the institution with contact information and addresses, none provide an official website URL for the kindergarten itself. It is part of the Agrupamento de Escolas D. Maria II, Vila Nova de Famalicão."
31436,Escola Básica de Requião,Requião,Vila Nova de Famalicão,Jardim de Infância,not found,,,not found
31440,Escola Básica de Telhado,Telhado,Vila Nova de Famalicão,Jardim de Infância,not found,,,not found
31441,Jardim de Infância de Fonte Cova,Nine,Vila Nova de Famalicão,Jardim de Infância,not found,,,"The official website for ""Jardim de Infância de Fonte Cova"" in Nine, Portugal is http://jardimdenine.webnode.pt."
31451,Escola Básica de Guilheta,Guilheta,Esposende,Jardim de Infância,not found,,,"The Escola Básica de Guilheta is part of the ""Agrupamento de Escolas António Rodrigues Sampaio"" (AEARS). The official website for the AEARS, which would cover the Escola Básica de Guilheta, is https://aears.edu.pt."
31488,"Escola Básica de Curvos, Esposende",Curvos,Faro,Jardim de Infância,not found,,,"The Escola Básica de Curvos in Esposende, Portugal, is part of the Agrupamento de Escolas António Correia de Oliveira. Therefore, its official website is likely to be that of the agrupamento (grouping of schools).

https://www.acoliveira.pt"
31490,Escola Básica de Gemeses,Gemeses,Esposende,Jardim de Infância,not found,,,"The Escola Básica de Gemeses is part of the Agrupamento de Escolas António Correia de Oliveira. While the school has listings on various municipal and educational portals, it does not appear to have a standalone official website.

Therefore, the closest to an ""official website"" for information directly related to the school is the page within the Agrupamento de Escolas António Correia de Oliveira website:

https://www.acoliveira.pt/escolas-do-agrupamento/"
31509,EB1/JI de Perelhal,Perelhal,Barcelos,Jardim de Infância,not found,,,"The ""EB1/JI de Perelhal"" childcare institution is part of the Agrupamento de Escolas de Vila Cova.

Therefore, the official website is: https://www.aevc.edu.pt."
31532,Jardim de Infância de Esmeriz,Esmeriz,Vila Nova de Famalicão,Jardim de Infância,not found,,,"The ""Jardim de Infância de Esmeriz"" in Esmeriz, Portugal, appears to be part of the ""Agrupamento de Escolas D. Sancho I"" (D. Sancho I School Group) in Vila Nova de Famalicão. While there isn't a dedicated, independent website specifically for ""Jardim de Infância de Esmeriz"", it is mentioned on the Eco-Escolas program website. Additionally, information about the ""Pré-Escolar"" (preschool) service is available on the ""Centro Social da Paróquia de Esmeriz"" website.

Therefore, the most relevant URL for information directly related to the institution's operations is likely found through its affiliation with the larger school group or social center.

https://www.aesancho.pt/ or https://www.cspesmeriz.pt/"
31534,Jardim de Infância de Lage,Calendário,Vila Nova de Famalicão,Jardim de Infância,not found,,,"The ""Jardim de Infância de Lage"" in Calendário, Portugal, is part of the Agrupamento de Escolas D. Sancho I. While there isn't a dedicated website solely for the ""Jardim de Infância de Lage,"" information about it can be found on the Agrupamento de Escolas D. Sancho I website.

https://aesancho.pt"
31585,Escola Básica de Infantas,Vila Nova das Infantas,Guimarães,Jardim de Infância,not found,,,"""Escola Básica de Infantas"" is part of the ""Agrupamento de Escolas Santos Simões"" in Guimarães, Portugal. The official website for the agrupamento (group of schools) is not explicitly provided in the search results. However, contact information for ""Escola Básica de Infantas"" is available through the ""Agrupamento de Escolas Santos Simões"". Their email address is de@santossimoes.edu.pt. There is no direct website for ""Escola Básica de Infantas"" listed.

not found"
31586,Escola Básica de São Romão,Mesão Frio,Guimarães,Jardim de Infância,not found,,,"The ""Escola Básica de São Romão"" in Mesão Frio, Portugal, is part of the Agrupamento de Escolas Santos Simões in Guimarães.

The official website for the Agrupamento de Escolas Santos Simões is santossimoes.edu.pt."
31587,"Escola Básica de Serzedo, Guimarães",Serzedo,Monção,Jardim de Infância,not found,,,"The Escola Básica de Serzedo, Guimarães is part of the ""Agrupamento de Escolas Santos Simões, Guimarães"" (Santos Simões School Group, Guimarães).

The official website for the Agrupamento de Escolas Santos Simões, which includes Escola Básica de Serzedo, is: https://aesantossimoes.edu.pt"
31615,"Escola Básica de Calvos, Guimarães",Calvos,Monção,Jardim de Infância,not found,,,"The Escola Básica de Calvos, Guimarães is part of the Agrupamento de Escolas de Abação, Guimarães.

The official website for Escola Básica de Calvos, Guimarães is www.eb1-calvos-cruzeiro.rcts.pt."
31618,"Escola Básica de Pinheiro, Guimarães",Pinheiro,Vieira do Minho,Jardim de Infância,not found,,,not found
31686,Jardim de Infância de Terras de Bouro,Moimenta,Terras de Bouro,Jardim de Infância,not found,,,"The ""Jardim de Infância de Terras de Bouro"" in Moimenta, Portugal, is part of the Agrupamento de Escolas de Terras de Bouro. The official website for the Agrupamento de Escolas de Terras de Bouro is aetb.pt.

aetb.pt"
31696,Escola Básica de Pedraça,Cabeceiras de Basto,Cabeceiras de Basto,Jardim de Infância,not found,,,"The ""Escola Básica de Pedraça"" in Cabeceiras de Basto, Portugal, is part of the ""Agrupamento de Escolas de Cabeceiras de Basto"" (School Group of Cabeceiras de Basto). Therefore, its official information can be found on the agrupamento's website.

https://www.aecabecdeabasto.pt/"
31699,Jardim de Infância de Santa Senhorinha,Cabeceiras de Basto,Cabeceiras de Basto,Jardim de Infância,not found,,,"The ""Jardim de Infância de Santa Senhorinha"" in Cabeceiras de Basto, Portugal, is part of the Agrupamento de Escolas de Cabeceiras de Basto (School Group of Cabeceiras de Basto). The official website for the school group is aecbasto.com."
31714,"Centro Escolar da Naia, Ferreiros",Braga,Braga,Jardim de Infância,not found,,,"The ""Centro Escolar da Naia, Ferreiros"" in Braga, Portugal, is part of the Agrupamento de Escolas de Maximinos (School Grouping of Maximinos). While there isn't a dedicated, independent website specifically for ""Centro Escolar da Naia, Ferreiros,"" information about it can be found through the Agrupamento de Escolas de Maximinos and the Rede de Bibliotecas de Braga (Braga Library Network).

Here are some relevant URLs:

*   **Agrupamento de Escolas de Maximinos:** https://wwweb.aemaximinos.edu.pt/
*   **Biblioteca do CE da Naia (within the Braga Library Network):** https://www.lkme.pt/2wkSr"
32004,EB de Góios,,Esposende,Jardim de Infância,not found,,,not found
32043,Escola Básica de Areias S. Vicente,Areias Bcl,Barcelos,Jardim de Infância,not found,,,"""Escola Básica de Areias S. Vicente"" is part of the ""Agrupamento de Escolas Alcaides de Faria"" in Barcelos. Therefore, its official website is the website for the agrupamento: https://www.aeaf.pt."
32049,Escola Básica de Faia,Cabeceiras de Basto,Sernancelhe,Jardim de Infância,not found,,,"Escola Básica de Faia in Cabeceiras de Basto, Portugal, is part of the Agrupamento de Escolas de Cabeceiras de Basto. The official website for the Agrupamento de Escolas de Cabeceiras de Basto is where information regarding the Escola Básica de Faia can be found.

https://www.aecabeceirasdebasto.pt/"
32051,Escola Básica do Arco de Baúlhe,Cabeceiras de Basto,Cabeceiras de Basto,Jardim de Infância,not found,,,"While there doesn't appear to be a standalone official website specifically for ""Escola Básica do Arco de Baúlhe,"" it is part of the ""Agrupamento de Escolas de Cabeceiras de Basto"".

The Agrupamento de Escolas de Cabeceiras de Basto has an official website, and the Escola Básica de Arco de Baúlhe is listed there.

A blogspot page also exists for the school:
https://escola-basica-de-arco-de-baulhe.blogspot.com/

Based on the information, the most official online presence related to this institution is the website of the ""Agrupamento de Escolas de Cabeceiras de Basto"".

agrupamento-escolas-cabeceiras-basto.pt"
32086,Escola Básica de Figueiredo,Figueiredo,Braga,Jardim de Infância,not found,,,"The official website for ""Escola Básica de Figueiredo"" in Figueiredo, Portugal is part of the Agrupamento de Escolas de Carvalhos: http://www.aecarvalhos.pt/index.php/eb1-figueiredo/."
32474,Escola Básica Aula Conde Código Postal,Conde Gmr,Vila Nova de Cerveira,Jardim de Infância,not found,,,"The official website for ""Escola Básica Aula Conde"" is not found in the search results. The school is part of the ""Agrupamento de Escolas Virgínia Moura, Guimarães"". While there is a general website for the Agrupamento de Escolas Virginia Moura, it does not appear to have a dedicated sub-page or specific official website for ""Escola Básica Aula Conde"" itself."
32485,EB1/JI de Creixomil,Creixomil,Barcelos,Jardim de Infância,not found,,,"The official website for ""EB1/JI de Creixomil"" is part of the Agrupamento de Escolas de Vila Cova: https://aevc.edu.pt/escolas/escola-e-b-1-ji-de-creixomil/."
32544,Escola Básica de Criaz,Apúlia,Pinhel,Jardim de Infância,not found,,,"The ""Escola Básica de Criaz"" in Apúlia, Portugal, does not appear to have its own independent official website. However, it is part of the Agrupamento de Escolas António Correia de Oliveira.

Therefore, the most relevant official website is for the Agrupamento de Escolas António Correia de Oliveira: https://www.acoliveira.pt/"
32545,Escola Básica de Facho,Apúlia,Pinhel,Jardim de Infância,not found,,,"The official website for ""Escola Básica de Facho"" in Apúlia, Portugal is http://www.eb1-igreja-n4-apulia.rcts.pt."
32693,Escola Básica Agostinho da Silva,Guimarães,Guimarães,Jardim de Infância,not found,,,"The ""Escola Básica Agostinho da Silva"" in Guimarães, Portugal, is part of the Agrupamento de Escolas de Abação, Guimarães. While there isn't a direct official website specifically for ""Escola Básica Agostinho da Silva"" listed in the search results, its information is available through the Agrupamento de Escolas de Abação.

Therefore, ""not found"" (for a dedicated individual website)."
32704,Jardim de Infância de Rio Caldo,Rio Caldo,Terras de Bouro,Jardim de Infância,not found,,,"The ""Jardim de Infância de Rio Caldo"" is part of the Agrupamento de Escolas de Rio Caldo. It appears to be an integral part of the local public education system rather than a separate institution with its own distinct website.

Therefore, an official website specifically for ""Jardim de Infância de Rio Caldo"" is not found. However, information about it can be found on the website of the ""Agrupamento de Escolas de Rio Caldo"" or the local municipal council. For example, the ""Escola EB1 de Paredes – Rio Caldo/ Jardim de Infância"" is mentioned as part of the Eco-Escolas program. Additionally, the ""Agrupamento de Escolas de Rio Caldo"" includes three kindergartens located in Paredes, Seara, and Gerês. The ""Jardim de Infância"" is also listed under the social and educational infrastructures of Rio Caldo by the local municipality."
32705,Jardim de Infância do Gerês,Vilar da Veiga,Terras de Bouro,Jardim de Infância,not found,,,"The ""Jardim de Infância do Gerês"" in Vilar da Veiga, Portugal, is part of the Agrupamento de Escolas de Terras de Bouro (School Group of Terras de Bouro).

You can find information about the ""Escola Básica / Jardim de Infância do Gerês"" on the Agrupamento de Escolas de Terras de Bouro (AETB) website:

https://www.aetb.pt/eb-ji-geres/"
32723,Jardim de Infância de Poças Airão Stª Maria,Airão Stª Maria,Guimarães,Jardim de Infância,not found,,,"The ""Jardim de Infância de Poças Airão Stª Maria"" is part of the ""Agrupamento de Escolas Professor Abel Salazar"". Its official page can be found within the agrupamento's website.

https://www.aepas.org/agrupamento/contactos/eb1ji-pocas-airao-sta-maria"
32724,Jardim de Infância de Ronfe,Ronfe,Guimarães,Jardim de Infância,not found,,,"There appear to be two main childcare institutions in Ronfe, Portugal, that could be referred to as ""Jardim de Infância de Ronfe"":

1.  **Escola EB1/JI de Ronfe:** This is a public school that includes a ""Jardim de Infância"" (kindergarten). It is part of the Agrupamento de Escolas Professor Abel Salazar, Guimarães. The official website for the Agrupamento de Escolas Professor Abel Salazar, which includes information for EB1/JI de Ronfe, is available.
2.  **Centro Social Paroquial de Ronfe:** This is an IPSS (Private Institution of Social Solidarity) that also offers ""Jardim de Infância"" services. They have their own official website.

Given the potential for ambiguity, and since both have official web presences, I will provide the URL for both.

*   For Escola EB1/JI de Ronfe (part of Agrupamento de Escolas Professor Abel Salazar): [https://aepas.org/agrupamento/escolas/eb1ji-de-ronfe](https://aepas.org/agrupamento/escolas/eb1ji-de-ronfe)
*   For Centro Social Paroquial de Ronfe: [https://www.cspronfe.pt/contactos](https://www.cspronfe.pt/contactos)"
33116,Jardim de Infância de Encourados,Encourados-Barcelos,Barcelos,Jardim de Infância,not found,,,"The official website for ""Jardim de Infância de Encourados"" is not found. However, it is part of the ""Agrupamento de Escolas de Braga Oeste"". You can find contact information for the Jardim de Infância de Encourados through the Barcelos municipality website or other educational directories, including a phone number (253913723) and an email address (jiencourados@gmail.com)."
33117,Escola Básica de Sequeira,Sequeira,Braga,Jardim de Infância,not found,,,"There appear to be two different ""Escola Básica de Sequeira"" institutions in Portugal.

One ""Escola Básica de Sequeira"" is located in Sequeira, Braga, and is part of the Agrupamento de Escolas de Braga Oeste. Its email is eb1.carvalhosequeira@escolas.min-edu.pt. The Agrupamento de Escolas de Braga Oeste has an official website: http://www.agrupamentobragaoeste.pt.

The other ""Escola Básica da Sequeira"" is located in Guarda and is part of the Agrupamento de Escolas da Sé, Guarda. Its contact number is 271238770. The Freguesia da Guarda website mentions ""Agrupamento de Escolas da Sé / Centro Escolar da Sequeira"".

Given that the request specifies ""in Sequeira, Portugal"" (implying the town/freguesia of Sequeira rather than the district Guarda), the relevant institution is likely the one in Braga.

http://www.agrupamentobragaoeste.pt"
33175,Jardim de Infância de Feira,Carvalho,Celorico de Basto,Jardim de Infância,not found,,,"The ""Jardim de Infância de Feira"" in Carvalho, Portugal, does not appear to have a standalone official website. It is part of the Agrupamento de Escolas de Celorico de Basto.

Contact information for ""Jardim de Infância de Carvalho, Feira, Celorico de Basto"" lists the email address as eb1.feiracarvalho@escolas.min-edu.pt and a phone number as 255489066. This institution is located at Feira - Carvalho, 4890-153, Celorico de Basto, Braga, Portugal. It offers pre-school education."
33176,"Jardim de Infância de Santa Luzia, Canedo",Canedo de Basto,Celorico de Basto,Jardim de Infância,not found,,,"The official website for ""Jardim de Infância de Santa Luzia, Canedo"" is http://www.eb1-sta-luzia-canedo.nets.pt."
33231,Jardim de Infância de Aldeia Nova,Ribeirão,Vila Nova de Famalicão,Jardim de Infância,not found,,,"The ""Jardim de Infância de Aldeia Nova"" is part of the Agrupamento de Escolas de Ribeirão. Its official website is likely: https://www.aearibeirao.pt/pre-escolar/ji-aldeia-nova/."
33239,Jardim de Infância de Cruzeiro,Courel,Barcelos,Jardim de Infância,not found,,,"The ""Jardim de Infância de Cruzeiro"" in Courel, Portugal, is part of the ""Agrupamento Escolas Rosa Ramalho, Barcelos"". While a direct, independent website for ""Jardim de Infância de Cruzeiro"" in Courel was not found, you can likely find information through the website of the ""Agrupamento Escolas Rosa Ramalho"". However, no specific URL for the agrupamento was provided in the search results.

There are also other institutions with similar names, such as ""Jardim de Infância do Cruzeiro, Santiago de Riba-Ul"" and ""Jardim de Infância de Cruzeiro, Viana do Castelo"", but these are in different locations.

Therefore, the official website for ""Jardim de Infância de Cruzeiro"" in Courel is not found as a distinct entity, but it is associated with the ""Agrupamento Escolas Rosa Ramalho, Barcelos""."
33248,Escola Básica da Feira Nova,Ferreiros,Amares,Jardim de Infância,not found,,,not found
33261,Jardim de Infância de Airó,Airó,Barcelos,Jardim de Infância,not found,,,not found
33262,Escola Básica de Alvelos,Alvelos,Barcelos,Jardim de Infância,not found,,,"The Escola Básica de Alvelos is part of the Agrupamento de Escolas Rosa Ramalho in Barcelos, Portugal.

Here is the official website for the Agrupamento de Escolas Rosa Ramalho:
https://aerosaramalho.pt/"
33263,Escola Básica de Areias de Vilar,Areias de Vilar,Barcelos,Jardim de Infância,not found,,,"The official website for ""Escola Básica de Areias de Vilar"" is not found. However, there are a few schools with similar names in different locations in Portugal.

Here's information about some of them:

*   **Escola Básica de Areias de Vilar, Barcelos:** This school is part of the Agrupamento de Escolas Rosa Ramalho in Barcelos. You can find contact information, including a phone number and email address, on various school directories.
*   **Escola EB1 de Areias de Vilar, Aveiro:** This school is located in Aveiro and is a public school for the 1º Ciclo (1st cycle of basic education). It participates in the Eco-Escolas program.
*   **EB1/JI do Bairro do Areias, Montijo:** This school is part of the Agrupamento de Escolas Poeta Joaquim Serra.
*   **Escola Básica de Areia, Vila do Conde:** This school is part of the Agrupamento de Escolas D. Afonso Sanches.
*   **Escola Basica do 1.º Ciclo de Igreja (Areias), Santo Tirso:** This school has a listed address and phone number.
*   **Escola Básica de Vilar, Vila Nova de Gaia:** This school is part of the Agrupamento de Escolas Gaia Nascente."
33264,Escola Básica de Gueral,Gueral,Barcelos,Jardim de Infância,not found,,,"Escola Básica de Gueral is part of the Agrupamento de Escolas Rosa Ramalho in Barcelos, Portugal. The official website for the Agrupamento de Escolas Rosa Ramalho, which includes information about Escola Básica de Gueral, is https://www.aerr.edu.pt/."
33265,"Escola Básica de Moure, Barcelos",Moure,Vila Verde,Jardim de Infância,not found,,,"The ""Escola Básica de Moure, Barcelos"" is part of the Agrupamento de Escolas Rosa Ramalho in Barcelos. While there isn't a dedicated website solely for Escola Básica de Moure, Barcelos, information about it can be found on the Agrupamento de Escolas Rosa Ramalho website.

https://vertexaisearch.cloud.google.com/grounding-api-redirect/AUZIYQFe6l9OX6zNJhLb-BfcMBzXYpTekzSvxhOjKl-sxH29kK3klzIUDB9urUSVbvj8fI-nTVF0gLDx7uX5zyFnNDdzdVDSpoYf5xY52dNujEFASnslHM8qJ0sNk6AzjcAniY6c3fMjuhol3RPxj7gQfQV3Zit3jpTYItDgwVCoTHGkhrQ="
33272,Escola Básica de Vale do Cávado,Lago,Amares,Jardim de Infância,not found,,,https://celago2021.wixsite.com/centro-escolar-do-va
33273,Escola Básica do Vale do Homem,Rendufe,Amares,Jardim de Infância,not found,,,"""Escola Básica do Vale do Homem"" in Rendufe, Portugal, is part of the ""Agrupamento de Escolas de Amares"". The official website for the Agrupamento de Escolas de Amares is http://www.amares.edu.pt."
33305,Escola Básica de Donim,Donim,Guimarães,Jardim de Infância,not found,,,The official website for Escola Básica de Donim is www.eb1-donim-paco.rcts.pt.
33308,Eb1ji de Caneiros,Fermentões,Guimarães,Jardim de Infância,not found,,,The official website for EB1JI de Caneiros is www.eb1-guimaraes-n9.rcts.pt.
33345,Escola Básica da Cruz de Argola,Guimarães,Guimarães,Jardim de Infância,not found,,,"The Escola Básica da Cruz de Argola in Guimarães, Portugal, is part of the Agrupamento de Escolas Santos Simões. The official website for the Agrupamento de Escolas Santos Simões is santossimoes.edu.pt."
33363,Escola Básica de Barqueiros,Barqueiros,Mesão Frio,Jardim de Infância,not found,,,http://www.eb1-barqueiros-terreiro.rt.pt
33364,Escola Básica de Paradela,Paradela,Sever do Vouga,Jardim de Infância,not found,,,"It appears there are multiple ""Escola Básica de Paradela"" institutions in Portugal, located in different municipalities (Barcelos and Trofa).

For ""Escola Básica de Paradela"" in Paradela (part of the União das Freguesias de Cedrim e Paradela), the following contact information is available:
*   **Phone:** 234 551 826 / 934 791 212
While a direct official website for this specific ""Escola Básica de Paradela"" is not explicitly found, it is mentioned within the context of the ""Freguesia de Cedrim e Paradela"".

For ""Escola Básica de Paradela"" in Trofa, it is part of the Agrupamento de Escolas da Trofa (AET).
*   The website for the Agrupamento de Escolas da Trofa, which includes information on Escola Básica de Paradela, is: **https://www.aet.edu.pt/**

Given the ambiguity, please specify which ""Escola Básica de Paradela"" you are referring to. If it's the one in Trofa, the URL is provided above. Otherwise, a direct official website for the ""Escola Básica de Paradela"" in União das Freguesias de Cedrim e Paradela was not found."
33377,Escola Básica de Esqueiros,Esqueiros,Vila Verde,Jardim de Infância,not found,,,Escola Básica de Esqueiros is part of the Agrupamento de Escolas de Vila Verde. The official website for the Agrupamento de Escolas de Vila Verde is info@agvv.edu.pt.
33378,Escola Básica de Geme,Gême,Vila Verde,Jardim de Infância,not found,,,not found
33381,Jardim de Infância de Atães,Atães,Vila Verde,Jardim de Infância,not found,,,"The ""Jardim de Infância de Atães"" appears to be associated with the Agrupamento de Escolas n.º 1 de Gondomar. While a direct, standalone website for the Jardim de Infância de Atães was not found, there is an email address listed for it under the Agrupamento de Escolas n.º 1 de Gondomar: eb1.ataes@aeg1.pt.

It's important to note that there also appears to be a ""Jardim de Infância de Atães"" in Vila Verde, which has a website listed as part of ""escolApp Portugal"" and ""DirectorioEscolas.eu"". However, the initial search explicitly mentioned ""Atães, Portugal"" which, given other results, points to the Gondomar municipality.

Therefore, a dedicated official website for ""Jardim de Infância de Atães"" in Atães (Gondomar) was not found."
33382,Jardim de Infância de Sabariz,Sabariz,Vila Verde,Jardim de Infância,not found,,,not found
33383,EB1/Jardim de Infância Este S. Mamede,Braga,Braga,Jardim de Infância,not found,,,"The ""EB1/Jardim de Infância Este S. Mamede"" in Braga, Portugal, is integrated into the Escola Básica de Este São Mamede and is part of the Agrupamento de Escolas Carlos Amarante.

There doesn't appear to be a dedicated, independent official website solely for ""EB1/Jardim de Infância Este S. Mamede."" However, information about it can be found on the website of the União das Freguesias de Este (São Pedro e São Mamede) and on the Agrupamento de Escolas Carlos Amarante website.

Given this, the most relevant official URL is the page within the Agrupamento de Escolas Carlos Amarante:

https://www.aecarlosamarante.pt/unidades-educativas/eb-ji-de-este-s-mamede/"
33389,Jardim de Infância de Este S. Pedro,Braga,Braga,Jardim de Infância,not found,,,"The ""Jardim de Infância de Este S. Pedro"" is part of the Agrupamento de Escolas Carlos Amarante.

You can find information about the Jardim de Infância de Este S. Pedro on the website of the União das Freguesias de Este (São Pedro e São Mamede): https://vertexaisearch.cloud.google.com/grounding-api-redirect/AUZIYQH3HkSpsd7fzZCFicgrgtY9m1BmzfxPcXAkvHTABJijrIZ-qBdL_j3iccrszfhhdEYss6W6PrdnHUoVQm24SBhKfgUdT1EKc0_FN6VrS8RLh0cYP9tnW5py5V_XWMvLZ3DHxHodfNun-J7dGRdmDpSTeA

Additionally, the Agrupamento de Escolas Carlos Amarante has a page for EB/JI de Este S. Pedro, which includes information and contacts for the kindergarten: https://vertexaisearch.cloud.google.com/grounding-api-redirect/AUZIYQFSBmZkMQOiDBFVlV_bD0zlqUWK8cuNV6yRdqhzHeTj68jqQHB9cZn6L263l9s_QzHZgOJjc-n83GDDkTFEnGsSXCu1sEPqFRJuV8KEdFRp1JzclFBdmMJ0HEYIMXBS8UjNKJWt4aptdUlc6ZVhm2wOjH03Zsz2ZeBuSXlRMdAj6tyjTAPhW06Po0-61kg"
33395,Escola Básica de Aboim da Nóbrega,Aboim da Nóbrega,Vila Verde,Jardim de Infância,not found,,,"The official website for ""Escola Básica de Aboim da Nóbrega"" is not found. The school is part of the ""Agrupamento de Escolas de Vila Verde"", and an email contact provided for the school is info@agvv.edu.pt. Another email provided is eb1.pocacarvalha@escolas.min-edu.pt.

The school was renamed ""Escola Básica Maria do Carmo Reis Rocha"" in June 2020, in honor of a former director."
33396,Escola Básica de Oriz - São Miguel,"Oriz, S. Miguel",Vila Verde,Jardim de Infância,not found,,,"The ""Escola Básica de Oriz - São Miguel"" is part of the ""Agrupamento de Escolas de Vila Verde"" (School Group of Vila Verde). While there isn't a direct official website specifically for ""Escola Básica de Oriz - São Miguel,"" information regarding this institution can be found through the ""Agrupamento de Escolas de Vila Verde."" The email contact provided for Escola Básica de Oriz - São Miguel is info@agvv.edu.pt, which suggests a connection to the Agrupamento.

However, a direct URL for ""Escola Básica de Oriz - São Miguel"" is not found."
33398,Escola Básica Monsenhor Elísio Araújo,Pico de Regalados,Vila Verde,Jardim de Infância,not found,,,"The official website for ""Escola Básica Monsenhor Elísio Araújo"" is part of the Agrupamento de Escolas de Vila Verde.

Here are the relevant URLs:
*   The email contact provided for the school is info@eb23-pico-regalados.rcts.pt.
*   There are references to a previous website for the ""Agrupamento Monsenhor Elísio Araújo"" which was agpico.edu.pt, before its annexation with Agrupamento de Vila Verde.
*   The Agrupamento de Escolas de Vila Verde also has a website: www.agvv.edu.pt.
* The school's information is also present on the website of the União de Freguesias de Pico de Regalados, Gondiães e Mós.

Given the information, the most direct and current official websites related to ""Escola Básica Monsenhor Elísio Araújo"" are those of the Agrupamento de Escolas de Vila Verde:

agpico.edu.pt"
33896,Jardim de Infância de Serzedelo,Serzedelo,Póvoa de Lanhoso,Jardim de Infância,not found,,,"There appears to be some ambiguity regarding the exact institution. There are mentions of ""Jardim de Infância de Serzedelo"" associated with different entities and locations within Portugal.

Here are the details found:

*   **Jardim de Infância de Serzedelo (Póvoa de Lanhoso):** This institution is linked to the Agrupamento de Escolas Gonçalo Sampaio, Póvoa de Lanhoso. It is a public school. While an email address (eb1.inovaserzedelo@escolas.min-edu.pt) and phone number (253636556) are provided, an official website for this specific ""Jardim de Infância de Serzedelo"" is not readily available in the search results.

*   **Creche e Jardim de Infância Casa do Povo de Serzedelo (Guimarães):** This institution is located in Serzedelo, Guimarães, and has a different address and contact information (Rua Padre Manuel Salgado, 17/19, Serzedelo 4765 - 552 Guimarães, Tel. 253 533 914, email secretariadocps@gmail.com). This institution does have a website listed as ""Casa do Povo de Serzedelo"" on Coverflex, a platform for childcare benefits.

Given the potential for two different institutions sharing a similar name in the same region, and the lack of a clear, dedicated official website for ""Jardim de Infância de Serzedelo"" in all contexts, the URL cannot be definitively provided.

not found"
33943,Escola Básica de Fraião - Tamel São Veríssimo,Tamel S. Veríssimo Barcelos,Barcelos,Jardim de Infância,not found,,,"The ""Escola Básica de Fraião - Tamel São Veríssimo"" is part of the ""Agrupamento de Escolas de Vale do Tamel"" (AEVT). While there isn't a dedicated website solely for the ""Escola Básica de Fraião - Tamel São Veríssimo"", information about it can be found on the website of the ""Agrupamento de Escolas de Vale do Tamel"".

http://www.valetamel.edu.govt.pt"
33944,Escola Básica de Alheira,Alheira Barcelos,Barcelos,Jardim de Infância,not found,,,"The ""Escola Básica de Alheira"" in Alheira, Barcelos, Portugal, is part of the ""Agrupamento de Escolas de Vale do Tamel"". While a specific, independent website for ""Escola Básica de Alheira"" was not found, its contacts are listed under the agrupamento.

Therefore, ""not found""."
34742,Jardim de Infância do Centro de Solidariedade da Sagrada Família,Braga,Braga,Jardim de Infância,not found,,,"The official website for ""Jardim de Infância do Centro de Solidariedade da Sagrada Família"" in Braga, Portugal is cssf.pt."
34909,"Escola Básica de Moreira de Rei,",Moreira do Rei,Fafe,Jardim de Infância,not found,,,"The ""Escola Básica de Moreira de Rei"" is part of the Agrupamento de Escolas de Montelongo in Fafe, Portugal. While there isn't a dedicated official website solely for ""Escola Básica de Moreira de Rei,"" information regarding the school can be found through the Agrupamento de Escolas de Montelongo.

You can find more details about the school, including contact information, within the Agrupamento de Escolas Montelongo's listings or the local parish council (Freguesia de Moreira do Rei e Várzea Cova) website.

Here are some relevant URLs:

*   **Agrupamento de Escolas Montelongo (though a specific direct URL for EB de Moreira de Rei is not distinct):** The email address for the director is director@aemontelongo.pt. It is likely that this is part of the larger Montelongo school group's online presence.
*   **Eco-Escolas listing for Escola EB de Moreira do Rei:** https://vertexaisearch.cloud.google.com/grounding-api-redirect/AUZIYQFX4IP_37p9dVSk51XkoDl-9_2mOoMxyAagmuQrWi2ZvsEtgaOt0bJOin_sKHJy4ap_g-bQC4ML8G1i1O9q53Yk-htoG9NPW3ok1yTgM_enKB6TQyEF8C4V0jI0HD4aqz6iNMPX6YWf35qMgv9wfJ372PZvT5IhA3fFFA==
*   **Freguesia de Moreira do Rei e Várzea Cova (Education section, listing Escola Básica da Feira, which is also identified as Escola Básica de Moreira de Rei):** https://vertexaisearch.cloud.google.com/grounding-api-redirect/AUZIYQGn9_prButZceVoAN85eDq1cMWMGTrUpcJExdbraZpZN7Bc69R_dy5kXo7KHxVBX2c38KEqgbmHP3mGnNxHczuDO2fEnhitdDznxv4XJYuOsfkF1bSoM55xtTVywDXlC5KF9cL1sz0NLNSq--0wF6xnBX0Q"
34914,Escola Básica de Vila Boa,Barcelos,Barcelos,Jardim de Infância,not found,,,"""Escola Básica de Vila Boa"" in Barcelos, Portugal, is part of the ""Agrupamento de Escolas de Gonçalo Nunes"". The official website for the Agrupamento de Escolas de Gonçalo Nunes, where you can find information about Escola Básica de Vila Boa, is https://aegn.pt."
34922,Escola Básica de Abade de Neiva,Abade de Neiva,Barcelos,Jardim de Infância,not found,,,"The ""Escola Básica de Abade de Neiva"" is part of the ""Agrupamento de Escolas Gonçalo Nunes"" in Barcelos, Portugal.

The official website for the Agrupamento de Escolas Gonçalo Nunes is aegn.pt. The individual school, Escola Básica de Abade de Neiva, does not appear to have its own separate website, but it is listed on the agrupamento's website.

https://www.aegn.pt"
34923,"Escola Básica de Vila Frescaínha, São Pedro",V Frescainha (S Pedro),Barcelos,Jardim de Infância,not found,,,not found
34925,Escola Básica e Jardim de Infância de Arcos,Braga,Braga,Jardim de Infância,not found,,,"The ""Escola Básica e Jardim de Infância de Arcos"" is part of the ""Agrupamento de Escolas Alberto Sampaio (AESAS)"" in Braga, Portugal. Its official website is http://www.esas.pt. You can find specific information about the ""Escola Básica, com Jardim de Infância, de Arcos"" on the AESAS website under the ""Unidades Orgânicas"" section."
34928,Escola Básica de Freiriz,Freiriz,Vila Verde,Jardim de Infância,not found,,,"The ""Escola Básica de Freiriz"" is part of the ""Agrupamento de Escolas de Moure e Ribeira do Neiva"" in Vila Verde, Portugal. While there isn't a dedicated official website for ""Escola Básica de Freiriz"" itself, it appears to have a blog: https://eb1jifreiriz.blogspot.com/.

The ""Agrupamento de Escolas de Moure e Ribeira do Neiva"" is the owning entity of the school."
34930,Escola Básica de S. Miguel,Vizela,Vizela,Jardim de Infância,not found,,,"""Escola Básica de S. Miguel"" in Vizela, Portugal is part of the ""Agrupamento de Escolas de S. Bento, Vizela"" (formerly ""Agrupamento de Escolas de Infias, Vizela"").

The official website for the agrupamento is https://aesbento.wixsite.com/aesbento."
34934,Jardim de Infância de Seide,Vila Nova de Famalicão,Vila Nova de Famalicão,Jardim de Infância,not found,,,"The ""Jardim de Infância de Seide"" in Vila Nova de Famalicão, Portugal, is part of the Agrupamento de Escolas Camilo Castelo Branco. The official website for the agrupamento, which would include information about the Jardim de Infância de Seide, is aeccb.pt."
34935,Escola Básica de Aldão,Barcelos,Barcelos,Jardim de Infância,not found,,,"Escola Básica de Aldão in Barcelos, Portugal, is part of the Agrupamento de Escolas Gonçalo Nunes, Barcelos. Therefore, its official information can be found on the agrupamento's website. The official website for Agrupamento de Escolas Gonçalo Nunes is https://www.aegn.pt."
34942,Jardim de Infância de Outeiro,Outiz,Vila Nova de Famalicão,Jardim de Infância,not found,,,"The ""Jardim de Infância de Outeiro"" in Outiz, Portugal, is part of the Agrupamento de Escolas de Gondifelos (School Group of Gondifelos). It does not appear to have a separate official website. However, information about it can be found on the agrupamento's website.

https://aegondifelos.pt/escolas/ji-de-outiz/"
34948,Escola Básica de Rio Covo - Santa Eulália,Rio Covo Sta. Eulália,Barcelos,Jardim de Infância,not found,,,not found
34950,Escola Básica da Ponte Pedrinha,Braga,Braga,Jardim de Infância,not found,,,"The ""Escola Básica da Ponte Pedrinha"" in Braga, Portugal, is part of the ""Agrupamento de Escolas André Soares"". The official website for this school cluster is https://www.aeandresoares.com."
34952,Escola Básica de Infias,Ínfias Viz,Vizela,Jardim de Infância,not found,,,"The official website for ""Escola Básica de Infias"" is part of the ""Agrupamento de Escolas de S. Bento, Vizela"" (previously ""Agrupamento de Escolas de Infias, Vizela""). The URL is https://aesbento.wixsite.com/aesbentovizela."
34953,Escola Básica de Tagilde,Tagilde,Vizela,Jardim de Infância,not found,,,not found
34957,Jardim de Infância de Garfe,Garfe-Póvoa de Lanhoso,Póvoa de Lanhoso,Jardim de Infância,not found,,,"The ""Jardim de Infância de Garfe"" in Garfe-Póvoa de Lanhoso, Portugal, does not appear to have its own independent official website. It is listed as part of the ""Agrupamento de Escolas de Póvoa de Lanhoso"".

You can find information related to it on the following:

*   **Agrupamento de Escolas de Póvoa de Lanhoso website:** https://www.aepl.edu.pt/
*   **Centro Social de Garfe:** https://www.centrosocialdegarfe.pt/"
34961,Escola Básica dos Enxertos,Vizela,Vizela,Jardim de Infância,not found,,,"Escola Básica dos Enxertos in Vizela, Portugal, does not have an independent official website. It is part of the Agrupamento de Escolas de Caldas de Vizela (Schools Group of Caldas de Vizela).

You can find information about the school, including contact details (phone and email), on the website of the Agrupamento de Escolas de Caldas de Vizela. The email provided is ebenxertos@aevizela.edu.pt. The website for the Agrupamento de Escolas de Caldas de Vizela is aevizela.edu.pt."
34964,Jardim de Infância de Campo da Vinha,Santa Eulália Viz,Vizela,Jardim de Infância,not found,,,"The ""Jardim de Infância de Campo da Vinha"" in Santa Eulália Viz, Portugal, does not appear to have its own independent official website. However, it is part of the Agrupamento de Escolas de Caldas de Vizela (School Group of Caldas de Vizela). You can find information about it on the Vizela Municipal Council website and the Agrupamento de Escolas de Caldas de Vizela website.

Here are some relevant links:

*   **Agrupamento de Escolas de Caldas de Vizela (AECV) page for Jardim de Infância de Campo da Vinha:** https://aecv.pt/escolas/
*   **Mapa Social entry with contact information:** https://www.mapasocial.pt/instituicoes/jardim-de-infancia-de-campo-da-vinha"
34965,Escola Básica de Monte,Santa Eulália Viz,Vizela,Jardim de Infância,not found,,,"The Escola Básica de Monte in Santa Eulália, Vizela, Portugal, is part of the Agrupamento de Escolas de Caldas de Vizela (AECV). The official website for the Agrupamento de Escolas de Caldas de Vizela, which includes Escola Básica de Monte, is www.aevizela.edu.pt."
34968,Escola Básica de Lagoa,Lagoa Vnf,Gavião,Jardim de Infância,not found,,,not found
37109,Escola Básica de Crespos,Crespos,Braga,Jardim de Infância,not found,,,"The Escola Básica de Crespos in Crespos, Portugal, is part of the Agrupamento de Escolas Sá de Miranda (Sá de Miranda School Group). The official website for the school group, which includes Escola Básica de Crespos, is http://www.sa-miranda.net."
37111,Jardim de Infância de Pomares,Sta Lucrécia,Braga,Jardim de Infância,not found,,,"The ""Jardim de Infância de Pomares"" in Sta Lucrécia, Portugal, appears to be part of a larger school group. It is associated with the Agrupamento de Escolas Sá de Miranda. The relevant page for this specific kindergarten is:

https://vertexaisearch.cloud.google.com/grounding-api-redirect/AUZIYQGU1OgvGp-mMKz1JLP6lSIcvYUtWqp9dFZdo6O04okIqFMqBYmfy5tUrvHqsCmKYgqp-zc_QREjfXoWBOQcY7QGXWn-LLhmplHgbvRoNkki60vRpD7VO1fdZhi0xHDttGgf"
37112,Escola Básica de Presa,Adaúfe,Braga,Jardim de Infância,not found,,,"The ""Escola Básica de Presa"" in Adaúfe, Braga, Portugal, is part of the Agrupamento de Escolas Sá de Miranda. The official website for the Agrupamento de Escolas Sá de Miranda is https://www.aesamiranda.pt/. While there isn't a standalone website specifically for ""Escola Básica de Presa,"" information about it can be found on the agrupamento's website."
37113,Escola Básica de Bracara Augusta,Assento,Braga,Jardim de Infância,not found,,,"The ""Escola Básica de Bracara Augusta"" in Assento, Portugal, is part of the Agrupamento de Escolas Sá de Miranda (Sá de Miranda School Group) in Braga. The official website for the Agrupamento de Escolas Sá de Miranda, which includes the Escola Básica de Bracara Augusta, is sa-miranda.net."
37114,Jardim de Infância de Coucinheiro,Coucinheiro,Braga,Jardim de Infância,not found,,,"The ""Jardim de Infância de Coucinheiro"" is part of the Agrupamento de Escolas Sá de Miranda in Braga, Portugal. The official website for the agrupamento, which includes information about the Jardim de Infância de Coucinheiro, is sa-miranda.net."
37116,Jardim de Infância de Adaúfe,Romil,Braga,Jardim de Infância,not found,,,"The ""Jardim de Infância de Adaúfe"" is part of the Agrupamento de Escolas Sá de Miranda (Sá de Miranda School Group). The official website for the school group, which includes the Jardim de Infância de Adaúfe, is sa-miranda.net."
38718,Escola Básica de Silvares São Clemente,Silvares São Clemente,Fafe,Jardim de Infância,not found,,,"The official website for ""Escola Básica de Silvares São Clemente"" is part of the Agrupamento de Escolas Professor Carlos Teixeira. The specific contact page for the school, which can be considered its official web presence, is: https://www.aecarlosteixeira.net/contactos/."
39216,Jardim de Infância de Minhotães,Minhotães,Barcelos,Jardim de Infância,not found,,,"Jardim de Infância de Minhotães is part of the Agrupamento de Escolas de Vale D'Este, Barcelos. The official website for the Agrupamento de Escolas de Vale D'Este is not explicitly listed in the search results. While some Portuguese schools have their own websites, many are integrated into larger school groupings (Agrupamentos de Escolas). The provided information points to the school's location and contact details but not a dedicated website for the Jardim de Infância itself.

not found"
4311,Jardim de Infância Centro Paroquial de Assistência Torre de Moncorvo,Torre de Moncorvo,Torre de Moncorvo,Creche e Jardim de Infância,https://cspatorredemoncorvo.pt,yes,combined tipo — may have split pages,"The official website for ""Jardim de Infância Centro Paroquial de Assistência Torre de Moncorvo"" is not found. However, it is part of the ""Centro Paroquial de Assistência de Torre de Moncorvo"". The website for this institution is cspatorredemoncorvo.pt."
4372,Centro Infantil de Alfândega da Fé,Alfândega da Fé,Alfândega da Fé,Creche e Jardim de Infância,https://www.scm-alfandegadafe.pt,yes,combined tipo — may have split pages,"The ""Centro Infantil de Alfândega da Fé"" is part of the Santa Casa da Misericórdia de Alfândega da Fé. Their official website is https://www.scm-alfandegadafe.pt."
4379,"Centro Infantil ""O Miminho""",Mirandela,Mirandela,Creche e Jardim de Infância,not found,,,"The ""Centro Infantil ""O Miminho"""" in Mirandela, Portugal, is an establishment of the Santa Casa da Misericórdia de Mirandela. While there isn't a specific independent website for ""O Miminho"", it is listed on the website of the Junta de Freguesia de Mirandela as part of their school network, and also on the Santa Casa da Misericórdia de Mirandela section.

Therefore, the closest to an ""official website"" would be the Santa Casa da Misericórdia de Mirandela page that references it.

https://www.jf-mirandela.pt/rede-escolar/centro-infantil-o-miminho-santa-casa-da-misericordia-de-mirandela"
4399,Centro Infantil da Coxa,Bragança,Bragança,Creche e Jardim de Infância,not found,,,"The ""Centro Infantil da Coxa"" in Bragança, Portugal, is part of the Santa Casa da Misericórdia de Bragança. While there isn't a dedicated website solely for the ""Centro Infantil da Coxa,"" you can find information and a pre-application link for it on the Santa Casa da Misericórdia de Bragança's website.

Here's the relevant URL: https://www.scmb.pt/pages/267"
19142,Jardim Infantil da Santa Casa da Misericórdia de Vinhais,Vinhais,Vinhais,Creche e Jardim de Infância,not found,,,not found
24103,Creche de São Bento e São Francisco,Bragança,Bragança,Creche,not found,,,"The Creche de São Bento e São Francisco in Bragança, Portugal, is owned by the Centro Social e Paroquial Santo Condestável.

The official website for Centro Social e Paroquial Santo Condestável is: https://cspstocondestavel.com/."
29892,Jardim de Infância de Carviçais,Carviçais,Torre de Moncorvo,Jardim de Infância,not found,,,"The ""Jardim de Infância de Carviçais"" does not appear to have a standalone official website. It is listed as part of the local council's (Torre de Moncorvo) information for kindergartens.

However, there is a ""Centro Social e Paroquial de Carviçais"" which offers a creche service and has its own website. While not explicitly named ""Jardim de Infância de Carviçais"", it is located in Carviçais and provides childcare.

Given the information, the closest to an ""official website"" for a childcare institution in Carviçais is for the ""Centro Social e Paroquial de Carviçais"".

https://www.cspcarvicai.pt/"
29893,Jardim de Infância de Cabanas de Baixo,Cabanas de Baixo,Torre de Moncorvo,Jardim de Infância,not found,,,"The ""Jardim de Infância de Cabanas de Baixo"" is listed on the website of the Municipality of Torre de Moncorvo, but it does not have a separate official website. It is under the umbrella of ""Escolas Dr. Ramiro Salgado, Torre de Moncorvo"".

The relevant page on the municipal website is: https://www.cm-torredemoncorvo.pt/pages/708"
29902,Jardim de Infância de Avidagos,Avidagos,Mirandela,Jardim de Infância,not found,,,"The ""Jardim de Infância de Avidagos"" in Avidagos, Mirandela, Portugal, does not appear to have its own independent official website. It is identified as a public institution, and its details, including contact information and address (Rua Dr. Joaquim, 5370 052 Mirandela), are listed on educational directories and social welfare platforms. It is part of the ""Agrupamento de Escolas de Mirandela"". The União das Freguesias de Avidagos, Navalho e Pereira has an official website, but it does not specifically host a page for the Jardim de Infância."
29904,Jardim de Infância de Mirandela,Mirandela,Mirandela,Jardim de Infância,not found,,,"The ""Jardim de Infância da Câmara de Mirandela"" is listed on the official website of the Junta de Freguesia de Mirandela.

https://www.jf-mirandela.pt/rede-escolar/jardim-de-infancia-da-camara-de-mirandela"
30692,Escola Básica da Sé,Bragança (Sé),Bragança,Jardim de Infância,not found,,,"The ""Escola Básica da Sé"" in Bragança, Portugal, is part of the Agrupamento de Escolas Emídio Garcia.

The official website for the Agrupamento de Escolas Emídio Garcia is: http://www.aeemidiogarcia.pt/"
31462,Jardim de Infância de Palaçoulo,Palaçoulo,Miranda do Douro,Jardim de Infância,not found,,,"I could not find an official website specifically for ""Jardim de Infância de Palaçoulo."" However, it is listed as an institution dependent on the ""Agrupamento de Escolas de Miranda do Douro"" (School Group of Miranda do Douro). 

The ""Junta de Freguesia de Palaçoulo"" (Parish Council of Palaçoulo) website has a ""Rede Escolar"" (School Network) section that mentions the ""Escola Básica de Palaçoulo,"" which shares the same phone number as the Jardim de Infância de Palaçoulo. It is possible the Jardim de Infância operates under the umbrella of the local school or parish council, and may not have a separate official website."
31463,Jardim de Infância N.º 1 de Sendim,Sendim,Miranda do Douro,Jardim de Infância,not found,,,"The official website for ""Jardim de Infância N.º 1 de Sendim"" is not found. The institution is part of the ""Agrupamento de Escolas de Miranda do Douro"". While there are listings with contact information and its affiliation, a dedicated official website for this specific kindergarten was not identified in the search results."
31491,Jardim de Infância de Alfândega da Fé,,Alfândega da Fé,Jardim de Infância,not found,,,"The ""Jardim de Infância de Alfândega da Fé"" is a public kindergarten that is part of the ""Agrupamento de Escolas de Alfândega da Fé"" (Alfândega da Fé School Group). While there isn't a dedicated website solely for the ""Jardim de Infância de Alfândega da Fé"", information about it can be found on the website for the ""Agrupamento de Escolas de Alfândega da Fé"". 

http://www.aefe.edu.pt/"
31504,Jardim de Infância de Ervedosa,Ervedosa,Vinhais,Jardim de Infância,not found,,,not found
31718,Jardim de Infância de Santa Comba de Rossas,Santa Comba de Rossas,Bragança,Jardim de Infância,not found,,,"The official website for ""Jardim de Infância de Santa Comba de Rossas"" was not found. While several directories list the institution and its contact information, including an email address associated with ""escolas.min-edu.pt"", and it is linked to the ""Agrupamento de Escolas Abade de Baçal, Bragança"", a dedicated official website for the childcare institution itself could not be identified through the search."
31719,Jardim de Infância de Bragança,,Bragança,Jardim de Infância,not found,,,not found
31776,Escola Básica de Santa Maria,Bragança (Santa Maria),Bragança,Jardim de Infância,not found,,,"The ""Escola Básica de Santa Maria"" in Bragança (Santa Maria), Portugal, is part of the ""Agrupamento de Escolas Miguel Torga"" (Miguel Torga School Grouping).

The official website for the Agrupamento de Escolas Miguel Torga is https://aemigueltorga.pt/."
31777,Jardim de Infância de Gimonde,Gimonde,Bragança,Jardim de Infância,not found,,,"The ""Jardim de Infância de Gimonde"" is part of the Agrupamento de Escolas Miguel Torga in Bragança, Portugal. While the Jardim de Infância de Gimonde itself doesn't appear to have a dedicated official website, information about it can be found on the Agrupamento de Escolas Miguel Torga website.

Therefore, the most relevant URL is: not found"
32060,Jardim de Infância de Vilar de Lomba,Vilar de Lomba,Vinhais,Jardim de Infância,not found,,,"""Jardim de Infância de Vilar de Lomba"" is located in Vilar de Lomba, Vinhais, Portugal. While there isn't a dedicated official website specifically for ""Jardim de Infância de Vilar de Lomba,"" it is likely associated with the local education agrupamento (grouping of schools) or a social parish center.

The ""Agrupamento de Escolas D. Afonso III, Vinhais"" website mentions ""Escola Básica de Vilar de Lomba"" and includes a ""Pré-Escolar"" section for Jardins de Infância, suggesting that the Jardim de Infância de Vilar de Lomba might be part of this agrupamento.

Additionally, the ""Centro Social Paroquial de Santo André"" is located in Vilar de Lomba, 5320-232 – Vinhais, and could potentially host information or be affiliated with the childcare institution.

Given the information, a direct, standalone official website for ""Jardim de Infância de Vilar de Lomba"" was not found."
32064,Jardim de Infância de Rebordelo,Rebordelo,Vinhais,Jardim de Infância,not found,,,"A direct, official website for ""Jardim de Infância de Rebordelo"" was not found.

However, it is listed as being part of the ""Agrupamento de Escolas D. Afonso III, Vinhais"" (School Grouping D. Afonso III, Vinhais). You might find information related to the kindergarten on the website for this school grouping. The website for the Agrupamento de Escolas D. Afonso III, Vinhais is not explicitly provided, but there are mentions of ""cm-vinhais.pt"" for the Municipality of Vinhais. It's possible that the school grouping's website is linked from there, or a subdomain of it.

Another website that lists the institution is ""Mapa Social,"" which aggregates institutions and social services in Portugal. This listing provides contact information (address, phone, email) for the Jardim de Infância de Rebordelo, but not a direct website for the institution itself."
32065,Jardim de Infância de Agrochão,Agrochão,Vinhais,Jardim de Infância,not found,,,"The ""Jardim de Infância de Agrochão"" is part of the Agrupamento de Escolas D. Afonso III, Vinhais. While there isn't a direct official website for the ""Jardim de Infância de Agrochão"" itself, it falls under the umbrella of this school group. Information about the institution, including an email address (ji.agrochao@escolas.min-edu.pt), can be found on educational and social mapping websites."
32355,Jardim de Infância do Romeu,Romeu,Mirandela,Jardim de Infância,not found,,,"A search for ""Jardim de Infância do Romeu"" did not directly yield an official website for the institution itself. However, information suggests it is part of a larger educational or social structure.

Specifically:
*   Jardim de Infância do Romeu is listed under ""Agrupamento de Escolas de Mirandela"" (School Group of Mirandela) as its proprietary entity.
*   Contact information includes an email address: aemdirecao@gmail.com.
*   A phone number 932715237 is also associated with it.

While a dedicated website for ""Jardim de Infância do Romeu"" was not found, it is likely that information about it can be found through the official website of the ""Agrupamento de Escolas de Mirandela"" if one exists."
32424,Escola Básica de Frechas,Frechas,Mirandela,Jardim de Infância,not found,,,"The ""Escola Básica de Frechas"" is part of the ""Agrupamento de Escolas de Mirandela"" (School Grouping of Mirandela). Therefore, its official website is likely to be the website for the agrupamento.

https://www.aemirandela.pt"
33287,Jardim de Infância de Cardanha,,Torre de Moncorvo,Jardim de Infância,not found,,,not found
33296,"Jardim de Infância de Carvalhal, Felgar",,Torre de Moncorvo,Jardim de Infância,not found,,,"The official website for ""Jardim de Infância de Carvalhal, Felgar"" in Torre de Moncorvo, Portugal, was not found.

While the ""Jardim de Infância do Carvalhal"" is listed as being located in Felgar, Torre de Moncorvo, with a contact number, there is no specific official website provided for it. The local municipality website of Torre de Moncorvo lists several ""Jardins de Infância"" (kindergartens), including the one in Carvalhal, but it only provides an address and phone number, not a separate website.

It's important to note that other ""Jardim de Infância de Carvalhal"" exist in different municipalities of Portugal, such as one associated with the Junta de Freguesia de Carvalhal in the district of Braga, and another in Valongo, Porto. However, these are distinct from the institution in Torre de Moncorvo."
33297,Jardim de Infância de Felgar,,Torre de Moncorvo,Jardim de Infância,not found,,,not found
34970,Escola Básica de Santa Comba de Vilariça,Santa Comba de Vilariça,Vila Flor,Jardim de Infância,not found,,,not found
34977,Jardim de Infância de Benlhevai,Benlhevai,Vila Flor,Jardim de Infância,not found,,,not found
34978,Jardim de Infância de Freixiel,Freixiel,Vila Flor,Jardim de Infância,not found,,,not found
34979,Escola Básica de Samões,Samões,Vila Flor,Jardim de Infância,not found,,,"""Escola Básica de Samões"" is part of the ""Agrupamento de Escolas de Vila Flor"". The official website for the ""Agrupamento de Escolas de Vila Flor"" is escolasvilaflor.com."
34981,Escola Básica de Parada,Parada Bgc,Bragança,Jardim de Infância,not found,,,not found
37601,Escola Básica de Pereira,Pereira,Mirandela,Jardim de Infância,not found,,,"The ""Escola Básica de Pereira"" in Pereira, Portugal, does not appear to have a standalone official website. However, it is associated with larger educational groupings, depending on the specific location within Portugal.

There are several schools named ""Escola Básica de Pereira"" across Portugal:

*   **Escola Básica de Pereira, Montemor-o-Velho:** This school is part of the ""Agrupamento de Escolas de Montemor-o-Velho"". Its contact information includes an email (aemontemor.dir@mail.telepac.pt) and phone number (239647028). It is also listed as ""Escola Básica Integrada de Pereira"".
*   **Escola Básica de Pereira, Mirandela:** This school's contact email is eb1.pereira@mail.telepac.pt and its phone number is 278969174.
*   **Escola EB1 de Pereira, Miranda do Corvo:** This school is part of the ""Agrupamento de Escolas de Miranda do Corvo"".

Based on the information available, there is no direct official website solely for ""Escola Básica de Pereira"" in Pereira, Portugal."
1341,"Creche e Jardim de Infância ""O Cortiço""",Proença-A-Nova,Proença-a-Nova,Creche e Jardim de Infância,not found,,,"The official website for ""Creche e Jardim de Infância ""O Cortiço"""" is part of the Santa Casa da Misericórdia de Proença-a-Nova website. You can find information about ""O Cortiço"" and its contact details on the Santa Casa da Misericórdia de Proença-a-Nova website.

https://www.misericordiaproenca.pt/fale-connosco"
1345,Lar I,Vila Velha de Rodão,Vila Velha de Ródão,Creche,not found,,,not found
1349,Equip. Soc. Centro Social e Cultural de Santo Aleixo,Unhais da Serra,Covilhã,Creche,not found,,,not found
1375,Equip. Socialdo Centro Social Nossa Senhora das Necessidades de Alcaria,Alcaria,Fundão,Creche,not found,,,"The official website for ""Equip. Socialdo Centro Social Nossa Senhora das Necessidades de Alcaria"" is not found. The institution is an IPSS (Private Institution of Social Solidarity) that provides social support for the elderly and children in Alcaria, Fundão, Castelo Branco, Portugal.

While a website for ""cpnsa.pt"" appeared in the search results, it refers to a different institution in Setúbal with a similar name, ""Centro Social Nossa Senhora da Anunciada"", and not the one in Alcaria."
2021,Abrigo dos Pequeninos de Nossa Senhora da Conceição,Covilhã,Covilhã,Creche e Jardim de Infância,not found,,,not found
2025,Equip. Soc. do Centro Social Paroquial de Alcaide,Alcaide,Fundão,Creche e Jardim de Infância,not found,,,not found
4452,"Jardim de Infância da Associação Nossa Senhora da Esperança - Infantário "" O Amiguinho""",Belmonte,Belmonte,Creche e Jardim de Infância,not found,,,"The official website for ""Jardim de Infância da Associação Nossa Senhora da Esperança - Infantário "" O Amiguinho"""" in Belmonte, Portugal is not found. However, information about the institution and contact details are available through the Belmonte Municipality website and other directories.

The ""Associação Nossa Senhora da Esperança"" in Belmonte operates a creche, pré-escolar (preschool), ATL (After-School Activities), and a food bank. The email for ""O Amiguinho"" is oamiguinho@hotmail.com. The address is Rua Cabecinho da Forca, Belmonte. The phone numbers provided are 275 913 684 (headquarters), 968 932 310 (office), 968 932 381 (creche), and 968 932 382 (CATL)."
19210,CACFF - Centro Assistencial Cultural e Formativo do Fundão,Fundão,Fundão,Creche,not found,,,"The official website for ""CACFF - Centro Assistencial Cultural e Formativo do Fundão"" was not found. However, several directories and business listings provide contact information and details about the institution.

CACFF is an association of social solidarity. They offer services related to childhood and youth, adult population, and family and community. The institution is located at Avenida Eugénio de Andrade, Lote 9020, 6230-291 Fundão, Portugal. An email address associated with the institution is cacff2@gmail.com. They also have a phone number: 275776... (partial number provided in source)."
29014,Centro Infantil Alberto Trindade (Antigo Centro Infantil de Castelo Branco I),Castelo Branco,Mogadouro,Creche e Jardim de Infância,https://www.scmcastelobranco.pt,yes,combined tipo — may have split pages,"The ""Centro Infantil Alberto Trindade (Antigo Centro Infantil de Castelo Branco I)"" is part of the Santa Casa da Misericórdia de Castelo Branco.

The official website for the Santa Casa da Misericórdia de Castelo Branco, which includes information about the Centro Infantil Alberto Trindade, is:

https://www.scmcastelobranco.pt"
34098,Creche em Amor,Castelo Branco,Mogadouro,Creche,not found,,,not found
39046,Creche em Amor - Granja Park,Castelo Branco,Mogadouro,Creche,not found,,,"Not found.

""Creche em Amor - Granja Park"" in Castelo Branco, Portugal does not appear to have an official website. Several directories list contact information for ""Creche em Amor, Lda"" in Castelo Branco, including an email address (crecheemamor@gmail.com) and phone number (+351 968067697). One source also mentions ""Associação Granja Park"" with a website (agranjapark.pt), but it is not explicitly linked to the ""Creche em Amor"" childcare institution."
39130,Creche Saudável II,Canhoso,Covilhã,Creche,not found,,,not found
29558,Conservatório Regional de Música da Covilhã,Covilhã,Covilhã,Jardim de Infância,not found,,,"The official website for ""Conservatório Regional de Música da Covilhã"" is www.conservatoriomusicacovilha.pt."
30162,Jardim de Infância de Quintas das Violetas,Castelo Branco,Mogadouro,Jardim de Infância,not found,,,"The ""Jardim de Infância de Quintas das Violetas"" in Castelo Branco, Portugal does not appear to have its own independent official website. It is part of the Agrupamento de Escolas Afonso de Paiva, Castelo Branco."
30184,Jardim de Infância de Castelo,Castelo,Sertã,Jardim de Infância,https://ocastelo.webnode.pt/,,,"There appear to be multiple childcare institutions named ""Jardim de Infância de Castelo"" in Portugal.

One ""Jardim de Infância de Castelo"" is located in Guarda, and its official website is https://ocastelo.webnode.pt/.

Another ""Jardim de Infância de Castelo"" is located in Sertã and is part of the Agrupamento de Escolas de Sertã. Its website is https://www.aes.edu.pt/jardim-de-infancia-do-castelo.

There is also a ""Jardim de Infância de Castelo de Penalva"" in Penalva do Castelo. The municipality of Penalva do Castelo lists contact information for several ""Jardins de Infância"", including one in Castelo de Penalva, but a direct website for this specific institution is not provided.

Given the ambiguity of ""Castelo, Portugal"" without further specification, it is not possible to definitively identify a single official website. Therefore, the answer is ""not found"" for a single, uniquely identifiable institution based solely on ""Castelo, Portugal""."
30207,Escola Básica de Fatela,Fatela,Fundão,Jardim de Infância,not found,,,not found
30290,Escola Básica de Malpica do Tejo,Malpica do Tejo,Castelo Branco,Jardim de Infância,not found,,,"The official website for ""Escola Básica de Malpica do Tejo"" is likely part of the ""Agrupamento de Escolas Nuno Álvares"" website, as the school is listed as part of this grouping.

https://vertexaisearch.cloud.google.com/grounding-api-redirect/AUZIYQFyK3N6DNu8AkkRwyG1QPHXS9f10qqVbKIttpuEYazdiZFD3IKpNRh2RPN8muYzU_OSXeb0kGQCNHMH9LQ_YZZKMnkSBwztltuIcN3YY78TjqA="
30293,Escola Básica de Valongo,Castelo Branco,Mogadouro,Jardim de Infância,not found,,,"The Escola Básica de Valongo in Castelo Branco, Portugal, is part of the Agrupamento de Escolas Amato Lusitano. The official website for the agrupamento, which includes the Escola Básica de Valongo, is not directly provided in the search results. However, contact information for the school, including an email address associated with the agrupamento, is available.

Therefore, the direct official website for ""Escola Básica de Valongo"" in Castelo Branco is not found."
30322,Jardim de Infância de Verdelhos,Verdelhos,Covilhã,Jardim de Infância,not found,,,"The ""Jardim de Infância de Verdelhos"" is part of the Agrupamento de Escolas do Teixoso, which does have a website. However, there is no specific, independent official website for the ""Jardim de Infância de Verdelhos"" listed in the search results.

Therefore, the closest thing to an ""official website"" would be the page on the Covilhã Municipality website that lists the contact information for the Jardim de Infância de Verdelhos.

not found"
30369,Jardim de Infância de Peraboa,Peraboa,Covilhã,Jardim de Infância,not found,,,"The ""Jardim de Infância de Peraboa"" is part of the ""Agrupamento de Escolas Pêro da Covilhã"".

The official website for ""Jardim de Infância de Peraboa"" is: https://www.aepcovilha.pt/ji-de-peraboa"
30370,Jardim de Infância de Rodrigo,,Covilhã,Jardim de Infância,not found,,,"The official website for ""Jardim de Infância de Rodrigo"" in Covilhã, Portugal is part of the Agrupamento de Escolas Pêro da Covilhã website.

https://agperocovilha.ccems.pt/ji-do-rodrigo/"
30371,Escola Básica de Refúgio,Refúgio,Covilhã,Jardim de Infância,not found,,,http://agperocovilha.ccems.pt
30373,Escola Básica de Santo António,,Covilhã,Jardim de Infância,not found,,,not found
30500,Jardim de Infância de Alpedrinha,Alpedrinha,Fundão,Jardim de Infância,not found,,,"The ""Jardim de Infância de Alpedrinha"" is part of the Agrupamento de Escolas Gardunha e Xisto, Fundão. While a direct, independent website for the Jardim de Infância de Alpedrinha was not found, it is associated with the Agrupamento de Escolas Gardunha e Xisto.

Not found."
30501,Jardim de Infância de Fundão,Fundão,Fundão,Jardim de Infância,https://www.misericordiafundao.pt,,,"The ""Jardim de Infância de Fundão"" appears to be part of the Santa Casa da Misericórdia do Fundão. Their official website is www.misericordiafundao.pt."
30502,Jardim de Infância de Aldeia de Joanes,Aldeia de Joanes,Fundão,Jardim de Infância,not found,,,"""Jardim de Infância de Aldeia de Joanes"" does not appear to have a standalone official website. However, it is listed as part of other organizations:

*   It is listed on the Eco-Escolas website as ""Jardim de Infância da Aldeia de Joanes"" within the municipality of Fundão.
*   It is also listed on DirectorioEscolas.eu and Mapa Social, which provide contact information and basic details about the school, including a phone number (275773472).
*   The ""Jardim de Infância"" service is mentioned on the Santa Casa da Misericórdia do Fundão website."
30504,Escola Básica de Souto da Casa,Souto da Casa,Fundão,Jardim de Infância,not found,,,not found
30508,Escola Básica de Atalaias,Atalaia do Campo,Fundão,Jardim de Infância,not found,,,"The official website for ""Escola Básica de Atalaias"" in Atalaia do Campo, Fundão, Portugal is not found. While several directories and social mapping sites list the school and provide contact information like a phone number and email address, a dedicated official website URL is not present in the search results. There is an old blogspot link, but it appears to be a blog maintained by a teacher and not an official institutional website."
30700,"Jardim de Infância de Peso, Covilhã",Peso,Cinfães,Jardim de Infância,not found,,,"The ""Jardim de Infância de Peso, Covilhã"" does not appear to have a dedicated official website. However, it is mentioned and listed on the website of the Municipality of Covilhã and the Eco-Escolas program website.

Here's some information found:
*   **Municipality of Covilhã:** The Jardim de Infância do Peso is listed under ""Educação Pré-Escolar"" (Pre-School Education) on the Municipality of Covilhã's website. It provides an address: Avenida Aníbal Casteleira 6200-603 Peso and a phone number: (+351) 914 409 884. An email address, jardimpeso3@hotmail.com, is also provided.
*   **Eco-Escolas:** The ""Jardim de Infância do Peso"" is listed on the Eco-Escolas website, indicating its participation in the program. It confirms the municipality as Covilhã and states it's a public pre-school.
*   **Freguesia do Peso:** The local parish (Freguesia do Peso) website mentions recent renovation works at the Jardim de Infância do Peso, highlighting the local commitment to the well-being of the children.
*   **Contact Information:** A phone number for Jardim de Infância do Peso is also listed on the ""União de Freguesias Peso e Vales do Rio"" website: 914 409 884.

Given the available information, it's part of the local educational network and is referenced by municipal and environmental education initiatives rather than having a standalone official website."
30701,Jardim de Infância os Loureiros,Tortosendo,Covilhã,Jardim de Infância,not found,,,"A ""Jardim de Infância os Loureiros"" in Tortosendo, Portugal, does not appear to have a dedicated official website. It is part of the Agrupamento de Escolas Frei Heitor Pinto.

Information about the institution, including contact details, can be found on:

*   **DirectorioEscolas.eu**: Provides basic information and contact number (916739165).
*   **Município da Covilhã website**: Lists the address and a mobile number ((+351) 916 739 165).
*   **escoladevidro.pt**: Offers contact information, including an email address (ji.n1.tortosendo@escolas.min-edu.pt) and phone number (916739165)."
30702,Escola Básica de Cortes,Cortes do Meio,Covilhã,Jardim de Infância,not found,,,"The official website for ""Escola Básica de Cortes"" in Cortes do Meio, Portugal is not found. However, it is associated with the ""Agrupamento de Escolas Frei Heitor Pinto, Covilhã"". The Municipality of Covilhã website lists ""EB das Cortes do Meio"" under its education section.

You can find information about ""EB das Cortes do Meio"" on the Municipality of Covilhã website: https://www.cm-covilha.pt/pages/708."
30703,"Jardim de Infância de Vales do Rio, Covilhã",Vales do Rio,Cinfães,Jardim de Infância,not found,,,"The official website for ""Jardim de Infância de Vales do Rio, Covilhã"" is not found. The institution is part of the ""Agrupamento de Escolas Frei Heitor Pinto, Covilhã"". You can find contact information for the Jardim de Infância de Vales do Rio through the ""Mapa Social"" website, which lists its address as ESTRADA MUNICIPAL, 6200-811 Vales do Rio, and a phone number as 275331228, with an email heitor.pinto@mail.telepac.pt.

The Municipality of Covilhã also lists ""Jardim de Infância de Vales do Rio"" with the address Rua Campo das Festas 6200-811 Vales do Rio and phone number (+351) 275 950 295."
30705,Escola Básica N.º 1 de Paúl,Paúl,Covilhã,Jardim de Infância,not found,,,"The ""Escola Básica N.º 1 de Paúl"" in Paúl, Portugal, is part of the ""Agrupamento de Escolas Frei Heitor Pinto, Covilhã"".

Based on the search results, there isn't a specific, independent official website for ""Escola Básica N.º 1 de Paúl"". Instead, information about this school is available through the website of the ""Agrupamento de Escolas Frei Heitor Pinto"" on the ""School of the Future"" platform.

Therefore, the closest to an ""official website"" is the page dedicated to it within the agrupamento's presence on the School of the Future platform:

https://www.schoolofthefuture.pt/escolas/ae-frei-heitor-pinto-eb1-de-paul"
30742,Jardim de Infância de Monsanto,Monsanto,Idanha-a-Nova,Jardim de Infância,not found,,,not found
32055,Jardim de Infância de Cantar Galo,Covilhã,Covilhã,Jardim de Infância,not found,,,"The ""Jardim de Infância de Cantar Galo"" in Covilhã, Portugal, is part of the ""Agrupamento de Escolas A Lã e a Neve"" (School Grouping ""A Lã e a Neve"").

The official website for the Agrupamento de Escolas A Lã e a Neve is not directly provided in the search results, but there are pages related to the Jardim de Infância de Cantar-Galo within this grouping.

Based on the search results, a direct, independent official website for ""Jardim de Infância de Cantar Galo"" was not found. Instead, it appears to be integrated into the larger school grouping.

Therefore, the most relevant online presence found is as part of the Agrupamento de Escolas A Lã e a Neve. Given the request to return only the URL or ""not found"", and since a direct, independent URL was not found for the specific institution, the answer is ""not found""."
32056,Jardim de Infância de Vila do Carvalho,Vila do Carvalho,Covilhã,Jardim de Infância,not found,,,"The ""Jardim de Infância de Vila do Carvalho"" is part of the Agrupamento de Escolas ""A Lã e a Neve"" in Covilhã, Portugal. While there isn't a dedicated official website solely for the ""Jardim de Infância de Vila do Carvalho,"" information about it can be found on the website of the Municipality of Covilhã and the Agrupamento de Escolas ""A Lã e a Neve"".

You can find details about the Jardim de Infância de Vila do Carvalho on the Município da Covilhã website under the ""Educação Pré-Escolar"" section. The Agrupamento de Escolas ""A Lã e a Neve"" also has a page dedicated to EB/JI Vila do Carvalho."
32061,Jardim de Infância de Capinha,Capinha,Fundão,Jardim de Infância,not found,,,not found
32206,Jardim de Infância do Salgueiro Campo,Salgueiro do Campo,Castelo Branco,Jardim de Infância,not found,,,"Jardim de Infância do Salgueiro Campo is part of the ""Agrupamento de Escolas Afonso de Paiva, Castelo Branco"" (Afonso de Paiva School Group, Castelo Branco).

You can find information related to Jardim de Infância do Salgueiro Campo on the Agrupamento de Escolas Afonso de Paiva website: https://www.aepaiva.pt/"
34985,Escola Básica de Telhado,Telhado Fnd,Fundão,Jardim de Infância,not found,,,"I found multiple schools named ""Escola Básica de Telhado"" in Portugal, located in different municipalities.

For ""Escola Básica de Telhado"" in Fundão (Telhado Fnd), the email address is eb1.telhadocimopovo@escolas.min-edu.pt. While a website field is present, no URL is provided, suggesting there isn't a dedicated official website for this specific school.

For ""Escola Básica de Telhado"" in Vila Nova de Famalicão, there are listings on school directories, but no direct official website is provided.

Therefore, a dedicated official website for ""Escola Básica de Telhado"" in Telhado Fnd, Portugal, was not found."
34986,Escola Básica de Barroca Grande,Aldeia S Francisco Assis,Covilhã,Jardim de Infância,not found,,,"The official website for ""Escola Básica de Barroca Grande"" in Aldeia S Francisco Assis, Portugal, is not found. However, information about the school can be found on the Covilhã Municipality website. The school's address is Barroca Grande, 6225-051 Aldeia de São Francisco de Assis, and its phone number is (+351) 275 657 101. The email provided is info@eb1barrocagrande.rcts.pt. It is also part of the Agrupamento de Escolas Frei Heitor Pinto in Covilhã."
34990,Escola Básica de Orvalho,Orvalho,Oleiros,Jardim de Infância,not found,,,"The ""Escola Básica de Orvalho"" in Orvalho, Portugal, is part of the Agrupamento de Escolas Padre António de Andrade, Oleiros. While there isn't a dedicated official website solely for Escola Básica de Orvalho, information about it can be found through the agrupamento.

The contact email for Escola Básica de Orvalho is eb1.orvalho@escolas.min-edu.pt. The Agrupamento de Escolas Padre António de Andrade has a website that provides information about the schools it encompasses.

The website for the Agrupamento de Escolas Padre António de Andrade is https://www.aepaaoleiros.net."
34999,Escola Básica de Várzea dos Cavaleiros,Várzea dos Cavaleiros,Sertã,Jardim de Infância,not found,,,"The ""Escola Básica de Várzea dos Cavaleiros"" is part of the Agrupamento de Escolas de Sertã.

The official website for the Agrupamento de Escolas de Sertã, which includes the Escola Básica de Várzea dos Cavaleiros, is: not found."
35000,Escola Básica de São Silvestre,Covilhã,Covilhã,Jardim de Infância,not found,,,"The ""Escola Básica de São Silvestre"" in Covilhã, Portugal, is part of the Agrupamento de Escolas Pêro da Covilhã.

The official website for the Agrupamento de Escolas Pêro da Covilhã, which includes the Escola Básica de São Silvestre, is: https://www.aepcovilha.pt/"
35001,Escola Básica de Boidobra,Covilhã,Covilhã,Jardim de Infância,not found,,,"The official website for Escola Básica de Boidobra in Covilhã, Portugal is: https://www.aepcovilha.pt/eb-ji-da-boidobra/."
35003,Escola Básica de Zebreira,Zebreira,Idanha-a-Nova,Jardim de Infância,not found,,,"The ""Escola Básica de Zebreira"" in Zebreira, Portugal, is part of the Agrupamento de Escolas José Silvestre Ribeiro, Idanha-a-Nova.

While there isn't a dedicated official website solely for ""Escola Básica de Zebreira"", information about the school, including contact details and its affiliation, can be found on the Agrupamento de Escolas José Silvestre Ribeiro website. Additionally, some educational directories list an email address and a potential old website, though its current status is uncertain.

Therefore, the most relevant official online presence is that of its parent group.

not found"
35004,Escola Básica de Penha Garcia,Penha Garcia,Idanha-a-Nova,Jardim de Infância,not found,,,"The ""Escola Básica de Penha Garcia"" is part of the Agrupamento de Escolas José Silvestre Ribeiro in Idanha-a-Nova, Portugal.

The official website for the Agrupamento de Escolas José Silvestre Ribeiro, which includes Escola Básica de Penha Garcia, is https://www.agrupamentoidanha.com."
2816,Equip. Soc. Centro Paroquial de Solidariedade Social de Buarcos,Figueira da Foz,Figueira da Foz,Creche e Jardim de Infância,not found,,,facebook.com/centroparoquialbuarcos
2849,Centro Paroquial de Solidariedade Social da Freguesia de Serpins,Serpins,Lousã,Creche,not found,,,https://centro-paroquial-serpins.web.app/
2891,Equip. do Centro Social de São João,São Martinho do Bispo,Coimbra,Creche e Jardim de Infância,not found,,,not found
2897,Equip. Soc. Centro Social Paroquial de Sarzedo,Sarzedo Agn,Moimenta da Beira,Creche,not found,,,"The official website for ""Equip. Soc. Centro Social Paroquial de Sarzedo"" is not found. However, information about the institution can be found on other platforms.

The ""Centro Social Paroquial de Sarzedo"" is an IPSS (Private Institution of Social Solidarity) located in Sarzedo, Arganil, Portugal. It offers various social responses including a crèche, after-school care (ATL), home support services for the elderly, a day center, and a residential structure for the elderly (nursing home).

Contact information for the institution is available:
*   **Phone numbers:** 235205838 / 965686845
*   **Email:** CSPSARZEDO@sapo.pt
*   **Address:** Rua Beatriz Piedade das Neves, 3300-405 Sarzedo, Arganil."
2902,Equip. Soc. Centro Social Nossa Senhora da Alegria,Coimbra,Coimbra,Creche e Jardim de Infância,not found,,,not found
2928,Creche da AFMP - Cantinho das Cegonhas,Montemor-O-Velho,Montemor-o-Velho,Creche,not found,,,"The official website for ""Creche da AFMP - Cantinho das Cegonhas"" is part of the Associação Fernão Mendes Pinto (AFMP) website: http://www.afmp.pt."
2955,Equip. do Centro Paroquial de Solidariedade Social de Ribeira de Frades,Ribeira de Frades,Coimbra,Creche e Jardim de Infância,not found,,,"The official website for ""Equip. do Centro Paroquial de Solidariedade Social de Ribeira de Frades"" is not explicitly listed in the search results. However, there is a related website for ""CPSS - RIBEIRA DE FRADES"" which appears to be the same institution and offers information about ""CRIANÇA FELIZ"" (Happy Child), which seems to be their childcare program.

The URL is: https://cpssfrfrades.webnode.page/"
2969,Casa da Criança Sarah Beirão,Oliveira do Hospital,Oliveira do Hospital,Creche,not found,,,not found
2984,Casa de São Pedro,Figueira da Foz,Figueira da Foz,Creche e Jardim de Infância,not found,,,"The official website for ""Casa de São Pedro"" in Figueira da Foz, which provides childcare services (Creche and Pré-escolar), is associated with the Instituto de São Miguel.

You can find information about Casa de São Pedro, including an enrollment form, on the Instituto de São Miguel's website: https://casadespedro.wixsite.com/jardimdeinfancia"
4533,Equip. Soc. da Comissão de Melhoramentos do Corticeiro de Cima,Cantanhede,Cantanhede,Creche e Jardim de Infância,not found,,,"The official website for ""Equip. Soc. da Comissão de Melhoramentos do Corticeiro de Cima"" in Cantanhede, Portugal is not found. However, there are several directory listings and mentions on other institutional websites. The institution can be found on the Município de Cantanhede website and on the Mapa Social website. There is also a listing on Eco-Escolas. While not a direct official website, there is a page for ""Comissão de Melhoramentos de Corticeiro de Cima"" with information about its history and services, possibly an older or unofficial site, at ourvacation.com."
4598,Equip. Soc. do Centro Social Paroquial de Seixo da Beira,Seixo da Beira,Oliveira do Hospital,Creche e Jardim de Infância,not found,,,https://centrosocialparoquiadesixodabeira.wixsite.com/seixo-da-beira
5607,Equipamento Social Centro Social Rocha Barros,Góis,Góis,Creche e Jardim de Infância,http://centrosocialrochabarros.com,yes,combined tipo — may have split pages,"The official website for ""Equipamento Social Centro Social Rocha Barros"" in Góis, Portugal is http://centrosocialrochabarros.com."
12160,Equip. da Casa do Povo de Azarede,Azarede,Montemor-o-Velho,Creche,not found,,,"The official website for ""Equip. da Casa do Povo de Azarede"" in Azarede, Portugal is not found. However, information regarding the institution can be found on other platforms.

""Equip. da Casa do Povo de Azarede"" is an institution that focuses on childhood and social areas, aiming to contribute to the local community's development. It offers social support services such as a creche (daycare), CATL (Leisure Time Activities Center), a social store, and a social laundry.

The institution is located at Rua Maestro Angelino Gomes Ferrão, 3140-022 Arazede. It can be contacted by phone at 239609204 or 239607111, and by email at casapovoarazede@sapo.pt."
17280,Lar de Cortes,Alvares,Góis,Creche,not found,,,"The ""Lar de Cortes"" in Alvares, Portugal, is part of the ""Centro Paroquial de Solidariedade Social da Freguesia de Alvares"" (CPSSFA).

The official website for the Centro Paroquial de Solidariedade Social da Freguesia de Alvares is: https://cpssfa.pt."
17611,Equipamento do Centro Social Paroquial de Lavos,Lavos,Figueira da Foz,Creche,not found,,,not found
17706,Centro de Bem Estar Social da Freguesia de Figueira de Lorvão,Figueira de Lorvão,Penacova,Creche,not found,,,https://www.cbes-figueiradelorvao.com/
18403,"Creche e Jardim de Infância - Pintainhos D'ouro, Lda.",Condeixa-A-Velha,Condeixa-a-Nova,Creche e Jardim de Infância,not found,,,not found
22535,Fraldas e Fraldinhas,Coimbra,Coimbra,Creche,not found,,,https://fraldasefraldinhas.webnode.page
24720,Universo Imaginário,Coimbra,Coimbra,Creche,not found,,,not found
28281,Cantinho dos Sonhos,Lousã,Lousã,Creche,not found,,,"The official website for ""Cantinho dos Sonhos"" in Lousã, Portugal is www.facebook.com/creheatlcantinhodossonhos."
35723,Edifício Arco-Íris,Coimbra,Coimbra,Creche,not found,,,"The ""Edifício Arco-Íris"" in Coimbra, Portugal, does not appear to have a dedicated official website. It is listed as being owned by ""Clube de Tempos Livres de Santa Clara"" (CTL Santa Clara), an Association of Social Solidarity.

You can find more information about ""Edifício Arco-Íris"" and its contact details, including an email address (ctlsc@outlook.com) and phone number (239445810), on the Mapa Social website. CTL Santa Clara also provides an address for Edifício Arco-Íris as ""Transversal à Rua Augusto Matos - Santa Clara, 3040-014 Coimbra""."
2911,Equip. Soc. Centro Social e Cultural 25 de Abril,Coimbra,Coimbra,Jardim de Infância,not found,,,not found
2922,CATL de Liceia,Liceia,Montemor-o-Velho,Jardim de Infância,not found,,,"A search for ""CATL de Liceia"" in Liceia, Portugal, did not yield an official website for a childcare institution with that specific name. The search results primarily returned information about ""CATL"" as an acronym for ""Centro de Atividades de Tempos Livres"" (Leisure Time Activities Center) which are common childcare facilities in Portugal.

Many of the search results for ""CATL"" refer to general descriptions of such centers or to other specific CATL institutions in different locations in Portugal, like ""CATL - Centro Ambiente para Todos"" or ""CATL - Mundos de Vida"". Some results also refer to ""CATL"" as Contemporary Amperex Technology Co., Limited, a completely unrelated battery manufacturing company.

Without a specific website for ""CATL de Liceia,"" it is not possible to provide a URL."
29391,Jardim Infantil de Gatões - Associação Fernão Mendes Pinto,Gatões,Montemor-o-Velho,Jardim de Infância,not found,,,"The official website for ""Jardim Infantil de Gatões - Associação Fernão Mendes Pinto"" is part of the larger ""Associação Fernão Mendes Pinto"" website. The specific page for the ""Jardim de Infância de Gatões"" can be found at: https://afmp.webnode.page/educacao/jardim-de-infancia-de-gatoes/.

The main website for the ""Associação Fernão Mendes Pinto"" is https://afmp.webnode.page/."
30027,Jardim de Infância de Cova da Serpe,Cova da Serpe,Figueira da Foz,Jardim de Infância,not found,,,"The ""Jardim de Infância de Cova da Serpe"" is part of the ""Agrupamento de Escolas Figueira Norte"" (Figueira Norte School Group).

The official website for the ""Agrupamento de Escolas Figueira Norte"" is likely where you would find information about the Jardim de Infância de Cova da Serpe. While a direct, independent website for the Jardim de Infância de Cova da Serpe was not found, the school group's website serves as its official online presence.

https://www.aefn.pt (Based on the search results, this is the likely domain for ""Agrupamento de Escolas Figueira Norte"", although the exact URL was not explicitly provided in the snippets)."
30030,Jardim de Infância de Maiorca,Maiorca,Figueira da Foz,Jardim de Infância,not found,,,"The ""Jardim de Infância de Maiorca"" in Maiorca, Portugal, is part of the Agrupamento de Escolas Figueira Norte. The official website for the school group, which includes the Jardim de Infância de Maiorca, is likely:

https://www.anf.edu.pt/"
30031,Escola Básica de Vila Nova do Ceira,Vila Nova do Ceira,Góis,Jardim de Infância,not found,,,"The ""Escola Básica de Vila Nova do Ceira"" is part of the Agrupamento de Escolas de Góis.

The official website for the Agrupamento de Escolas de Góis is aegois.com."
30033,Jardim de Infância de Regalheiras,Regalheiras de Lavos,Figueira da Foz,Jardim de Infância,not found,,,"The ""Jardim de Infância de Regalheiras"" in Regalheiras de Lavos, Portugal, does not appear to have a standalone official website. However, it is part of the Agrupamento de Escolas de Paião (School Grouping of Paião).

You can find its contact information and details listed on the AEP (Agrupamento de Escolas de Paião) website. It is also listed on educational directories like Skoolist.pt and InfantariosPT."
30034,Jardim de Infância de Alqueidão,Alqueidão,Figueira da Foz,Jardim de Infância,not found,,,not found
30057,Jardim de Infância de Sinde,Sinde,Tábua,Jardim de Infância,not found,,,"The ""Jardim de Infância de Sinde"" is part of the ""Agrupamento de Escolas de Tábua"". While there isn't a specific, independent website for the Jardim de Infância de Sinde, you can find information and contact details through the ""Agrupamento de Escolas de Tábua"" by emailing geral@aetabua.pt or calling 235410100."
30159,Jardim de Infância de Sepins,Sepins,Cantanhede,Jardim de Infância,not found,,,"The ""Jardim de Infância de Sepins"" is part of the Agrupamento de Escolas Marquês de Marialva in Cantanhede, Portugal. Therefore, its information can be found on the agrupamento's website.

https://www.aemmarialva.pt"
30324,Escola Básica de Pereira,Pereira,Montemor-o-Velho,Jardim de Infância,not found,,,"It appears there are several ""Escola Básica de Pereira"" institutions in different locations in Portugal, making it difficult to definitively identify the ""official"" website without more specific location details.

However, here are some of the institutions found and their associated contact information, which may include a website:

*   **Escola Básica de Pereira, Barcelos:** This school is located at Rua da Escola, Pereira Bcl, 4755-404, Barcelos, Braga, Portugal. Their email is eb1.varzielapereira@escolas.min-edu.pt, and their phone number is 253891600. No direct website was found for this specific school in the search results.
*   **Escola Básica Integrada de Pereira, Montemor-o-Velho:** This school is located at R. St. Rita, 3140-316 Pereira MMV. Their phone number is 239 647 032. No website was explicitly listed for this institution. Another source lists the email as aemontemor.dir@mail.telepac.pt and the phone as 239647028, and indicates it belongs to the Agrupamento de Escolas de Montemor-o-Velho.
*   **Escola Básica de Pereira, Miranda do Corvo:** This school is located at Rua Henrique Mesquita, 3220 232 Miranda do Corvo. Their email is info@eb1-pereira.rcts.pt and their phone number is 239531669. No direct website was found for this specific school in the search results.

Given the ambiguity, I am unable to provide a single, definitive official URL. Therefore, the response is ""not found""."
30325,Jardim de Infância de Carapinheira,Carapinheira,Montemor-o-Velho,Jardim de Infância,not found,,,not found
30326,Jardim de Infância de Meãs,Meãs do Campo,Montemor-o-Velho,Jardim de Infância,not found,,,"The ""Jardim de Infância de Meãs"" in Meãs do Campo, Portugal, is part of the ""Agrupamento de Escolas de Montemor-o-Velho"".

Therefore, its information can be found on the Montemor-o-Velho Municipality website.

https://cm-montemorvelho.pt/"
30717,Jardim de Infância de Miranda do Corvo,Miranda do Corvo,Miranda do Corvo,Jardim de Infância,not found,,,"The ""Jardim de Infância de Miranda do Corvo"" is listed as a public kindergarten associated with the ""Agrupamento de Escolas de Miranda do Corvo"". It also appears to be part of the ""Centro Infantil de Miranda do Corvo,"" which is managed by the Fundação ADFP.

Based on the search results, there doesn't appear to be a distinct, independent official website solely for ""Jardim de Infância de Miranda do Corvo."" Information about it is found on the websites of the municipality, educational agrupamento, or related institutions.

Therefore, the most appropriate response is: not found."
30719,Escola Básica de Moinhos,Miranda do Corvo,Miranda do Corvo,Jardim de Infância,not found,,,"The Escola Básica de Moinhos in Miranda do Corvo, Portugal, is part of the Agrupamento de Escolas de Miranda do Corvo (School Group of Miranda do Corvo). The official website for the Agrupamento de Escolas de Miranda do Corvo is http://aemc.ccems.pt/."
30720,Jardim de Infância de Casais de S. Clemente,Lamas Mcv,Miranda do Corvo,Jardim de Infância,not found,,,"The official website for ""Jardim de Infância de Casais de S. Clemente"" is a page within the website of the Junta de Freguesia de Lamas (Lamas Parish Council).

The direct URL is: https://www.jf-lamas.pt/rede-escolar/jardim-de-infancia-de-casais-de-sao-clemente"
31032,Jardim de Infância de Sanguinheira,Sanguinheira,Cantanhede,Jardim de Infância,not found,,,not found
31663,Escola Básica de Seixo,Seixo,Penacova,Jardim de Infância,not found,,,"Several schools in Portugal are named ""Escola Básica de Seixo."" To find the correct official website, it's important to differentiate them by their associated agrupamento (school cluster) or location.

Here are the websites for different ""Escola Básica de Seixo"" institutions:

*   **Escola Básica de Seixo (Montemor-o-Velho):** This school is part of the Agrupamento de Escolas de Montemor-o-Velho. While a direct website for the ""Escola Básica de Seixo"" itself isn't readily available, it is associated with the Agrupamento de Escolas de Montemor-o-Velho.
*   **EB de Seixo (Mira):** This school belongs to the Agrupamento de Escolas de Mira. The official page for EB de Seixo within this agrupamento is https://www.aemira.pt/contactos/agrupamento/eb-de-seixo.
*   **Escola EB/JI do Seixo (Rio Tinto/Gondomar):** This school is part of the Agrupamento de Escolas de Rio Tinto Nº 3. Their page is https://aert3.pt/escolas/eb1-ji-seixo/."
31665,Jardim de Infância de Miro,Friúmes,Penacova,Jardim de Infância,https://www.gssdcrmiro.pt,,,"The official website for ""Jardim de Infância de Miro"" in Friúmes, Penacova, Portugal, is part of the Agrupamento de Escolas de Penacova. While there isn't a dedicated website solely for the ""Jardim de Infância de Miro,"" it is associated with the larger ""Grupo de Solidariedade Social, Desportivo, Cultural e Recreativo de Miro"" (GSSDCRMIRO), which operates a creche.

Here's the relevant URL:
https://www.gssdcrmiro.pt"
31666,Jardim de Infância de Espinheira,Penacova,Penacova,Jardim de Infância,not found,,,"The ""Jardim de Infância de Espinheira"" in Penacova, Portugal, does not appear to have its own independent official website. It is part of the Agrupamento de Escolas de Penacova (School Group of Penacova).

The website for the Agrupamento de Escolas de Penacova is www.aepenacova.pt."
31667,Centro Escolar de Lorvão,Lorvão,Penacova,Jardim de Infância,not found,,,"The ""Centro Escolar de Lorvão"" is associated with the Agrupamento de Escolas de Penacova. The official website for the Junta de Freguesia de Lorvão mentions the ""Centro Escolar de Lorvão"" and provides contact information, but not a dedicated website for the school itself. The Câmara Municipal de Penacova also refers to the ""Centro Escolar de Lorvão"" in its education section and other news, but again, without a separate official website for the childcare institution.

Therefore, a distinct official website for ""Centro Escolar de Lorvão"" was not found."
31748,Escola Básica do 1ºceb/Jardim-De-Infância de Coja,Coja,Arganil,Jardim de Infância,not found,,,"The ""Escola Básica do 1ºceb/Jardim-De-Infância de Coja"" is part of the Agrupamento de Escolas de Arganil (School Group of Arganil).

The official website for the Agrupamento de Escolas de Arganil, which includes information about the Coja school, is: https://www.aearganil.pt/"
31749,Escola Básica do 1ºceb/Jardim-De-Infância de S. Martinho da Cortiça,São Martinho da Cortiça,Arganil,Jardim de Infância,not found,,,"The official website for ""Escola Básica do 1ºceb/Jardim-De-Infância de S. Martinho da Cortiça"" appears to be integrated within the website of the Municipality of Arganil, or part of a larger ""Agrupamento de Escolas"".

Based on the search results, the following URL is the most relevant:
https://www.cm-arganil.pt/p/354"
31778,Jardim de Infância de Ameal,Ameal,Coimbra,Jardim de Infância,not found,,,"The ""Jardim de Infância de Ameal"" appears to refer to at least two different institutions in Portugal, one in Coimbra and another in Torres Vedras.

For the ""Jardim de Infância de Ameal"" in Coimbra, which is part of the Agrupamento de Escolas de Coimbra Oeste, there isn't a direct, dedicated website for the Jardim de Infância itself. However, information and contact details are available through the Agrupamento de Escolas Coimbra Oeste. The email address provided is aecoimbraoeste@aecoimbraoeste.pt.

For the ""Jardim de Infância de Ameal"" in Torres Vedras, which is part of the Agrupamento de Escolas Henriques Nogueira, there is a page on the Eco-Escolas website that provides information, but not a standalone official website for the institution itself.

Given the distinction, and the lack of a single ""official website"" that directly represents ""Jardim de Infância de Ameal"" as a standalone entity in either location, the answer is ""not found""."
31779,Jardim de Infância de São Bento,Casais do Campo,Coimbra,Jardim de Infância,not found,,,not found
31798,Jardim de Infância de Carvalhais de Baixo,Carvalhais de Baixo,Coimbra,Jardim de Infância,not found,,,not found
31813,Jardim de Infância de Travanca de Lagos,Travanca de Lagos,Oliveira do Hospital,Jardim de Infância,not found,,,not found
31815,Jardim de Infância de Largo da Feira,Oliveira do Hospital,Oliveira do Hospital,Jardim de Infância,not found,,,"It appears there might be some confusion regarding the exact location of ""Jardim de Infância de Largo da Feira."" While your request specifies ""Oliveira do Hospital,"" several search results indicate a ""Jardim de Infância do Largo da Feira"" located in Nogueira do Cravo, in the municipality of Oliveira de Azeméis.

However, one result *does* mention ""Jardim de Infância de Largo da Feira, Oliveira do Hospital"" and provides an email address: ji.largofeira@escolas.min-edu.pt. This entry does not offer a direct website URL. The local municipality website for Oliveira do Hospital lists other childcare institutions but not one with this specific name.

Given the conflicting information and the lack of a clear official website for the institution specifically in Oliveira do Hospital, the URL cannot be definitively found.

not found"
31817,Jardim de Infância de Seixas da Beira,Seixas da Beira,Oliveira do Hospital,Jardim de Infância,not found,,,"It appears there isn't a dedicated official website solely for ""Jardim de Infância de Seixas da Beira."" However, it is associated with other institutions and listed on informational sites.

Here's what was found:

*   The ""Jardim de Infância de Seixas da Beira"" is part of the ""Agrupamento de Escolas de Oliveira do Hospital"" (School Group of Oliveira do Hospital). You can find information about it, including contact details, on the Agrupamento's website. The email provided for the institution is direcao@aeoh.pt, which belongs to the Agrupamento de Escolas de Oliveira do Hospital.

*   The institution is also listed on the ""Mapa Social"" platform, which aggregates institutions and social responses in mainland Portugal.

*   The local municipal council, ""Câmara Municipal de Oliveira do Hospital,"" also lists ""Jardim de Infância de Seixas da Beira"" with its address and phone number on their website under ""Estabelecimentos Escolares"" (School Establishments).

Therefore, a single, independent official website for ""Jardim de Infância de Seixas da Beira"" was not found. Its information is integrated within the larger school grouping and public service directories."
31818,Jardim de Infância de Penalva de Alva,Penalva de Alva,Oliveira do Hospital,Jardim de Infância,not found,,,"It appears there are several institutions with similar names or in nearby locations, which can lead to confusion.

Based on the search results, the ""Jardim de Infância de Penalva de Alva"" is part of the ""Agrupamento de Escolas de Oliveira do Hospital"". However, a direct official website specifically for ""Jardim de Infância de Penalva de Alva"" was not found.

The ""Centro Desenvolvimento Sócio Cultural de Penalva de Alva"" also offers childcare services (Apoio à Criança) and has a website under construction. Their contact page lists an email and phone numbers.

Another relevant entry is ""EB Penalva - Agrupamento de Escolas de Santo António"", which includes pre-school education (Educação Pré-Escolar) and has a strong connection to the local community, with its contact information available.

Given the information, a dedicated official website for ""Jardim de Infância de Penalva de Alva"" was not explicitly found. The most relevant online presence directly associated with childcare in Penalva de Alva seems to be the ""Centro Desenvolvimento Sócio Cultural de Penalva de Alva,"" but its ""Apoio à Criança"" section states it's ""Em Construção"" (under construction).

Therefore, the URL cannot be provided.
not found"
31820,Escola Básica de Nogueira do Cravo,Nogueira do Cravo,Oliveira do Hospital,Jardim de Infância,not found,,,"The ""Escola Básica de Nogueira do Cravo"" is part of the ""Agrupamento de Escolas de Oliveira do Hospital"" (AEOH).

The official website for the ""Agrupamento de Escolas de Oliveira do Hospital"" is: https://www.aeoh.pt."
32017,Escola Básica de Granja do Ulmeiro,Granja do Ulmeiro,Soure,Jardim de Infância,not found,,,"The official website for Escola Básica de Granja do Ulmeiro is part of the Agrupamento de Escolas Martinho Árias, Soure (AEMAS). The specific page for Escola Básica de Granja do Ulmeiro can be found at: http://www.eb1-granja-ulmeiro.rcts.pt. You can also find information about it on the AEMAS website as part of their ""Escolas Bás. 1º Ciclo"" section and ""JI Granja do Ulmeiro"" section."
32018,Escola Básica de Tapeus,Tapeus,Soure,Jardim de Infância,not found,,,"The Escola Básica de Tapeus is part of the ""Agrupamento de Escolas Martinho Árias, Soure"" (AEMAS). Therefore, its official information and potentially a dedicated page would be found on the AEMAS website.

The official website for the Agrupamento de Escolas Martinho Árias, Soure (AEMAS) is aemas.pt."
32023,Escola Básica de Figueiró do Campo,Figueiró do Campo,Soure,Jardim de Infância,not found,,,"The ""Escola Básica de Figueiró do Campo"" is part of the Agrupamento de Escolas Martinho Árias, Soure (AEMAS). While there isn't a dedicated website solely for Escola Básica de Figueiró do Campo, information about it, including contact details and its affiliation, can be found on the AEMAS website and the Soure Municipality website. The AEMAS website is likely the closest to an ""official website"" for this school.

However, since you requested only the URL or ""not found"", and there isn't a direct, independent official website for the ""Escola Básica de Figueiró do Campo"", the answer is not found."
32108,Jardim de Infância de Soure,Soure,Soure,Jardim de Infância,https://escolasdesoure.pt,,,"The ""Jardim de Infância de Soure"" is part of the Agrupamento de Escolas Martinho Árias (AEMAS) in Soure, Portugal. The official website for AEMAS, which includes information about the Jardim de Infância de Soure, is escolasdesoure.pt."
32210,Jardim de Infância de Serpins,Serpins,Lousã,Jardim de Infância,not found,,,not found
32229,Jardim de Infância de Santa Rita,Lousã-Vilarinho,Lousã,Jardim de Infância,not found,,,not found
32230,Jardim de Infância do Freixo,Lousã-Vilarinho,Lousã,Jardim de Infância,not found,,,"The ""Jardim de Infância do Freixo"" in Lousã-Vilarinho, Portugal does not appear to have its own independent official website. However, it is mentioned on several official and associational websites:

*   **Município da Lousã (Lousã City Council):** The Jardim de Infância do Freixo is listed on the institutional portal of the Câmara Municipal da Lousã, with contact information and its location in Freixo, Lousã.
*   **Eco-Escolas (Eco-Schools Program):** The institution is also featured on the Eco-Escolas website, under the Agrupamento de Escolas da Lousã (Schools Group of Lousã), providing details such as its address, phone number, and GPS coordinates.
*   **Activar – Associação de Cooperação da Lousã:** This association states it is responsible for ""Atividades de Animação e Apoio à Família"" (Family Animation and Support Activities) in the Jardim de Infância do Freixo, among others, since 2001.
*   **ADIC - Associação de Defesa do Idoso e da Criança de Vilarinho, Lousã:** This association also runs a ""Jardim de infância"" in Vilarinho, which is housed in facilities provided by the local authority. It has a dedicated section for its kindergarten with contact information and an email address for the kindergarten (jardim@adic.pt).

Given this, there isn't a single, dedicated official website for ""Jardim de Infância do Freixo."" However, you can find information and contact details through the websites listed above."
32342,Jardim de Infância da Pocariça,Pocariça,Cantanhede,Jardim de Infância,not found,,,not found
32686,Escola Básica de Semide,Semide,Miranda do Corvo,Jardim de Infância,not found,,,"The ""Escola Básica de Semide"" is part of the ""Agrupamento de Escolas de Miranda do Corvo"" (School Grouping of Miranda do Corvo). Therefore, its official information, including contact details and potentially a dedicated page, would likely be found on the agrupamento's website.

However, a direct official website for ""Escola Básica de Semide"" was not found in the search results. Information available points to the school being located in Semide, Miranda do Corvo, Portugal, and its association with the larger ""Agrupamento de Escolas de Miranda do Corvo"". Contact details such as phone numbers and an email address (geral@aemc.edu.pt) are provided, which likely belong to the agrupamento.

Therefore, the URL for ""Escola Básica de Semide"" is not found."
32689,Escola Básica Professor Doutor Ferrer Correia,Semide,Miranda do Corvo,Jardim de Infância,not found,,,"The official website for ""Escola Básica Professor Doutor Ferrer Correia"" in Semide, Portugal is http://ebiferrercorreia.ccems.pt."
32706,Jardim de Infância do Vidual,Rio de Vide,Miranda do Corvo,Jardim de Infância,not found,,,not found
33119,Jardim de Infância de Carvalhais,Lavos,Figueira da Foz,Jardim de Infância,not found,,,"The ""Jardim de Infância de Carvalhais"" in Lavos, Portugal, is part of the Agrupamento de Escolas de Paião (School Group of Paião). Therefore, its information can be found on the municipality's website.

The official website is: https://www.cm-figfoz.pt/pages/904?poi_id=459."
33120,Jardim de Infância de Santa Luzia,Lavos,Figueira da Foz,Jardim de Infância,not found,,,"The ""Jardim de Infância de Santa Luzia"" in Lavos, Portugal, is part of the Agrupamento de Escolas de Paião (School Group of Paião). While there isn't a dedicated official website for the Jardim de Infância de Santa Luzia itself, you can find information and contacts through the website of the Municipality of Figueira da Foz and the Mapa Social platform. The Agrupamento de Escolas de Paião also lists the contact information for the Jardim de Infância de Santa Luzia.

Therefore, a direct, standalone official website for ""Jardim de Infância de Santa Luzia"" in Lavos, Portugal, was not found."
33330,Escola Básica do 1ºceb/Jardim-De-Infância de Sarzedo,Sarzedo,Moimenta da Beira,Jardim de Infância,not found,,,"The ""Escola Básica do 1ºceb/Jardim-De-Infância de Sarzedo"" is located in Sarzedo, Arganil, Portugal. It is part of the Agrupamento de Escolas de Arganil. While a direct, independent official website for this specific institution was not found, it is mentioned on the Eco-Escolas website and the Municipality of Arganil website.

It is also associated with the Agrupamento de Escolas de Arganil, which may have more information."
34761,Jardim Infantil de S. Miguel - Centro Ass.paroq. de Santa Cruz,Coimbra,Coimbra,Jardim de Infância,not found,,,"The official website for ""Jardim Infantil de S. Miguel - Centro Ass.paroq. de Santa Cruz"" in Coimbra, Portugal is not found. The institution is part of the ""Centro de Assistência Paroquial de Santa Cruz"" (CAPSC). The CAPSC has its own statutes and states that for more information, social media should be consulted. While several directory listings provide contact information, including an email address (crechesaomiguel@mail.telepac.pt) and phone number (239 493 410), a dedicated official website for the childcare institution or the broader Centro de Assistência Paroquial de Santa Cruz was not identified in the search results."
35010,Escola Básica de Trouxemil,,Coimbra,Jardim de Infância,not found,,,"The Escola Básica de Trouxemil in Coimbra, Portugal, is part of the Agrupamento de Escolas Rainha Santa Isabel (AERSI).

You can find information related to Escola Básica de Trouxemil on the AERSI website: http://www.aersi.net"
35017,Escola Básica de Larçã,Botão,Coimbra,Jardim de Infância,not found,,,"Escola Básica de Larçã in Botão, Coimbra, Portugal, is part of the Agrupamento de Escolas Rainha Santa Isabel (AERSI). While there isn't a dedicated website specifically for Escola Básica de Larçã, you can find information about it through the AERSI website.

The website for Agrupamento de Escolas Rainha Santa Isabel is not explicitly provided in the search results. However, contact information for Escola Básica de Larçã includes an email address: eb1.larca@escolas.min-edu.pt.

Therefore, a direct official website for ""Escola Básica de Larçã"" was not found."
35018,Escola Básica de Brasfemes,Brasfemes,Coimbra,Jardim de Infância,not found,,,"""Escola Básica de Brasfemes"" is part of the ""Agrupamento de Escolas Rainha Santa Isabel"" (School Grouping Rainha Santa Isabel) in Coimbra. The Agrupamento de Escolas Rainha Santa Isabel has a section on its website for the ""Escola Básica de Brasfemes"".

https://www.aersi.net/escolas/"
35026,Escola Básica N.º 1 de Taveiro,Taveiro,Coimbra,Jardim de Infância,https://bibliotecastaveiro.wixsite.com/bibliotecas-escolare,,,https://bibliotecastaveiro.wixsite.com/bibliotecas-escolare
35027,Escola Básica de Póvoa,Coimbra,Coimbra,Jardim de Infância,not found,,,"The official website for ""Escola Básica de Póvoa"" in Coimbra, Portugal is http://www.eb1-coimbra-n31-povoa.rcts.pt."
35028,Escola Básica de Bairro Azul,São Silvestre,Coimbra,Jardim de Infância,not found,,,not found
35029,Escola Básica de São Martinho de Árvore,São Martinho de Árvore,Coimbra,Jardim de Infância,not found,,,"The ""Escola Básica de São Martinho de Árvore"" is part of the ""Agrupamento de Escolas Coimbra Centro"" (School Grouping Coimbra Centro). The official website for the grouping is not explicitly stated in the search results, but an email address and phone number for ""Agrupamento de Escolas Coimbra Centro"" are provided.

Therefore, the direct official website for ""Escola Básica de São Martinho de Árvore"" is not found."
35042,Escola Básica de Almas de Freire,Coimbra,Coimbra,Jardim de Infância,not found,,,"""Escola Básica de Almas de Freire"" in Coimbra, Portugal, does not appear to have its own independent official website. It is part of the ""Agrupamento de Escolas Coimbra Oeste"" (School Grouping Coimbra West).

The Agrupamento de Escolas Coimbra Oeste has a website at https://www.aecoimbraoeste.pt/."
35045,Escola Básica de Vila Verde,Lamarosa,Coimbra,Jardim de Infância,not found,,,"I could not find an official website specifically for ""Escola Básica de Vila Verde"" in Lamarosa, Portugal. However, I found contact information and mentions of it being part of larger school groupings.

Here's what I found:
*   ""Escola Básica do 1.º ciclo de Vila Verde - Lamarosa"" is listed with the address Vila Verde - Lamarosa, 3020-000 - TORRE DE VILELA and a phone number 239 951 574.
*   Another listing for ""Escola e Jardim de Infância de Vila Verde"" in Lamarosa provides phone numbers (EB1: 239951574, JI: 239952379) and the address Rua da Escola, Vila Verde, 3025-400 Lamarosa.
*   ""Escola Básica de Vila Verde, Coimbra"" has an email address: eb1.vverdelamarosa@escolas.min-edu.pt and is part of the ""Agrupamento de Escolas Coimbra Centro"".
*   The ""Agrupamento de Escolas Coimbra Centro"" has a website linked on Páginas Amarelas, but it's a general contact page for the grouping, not a specific school site.
*   There's also an ""Agrupamento de Escolas de Vila Verde"" with an email info@eb23-vila-verde.rcts.pt and a homepage. However, this seems to be located in the Braga district, not Coimbra where Lamarosa is.

Based on the available information, a standalone official website for ""Escola Básica de Vila Verde"" in Lamarosa could not be definitively identified. It appears to be associated with the ""Agrupamento de Escolas Coimbra Centro""."
37102,Escola Básica de Alvares,Alvares,Góis,Jardim de Infância,not found,,,"The Escola Básica de Alvares in Alvares, Portugal, is part of the Agrupamento de Escolas de Góis. Its official website is the Agrupamento de Escolas de Góis website.

https://www.aglgois.net/"
37117,Jardim Infantil do Centro Social e Paroquial de S. Martinho do Bispo,,Coimbra,Jardim de Infância,not found,,,not found
37119,Instituto Educativo de Lordemão,Lordemão,Coimbra,Jardim de Infância,http://www.institutoeducativolordemao.pt,,,The official website for Instituto Educativo de Lordemão is http://www.institutoeducativolordemao.pt.
37605,Escola Básica de Antanhol,Antanhol,Coimbra,Jardim de Infância,not found,,,"Escola Básica de Antanhol is part of the ""Agrupamento de Escolas Coimbra Centro"" (Coimbra Centre School Group). While there are several directory listings for ""Escola Básica de Antanhol"", none of these appear to be an official website for the individual school.

Therefore, the official website for Escola Básica de Antanhol is not found."
37748,Escola Básica de Bom Sucesso,Bom Sucesso,Figueira da Foz,Jardim de Infância,not found,,,"It appears there are several ""Escola Básica de Bom Sucesso"" institutions in Portugal. To provide the correct official website, more specific location information than just ""Bom Sucesso, Portugal"" is needed.

However, based on the search results, here are some URLs that might be relevant to different ""Escola Básica de Bom Sucesso"" locations:

*   **For Escola Básica do Bom Sucesso in Alverca do Ribatejo (part of the Agrupamento de Escolas do Bom Sucesso in Vila Franca de Xira):** http://aebomsucesso.ccems.pt
*   **For Escola EB/JI do Bonsucesso in Aveiro:** This school is part of Agrupamento de Escolas Dr. Mário Sacramento, Aveiro, but a direct website for the ""Escola EB/JI do Bonsucesso"" itself is not immediately apparent from the search results.
*   **For Colégio do Bom Sucesso (a Dominican college in Lisbon):** https://www.colegiofamiliabomsucesso.pt/ (Note: This is a ""Colégio"" not specifically an ""Escola Básica"")

Please provide more precise location details (e.g., municipality or district) for ""Escola Básica de Bom Sucesso"" in Bom Sucesso, Portugal, to help me find the exact official website."
37787,Escola EB1/JI de Casais do Campo,Coimbra,Coimbra,Jardim de Infância,not found,,,"The ""Escola EB1/JI de Casais do Campo"" in Coimbra, Portugal, is part of the Agrupamento de Escolas Coimbra Oeste. Therefore, its official information is integrated into the agrupamento's website.

https://www.aecoimbraoeste.pt/escolas/"
1112,"Creche, ATL ,Sad e Centro de Convívio da 3ª Idade Renascer de Bombel",Bombel,Vendas Novas,Creche,not found,,,not found
1121,Jardim de Infância do Centro Social Paroquial do Ciborro,Ciborro,Montemor-o-Novo,Creche e Jardim de Infância,not found,,,not found
1134,Centro Social Paroquial Santo António de Lavre,Lavre,Montemor-o-Novo,Creche,not found,,,"The official website for ""Centro Social Paroquial Santo António de Lavre"" is not found. While there are several directory listings and social media mentions, an official, dedicated website for the institution in Lavre, Portugal, could not be definitively identified.

However, there is an official website for a ""Centro Social e Paroquial de Santo António"" in Vila Real, which is a different institution.

Information about ""Centro Social Paroquial Santo António de Lavre"" indicates its address as Rua Drº Bernardino Machado Nr. 5, 7050-467 Lavre, Portugal. It offers services such as creche and pre-school."
1135,Equip Soc da Associação de Solidariedade Social 25 de Abril de Vendas Novas,Vendas Novas,Vendas Novas,Creche e Jardim de Infância,not found,,,not found
1138,Obra Promoção Social Sagrada Família - Casa Sagrado Coração Jesus,Canaviais,Évora,Creche e Jardim de Infância,not found,,,"The official website for ""Obra Promoção Social Sagrada Família - Casa Sagrado Coração Jesus"" in Canaviais, Portugal, is not found. However, there is a page on ""My Site - Casa do Sagrado Coração de Jesus"" which provides information about the institution and its contact details, including an email address and phone numbers.

The institution is also listed on Mapa Social and Eco-Escolas."
1148,Associação Centro Infantil São Manços,São Manços,Évora,Creche e Jardim de Infância,not found,,,not found
1170,Centro Comunitário-Centro Social Paroquial Santo André,Estremoz,Estremoz,Creche e Jardim de Infância,not found,,,"Not found.

While several directory listings and social media contacts exist, an official website for ""Centro Comunitário-Centro Social Paroquial Santo André"" in Estremoz, Portugal, was not found through the search."
1176,Equip. Soc. Centro Paroquial Bem Estar Social São Julião Monte do Trigo,Monte do Trigo,Portel,Creche e Jardim de Infância,not found,,,not found
17387,Colégio Jardim dos Sentidos - Assoc. das Obras Assist. da Sociedade de S. Vicente de Paulo,Montemor-O-Novo,Montemor-o-Novo,Creche e Jardim de Infância,not found,,,The official website for Colégio Jardim dos Sentidos - Assoc. das Obras Assist. da Sociedade de S. Vicente de Paulo is aoassvp.org.
22112,Associação Solidariedade Social Ninho,Évora,Évora,Creche,not found,,,not found
29364,Creche São Francisco de Assis,Estremoz,Estremoz,Creche,not found,,,not found
37982,Consigo - Cooperativa de Ensino e Solidariedade Social - Escolinha do Parque,Vendas Novas,Vendas Novas,Creche,https://escolinhadoparque.pt,,,"The official website for ""Consigo - Cooperativa de Ensino e Solidariedade Social - Escolinha do Parque"" in Vendas Novas, Portugal is escolinhadoparque.pt."
31012,Escola Básica de Cabeção,Cabeção,Mora,Jardim de Infância,not found,,,"The Escola Básica de Cabeção is part of the Agrupamento de Escolas de Mora.

The official website for the Agrupamento de Escolas de Mora, which includes Escola Básica de Cabeção, is: https://www.aemora.edu.pt/"
31035,Escola Básica de Canaviais,Évora,Évora,Jardim de Infância,not found,,,https://ebcanaviais.wixsite.com/ebcanaviais
31223,Escola Básica Nº 5 de Montemor-O-Novo,Montemor-O-Novo,Montemor-o-Novo,Jardim de Infância,not found,,,"The ""Escola Básica Nº 5 de Montemor-O-Novo"" is part of the Agrupamento de Escolas de Montemor-o-Novo. The official website for the Agrupamento de Escolas de Montemor-o-Novo, which includes Escola Básica Nº 5, is https://www.aemn.pt/."
31224,Escola Básica de São Cristovão,S. Cristovão,Montemor-o-Novo,Jardim de Infância,not found,,,"The ""Escola Básica de São Cristóvão"" in S. Cristóvão, Portugal, is part of the Agrupamento de Escolas General Serpa Pinto. While there isn't a dedicated official website solely for ""Escola Básica de São Cristóvão,"" information regarding it can be found on the agrupamento's website.

Therefore, the closest to an official website for ""Escola Básica de São Cristóvão"" in S. Cristóvão, Portugal, is the website of the Agrupamento de Escolas General Serpa Pinto. However, a direct URL for *only* the Escola Básica de São Cristóvão is not found.

not found"
31227,Escola Básica de Lavre,Lavre,Montemor-o-Novo,Jardim de Infância,not found,,,"""Escola Básica de Lavre"" is part of the ""Agrupamento de Escolas de Montemor-o-Novo"" (School Group of Montemor-o-Novo). The official website for this school group, which includes ""Escola Básica de Lavre"", is aemn.edu.gov.pt."
31228,Escola Básica de Santiago de Escoural,Santiago do Escoural,Montemor-o-Novo,Jardim de Infância,not found,,,not found
31394,Jardim de Infância de Monte Branco,Vendas Novas,Vendas Novas,Jardim de Infância,not found,,,"The ""Jardim de Infância de Monte Branco"" is part of the Agrupamento de Escolas de Vendas Novas (School Group of Vendas Novas). Therefore, its official information can be found on the agrupamento's website.

Here is the URL for the Agrupamento de Escolas Vendas Novas: http://www.aevendasnovas.pt"
31395,Jardim de Infância da Afeiteira,Afeiteira,Vendas Novas,Jardim de Infância,not found,,,"The Jardim de Infância da Afeiteira does not appear to have a standalone official website. However, it is part of the Agrupamento de Escolas de Vendas Novas (School Group of Vendas Novas). The school group's website, which lists the Jardim de Infância da Afeiteira, is https://www.aevn.edu.gov.pt."
31413,Escola Básica 2 3 Padre Bento Pereira,Borba,Borba,Jardim de Infância,not found,,,"The ""Escola Básica 2 3 Padre Bento Pereira"" in Borba, Portugal, is part of the ""Agrupamento de Escolas de Borba"" (School Grouping of Borba).

The official website for the ""Agrupamento de Escolas de Borba"" is https://www.aeborba.pt/. There is no separate website for ""Escola Básica 2 3 Padre Bento Pereira"" itself."
31414,Jardim de Infância de Orada,Orada,Borba,Jardim de Infância,not found,,,not found
33321,Escola Básica Nº 2 de Vendas Novas,Vendas Novas,Vendas Novas,Jardim de Infância,not found,,,"The ""Escola Básica Nº 2 de Vendas Novas"" is part of the ""Agrupamento de Escolas Vendas Novas"" (AEVN).

The official website for the Agrupamento de Escolas Vendas Novas, which includes Escola Básica Nº 2 de Vendas Novas, is: https://www.aevendasnovas.edu.pt"
35047,Jardim de Infância de Santa Maria,Estremoz,Estremoz,Jardim de Infância,not found,,,"Not found.

The ""Jardim de Infância de Santa Maria"" in Estremoz, Portugal, does not appear to have a dedicated official website. It is listed as a public school and part of the Agrupamento de Escolas de Estremoz (School Group of Estremoz). While there are listings for the institution on educational directories like DirectorioEscolas.eu and Mapa Social, and it is mentioned on the Eco-Escolas website and the Agrupamento de Escolas de Estremoz website, none of these are direct official websites for the Jardim de Infância itself. The Santa Casa da Misericórdia de Estremoz is a different institution with its own website."
35049,Escola Básica do Caldeiro,Estremoz,Estremoz,Jardim de Infância,not found,,,"The Escola Básica do Caldeiro in Estremoz, Portugal, is part of the Agrupamento de Escolas de Estremoz. The official website for the agrupamento (grouping of schools) is aeestremoz.edu.pt."
35050,Escola Básica de Arcos,Arcos Etz,Vila do Conde,Jardim de Infância,not found,,,"The official website for ""Escola Básica de Arcos"" in Arcos Etz, Portugal is not found. However, it is part of the ""Agrupamento de Escolas de Estremoz"". You can find contact information for Escola Básica de Arcos through directories like Mapa Social or DirectorioEscolas.eu, which list a phone number and an email address: eb1.arcosestacao@escolas.min-edu.pt."
35053,Escola Básica de Monte Trigo,Monte do Trigo,Portel,Jardim de Infância,https://www.portel.pt/municipio/eb1-ji-de-monte-do-trigo,,,"The official website for ""Escola Básica de Monte do Trigo"" in Monte do Trigo, Portugal is part of the Portal Institucional do Município de Portel.

Here is the URL: https://www.portel.pt/municipio/eb1-ji-de-monte-do-trigo"
35058,Escola Básica de São Bento do Cortiço,São Bento do Cortiço,Estremoz,Jardim de Infância,not found,,,not found
35059,Escola Básica da Mata,Estremoz,Estremoz,Jardim de Infância,not found,,,"The ""Escola Básica da Mata"" in Estremoz, Portugal, is part of the ""Agrupamento de Escolas de Estremoz"" (School Group of Estremoz). Therefore, its official information can be found on the agrupamento's website.

http://aeestremoz.drealentejo.pt/"
35061,Escola Básica de Veiros,Veiros Etz,Estremoz,Jardim de Infância,not found,,,"""Escola Básica de Veiros"" is part of the ""Agrupamento de Escolas de Estremoz"" (School Grouping of Estremoz). The official website for this grouping, which includes Escola Básica de Veiros, is https://www.aeestremoz.pt."
35063,Escola Básica de Montoito,Montoito,Redondo,Jardim de Infância,not found,,,"The Escola Básica de Montoito is part of the Agrupamento de Escolas de Redondo (School Grouping of Redondo). The official website for the Agrupamento de Escolas de Redondo, which includes the Escola Básica de Montoito, is aerredondo.net."
35065,Escola Básica de Oriola,Oriola,Portel,Jardim de Infância,not found,,,"The ""Escola Básica de Oriola"" is part of the ""Agrupamento de Escolas de Portel"" (School Grouping of Portel).

The official website for the Agrupamento de Escolas de Portel is not explicitly listed in the search results. However, the Municipality of Portel's website lists the EB1 / JI de Oriola and provides contact information including a phone number and an email address for the school (eb1.oriola@escolas.min-edu.pt). Another search result indicates that the school is part of the Agrupamento de Escolas de Portel.

Given this, a direct official website for ""Escola Básica de Oriola"" does not appear to be independently maintained or easily found through a direct search.

not found"
35078,Escola Básica de Granja,Granja Mou,Trancoso,Jardim de Infância,not found,,,"Escola Básica de Granja in Granja Mou, Portugal, is part of the Agrupamento de Escolas de Mourão. The official website for the agrupamento (group of schools) is https://www.aemourao.pt/."
35095,Jardim de Infância de Pardais,Pardais,Vila Viçosa,Jardim de Infância,not found,,,http://agrupescolasvvicosa.no.sapo.pt/
37121,Escola Básica de Perolivas,Perolivas,Reguengos de Monsaraz,Jardim de Infância,not found,,,"The official website for Escola Básica de Perolivas appears to be a page within the website of the Agrupamento de Escolas de Reguengos de Monsaraz (School Group of Reguengos de Monsaraz).

The direct URL for the Escola Básica de Perolivas is: http://www.eb1-perovilas.rcts.pt However, the most up-to-date information and contact details are available on the Reguengos de Monsaraz municipality website, which lists the school under its public education network.

Based on the information, the most relevant official URL is likely the one associated with the Agrupamento de Escolas de Reguengos de Monsaraz.

http://www.eb1-perovilas.rcts.pt"
37124,"Escola Básica de São Pedro do Corval,",S. Pedro do Corval,Reguengos de Monsaraz,Jardim de Infância,not found,,,The Escola Básica de São Pedro do Corval is part of the Agrupamento de Escolas de Reguengos de Monsaraz. The official website for the agrupamento (group of schools) which includes Escola Básica de São Pedro do Corval is: https://www.aerm.pt.
37125,Escola Básica de Campinho,Campinho,Reguengos de Monsaraz,Jardim de Infância,not found,,,"The official website for Escola Básica de Campinho in Campinho, Reguengos de Monsaraz, Portugal, is not found through a direct search. However, contact information and its affiliation with the Municipality of Reguengos de Monsaraz are available.

You can find information about ""Escola Básica de Campinho"" on the website of the Municipality of Reguengos de Monsaraz. It is listed as a public basic education institution for the 1st cycle. The school's address is Rua da Igreja, 7200-511 Campinho, and the phone number is 266 589 117. It also appears to be part of the ""Agrupamento de Escolas de Reguengos de Monsaraz"" (School Cluster of Reguengos de Monsaraz)."
1991,Centro de Animação Infantil do Centro Desenvolvimento Cultural e Social Martim Longo,Martim Longo,Alcoutim,Creche e Jardim de Infância,not found,,,"The official website for ""Centro de Animação Infantil do Centro Desenvolvimento Cultural e Social Martim Longo"" is https://vertexaisearch.cloud.google.com/grounding-api-redirect/AUZIYQEQM8sLrEalm9V-61O8s5BKkUgqRh8OYQ9jscvGIUSnOaLgkjAYe1ELUHUfNkoXZnBG4UZkeSjY7Fi4CojR6SQ25jy4uAZIg9P6JFoEtqPS1a4jNkvAdjdDdWlrWmLB1rs=."
4040,"Centro Infantil ""O Pinóquio""",Tavira,Tavira,Creche e Jardim de Infância,not found,,,"The official website for ""Centro Infantil ""O Pinóquio"""" in Tavira, Portugal is not found. However, it is associated with the Santa Casa da Misericórdia de Tavira.

Contact information for Centro Infantil ""O Pinóquio"":
*   Address: Rua Poeta Isidoro Pires Nº 8, 8800-422 Tavira, Portugal.
*   Phone: 281322355.
*   Email: scmtavira@mail.telepac.pt.
*   Fax: 281326427."
4107,Infantário Palhacinho,Almancil,Loulé,Creche e Jardim de Infância,not found,,,not found
4191,"Creche, Jardim Infância e ATL ""Gaivota""",Armação de Pera,Silves,Creche e Jardim de Infância,not found,,,"The ""Creche, Jardim Infância e ATL ""Gaivota"""" is part of the Santa Casa da Misericórdia de Armação de Pêra.

https://www.scmap.pt/valencias"
18269,"Creche ""São José""",Ferreiras,Albufeira,Creche,not found,,,not found
18281,Centro Comunitário de Salir,Salir,Loulé,Creche,not found,,,not found
21281,O Paraíso Jardim Infantil,Loulé,Loulé,Creche e Jardim de Infância,not found,,,"""O Paraíso Jardim Infantil"" in Loulé, Portugal, does not appear to have an official website. Several sources, including business directories and official documents, list contact information such as an email address (oparaiso.jinfantil@sapo.pt) and phone number (289463636), but no official website URL is provided."
22509,Grãozinho D'areia,Albufeira,Albufeira,Creche e Jardim de Infância,not found,,,"The official website for ""Grãozinho D'areia"" in Albufeira, Portugal, was not found. The available information provides contact details such as address, phone number, and email, but no official website URL."
23366,A Casinha Brincalhona,Portimão,Portimão,Creche,not found,,,https://acasinhabrincalhona.com
24922,"Creche ""A Escolinha""",Carvoeiro,Lagoa,Creche,not found,,,"The official website for ""Creche ""A Escolinha"""" in Carvoeiro, Portugal is www.cascarvoeiro.pt."
25711,Creche o Relógio - Polo Gambelas,Faro,Faro,Creche,not found,,,"I cannot find an official website specifically for ""Creche o Relógio - Polo Gambelas"". However, there are several directory listings that provide contact information for the institution.

It appears to be part of the ""Instituto Dom Francisco Gomes (Casa dos Rapazes)"".

There is a website for ""Creche e o jardim-de-infância 'O Relógio'"" which appears to be a broader entity, but it mentions a different address and phone number than the Gambelas polo. Another website for ""O Relógio - 1º Ciclo"" also mentions ""Creche Gambelas"" in its menu. This could potentially be the main website for the larger ""O Relógio"" institution that includes the ""Polo Gambelas"". However, it does not explicitly state ""Polo Gambelas"" in the URL or the main page."
26959,"A Colmeia das Abelhinhas, Unipessoal, Lda",Portimão,Portimão,Creche e Jardim de Infância,not found,,,"The official website for ""A Colmeia das Abelhinhas, Unipessoal, Lda"" in Portimão, Portugal, was not found. While several sources provide contact information such as phone numbers (e.g., 965128093, 282426567) and email (colmeia-das-abelhinhas@hotmail.com), and mention their physical address, an official website specifically for this institution in Portimão could not be identified from the search results. There is a Facebook link provided on one directory, but it is not a dedicated website. Other results refer to different ""A Colmeia"" or ""Colmeia das Abelhinhas"" institutions that are not located in Portimão or are not the specified ""Unipessoal, Lda"" entity."
32798,Creche e Lar Idosos Budens,Budens,Vila do Bispo,Creche,not found,,,"""Creche e Lar Idosos Budens"" is part of the Santa Casa da Misericórdia de Vila do Bispo. The official website for the Santa Casa da Misericórdia de Vila do Bispo, which includes information on the Creche de Budens and the ERPI (Estrutura Residencial Para Pessoas Idosas) in Budens, is:

https://www.scmvb.pt"
34560,Centro Infantil da Santa Casa da Misericórdia de Castro Marim,Castro Marim,Castro Marim,Creche,not found,,,"The official website for ""Centro Infantil da Santa Casa da Misericórdia de Castro Marim"" is part of the Santa Casa da Misericórdia de Castro Marim website. You can find information about their childcare services, including a creche (nursery) and kindergarten, on their website.

https://www.scmcantismarim.pt/"
36678,Infantário Lugar Encantado,Faro,Faro,Creche,not found,,,not found
39051,Creche os Piratinhas - Delegação CVP Vila Real de Santo António,Vila Real de Santo António,Vila Real de Santo António,Creche,not found,,,"The ""Creche os Piratinhas - Delegação CVP Vila Real de Santo António"" is associated with the Portuguese Red Cross (Cruz Vermelha Portuguesa). While there isn't a dedicated website just for ""Creche os Piratinhas"", information about it is available through the Vila Real de Santo António delegation of the Portuguese Red Cross, specifically under the Tavira Humanitarian Center.

Therefore, the most relevant official website is: https://tavira.cruzvermelha.pt/delegacao-de-vila-real-de-santo-antonio.html"
29408,Centro Social de Nossa Senhora do Carmo de Faro,Faro,Faro,Jardim de Infância,not found,,,https://www.centrosocialnossasenhoradocarmodefaro.com/
29626,Jardim Infantil da Coop.trabalhadores da Câmara Municipal de Albufeira,Albufeira,Albufeira,Jardim de Infância,not found,,,"The official website for ""Jardim Infantil da Coop.trabalhadores da Câmara Municipal de Albufeira"" was not found. However, information regarding the institution, including an email address (infantariopiratas@gmail.com) and phone number (289541545), is available through ""Mapa Social"". The institution is also listed as an ""Associação de Solidariedade Social"" (Social Solidarity Association)."
29807,"Jardim Infantil ""O Girassol"" Stª Casa da Misericórdia de Tavira",Tavira,Tavira,Jardim de Infância,not found,,,https://misericordiastavira.pt
31301,Escola Básica Cónego Dr. Clementino de Brito Pinto,Almancil,Loulé,Jardim de Infância,not found,,,The Escola Básica Cónego Dr. Clementino de Brito Pinto is part of the Agrupamento de Escolas de Almancil. The official website for the Agrupamento de Escolas de Almancil is avalmancil.pt.
31302,Escola Básica de São João da Venda,S. João da Venda,Loulé,Jardim de Infância,not found,,,"The ""Escola Básica de São João da Venda"" is part of the Agrupamento de Escolas de Almancil (Almancil Schools Group). While there isn't a dedicated website for the Escola Básica de São João da Venda itself, the Agrupamento de Escolas de Almancil has an official website.

https://www.aealmancil.pt"
31304,Jardim de Infância de Almancil,,Loulé,Jardim de Infância,not found,,,"The official website for ""Jardim de Infância de Almancil"" in Loulé, Portugal is part of the Agrupamento de Escolas de Almancil and can be found at https://aealmancil.edu.gov.pt/."
31376,Escola Básica Nº 6 de Olhão,Olhão,Olhão,Jardim de Infância,not found,,,"""Escola Básica Nº 6 de Olhão"" is part of the ""Agrupamento de Escolas João da Rosa Olhão"" (João da Rosa School Group of Olhão). While there isn't a dedicated website solely for Escola Básica Nº 6 de Olhão, its information and activities are managed under the umbrella of the João da Rosa School Group.

You can find information related to Escola Básica Nº 6 de Olhão on the Agrupamento de Escolas João da Rosa's section within the Olhão municipality website, as well as on third-party educational directories.

Therefore, the most relevant official online presence for ""Escola Básica Nº 6 de Olhão"" is not a standalone website, but rather through its school group. Since no direct URL for ""Escola Básica Nº 6 de Olhão"" exists, the answer is ""not found""."
31402,Escola Básica de Pêra,Pera,Silves,Jardim de Infância,not found,,,not found
31404,Escola Básica de Alcantarilha,Alcantarilha,Silves,Jardim de Infância,not found,,,"The Escola Básica de Alcantarilha is part of the ""Agrupamento de Escolas Silves Sul"". While there isn't a direct official website specifically for Escola Básica de Alcantarilha, you can often find information about individual schools on the website of their respective school cluster.

Therefore, the closest to an ""official website"" would likely be the website for the Agrupamento de Escolas Silves Sul. However, a specific URL for this grouping was not found in the search results. The search results provide an email address for the school: eb1.alcantarilha@escolas.min-edu.pt and agrupamentoescolassilvessul@gmail.com."
31405,Jardim de Infância de Armação de Pêra,Armação de Pera,Silves,Jardim de Infância,not found,,,"""Jardim de Infância de Armação de Pêra"" appears to refer to two distinct institutions:

1.  A public kindergarten that is part of the Agrupamento de Escolas Silves Sul. It is located at Rua Bartolomeu Dias, 8365 Armação de Pêra. This institution does not appear to have its own independent website. Instead, information about it is available through the Agrupamento de Escolas Silves Sul website.
2.  A private institution called ""Santa Casa da Misericórdia de Armação de Pêra – Creche/JI e ATL “Gaivota”"", which includes a creche (nursery), ""Jardim de Infância"" (kindergarten), and ATL (after-school activities). This institution is located at Urbanização das Amendoeiras, 8365-110 Silves.

The website for the Santa Casa da Misericórdia de Armação de Pêra, which includes the Creche/JI e ATL “Gaivota”, is: https://www.scmap.pt"
31406,Escola Básica de Tunes,Tunes,Silves,Jardim de Infância,not found,,,"Escola Básica de Tunes is part of the Agrupamento de Escolas Silves Sul. While there isn't a dedicated official website solely for ""Escola Básica de Tunes"" found in the search results, the Agrupamento de Escolas Silves Sul acts as the parent institution.

Therefore, the most relevant official website would be for the Agrupamento de Escolas Silves Sul. However, the search results do not directly provide a URL for this agrupamento. The provided email address for the agrupamento is agrupamentoescolassilvessul@gmail.com.

Not found."
31597,EB1/JI de Vendas,Portimão,Portimão,Jardim de Infância,not found,,,"The ""EB1/JI de Vendas"" in Portimão, Portugal, is part of the Agrupamento de Escolas Eng.º Nuno Mergulhão. The official website for this agrupamento (group of schools) is https://aveenm.wixsite.com/aveenm."
31671,Jardim de Infância Quatro Estradas,,Portimão,Jardim de Infância,not found,,,"Jardim de Infância Quatro Estradas in Portimão, Portugal, is part of the Agrupamento de Escolas da Bemposta. The official website for the Agrupamento de Escolas da Bemposta, which includes Jardim de Infância Quatro Estradas, is aebemposta.com."
32112,Escola EB1/JI Bordeira,Stª Barbara de Nexe,Faro,Jardim de Infância,not found,,,"Escola EB1/JI Bordeira is part of the Agrupamento de Escolas Pinheiro e Rosa - Faro.

The official website for the Agrupamento de Escolas Pinheiro e Rosa - Faro is: https://aeprosa.pt/"
32113,Escola EB1/JI Santa Bárbara de Nexe,Faro,Faro,Jardim de Infância,https://www.aeprosa.pt/escolas/eb-sta-barbara-de-nexe/,,,https://www.aeprosa.pt/escolas/eb-sta-barbara-de-nexe/
32295,EB1/JI da Coca Maravilhas,Portimão,Portimão,Jardim de Infância,not found,,,"The official website for EB1/JI da Coca Maravilhas in Portimão, Portugal is part of the Agrupamento de Escolas Eng.º Nuno Mergulhão. The specific URL for the Agrupamento is: https://aveenm.wixsite.com/aveenm."
32416,E.b.1/J.i. de Benafim,Benafim,Loulé,Jardim de Infância,not found,,,"The official website for ""E.b.1/J.i. de Benafim"" (Escola Básica de Benafim) is part of the ""Agrupamento de Escolas Padre João Coelho Cabanita"" and can be found at agrupamentocabanita.edu.pt."
32426,E.b.1/J.i. da Tôr,Tôr,Loulé,Jardim de Infância,not found,,,not found
32427,E.b.1/J.i. N.º 3,Loulé,Loulé,Jardim de Infância,not found,,,"It appears that ""E.b.1/J.i. N.º 3"" in Loulé refers to ""Escola Básica e Jardim de Infância n.º 3 de Loulé"" (Primary School and Kindergarten No. 3 of Loulé).

The official website for Escola Básica Nº3 de Loulé is part of the Agrupamento de Escolas Padre João Coelho Cabanita: https://agrupamentocabanita.edu.pt/escolas/eb-n-3-de-loule."
32428,E.b.1/J.i. N.º 4 (Integra Loulé N.º 2),Loulé,Loulé,Jardim de Infância,not found,,,"The official website for ""E.b.1/J.i. N.º 4 (Integra Loulé N.º 2)"" in Loulé, Portugal is not found. However, it is associated with the Agrupamento de Escolas Padre João Coelho Cabanita, which has a website at www.agrupamentocabanita.edu.pt.

The institution is also listed as ""Escola EB1/JI nº4 de Loulé"" on the Eco-Escolas website and ""Escola Básica n.º 4 de Loulé"" on DirectorioEscolas.eu, which provides an email address: info@eb1-n4-loule.rcts.pt."
32430,E.b.1/J.i. do Ameixial,Ameixial,Loulé,Jardim de Infância,not found,,,not found
33233,Jardim de Infância de Vale Serves,Ferreiras,Albufeira,Jardim de Infância,not found,,,"The Jardim de Infância de Vale Serves is listed on the official website of the Municipality of Albufeira.

https://www.cm-albufeira.pt/ equipamento/jardim-de-infancia-de-vale-serves"
33234,Escola Básica de Olhos de Água,Albufeira,Albufeira,Jardim de Infância,not found,,,"The ""Escola Básica de Olhos de Água"" in Albufeira, Portugal, appears to be part of the Agrupamento de Escolas de Ferreiras or the Agrupamento de Escolas de Albufeira. While a direct, independent website for ""Escola Básica de Olhos de Água"" was not found, information about it is available through the Albufeira Municipality website and the agrupamentos it belongs to.

Based on the search results, the most relevant URL is the page for ""EB1 de Olhos de Água"" on the Albufeira Municipality website:
https://www.cm-albufeira.pt/schools/eb1-de-olhos-de-agua"
33756,Jardim de Infância N.º 3,Quarteira,Loulé,Jardim de Infância,not found,,,"The ""Jardim de Infância N.º 3"" in Quarteira, Portugal, does not appear to have a standalone official website. However, it is part of the Agrupamento de Escolas Dr.ª Laura Ayres in Loulé.

You can find information related to ""Jardim de Infância N.º 3"" on the Agrupamento de Escolas Dr.ª Laura Ayres website.

Here is the relevant URL: https://www.aesla.pt/"
34375,Jardim de Infância de Escanchinas,Almancil,Loulé,Jardim de Infância,not found,,,"The ""Jardim de Infância de Escanchinas"" in Almancil, Portugal, is part of the Agrupamento de Escolas de Almancil (Almancil School Group). The official website for the Agrupamento de Escolas de Almancil is https://aealmancil.edu.gov.pt. You can find contact information for the Jardim de Infância de Escanchinas, including a phone number and address, on the ""Escolas/Contactos"" page of this website."
34378,Jardim de Infância de Albufeira,Albufeira,Albufeira,Jardim de Infância,https://aealbufeira.pt,,,"The ""Jardim de Infância de Albufeira"" appears to be listed on the official website of the Municipality of Albufeira. However, the search results do not indicate a separate official website specifically for the ""Jardim de Infância de Albufeira."" The listing on the municipal website provides contact information including phone numbers and an email address (ceb1ji-calicos@aealbufeira.pt).

Other similarly named institutions in Albufeira, such as ""Jardim de Infância da Av. do Ténis,"" ""Jardim de Infância da Guia,"" and ""Jardim de Infância de Vale Pedras,"" also have their information hosted on the Municipality of Albufeira website, and not on separate official websites. Some private childcare institutions in Albufeira do have their own websites, such as ""Academia dos Marinheiros"" and ""Jardim de Infância - Ondas de Alegria"".

Not found."
34558,Escola Básica de Ferragudo,Ferragudo,Lagoa,Jardim de Infância,not found,,,not found
34775,"Centro Infantil ""O Pinóquio"" Da Stª Casa da Misericórdia de Tavira",Tavira,Tavira,Jardim de Infância,not found,,,"The official website for ""Centro Infantil ""O Pinóquio"" Da Stª Casa da Misericórdia de Tavira"" is part of the Santa Casa da Misericórdia de Tavira's website: https://misericordiastavira.pt."
35083,Escola Básica de Altura,Altura,Castro Marim,Jardim de Infância,not found,,,not found
35099,Escola Básica D. Francisca de Aragão,Quarteira,Loulé,Jardim de Infância,not found,,,http://www.eb1-d-francisca-aragao.rcts.pt/2010/biblioteca/BFA%20website/home.html
35108,Escola Básica Santo António,Vila Real Santo António,Vila Real de Santo António,Jardim de Infância,not found,,,"The ""Escola Básica Santo António"" in Vila Real Santo António, Portugal, is part of the Agrupamento de Escolas D. José I.

The official website for the Agrupamento de Escolas D. José I, which includes Escola Básica Santo António, is not explicitly provided in the search results.

Therefore, the direct official website for Escola Básica Santo António in Vila Real Santo António could not be found."
37609,"Escola Básica de Estoi, Faro",Estoi,Faro,Jardim de Infância,not found,,,"The official website for Escola Básica de Estoi, Faro is part of the Agrupamento de Escolas Pinheiro e Rosa, Faro. The specific page for Escola Básica de Estoi can be found at:

https://www.aeprosa.pt/escola-basica-de-estoi"
3833,O Moinho - Creche da Associação de Melhoramentos de Celorico da Beira,Celorico da Beira,Celorico da Beira,Creche e Jardim de Infância,not found,,,"Based on the search results, an official website specifically for ""O Moinho - Creche da Associação de Melhoramentos de Celorico da Beira"" was not found. While the institution is mentioned in directories and municipal portals, it doesn't appear to have its own dedicated website.

Therefore, the answer is ""not found""."
3857,Equip. Soc. da Fundação Aurora Ressurreição Coelho Borges,Santa Marinha,Guimarães,Creche e Jardim de Infância,http://www.fundacaoauroraborges.pt,yes,combined tipo — may have split pages,http://www.fundacaoauroraborges.pt
3868,Centro de Assistência Cultura e Recreio de Paços da Serra,Gouveia,Gouveia,Creche,not found,,,"The official website for ""Centro de Assistência Cultura e Recreio de Paços da Serra"" is https://www.cacrps.pt."
3879,Equip. Soc. do Centro de Assistência Paroquial de Loriga,Loriga,Seia,Creche e Jardim de Infância,not found,,,https://vertexaisearch.cloud.google.com/grounding-api-redirect/AUZIYQHj7jl3GOgi3t89OdpHi9OZr8hh8OkMM6RvYrKtfi4kDV4q-yd35Iu1YgDwM7A70DBy6llT0NVPh7AyIJtwXqeZpHhJGpgLuyBRzNZqQ_quk1i1zQQyplbdQCtQoZBrJE_JJw==
3895,Centro Social Paroquial de Vila Franca das Naves,Trancoso,Trancoso,Creche,not found,,,"A official website for ""Centro Social Paroquial de Vila Franca das Naves"" in Trancoso, Portugal was not found. However, there is a blog-style website that provides information and contact details for the institution.

You can find more information about the institution on:

*   **Mapa Social**: https://www.mapasocial.pt/instituicao/centro-social-paroquial-de-vila-franca-das-naves
*   **Anuário Católico**: https://www.anariocatolico.pt/instituicao/centro-social-paroquial-de-vila-franca-das-naves
*   **Blog**: https://cspvfn.blogspot.com/"
3896,Jardim de Infância do Instituto D. Maria do Carmo Lacerda Faria,Meda,Mêda,Creche e Jardim de Infância,not found,,,not found
3901,Equip. Soc. Centro Social Padre José Augusto da Fonseca,Aguiar da Beira,Aguiar da Beira,Creche,not found,,,"Based on the search results, the official website for ""Equip. Soc. Centro Social Padre José Augusto da Fonseca"" is not found. The search results show information about the institution, including its address, phone number, and email, but no clear official website URL."
3914,"Creche, Jardim e C.A.T.L. do Grupo Desportivo e Recreativo das Lameirinhas",Guarda,Guarda,Creche e Jardim de Infância,not found,,,www.gdrlameirinhas.com
3917,Jardim de Infância do Lactário Doutor Proença,Guarda,Guarda,Creche e Jardim de Infância,not found,,,not found
3918,"Casa de Trabalho Jesus, Maria e José",Rochoso,Guarda,Creche e Jardim de Infância,not found,,,not found
3937,Jardim de Infância da Fundação D. Teodora F. da Graça Vilhena de Carvalho e Fonseca,Freixedas,Pinhel,Creche e Jardim de Infância,not found,,,not found
3940,Equip. Soc. da Misericórdia de Almeida,Almeida,Almeida,Creche,not found,,,"The official website for ""Equip. Soc. da Misericórdia de Almeida"" is part of the Santa Casa da Misericórdia de Almeida, and its website is https://misericordiadealmeida.pt."
3959,Centro de Assistência Social do Instituto São Miguel,Guarda,Guarda,Creche e Jardim de Infância,not found,,,https://institutosaomiguel.org/
3966,Equip. Soc. da Associação de Beneficência Cultura e Desporto dos Trinta,Guarda,Guarda,Creche,not found,,,not found
3980,Creche do Centro de Assistência Social Infantil de Vilar Formoso,Vilar Formoso,Almeida,Creche,not found,,,not found
23627,Casa da Freguesia de Escalhão - Creche/ Jardim/ C.A.T.L.,Escalhão,Figueira de Castelo Rodrigo,Creche e Jardim de Infância,not found,,,"The official website for ""Casa da Freguesia de Escalhão - Creche/ Jardim/ C.A.T.L."" is part of the beira.pt associations network: https://associacoes.beira.pt/casa-da-freguesia-de-escalhao/. The direct link to their contact page, which includes their email and phone number, is https://associacoes.beira.pt/casa-da-freguesia-de-escalhao/contactos/."
27515,Creche Lugar dos Pequeninos,Porto da Carne,Guarda,Creche,not found,,,https://crechelugardospequeninos.wixsite.com/meusite
29962,Jardim de Infância de Vermiosa,Vermiosa,Figueira de Castelo Rodrigo,Jardim de Infância,not found,,,not found
30144,Jardim de Infância de Aldeia de Santo António,Aldeia de Stº António,Sabugal,Jardim de Infância,not found,,,"The official website for ""Jardim de Infância de Aldeia de Santo António"" in Aldeia de Stº António, Portugal, is not found. The institution is part of the Agrupamento de Escolas de Sabugal. While several listings and directories provide contact information and addresses, a dedicated official website for this specific kindergarten was not identified in the search results."
30145,Jardim de Infância de Sabugal,Sabugal,Sabugal,Jardim de Infância,not found,,,"The ""Jardim de Infância de Sabugal"" is part of the Agrupamento de Escolas de Sabugal. The official website for the Agrupamento de Escolas do Sabugal is https://www.aesabugal.edu.pt/."
30211,Jardim de Infância de Trancoso,Trancoso,Trancoso,Jardim de Infância,https://www.aetrancoso.pt,,,"The ""Jardim de Infância de Trancoso"" is part of the Agrupamento de Escolas de Trancoso (Schools Group of Trancoso).

The official website for the Agrupamento de Escolas de Trancoso, which includes the Jardim de Infância de Trancoso, is: https://www.aetrancoso.pt"
30212,Jardim de Infância de Vila Franca das Naves,Vila Franca das Naves,Trancoso,Jardim de Infância,not found,,,not found
30214,Jardim de Infância de Cogula,Cogula,Trancoso,Jardim de Infância,not found,,,"The ""Jardim de Infância de Cogula"" is part of the ""Agrupamento de Escolas de Trancoso"". While there isn't a dedicated website specifically for the ""Jardim de Infância de Cogula"", its parent institution, the ""Agrupamento de Escolas de Trancoso"", likely has an official online presence. The search results provide an email address, secretaria@anesbandarra.net, which is associated with the ""Agrupamento Escolas de Trancoso"".

Not found."
30261,Escola Básica de Moimenta da Serra,Moimenta da Serra,Gouveia,Jardim de Infância,not found,,,not found
30529,Escola Básica de Gonçalo,Gonçalo,Guarda,Jardim de Infância,not found,,,"A ""Escola Básica de Gonçalo"" in Gonçalo, Portugal, does not appear to have its own independent official website. It is listed as belonging to ""ESCOLAS AFONSO DE ALBUQUERQUE, GUARDA"".

Contact information available for Escola Básica de Gonçalo includes:
*   Address: R. 1º de Dezembro, 6300-115 Gonçalo
*   Phone: 275431265
*   Email: direcao@aeaag.pt"
30534,Jardim de Infância de Trinta,Trinta,Guarda,Jardim de Infância,not found,,,not found
31311,Jardim de Infância de Penaverde,,Aguiar da Beira,Jardim de Infância,not found,,,"The ""Jardim de Infância de Penaverde"" in Aguiar da Beira, Portugal, is part of the Agrupamento de Escolas Padre José Augusto da Fonseca. Their official website is https://agrupamentoaguiardabeira.pt."
31312,Jardim de Infância de Carapito,Carapito,Aguiar da Beira,Jardim de Infância,not found,,,"The ""Jardim de Infância de Carapito"" is part of the Agrupamento de Escolas Padre José Augusto da Fonseca. The official website for the Agrupamento de Escolas Padre José Augusto da Fonseca is www.agb.edu.gov.pt."
31825,Escola Básica de Porto da Carne,Porto da Carne,Guarda,Jardim de Infância,not found,,,"Escola Básica de Porto da Carne is part of the Agrupamento de Escolas da Sé, Guarda (AESE). The official website for this agrupamento (group of schools) is https://www.aese.edu.pt.

Therefore, the official website for Escola Básica de Porto da Carne is: https://www.aese.edu.pt."
31827,Jardim de Infância de Póvoa do Mileu,,Guarda,Jardim de Infância,not found,,,"The official website for ""Jardim de Infância de Póvoa do Mileu"" in Guarda, Portugal, is part of the Agrupamento de Escolas da Sé. The relevant URL is: https://www.aese.edu.pt."
31828,Jardim de Infância de Vila Fernando,Vila Fernando,Guarda,Jardim de Infância,not found,,,not found
31834,Jardim de Infância de Guarda-Gare,Guarda-Gare,Guarda,Jardim de Infância,not found,,,not found
31839,Jardim de Infância de Panóias de Cima,Panoias de Cima,Guarda,Jardim de Infância,not found,,,"The ""Jardim de Infância de Panóias de Cima"" is part of the Agrupamento de Escolas da Sé (AESE) in Guarda, Portugal.

The official website for the Agrupamento de Escolas da Sé, which includes Jardim de Infância de Panóias de Cima, is: aese.edu.pt"
32163,Jardim de Infância de Almeida,Almeida,Almeida,Jardim de Infância,not found,,,"Based on the search results, the ""Jardim de Infância de Almeida"" is part of the ""Agrupamento de Escolas de Almeida"" (Almeida School Cluster).

Here is the official website:
https://www.aealmeida.edu.gov.pt/"
32765,"Escola Básica Dr. Reis Leitão, Loriga","Loriga, Seia Guarda",Seia,Jardim de Infância,not found,,,"The Escola Básica Dr. Reis Leitão in Loriga, Seia, is part of the Agrupamento de Escolas Dr. Guilherme Correia de Carvalho, Seia. The official website for the agrupamento (grouping of schools) is https://aegcc.pt."
34476,Jardim de Infância de Vilar Formoso,Vilar Formoso,Almeida,Jardim de Infância,not found,,,"The ""Jardim de Infância de Vilar Formoso"" is part of the ""Agrupamento de Escolas de Almeida"" (School Group of Almeida). While there isn't a dedicated website solely for the ""Jardim de Infância de Vilar Formoso,"" you can find information related to it on the Agrupamento de Escolas de Almeida website.

Therefore, the most relevant URL is: https://www.aearm.pt"
35091,Escola Básica e Secundária Tenente Coronel Adão Carrapatoso,Vila Nova de Foz Côa,Vila Nova de Foz Côa,Jardim de Infância,not found,,,"The official website for ""Escola Básica e Secundária Tenente Coronel Adão Carrapatoso"" is part of the ""Agrupamento de Escolas Tenente-Coronel Adão Carrapatoso"" and can be found at https://www.fozcoa.net/."
37610,Escola Básica Dr. Abranches Ferrão,Seia,Seia,Jardim de Infância,not found,,,"The Escola Básica Dr. Abranches Ferrão in Seia, Portugal, is part of the Agrupamento de Escolas de Seia (School Group of Seia). The official website for the Agrupamento de Escolas de Seia is http://www.esseia.pt. While the Escola Básica Dr. Abranches Ferrão is listed with contact information and its role within the agrupamento, it does not appear to have a separate official website."
2096,Colégio Infantil Chi-Coração,Leiria,Leiria,Creche e Jardim de Infância,not found,,,not found
2126,Centro Paroquial de Solidariedade Social de Castanheira de Pera,Castanheira de Pera,Castanheira de Pêra,Creche,not found,,,not found
2131,Centro de Bem Estar Social Chão de Couce - Jardim de Infância,Chão de Couce,Ansião,Creche e Jardim de Infância,not found,,,not found
2156,"Jardim Escola Primeiro Degrau, Lda",Pombal,Pombal,Creche e Jardim de Infância,not found,,,not found
2157,A Falinha Infantário,Pombal,Pombal,Creche e Jardim de Infância,not found,,,"While ""A Falinha Infantário"" is a known childcare institution in Pombal, Portugal, an official, dedicated website for it was not found. Several sources list contact information and details about the institution, sometimes referred to as ""Externato A Falinha"".

The email address provided for ""A Falinha Infantário"" is geral@afalinha.pt, and for ""Externato A Falinha"" it is afalinha@hotmail.com. The phone number is 236218333. The address is Jorge de Sena - Casarelo Nº13, 3100-505 Pombal."
2160,Centro de Bem Estar Infantil S. José - Juncal,Juncal,Porto de Mós,Creche e Jardim de Infância,not found,,,not found
2166,Casa da Criança Maria Rita Patrocínio da Costa,Monte Redondo Lra,Redondo,Creche e Jardim de Infância,https://www.fbb.pt/casas-da-crianca/casa-da-crianca-maria-rita-patrocinio-costa/,yes,combined tipo — may have split pages,"The official website for ""Casa da Criança Maria Rita Patrocínio da Costa"" is hosted under the Fundação Bissaya Barreto website.

Here is the URL: https://www.fbb.pt/casas-da-crianca/casa-da-crianca-maria-rita-patrocinio-costa/"
2591,Centro de Bem Estar Infantil,Avelar,Ansião,Creche,not found,,,"The ""Centro de Bem Estar Infantil"" in Avelar, Portugal, is part of the ""Fundação Nossa Senhora da Guia"".

The official website for the ""Fundação Nossa Senhora da Guia"" (which includes information about the Centro de Bem Estar Infantil) is: https://www.fnsg-avelar.com/"
3220,Centro Paroquial de Assistência de Nª Srª D'ajuda,Vestiaria,Alcobaça,Creche,not found,,,"The official website for ""Centro Paroquial de Assistência de Nª Srª D'ajuda"" in Vestiaria, Portugal is https://vertexaisearch.cloud.google.com/grounding-api-redirect/AUZIYQEIrNF1vzG0mpuko1wLvMYtH-N2BbBx5DCW4oJzT-8tI3ROwM9nsR222Y2XeQ4U2jY7Qblt7y-aKTtNRqU9uSk9W1mHhiXzit0tn5F2lFyU4n8VBguB."
3232,Centro Infantil - O Traquinas,Peniche,Peniche,Creche e Jardim de Infância,not found,,,"""Centro Infantil - O Traquinas"" in Peniche, Portugal, does not appear to have a standalone official website. It is managed by the Santa Casa da Misericórdia de Peniche, and information about ""O Traquinas"" can be found on their website.

The relevant URL is: https://www.misericordiadeleiria.pt/areas-de-intervencao/infancia/creche"
3234,Centro Infantil Moinho de Vento,Batalha,Batalha,Creche e Jardim de Infância,not found,,,www.apdrb.com
4464,Associação Jardim Infantil de Ferrel,Ferrel,Peniche,Creche e Jardim de Infância,not found,,,"The official website for ""Associação Jardim Infantil de Ferrel"" in Ferrel, Portugal is jardiminfantildeferrel.pt."
12257,"O Brinquinho - Colégio, Lda.",Vidais,Caldas da Rainha,Creche e Jardim de Infância,not found,,,https://www.colegioobrinquinho.pt
12262,"""O Dominó"" - Infantário e Jardim de Infância, Lda",Leiria,Leiria,Creche e Jardim de Infância,not found,,,not found
12267,Centro Comunitário de Aljubarrota,Aljubarrota (S. Vicente),Alcobaça,Creche e Jardim de Infância,not found,,,"The ""Centro Comunitário de Aljubarrota"" is part of the Santa Casa da Misericórdia de Aljubarrota. The official website for the Santa Casa da Misericórdia de Aljubarrota is:

https://www.misericordia-aljubarrota.pt"
18352,O Jardim da Isabel,Batalha,Batalha,Creche e Jardim de Infância,not found,,,www.jardimisabel.pt
18654,"Os Traquininhas - Creche, Jardim Infantil e ATL",Caranguejeira,Leiria,Creche e Jardim de Infância,not found,,,https://www.facebook.com/ostraquininhas/
19421,"Colégio Infantil ""O Saltitão""",Leiria,Leiria,Creche e Jardim de Infância,not found,,,not found
21026,"Infantim, Sociedade de Educação Infantil, Lda.",Marinha Grande,Marinha Grande,Creche,not found,,,not found
21027,Creche os Pequenos Moinhos,Parceiros,Leiria,Creche,not found,,,not found
21102,"Os Meninos da Tátá - Acção Social para Infância e Juventude, Lda.",Amor,Leiria,Creche,not found,,,not found
21502,Casa da Criança de Pombal,Pombal,Pombal,Creche,https://www.scmpombal.pt/,,,"The official website for ""Casa da Criança de Pombal"" is part of the Santa Casa da Misericórdia de Pombal's website.

https://www.scmpombal.pt/"
24017,Associação o Socorro Gaeirense - Creche das Gaeiras,Gaeiras,Óbidos,Creche,https://socorrogaeirense.wixsite.com/socorrogaeirense,,,https://socorrogaeirense.wixsite.com/socorrogaeirense
24455,"""Aprender & Companhia""",Louriçal,Pombal,Creche,not found,,,not found
25038,Colégio o Picapau Amarelo,Caldas da Rainha,Caldas da Rainha,Creche e Jardim de Infância,not found,,,"I was unable to find an official website for ""Colégio o Picapau Amarelo"" in Caldas da Rainha, Portugal. However, some sources provide an email address: crecheopicapau@hotmail.com."
25472,Santa Maria,Peniche,Peniche,Creche e Jardim de Infância,not found,,,"The childcare institution ""Santa Maria"" in Peniche, Portugal, is part of the **Centro Social Padre Bastos**. The official website for Centro Social Padre Bastos is:

https://www.centrocspbastos.pt/"
26641,Creche o Pedrinho,Albergaria dos Doze,Pombal,Creche,not found,,,The official website for Creche o Pedrinho is part of the Associação Centro Social de São Pedro's website: https://vertexaisearch.cloud.google.com/grounding-api-redirect/AUZIYQGnEQM8CZACNTAqT-vo8XbsJBDpghpAur-neN5FBvY-c3rWTNwDt-kAAL7007YmGr-91Zjc6BG4P7Xpv-7uObwt26knNU3kueg4q-UotfV4l0P1afUNVdOZ7dXY2-0s2uY12hFUiUfrKboEmhw4ZxLeQrzlO7mTxifl1NSDAy-z3KLr.
26711,Puro Mimo,Marinha Grande,Marinha Grande,Creche,not found,,,not found
26742,Reino dos Sonhos,Leiria,Leiria,Creche e Jardim de Infância,not found,,,not found
28376,Lindos Carinhos Unipessoal Lda,Marinha Grande,Marinha Grande,Creche,not found,,,not found
38884,Centro Social Cultural Recreativo Arelhense,Arelho,Óbidos,Creche,not found,,,not found
39271,Jardim Escola o Carrocel,Louriçal,Pombal,Creche,not found,,,not found
3265,Associação de Solidariedade e Educação de Salir de Matos,Salir de Matos,Caldas da Rainha,Jardim de Infância,not found,,,"The official website for ""Associação de Solidariedade e Educação de Salir de Matos"" is http://asesm.pt/."
29400,Viacognos Ldª,Marinha Grande,Marinha Grande,Jardim de Infância,not found,,,not found
29637,Jardim de Infância a Escolinha,Leiria,Leiria,Jardim de Infância,not found,,,not found
29716,Jardim de Infância Sítio dos Pequeninos,Casal Novo,Leiria,Jardim de Infância,https://jardimdospequeninos.pt,,,"The official website for ""Jardim de Infância Sítio dos Pequeninos"" in Casal Novo, Portugal, was not found. Several sources list contact information (phone and email) but explicitly state ""Website: N/A"" or show a blank field for the website.

There is a website for an institution called ""Jardim dos Pequeninos"" (jardimdospequeninos.pt), but it is located in Vieira de Leiria, not Casal Novo, and is described as an IPSS (Private Institution of Social Solidarity), while the entity in Casal Novo is listed as a ""Private For-Profit Entity"". Another website, ""sopequeninos.pt"", was also found, but there's no information linking it to the specific institution in Casal Novo."
29842,"Jardim de Infância do Vimeiro, Alcobaça",Vimeiro,Lourinhã,Jardim de Infância,not found,,,"A official website for ""Jardim de Infância do Vimeiro, Alcobaça"" was not found.

However, information regarding this institution indicates it is part of the Agrupamento de Escolas da Benedita. Their contact details are Rua Principal, 79, 2460-781 Vimeiro ACB, and the phone number is 262 910 833. The Agrupamento de Escolas da Benedita does have a website, which includes information about the J.I. do Vimeiro.

It's important to note that there is also a ""Jardim de Infância do Vimeiro"" located in Lourinhã, which is a different municipality."
29844,"Jardim de Infância do Gaio, Alcobaça",Gaio,Lourinhã,Jardim de Infância,not found,,,"The ""Jardim de Infância do Gaio, Alcobaça"" is part of the ""Agrupamento de Escolas da Benedita, Alcobaça"" (School Group of Benedita, Alcobaça).

The official website for the Agrupamento de Escolas da Benedita, which includes Jardim de Infância do Gaio, is: https://www.aebenedita.edu.pt"
30241,Escola Básica de Barosa,Moinhos da Barosa,Leiria,Jardim de Infância,not found,,,"The Escola Básica de Barosa in Moinhos da Barosa, Leiria, Portugal, is part of the Agrupamento de Escolas D. Dinis, Leiria. While there isn't a dedicated official website solely for ""Escola Básica de Barosa,"" its information and contacts are integrated within the Agrupamento de Escolas D. Dinis website or other educational platforms.

Therefore, a direct URL for ""Escola Básica de Barosa"" as a standalone official website is not found."
30254,Escola Básica de Maçãs de Dona Maria,Maçãs de Dona Maria,Alvaiázere,Jardim de Infância,not found,,,"The ""Escola Básica de Maçãs de Dona Maria"" in Maçãs de Dona Maria, Portugal, does not appear to have a standalone official website. However, it is part of the ""Agrupamento de Escolas de Alvaiázere"".

You can find information about the school, including contact details, on the following pages:

*   **Eco-Escolas website:** https://ecoescolas.abaae.pt/escola/escola-basica-de-macas-de-dona-maria/
*   **Mapa Social:** https://mapasocial.pt/instituicao/escola-basica-de-macas-de-dona-maria-alvaiazere
*   **DirectorioEscolas.eu:** https://www.directorioescolas.eu/escola/escola-basica-de-macas-de-dona-maria-alvaiazere
*   **Agrupamento de Escolas de Alvaiázere (Contactos):** https://www.aealv.edu.pt/index.php/contactos/contactos-agrupamento
*   **Câmara Municipal de Alvaiázere:** https://www.cm-alvaiazere.pt/municipio/educacao/espacos-de-educacao/

There is also a basic site created on Webnode that seems to be maintained by the school, though it appears to be a free site builder and not an official government or institution-hosted website: https://eb-de-macas-de-dona-maria.webnode.page/"
30330,Jardim de Infância de Pilado,Pilado,Marinha Grande,Jardim de Infância,not found,,,"The ""Jardim de Infância do Pilado"" is part of the Agrupamento de Escolas Marinha Grande Nascente.

Therefore, its official website can be found at: https://aemgnascente.pt/jardins-de-infancia/pilado/"
30331,Jardim de Infância de Cumeira,Cumeira,Marinha Grande,Jardim de Infância,not found,,,not found
30332,Jardim de Infância de Boavista,Boavista,Marinha Grande,Jardim de Infância,not found,,,"It appears there are several institutions named ""Jardim de Infância de Boavista"" across Portugal, making it difficult to pinpoint a single ""official"" website without more specific location information.

However, here are some of the institutions found and their associated websites:

*   **Jardim de Infância da Boavista (Marinha Grande):** This institution has a Wix.com website and is part of the Agrupamento de Escolas Marinha Grande Nascente, which also lists it on its website.
    *   Wix.com: https://jiboavista.wixsite.com/jiboavista
    *   Agrupamento de Escolas Marinha Grande Nascente: https://www.aemgn.edu.pt/agrupamento/jardins-de-infancia/boavista

*   **Jardim de Infância de Boavista (Penafiel):** This school is listed on the Eco-Escolas website.
    *   Eco-Escolas: https://ecoescolas.abaae.pt/escola/jardim-de-infancia-de-boavista/

*   **Jardim de Infância de Boavista (Beja - Stª Clara do Louredo):** This is part of the Agrupamento de Escolas 2 de Beja.
    *   Agrupamento de Escolas 2 de Beja: https://ae2beja.pt/escolas/eb-e-ji-de-st%C2%AA-clara-do-louredo

*   **Jardim de Infância de Boavista (Arouca):** This institution is listed as part of the Pólo Escolar da Boavista on the Arouca Municipal Council website.
    *   Câmara Municipal de Arouca: https://www.cm-arouca.pt/visitar/patrimonio/equipamentos/polo-escolar-da-boavista/

*   **Jardim de Infância de Boavista (Amarante - Cepelos):** This is listed under the Agrupamento de Escolas Teixeira de Pascoaes.
    *   Agrupamento de Escolas Teixeira de Pascoaes: https://www.pascoaes.pt/portal/index.php/jardins-de-infancia

Without a more precise location in Boavista, Portugal, it's not possible to definitively provide a single official website. If you can provide the specific municipality or district within Boavista, a more accurate URL can be found."
30467,Jardim de Infância de Vieira de Leiria,Vieira de Leiria,Marinha Grande,Jardim de Infância,not found,,,"The official website for ""Jardim de Infância de Vieira de Leiria"" is http://agvieiraleiria.ccems.pt."
30517,Jardim de Infância de Pousos,Pousos,Leiria,Jardim de Infância,not found,,,"While an official, independent website for ""Jardim de Infância de Pousos"" was not found, the institution is mentioned as ""Jardim de Infância do Casal dos Matos (antigo JI Pousos)"" on the website for the Union of Parishes of Leiria, Pousos, Barreira and Cortes. Another listing for ""Jardim de Infância de Pousos"" indicates its website is a Facebook page.

Additionally, there is an institution named ""Centro Social Paroquial dos Pousos"" which offers Jardim de Infância (kindergarten) and has its own website. It is an ""Instituição Particular de Solidariedade Social"" (IPSS), meaning a Private Institution of Social Solidarity."
30519,Jardim de Infância de Campo Amarelo,Leiria,Leiria,Jardim de Infância,not found,,,not found
30557,Jardim de Infância de Ordem,Ordem,Marinha Grande,Jardim de Infância,not found,,,"It appears there are two childcare institutions with very similar names, both referred to as ""Jardim de Infância de Ordem"" but located in different municipalities:

1.  **Jardim de Infância de Ordem in Lousada (Porto District)**: This institution is part of ""EB1/JI de Ordem - Eco-Escolas"". It is a public school offering kindergarten and 1st cycle education. The Eco-Escolas website provides information about this specific school, including its address and contact number. While it's a dedicated page for the school within the Eco-Escolas program, it doesn't appear to be a standalone official website for the kindergarten itself.

2.  **Jardim de Infância de Ordem in Marinha Grande (Leiria District)**: This institution is associated with the ""Agrupamento de Escolas Marinha Grande Poente"". It's also a public pre-school. Similar to the Lousada location, it has a presence on the Eco-Escolas website and is listed in school directories. However, a dedicated, independent official website for this specific kindergarten was not found.

As neither of these institutions appears to have a distinct, independent ""official website"" in the traditional sense, but rather pages within larger educational or directory platforms, the answer is ""not found""."
30610,Jardim de Infância de Pernelhas,Pernelhas,Leiria,Jardim de Infância,not found,,,not found
30611,Jardim de Infância de Parceiros,Parceiros,Leiria,Jardim de Infância,not found,,,"""Jardim de Infância de Parceiros"" is part of the ""Agrupamento de Escolas Domingos Sequeira, Leiria"". The ""Associação de Pais de Parceiros"" website provides contact information for the ""Jardim de Infância de Parceiros,"" including an email address (jiparceiros.leiria@gmail.com) and a phone number (244 832 981), but no dedicated website for the Jardim de Infância itself. Other directories also list the institution but do not provide an official website.

Therefore, a specific official website for ""Jardim de Infância de Parceiros"" was not found."
30613,Jardim de Infância de Barreira,Barreira,Leiria,Jardim de Infância,not found,,,"The official website for Jardim de Infância de Barreira is not found. Several directories and local government pages list the institution with contact details (address, phone, email) but no dedicated website URL."
30614,Jardim de Infância de Reixida,Reixida,Leiria,Jardim de Infância,not found,,,not found
30615,Jardim de Infância de Telheiro,Telheiro,Leiria,Jardim de Infância,not found,,,not found
30629,Jardim de Infância de Assanha da Paz,Almagreira,Pombal,Jardim de Infância,not found,,,"The ""Jardim de Infância de Assanha da Paz"" in Almagreira, Portugal, does not appear to have a standalone official website.

However, it is part of the Agrupamento de Escolas de Pombal, and information about the kindergarten can be found within their website. It is also listed on the Mapa Social platform and the Junta de Freguesia de Almagreira website.

The email address provided for the institution is geral@aepombal.edu.pt, which is likely associated with the Agrupamento de Escolas de Pombal."
30754,"Jardim de Infância de a-Dos-Pretos, Leiria",Maceira Lra,Torres Vedras,Jardim de Infância,not found,,,"The ""Jardim de Infância de A-dos-Pretos, Leiria"" is part of the ""Agrupamento de Escolas Henrique Sommer, Maceira, Leiria"" (Henrique Sommer School Group). The official website for the school group, which includes the kindergarten, is aehs.edu.pt.

Therefore, the URL is: https://www.aehs.edu.pt"
30770,Escola Básica de Coimbrão,Coimbrão,Leiria,Jardim de Infância,not found,,,not found
30771,Jardim de Infância de Vale da Pedra,Souto da Carpalhosa,Leiria,Jardim de Infância,not found,,,not found
30772,Jardim de Infância de Moita da Roda,Souto da Carpalhosa,Leiria,Jardim de Infância,not found,,,"The ""Jardim de Infância de Moita da Roda"" is part of the Agrupamento de Escolas Rainha Santa Isabel. While there isn't a dedicated website solely for the Jardim de Infância de Moita da Roda, information about it can be found on the agrupamento's website.

You can find details about it, including contact information, on the Agrupamento de Escolas Rainha Santa Isabel website:

https://www.ae-rsisabel.pt/agrupamento/estabelecimentos"
30773,Jardim de Infância de Bajouca,Bajouca,Leiria,Jardim de Infância,not found,,,"The ""Jardim de Infância de Bajouca"" in Bajouca, Leiria, Portugal, is part of the Agrupamento de Escolas Rainha Santa Isabel – Carreira. This educational institution shares a building with EB1 da Bajouca and their general email contact is info@eb1-bajouca-n1.rcts.pt. While several sources provide contact information such as phone numbers and addresses for the Jardim de Infância de Bajouca, an independent, dedicated official website for ""Jardim de Infância de Bajouca"" was not found."
30774,"Jardim de Infância de Carreira, Leiria",Carreira,Redondo,Jardim de Infância,not found,,,"The ""Jardim de Infância de Carreira, Leiria"" is part of the ""Agrupamento de Escolas Rainha Santa Isabel"" (Rainha Santa Isabel School Group).

Therefore, its official website is the website of the school group it belongs to:
https://www.agrupamento rainhasantaisabel.pt"
30775,Escola Básica de Souto da Carpalhosa,Souto do Carpalhosa,Leiria,Jardim de Infância,not found,,,"The ""Escola Básica de Souto da Carpalhosa"" is part of the Agrupamento de Escolas Rainha Santa Isabel, Carreira, Leiria. The official website for this educational group is info@eb23rsi.edu.pt."
30776,Jardim de Infância de Riba D'aves,Ortigosa,Leiria,Jardim de Infância,not found,,,"The ""Jardim de Infância de Riba D'aves"" is part of the Agrupamento de Escolas Rainha Santa Isabel, Carreira, Leiria. While the childcare institution itself does not appear to have an independent official website, the agrupamento (school cluster) does.

The official website for the Agrupamento de Escolas Rainha Santa Isabel, which includes Jardim de Infância de Riba D'aves, is not explicitly provided in the search results. However, contact information is available. The email address provided is info@eb23rsi.edu.pt. There's also an email address ji.ribadaves@escolas.min-edu.pt specifically for the Jardim de Infância de Riba d'Aves.

Not found."
30777,Jardim de Infância de Ruivaqueira,Ortigosa,Leiria,Jardim de Infância,not found,,,"The ""Jardim de Infância de Ruivaqueira"" in Ortigosa, Portugal, does not appear to have a dedicated official website. It is listed as part of the Agrupamento de Escolas Rainha Santa Isabel, which does have a website where information about the kindergarten can be found.

The Agrupamento de Escolas Rainha Santa Isabel website is: https://www.eb23rsi.edu.pt/"
30792,"Escola Básica de Albergaria dos Doze, Pombal (Centro Escolar)",Albergaria dos Doze,Pombal,Jardim de Infância,not found,,,"The ""Escola Básica de Albergaria dos Doze, Pombal (Centro Escolar)"" is part of the Agrupamento de Escolas Gualdim Pais (Gualdim Pais School Group).

The official website for the Agrupamento de Escolas Gualdim Pais, which includes the Escola Básica de Albergaria dos Doze, is: https://agpais.edu.pt/"
30793,"Escola Básica de São Simão de Litém, Pombal (Centro Escolar)",Pombal,Pombal,Jardim de Infância,not found,,,"The Escola Básica de São Simão de Litém, Pombal (Centro Escolar) is part of the Agrupamento de Escolas Gualdim Pais in Pombal, Portugal.

The official website for the Agrupamento de Escolas Gualdim Pais is not explicitly provided in the search results. However, you can find information about the Centro Escolar de S. Simão de Litém on the Eco-Escolas website. The Agrupamento de Escolas Gualdim Pais does not appear to have its own direct website listed in the search results, and instead some information can be found on other educational platforms or local government pages.

Therefore, the direct official website for ""Escola Básica de São Simão de Litém, Pombal (Centro Escolar)"" is not found."
30795,"Escola Básica de Carnide, Pombal (Centro Escolar)",Carnide,Pombal,Jardim de Infância,not found,,,"The ""Escola Básica de Carnide, Pombal (Centro Escolar)"" is part of the ""Agrupamento de Escolas Gualdim Pais, Pombal"". While there isn't a dedicated official website solely for the Centro Escolar de Carnide, you can find information about it through the agrupamento's website.

Here are relevant URLs:

https://www.aegualdimpais.edu.pt/ (This is the website for the Agrupamento de Escolas Gualdim Pais, which the school belongs to.)
https://carnide.ecoescolas.abaae.pt/eco-escolas/centro-escolar-de-carnide/ (This page on the Eco-Escolas website provides information about the Centro Escolar de Carnide, including contact details and its affiliation with the Agrupamento de Escolas Gualdim Pais.)"
30797,Jardim de Infância de Flandes,Pombal,Pombal,Jardim de Infância,not found,,,not found
30805,Centro Escolar de Santiago da Guarda,Santiago da Guarda,Ansião,Jardim de Infância,not found,,,"The Centro Escolar de Santiago da Guarda is part of the Agrupamento de Escolas de Ansião (School Grouping of Ansião). While there isn't a dedicated official website solely for the Centro Escolar de Santiago da Guarda, information about it can be found on the Agrupamento de Escolas de Ansião website.

The Agrupamento de Escolas de Ansião website serves as the main online presence for several schools in the Ansião municipality, including the Centro Escolar de Santiago da Guarda.

Therefore, the most relevant official website is: ""https://www.aglansiao.pt/"" (based on the content of which is titled ""Escolas - Agrupamento de Escolas de Ansião"", and contains information about Centro Escolar de Santiago da Guarda)."
30806,Centro Escolar de Chão de Couce,Chão de Couce,Ansião,Jardim de Infância,not found,,,"The ""Centro Escolar de Chão de Couce"" is part of the Agrupamento de Escolas de Ansião (School Group of Ansião), which is overseen by the Municipality of Ansião.

Therefore, its official information, including contact details and potentially some operational information, can be found on the Municipality of Ansião's website or the Agrupamento de Escolas de Ansião's website.

However, a direct, independent official website solely for ""Centro Escolar de Chão de Couce"" was not found in the search results. Information about the school is integrated into the larger municipal and school cluster websites.

The official website for the Municipality of Ansião is https://www.cm-ansiao.pt/.
The Agrupamento de Escolas de Ansião website is not directly provided but is implied to be where the school's information resides.

Therefore, based on the search, a dedicated website for the childcare institution was not found, but its details are available through the municipality.

not found"
30807,Centro Escolar de Lagarteira,Lagarteira,Ansião,Jardim de Infância,not found,,,"The ""Centro Escolar de Lagarteira"" is part of the Agrupamento de Escolas de Ansião (School Grouping of Ansião). While there isn't a dedicated website solely for the Centro Escolar de Lagarteira, information about it can be found on the Agrupamento de Escolas de Ansião's website.

Therefore, the closest to an official website would be: https://www.aemansiao.pt/"
30810,Jardim de Infância de Lagoa Parada,Santiago da Guarda,Ansião,Jardim de Infância,not found,,,"The official website for ""Jardim de Infância de Lagoa Parada"" in Santiago da Guarda, Portugal is not found. The institution is part of the Agrupamento de Escolas de Ansião, and while contact information and its listing in directories are available, a dedicated official website for this specific kindergarten was not identified in the search results."
30902,Jardim de Infância de Bidoeira de Cima,Bidoeira de Cima,Leiria,Jardim de Infância,not found,,,"The ""Jardim de Infância de Bidoeira de Cima"" is part of the Agrupamento de Escolas de Colmeias. Therefore, its official information, including contact details, can be found on the Agrupamento de Escolas de Colmeias website.

https://www.ae-colmeias.pt/contactos/"
30903,Jardim de Infância de Milagres,Milagres,Leiria,Jardim de Infância,not found,,,"It appears there are several institutions with ""Jardim de Infância"" and ""Milagres"" in their name, located in different areas of Portugal, and it's not clear which one specifically the user is referring to.

For ""Jardim de Infância de Milagres"" in Milagres, Leiria, the official website is not directly provided in the search results. Some sources, like Coverflex, list a ""Jardim de Infância de Milagres"" in Leiria but show ""Website"" as blank. Another entry for ""JARDIM DE INFÂNCIA DE MILAGRES, LEIRIA"" on Mapa Social does not provide a website either.

However, there is an institution named ""Os Traquinas dos Milagres - Creche e Jardim de Infância"" located in Milagres, Leiria, that offers childcare services. Their website is https://os-traquinas-dos-milagres.webnode.pt/.

There is also a ""Jardim de Infância - Misericordia Nossa Senhora dos Milagres"" in Oliveira de Frades, which has its own website. Additionally, there's a ""Jardim De Infância da Mata De Milagres"" in Leiria and an ""EB1/JI dos Milagres"" which is part of the Direção Regional da Educação in the Azores. Finally, the ""Centro Social N.ª Sr.ª dos Milagres"" from Caritas Diocesana de Coimbra also includes a ""Jardim de Infância"".

Since the user asked for the official website for ""Jardim de Infância de Milagres"" *in Milagres, Portugal* and did not specify the district, and the direct official website for ""Jardim de Infância de Milagres"" (without additional descriptors) in Milagres, Leiria, is not explicitly found, and there are multiple institutions with similar names in different locations, I cannot provide a single definitive URL.

Not found."
30905,Jardim de Infância de Boavista,Boa Vista,Leiria,Jardim de Infância,not found,,,"It appears there are several ""Jardim de Infância de Boavista"" institutions in Portugal, located in different municipalities (e.g., Marinha Grande, Torres Vedras, Penafiel, Leiria). There's also a ""Jardim de Infância de Santa Isabel"" in Boa Vista, Cape Verde, which is a different country.

Based on the search results, the ""Jardim de Infância da Boavista"" in Marinha Grande, which belongs to the ""Agrupamento de Escolas Marinha Grande Nascente,"" has a website hosted on Wix.com and is also featured on the Agrupamento's website.

The official website for ""Jardim de Infância da Boavista"" in Marinha Grande is: https://jiboavista.wixsite.com/jardimdeinfancia.

Another relevant link for the same institution within the school cluster is: https://www.aemgn.pt/jardins-de-infancia/boavista."
30908,Jardim de Infância de Bouça,Colmeias,Leiria,Jardim de Infância,not found,,,"""Jardim de Infância de Bouça"" in Colmeias, Portugal, does not appear to have an independent official website. It is part of the Agrupamento de Escolas de Colmeias.

The website for the Agrupamento de Escolas de Colmeias is https://www.ae-colmeias.pt/"
30910,Jardim de Infância de Marinheiros,,Leiria,Jardim de Infância,not found,,,not found
30913,Jardim de Infância de Amor,Amor,Leiria,Jardim de Infância,not found,,,not found
30914,Jardim de Infância de Regueira de Pontes,Casais,Leiria,Jardim de Infância,not found,,,"The Jardim de Infância de Regueira de Pontes is part of the Agrupamento de Escolas de Marrazes (School Group of Marrazes) in Leiria, Portugal.

While there isn't a dedicated website specifically for ""Jardim de Infância de Regueira de Pontes,"" it is associated with the Agrupamento de Escolas de Marrazes, which has an official website.

The website for the Agrupamento de Escolas de Marrazes is: https://www.aemarrazes.com/"
30916,Jardim de Infância de Coucinheira,Coucinheira,Leiria,Jardim de Infância,not found,,,"The ""Jardim de Infância de Coucinheira"" is part of the ""Agrupamento de Escolas de Marrazes, Leiria"" (Schools Grouping of Marrazes, Leiria). Therefore, its official information can be found on the agrupamento's website.

https://aemarrazes.com/"
30917,"Jardim de Infância de Bairro das Almuinhas, Marrazes",,Leiria,Jardim de Infância,https://aemarrazes.com,,,"The Jardim de Infância de Bairro das Almuinhas is part of the Agrupamento de Escolas de Marrazes (School Grouping of Marrazes). The official website for the Agrupamento de Escolas de Marrazes is aemarrazes.com. While the individual kindergarten doesn't appear to have its own separate website, information about it can be found through the grouping's website."
30919,Jardim de Infância de Barreiros,Barreiros,Leiria,Jardim de Infância,not found,,,"The ""Jardim de Infância de Barreiros"" is part of the Agrupamento de Escolas de Marrazes (School Grouping of Marrazes) in Leiria, Portugal. While there isn't a dedicated website solely for the Jardim de Infância de Barreiros, information about it can be found on the Agrupamento de Escolas de Marrazes website.

Therefore, the most relevant URL is: https://www.aemarrazes.pt/"
30921,Escola Básica de Batalha,Batalha,Batalha,Jardim de Infância,not found,,,"The official website for ""Escola Básica de Batalha"" is part of the ""Agrupamento de Escolas da Batalha"" (School Group of Batalha). You can find information about Escola Básica da Batalha, also referred to as ""Centro Escolar da Batalha (Pré-Escolar e 1º CEB)"", on the Agrupamento de Escolas da Batalha's website.

Here's the URL: https://www.cm-batalha.pt/pages/1071?poi_id=12"
30923,Escola Básica de Casais dos Ledos,Casais dos Ledos,Batalha,Jardim de Infância,not found,,,not found
30924,Escola Básica de Quinta do Sobrado,Quinta do Sobrado,Batalha,Jardim de Infância,not found,,,"The official website for ""Escola Básica de Quinta do Sobrado"" is not found directly. However, it is part of the ""Agrupamento de Escolas da Batalha"". There is an email address listed for the school: info@eb1-qt-sobrado.rcts.pt and eb1.qtsobrado@escolas.min-edu.pt. It is also listed on the Batalha Municipal Council website."
30925,Jardim de Infância de Golpilheira,Golpilheira,Batalha,Jardim de Infância,not found,,,"The ""Jardim de Infância de Golpilheira"" is part of the Agrupamento de Escolas da Batalha. While there isn't a dedicated website for the Jardim de Infância de Golpilheira itself, you can find information about it on the Câmara Municipal da Batalha website, which lists it under its school network.

https://www.cm-batalha.pt/pages/1071?poi_id=11"
30926,Jardim de Infância de Torre,Reguengo do Fetal,Batalha,Jardim de Infância,not found,,,"The ""Jardim de Infância de Torre"" in Reguengo do Fetal, Portugal, appears to be a public preschool that is part of the Agrupamento de Escolas da Batalha (School Grouping of Batalha). While there isn't a dedicated official website for this specific ""Jardim de Infância de Torre,"" it is associated with the larger school grouping.

There is also a private institution called ""Creche e Jardim de Infância O Trevo"" which is part of the ""Centro Paroquial de Assistência de Reguengo Fetal"". This institution has its own website.

Given the information, an official website specifically for ""Jardim de Infância de Torre"" (the public institution) was not found.

not found"
31169,Jardim de Infância do Arelho,Santa Maria,Óbidos,Jardim de Infância,not found,,,"The ""Jardim de Infância do Arelho"" is part of the Agrupamento de Escolas Josefa de Óbidos. The official website for this agrupamento (grouping of schools) is escolasobidos.net."
31171,Jardim de Infância da Usseira,Usseira,Óbidos,Jardim de Infância,not found,,,"The ""Jardim de Infância da Usseira"" is part of the ""Agrupamento de Escolas Josefa de Óbidos"". The official website for this school group, which includes the Usseira kindergarten, is escolasobidos.net."
31173,Jardim de Infância de Gaeiras,Gaieiras,Óbidos,Jardim de Infância,not found,,,"The official website for ""Jardim de Infância de Gaeiras"" is part of the Agrupamento de Escolas Josefa de Óbidos website.

Here is the URL: https://www.escolasobidos.net/jardim-de-infancia-das-gaeiras/"
31191,Jardim de Infância do Campo,Tornada,Caldas da Rainha,Jardim de Infância,not found,,,"The official website for ""Jardim de Infância do Campo"" in Tornada, Portugal is not found. However, it is listed on the website of the União das Freguesias de Tornada e Salir do Porto."
31192,Escola Básica de Salir de Matos,Salir de Matos,Caldas da Rainha,Jardim de Infância,not found,,,not found
31194,Escola Básica de Nossa Senhora do Pópulo,Caldas da Rainha,Caldas da Rainha,Jardim de Infância,not found,,,"The Escola Básica de Nossa Senhora do Pópulo in Caldas da Rainha, Portugal, is part of the Agrupamento de Escolas D. João II, Caldas da Rainha. While there isn't a direct official website specifically for ""Escola Básica de Nossa Senhora do Pópulo,"" information about the school can be found through its association with the larger school group.

not found"
31195,Jardim de Infância do Casal Celão,Serra do Bouro,Caldas da Rainha,Jardim de Infância,not found,,,"The official website for ""Jardim de Infância do Casal Celão"" is not found. However, it is associated with ""Agrupamento de Escolas D. João II, Caldas da Rainha"". While no direct website for ""Jardim de Infância do Casal Celão"" was found, a contact email, tesouraria@mcr.pt, and phone number, 262240000, are listed for the institution.

The institution is located at Rua da Escola, 2500-718, Serra do Bouro - Casal Celão, Caldas da Rainha, Leiria, Portugal."
31196,Jardim de Infância da Lagoa Parceira,Lagoa Parceira,Caldas da Rainha,Jardim de Infância,not found,,,"The official website for Jardim de Infância da Lagoa Parceira in Lagoa Parceira, Portugal, was not found. The institution is listed in directories with contact information, and is part of the Agrupamento de Escolas D. João II in Caldas da Rainha, but a dedicated website for the Jardim de Infância itself is not readily available."
31251,Jardim de Infância de Caldelas,Caldelas,Leiria,Jardim de Infância,not found,,,"The ""Jardim de Infância de Caldelas"" in Caldelas, Portugal, appears to be associated with different entities depending on the district.

For the ""Jardim de Infância de Caldelas"" located in Leiria, Portugal, it is part of the Agrupamento de Escolas Caranguejeira - Santa Catarina da Serra. The contact information provided for this institution includes an email address: ji.caldelas@escolas.min-edu.pt. This suggests that it likely operates under the umbrella of the Agrupamento's official website, rather than having a separate independent website. Several sources list contact numbers for this location, but no distinct website.

For a ""Jardim Infantil de Caldas das Taipas"" (which can be colloquially referred to as Caldelas due to its location in Caldelas, Caldas das Taipas), located in Guimarães, Braga, it is listed as having the website ""infantarios.pt/jardim-infantil-de-caldas-das-taipas/"". This institution is also linked to the Centro Social das Taipas and is part of the Eco-Escolas program. The Agrupamento de Escolas das Taipas also lists an ""EB1 Pinheiral/Caldelas"" and ""EB1/JI Charneca/Caldelas"", indicating schools within Caldelas, but doesn't provide specific websites for them.

Given the information, there isn't one single ""official website"" for ""Jardim de Infância de Caldelas"" as the name may refer to different institutions in different districts or be part of a larger school group's website.

Therefore, ""not found""."
31252,Jardim de Infância de Magueigia,Quinta da Sardinha,Leiria,Jardim de Infância,not found,,,"I could not find an official website specifically for ""Jardim de Infância de Magueigia"" in Quinta da Sardinha, Portugal. However, I found the following relevant information:

*   It is located at Quinta da Sardinha 2495-185 Santa Catarina da Serra, Leiria, Portugal.
*   The institution's email is ji.qtsardinha@escolas.min-edu.pt.
*   The phone number is 244741990.
*   It is associated with the ""Agrupamento de Escolas Caranguejeira - Santa Catarina da Serra"" (School Grouping of Caranguejeira - Santa Catarina da Serra).
*   The ""Jardim de Infância de Magueigia"" accepts Coverflex Infância, a social voucher for childcare expenses."
31253,Jardim de Infância de Santa Eufémia,,Leiria,Jardim de Infância,not found,,,"The Jardim de Infância de Santa Eufémia in Leiria, Portugal, is part of the ""Agrupamento de Escolas Caranguejeira - Santa Catarina da Serra"". While there isn't a dedicated official website specifically for the Jardim de Infância de Santa Eufémia, it is associated with the Agrupamento de Escolas Caranguejeira - Santa Catarina da Serra, which likely serves as its primary online presence.

Therefore, the most relevant official website would be that of the overarching school group.

https://www.aecscs.edu.pt/"
31254,Jardim de Infância de Souto do Meio,Souto do Meio,Leiria,Jardim de Infância,not found,,,"The ""Jardim de Infância de Souto do Meio"" in Souto do Meio, Portugal, is part of the ""Agrupamento de Escolas Caranguejeira - Santa Catarina da Serra"". While there isn't a specific independent website for the Jardim de Infância de Souto do Meio, you can find information about it through the agrupamento it belongs to.

Based on the search results, the most relevant online presence for the institution is its email address, jisoutomeio@aecscs.edu.pt. It is also listed on various school directories for Portugal, which provide contact information such as phone numbers, but not a dedicated website. The ""Mapa Social"" and ""Caracterização da Rede Escolar - CM Leiria"" also list the institution and its affiliation.

Therefore, a specific official website for ""Jardim de Infância de Souto do Meio"" was not found."
31255,Jardim de Infância de Caranguejeira,Caranguejeira,Leiria,Jardim de Infância,not found,,,"The ""Jardim de Infância de Caranguejeira"" is part of the ""Agrupamento de Escolas Caranguejeira - Santa Catarina da Serra"". The official website for this school group is https://www.aecscs.edu.pt/."
31257,Jardim de Infância N.º 2 de Santa Catarina da Serra,Pinheiria,Leiria,Jardim de Infância,not found,,,not found
31258,Jardim de Infância de Vale Sumo,Olivais,Leiria,Jardim de Infância,not found,,,"I could not find an official website for ""Jardim de Infância de Vale Sumo"" in Olivais, Portugal. However, I found information that indicates the institution is located in Leiria, not Olivais.

The ""Jardim de Infância de Vale Sumo"" is owned by the Agrupamento de Escolas Caranguejeira - Santa Catarina da Serra and is located at Rua da Escola, 2495-182 Olivais (Leiria). They can be contacted by phone at 244734133 or email at jivalesumo@aecscs.edu.pt."
31259,Jardim de Infância N.º 1 de Santa Catarina da Serra,Pinheiria,Leiria,Jardim de Infância,not found,,,"The official website for ""Jardim de Infância N.º 1 de Santa Catarina da Serra"" is not found. The institution is part of the ""Agrupamento de Escolas Caranguejeira - Santa Catarina da Serra"".

However, here is some contact information for the institution:
*   **Email:** jista.catarina1@aecscs.edu.pt
*   **Phone:** 967065875 or 244741981
*   **Address:** Rua de Santa Catarina, nº 31, 2495-186 Pinheiria, Leiria, Portugal"
31354,Escola Básica de Pedreiras,Pedreiras,Porto de Mós,Jardim de Infância,not found,,,"The ""Escola Básica de Pedreiras"" in Pedreiras, Portugal, appears to be part of a larger school group, the ""Agrupamento de Escolas de Porto de Mós"". While there isn't a direct official website specifically for ""Escola Básica de Pedreiras,"" information about it can be found on other related platforms.

The ""Centro Escolar de Pedreiras,"" which shares the same address as ""Escola Básica de Pedreiras"", has a page on the Junta de Freguesia de Pedreiras (Parish Council of Pedreiras) website. The email listed for this institution is secretaria.aepmos@gmail.com, suggesting a connection to the ""Agrupamento de Escolas de Porto de Mós"".

Therefore, the closest to an official website for the institution would be the one for the ""Junta de Freguesia de Pedreiras"" where information about the ""Centro Escolar de Pedreiras"" is provided.

https://www.jf-pedreiras.pt/"
31355,Jardim de Infância de Calvaria de Cima,Calvaria de Cima,Porto de Mós,Jardim de Infância,not found,,,not found
31356,Jardim de Infância de Arrimal,Arrimal,Porto de Mós,Jardim de Infância,not found,,,not found
31361,Escola Básica de Serro Ventoso,Serro Ventoso,Porto de Mós,Jardim de Infância,not found,,,not found
31363,Escola Básica de Cumeira de Cima,Cumeira de Cima,Porto de Mós,Jardim de Infância,not found,,,"The Escola Básica e Jardim de Infância de Cumeira de Cima does not have its own independent official website. However, it is listed on the website of the Junta de Freguesia de Juncal (Parish Council of Juncal), which is the local governing body.

You can find information about the school on the Junta de Freguesia de Juncal website: https://freguesia-juncal.pt/rede-escolar/escola-basica-e-jardim-de-infancia-de-cumeira-de-cima/"
31364,Jardim de Infância de Alvados,Alvados,Porto de Mós,Jardim de Infância,not found,,,not found
32150,Jardim de Infância de a-Da-Gorda,Santa Maria,Óbidos,Jardim de Infância,not found,,,"The ""Jardim de Infância de A-da-Gorda"" is part of the Agrupamento de Escolas Josefa de Óbidos. The official website for the Agrupamento de Escolas Josefa de Óbidos, which includes information about the Jardim de Infância de A-da-Gorda, is:

https://www.agrupamento-josefadeobidos.net"
32322,EB Casal de Malta,Marinha Grande,Marinha Grande,Jardim de Infância,not found,,,not found
32338,EB Fonte Santa,Marinha Grande,Marinha Grande,Jardim de Infância,not found,,,"The official website for ""EB Fonte Santa"" in Marinha Grande, Portugal is part of the Agrupamento de Escolas Marinha Grande Poente.

The direct URL for the EB Fonte Santa page within the agrupamento is: https://age-mgpoente.pt/escola-basica-de-fonte-santa/"
32343,EB Prof. Francisco Veríssimo,Marinha Grande,Marinha Grande,Jardim de Infância,not found,,,"EB Prof. Francisco Veríssimo in Marinha Grande, Portugal, is part of the Agrupamento de Escolas Marinha Grande Poente. The official website for the agrupamento is not explicitly provided for the individual school. However, the email address provided for EB Prof. Francisco Veríssimo is eb.franciscoverissimo@age-mgpoente.pt, which indicates its affiliation with Agrupamento de Escolas Marinha Grande Poente.

The website for Agrupamento de Escolas Marinha Grande Poente is: Not found"
32345,EB Várzea,Marinha Grande,Marinha Grande,Jardim de Infância,not found,,,"The ""EB Várzea"" in Marinha Grande, Portugal, is identified as ""Escola Básica de Várzea"" or ""Escola EB1 de Várzea"" and appears to be part of larger school groupings.

While direct official websites specifically for ""EB Várzea"" were not found, here are relevant links to the educational groupings and directories that mention it:

*   **Agrupamento de Escolas Marinha Grande Poente:** This grouping lists ""EB Varzea (Pré)"" and ""EB Varzea (1º CEB)"" with contact information. While there isn't a direct link to a dedicated website for EB Várzea, it is part of this larger school group, and their website may contain some information about it.
*   **escoladevidro.pt:** This site provides contact information for ""Escola Básica de Várzea, Marinha Grande,"" including an email address: eb1.vmarinhagrande@escolas.min-edu.pt.
*   **escolApp Portugal:** This directory also lists ""Escola Básica de Várzea, Marinha Grande"" with a phone number and address, but no direct website.
*   **Eco-Escolas Program:** ""Escola EB1 de Várzea"" is listed as participating in the Eco-Escolas program, with a dedicated page on their website.

Therefore, a direct, independent official website for ""EB Várzea"" was not found. It primarily exists as part of a larger school grouping or is listed in educational directories."
32610,Escola Básica da Rebolaria,Batalha,Batalha,Jardim de Infância,not found,,,"The Escola Básica da Rebolaria in Batalha, Portugal, is part of the Agrupamento de Escolas da Batalha (School Grouping of Batalha). While there isn't a standalone official website specifically for ""Escola Básica da Rebolaria,"" information about it can be found on the Agrupamento de Escolas da Batalha's official website.

The official website for the Agrupamento de Escolas da Batalha is: https://www.aebatalha.pt"
32611,Escola Básica da Faniqueira,Batalha,Batalha,Jardim de Infância,not found,,,"The official website for ""Escola Básica da Faniqueira"" in Batalha, Portugal is not found. However, it is part of the Agrupamento de Escolas da Batalha, whose website is https://www.aebatalha.pt.

Other relevant information includes:
*   **Address:** Rua das Escolas, nº4 – Faniqueira, 2440-001 Batalha, Leiria, Portugal.
*   **Phone Number:** 244766088.
*   **Email:** eb1.faniqueira@escolas.min-edu.pt and info@eb1-faniqueira.rcts.pt.
*   **Services:** Offers 1º Ciclo (1st cycle of basic education) and pre-school education."
32690,"Jardim de Infância de Monte Redondo, Leiria",Monte Redondo,Redondo,Jardim de Infância,not found,,,"The ""Jardim de Infância de Monte Redondo, Leiria"" appears to be part of the ""Agrupamento de Escolas Rainha Santa Isabel, Carreira, Leiria"". While a specific, independent website for the Jardim de Infância de Monte Redondo, Leiria was not found, there are several contact details and mentions of it being part of larger educational groupings.

Some sources list the ""Escola Básica e Jardim de Infância de Monte Redondo"" with an address of Rua da Escola, 2425-047, Monte Redondo.

Another listing for ""JARDIM DE INFÂNCIA DE MONTE REDONDO, LEIRIA"" provides the address RUA DA ESCOLA, 2425-617 MONTE REDONDO and an email address: de@eb23.edu.pt.

Given the information, an official, standalone website specifically for ""Jardim de Infância de Monte Redondo, Leiria"" was not found. It appears to be integrated into larger school groupings or municipal educational services."
33095,Jardim de Infância de Vidigal,Leiria,Leiria,Jardim de Infância,not found,,,"Not found. While several sources mention ""Jardim de Infância de Vidigal"" in Leiria and provide contact information such as address and phone number, none of them appear to be an official, independent website for the institution itself. It seems to be part of a larger school group, ""Agrupamento de Escolas Dr. Correia Mateus"", and is listed on the website for the Union of Parishes of Leiria, Pousos, Barreira and Cortes as well as the Eco-Escolas program."
33096,Jardim de Infância de Andrinos,Leiria,Leiria,Jardim de Infância,not found,,,not found
33197,EB de Casais da Serra,Landal,Caldas da Rainha,Jardim de Infância,not found,,,"Based on the search results, there doesn't appear to be an official, independent website solely for ""EB de Casais da Serra"" in Landal, Portugal.

However, it is part of the Agrupamento de Escolas Rafael Bordalo Pinheiro (AERBP) and has a page within the AERBP website:

https://aerbp.pt/escolas/eb-casais-da-serra/"
33198,JI de Santa Catarina,Santa Catarina Cld,Vagos,Jardim de Infância,not found,,,"The ""JI de Santa Catarina"" (Jardim de Infância de Santa Catarina) in Santa Catarina Cld, Portugal, is part of the Agrupamento de Escolas Rafael Bordalo Pinheiro (AERBP). The official website for AERBP is esrbp.pt.

However, there is also a ""Centro Social Paroquial de Santa Catarina"" which also offers a kindergarten, and its website, based on the email provided, appears to be santa-catarina.pt. It's important to note that the ""Jardim de Infância de Santa Catarina"" is specifically listed under AERBP.

Given the query specifies ""JI de Santa Catarina"", the most direct official website for the institution itself would be within the AERBP.

Therefore, the URL is: esrbp.pt"
34415,Escola Básica da Fonte Nova (Centro Escolar),Pombal,Pombal,Jardim de Infância,not found,,,not found
35116,Escola Básica de Famalicão,Famalicão Nzr,Nazaré,Jardim de Infância,not found,,,not found
35117,Jardim de Infância do Bairro dos Pescadores,Nazaré,Nazaré,Jardim de Infância,not found,,,"The ""Jardim de Infância do Bairro dos Pescadores"" is part of the ""Agrupamento de Escolas da Nazaré"" (Nazaré School Group). The official website for the school group is aen.pt."
35118,Escola Básica de Cruz de Areia,Leiria,Leiria,Jardim de Infância,not found,,,"The official website for ""Escola Básica de Cruz de Areia"" in Leiria, Portugal, is https://eb1jicruzdaareia.jimdofree.com/."
35122,"Jardim de Infância de Aguda,",Aguda,Figueiró dos Vinhos,Jardim de Infância,not found,,,"It appears there are a few childcare institutions named ""Jardim de Infância de Aguda"" in Portugal.

One ""Jardim de Infância de Aguda"" is located in Vila Nova de Gaia and is part of the Agrupamento de Escolas Sophia de Mello Breyner. The contact email provided is ji.agudaarcozelo@escolas.min-edu.pt. This school is also referred to as ""Escola EB1/JI da Aguda"" and has an Eco-Escolas page. While an official, independent website for ""Jardim de Infância de Aguda"" in Vila Nova de Gaia was not found, its association with the Agrupamento de Escolas Sophia de Mello Breyner suggests its online presence would be integrated within the agrupamento's official website, if one exists.

Another ""Jardim de Infância de Aguda"" is mentioned in Figueiró dos Vinhos. No specific website or detailed contact information was found for this particular institution beyond its address and operating hours.

Given the information, an official independent website for ""Jardim de Infância de Aguda"" was not found."
35124,Escola Básica N.º 2 de Mira de Aire,Mira de Aire,Porto de Mós,Jardim de Infância,not found,,,"""Escola Básica N.º 2 de Mira de Aire"" is part of the ""Agrupamento de Escolas de Porto de Mós"" (School Grouping of Porto de Mós).

The school itself does not appear to have an independent official website. Information about it is found on pages related to the larger school grouping or educational directories.

Therefore, an official website for ""Escola Básica N.º 2 de Mira de Aire"" was not found."
35125,Escola Básica de Casais Garridos,Juncal,Porto de Mós,Jardim de Infância,not found,,,"The ""Escola Básica de Casais Garridos"" in Juncal, Portugal, does not appear to have its own independent official website. However, it is listed on the website of the Junta de Freguesia de Juncal (Parish Council of Juncal).

The relevant URL is: https://www.freguesia-juncal.pt/rede-escolar/escola-basica-e-jardim-de-infancia-casais-garridos"
35127,Jardim de Infância do Alemão,Sitio do Alemão,Peniche,Jardim de Infância,not found,,,"Jardim de Infância do Alemão in Sitio do Alemão, Peniche, Portugal, is part of the Agrupamento de Escolas D. Luís de Ataíde, Peniche. While there isn't a dedicated website specifically for Jardim de Infância do Alemão, you can find information related to it on the official website of the Agrupamento de Escolas D. Luís de Ataíde.

Therefore, the URL is: not found"
35141,Jardim de Infância de Arega,Arega,Figueiró dos Vinhos,Jardim de Infância,not found,,,"The ""Jardim de Infância de Arega"" in Arega, Portugal, does not appear to have a standalone official website. It is part of the ""Agrupamento de Escolas de Figueiró dos Vinhos"".

The website for the Agrupamento de Escolas de Figueiró dos Vinhos is: https://www.aefv.edu.pt"
35143,Escola Básica de Palmeiria,Palmeiria,Leiria,Jardim de Infância,not found,,,"The ""Escola Básica de Palmeiria"" in Palmeiria, Portugal, is part of the ""Agrupamento de Escolas Caranguejeira - Santa Catarina da Serra"". The agrupamento (group of schools) has an official website, but the individual ""Escola Básica de Palmeiria"" does not appear to have a separate, dedicated official website. Instead, information about it is available through the agrupamento's site and other educational directories.

Therefore, the closest to an ""official website"" would be the agrupamento's website:
https://aecscs.edu.pt/"
35144,Escola Básica N.º 1 de Mira de Aire,Mira de Aire,Porto de Mós,Jardim de Infância,not found,,,"The official website for ""Escola Básica N.º 1 de Mira de Aire"" in Mira de Aire, Portugal is not found. While several directories and educational portals list the school with contact information and a general email address, none provide a dedicated official website for this specific basic school.

It's important to note that the ""Escola Básica e Secundária de Mira de Aire"" (a different school, though related by location) has a website at http://agmiral.ccems.pt/. Also, the ""Agrupamento de Escolas de Mira"" (a cluster of schools) has a website at https://www.aemira.pt/. However, neither of these appears to be the specific, official website for ""Escola Básica N.º 1 de Mira de Aire."""
35146,"Escola Básica de São Jorge,",Calvaria de Cima,Porto de Mós,Jardim de Infância,not found,,,"The ""Escola Básica de São Jorge"" in Calvaria de Cima, Portugal does not appear to have its own independent official website. It is part of the Agrupamento de Escolas de Porto de Mós.

While there isn't a direct website for the ""Escola Básica de São Jorge"" itself, you can find information related to it through the following:

*   **Agrupamento de Escolas da Batalha:** https://www.aebatalha.pt/
*   **Freguesia de Calvaria de Cima (Wix.com):** This site lists ""EB1 de S. Jorge"" with a phone number and an email address for the parents' association (associacaopaisescolas.jorge@gmail.com).

Other sources provide contact information for the school, such as its address (S. Jorge - Calvaria Cima, 2480-062 Calvaria de Cima) and phone number (244 481 999)."
37611,Escola Básica de Valado dos Frades,Valado de Frades,Nazaré,Jardim de Infância,not found,,,"""Escola Básica de Valado dos Frades"" is part of the ""Agrupamento de Escolas da Nazaré"" (Nazaré School Group). The official website for the school group is not directly provided in the search results, but the search results indicate that the school is part of the larger Agrupamento de Escolas da Nazaré. Therefore, there is no separate official website for Escola Básica de Valado dos Frades."
37612,Escola Básica de Agodim,Agodim,Leiria,Jardim de Infância,not found,,,Escola Básica de Agodim is part of the Agrupamento de Escolas de Colmeias. The official website for the Agrupamento de Escolas de Colmeias is https://www.ae-colmeias.pt/.
37613,"Jardim de Infância de Mendiga, Porto de Mós",Mendiga,Nazaré,Jardim de Infância,not found,,,not found
38242,Escola Básica de Cela,Cela Nova,Alcobaça,Jardim de Infância,not found,,,"The official website for ""Escola Básica de Cela"" in Cela Nova, Portugal is part of the Agrupamento de Escolas São Martinho do Porto, Alcobaça. The specific page for the Cela School Center is: https://www.aesmporto.pt/index.php/agrupamento/escolas/eb1-celanova."
38721,Escola Básica Nova,Peniche,Peniche,Jardim de Infância,not found,,,www.eb123-peniche.rcts.pt
225,Centro Social Paroquial de Moscavide,Moscavide,Loures,Creche e Jardim de Infância,not found,,,https://www.cspmoscavide.org
289,Creche do Menino Jesus,Campelos- Torres Vedras,Torres Vedras,Creche e Jardim de Infância,not found,,,https://www.cspsac.pt/
317,Creche e Jardim de Infância - O Botãozinho,Cascais,Cascais,Creche,not found,,,not found
334,Infantário o Pinhal - SCM Cascais,S.joão do Estoril,Cascais,Creche,https://www.scmc-infancia.pt,,,"The official website for ""Infantário o Pinhal - SCM Cascais"" in S. João do Estoril, Portugal is www.scmc-infancia.pt."
336,Centro Infantil do Linhó (Ex. C.i. Fisgas),Alcabideche,Cascais,Creche,not found,,,"The official website for ""Centro Infantil do Linhó (Ex. C.i. Fisgas)"" is part of the Santa Casa da Misericórdia de Cascais website.

Here is the URL: https://www.scmc.pt/centro-infantil-do-linho/"
349,Creche e Jardim de Infância Nossa Senhora Acolhimento,Caxias,Oeiras,Creche e Jardim de Infância,not found,,,not found
362,"Marcolandia, Creche e Jardim de Infãncia",Algés,Oeiras,Creche e Jardim de Infância,not found,,,http://www.marcolandia.com.pt
606,Obra das Crianças da Freguesia da Lapa,Lisboa,Lisboa,Creche e Jardim de Infância,not found,,,https://ocfl.webnode.page
668,Creche e Jardim de Infância Pingolé,Porto Salvo,Oeiras,Creche,not found,,,"The ""Creche e Jardim de Infância Pingolé"" in Porto Salvo is part of the Santa Casa da Misericórdia de Oeiras.

The website for the Santa Casa da Misericórdia de Oeiras, which includes information on ""Jardim de Infância O Pingolé,"" is misericordia-oeiras.pt.

https://www.misericordia-oeiras.pt/"
669,A Praceta,Oeiras,Oeiras,Creche,not found,,,"""A Praceta"" in Oeiras, Portugal does not appear to have an official, independent website. Several directories list contact information but link to their own pages rather than a separate website for the institution itself.

Information available indicates ""A Praceta"" is a cooperative of ensino (teaching cooperative) located at Alameda Conde de Oeiras, 20, 2780-136 Oeiras, with a phone number of 214 430 628 and email infantarioapraceta@gmail.com. It is categorized under pre-school education and infant/childcare."
682,Creche e Jardim de Infância 1º de Maio,Carnaxide,Oeiras,Creche,not found,,,"The ""Creche e Jardim de Infância 1º de Maio"" in Carnaxide is part of the Santa Casa da Misericórdia de Oeiras.

The official website for Santa Casa da Misericórdia de Oeiras, which includes information on ""Jardim de Infância 1º de Maio"", is misericordia-oeiras.pt."
684,Jardim de Infância Nossa Senhora do Rosário de Fátima,Oeiras,Oeiras,Creche,not found,,,"The official website for ""Jardim de Infância Nossa Senhora do Rosário de Fátima"" in Oeiras, Portugal, is part of the Santa Casa da Misericórdia de Oeiras website.

Here is the URL: https://www.misericordia-oeiras.pt/educacao/creche-e-pre-escolar/jardim-de-infancia-na-sra-rosario-de-fatima/"
700,Creche da Santa Casa da Misericórdia de Arruda dos Vinhos,Arruda dos Vinhos,Arruda dos Vinhos,Creche,https://scmavinhos.pt,,,"The official website for ""Creche da Santa Casa da Misericórdia de Arruda dos Vinhos"" is not found. However, the Santa Casa da Misericórdia de Arruda dos Vinhos, the owning entity, has the email geral@scmavinhos.pt."
723,Icco Infantário Cooperativa de Campo de Ourique,Lisboa,Lisboa,Creche e Jardim de Infância,not found,,,https://www.icco.pt/
743,Infantário de Nossa Senhora da Purificação,Lisboa,Lisboa,Creche e Jardim de Infância,not found,,,"The official website for ""Infantário de Nossa Senhora da Purificação"" in Lisboa, Portugal is: https://vertexaisearch.cloud.google.com/grounding-api-redirect/AUZIYQHvdM6lrjhFnBx6mpBuB7c89xSeHw4Esydo9HIS9eLp5O7KnMHvEdTh8z5vxZ40XWEE-iZLtOsdqvgP0NTmKOUlVMJhTqpCJ7pMlSY_02EV."
764,Externato das Pedralvas,Lisboa,Lisboa,Creche e Jardim de Infância,not found,,,www.pedralvinhas.eu
777,Associação Moradores do Casal Ventoso,Lisboa,Lisboa,Creche e Jardim de Infância,not found,,,not found
1412,Quina - Infantário e Jardim de Infância,Ramada,Odivelas,Creche e Jardim de Infância,not found,,,"The official website for ""Quina - Infantário e Jardim de Infância"" is not found. However, an email address is available: geral@infantarioquina.pt. The institution is also referred to as ""Colégio QUINA"" in one of the search results, which has a website powered by Páginas Amarelas."
1415,Jardim Infantil Popular da Pontinha,Pontinha,Odivelas,Creche e Jardim de Infância,not found,,,The official website for Jardim Infantil Popular da Pontinha is http://www.jipp.com.pt.
1430,Creche Quinta dos Bacelos - Associação Bem Estar Infantil Vila Franca de Xira,Vila Franca de Xira,Vila Franca de Xira,Creche,https://www.abeivfxira.pt/,,,"The official website for ""Creche Quinta dos Bacelos - Associação Bem Estar Infantil Vila Franca de Xira"" is part of the ABEI (Associação para o Bem Estar Infantil da Freguesia de Vila Franca de Xira) website.

Here is the URL: https://www.abeivfxira.pt/"
1440,Actividades de Tempos Livres de Bolonha - Creche,Póvoa Santa Iria,Vila Franca de Xira,Creche,not found,,,"The official website for ""Actividades de Tempos Livres de Bolonha - Creche"" is not directly found under this name. However, the organization ""Associação de Actividades de Tempos Livres de Bolonha"" has a website. This association is listed as the proprietary entity for the childcare institution you mentioned.

The website for the ""Associação de Actividades de Tempos Livres de Bolonha"" is: https://www.atlb.pt."
1545,Externato Jardim da Arroja,Odivelas,Odivelas,Creche,not found,,,not found
1559,Creche e Jardim de Infância o Jardim Encantado,Bobadela,Loures,Creche,not found,,,http://www.ojardimencantado.com/
1652,Babete e Companhia,Lisboa,Lisboa,Creche,not found,,,https://babeteecompanhia.na-rede.net
1654,Centro de Apoio Infantil Filadélfia,Sacavém,Loures,Creche,not found,,,"The official website for ""Centro de Apoio Infantil Filadélfia"" in Sacavém, Portugal, was not found. However, there is an email address and phone number available: associacao@filadelfia and 211957166."
1690,Associação Socorro e Amparo - Casa do Menino Jesus,Lisboa,Lisboa,Creche,not found,,,"The official website for ""Associação Socorro e Amparo - Casa do Menino Jesus"" in Lisboa, Portugal is not found. However, there is information about ""Colégio do Menino Jesus - Associação Socorro e Amparo"" which states that ""Associação de Socorro e Amparo"" manages ""Colégio do Menino Jesus"". ""Colégio do Menino Jesus"" has a website but the provided link leads to a general Google search result, not a specific website.

Other related institutions with websites were found:

*   ""Casa do Menino Jesus – IPSS"" which is a different institution and has the website https://www.casadomeninojesus.pt/.
*   ""Casa De Repouso Menino Jesus"" which is a nursing home, not a childcare institution, and has the website http://casaderepouso-meninojesus.pt/pt."
1697,Creche e Jardim Infantil de Santo Amaro,Lisboa,Lisboa,Creche e Jardim de Infância,not found,,,https://cjisa.wixsite.com/creche-jardim-infant
1721,Centro Social José Luís Coelho,Lisboa,Lisboa,Creche e Jardim de Infância,not found,,,not found
2254,Centro Social Paroquial do Calhariz de Benfica,Lisboa,Lisboa,Creche,not found,,,not found
4924,Jardim de Infância Popular,Agualva,Sintra,Creche e Jardim de Infância,not found,,,jipopular.com
4925,Creche - Jardim de Infância Faz de Conta,Rio de Mouro,Sintra,Creche e Jardim de Infância,not found,,,"Not found. While several directories and business listings mention ""Creche - Jardim de Infância Faz de Conta"" in Rio de Mouro, including its address, phone number, and email (colegiofazdeconta@gmail.com), an official website was not found in the search results. There is a website for ""fazdeconta-eventos.pt"", but it appears to be for an event space and not the childcare institution itself."
5168,Infantário o Azul,Mem Martins,Sintra,Creche,not found,,,"Multiple sources provide contact information for ""Infantário o Azul"" in Mem Martins, including addresses, phone numbers, and email addresses. However, none of the search results indicate an official website for the institution. Some directories list a ""Website"" field but leave it blank, or only provide an email address. The domain ""infantario-o-azul.com"" appears to be expired or deleted.

not found"
5179,Creche de S. José,Lisboa,Lisboa,Creche,not found,,,not found
5191,Creche Beloquitas,Lisboa,Lisboa,Creche,https://www.crechejardimdeinfanciabeloquitas.pt,,,www.crechejardimdeinfanciabeloquitas.pt
5205,Centro Social Paroquial de Colares - Almoçageme,Colares,Sintra,Creche,not found,,,"The official website for ""Centro Social Paroquial de Colares - Almoçageme"" is www.cspc.pt."
5238,A Creche Sempre em Flor (S.josé),Mem Martins,Sintra,Creche,not found,,,"The official website for ""A Creche Sempre em Flor (S.josé)"" in Mem Martins, Portugal is https://www.crechesempremflor.pt."
5240,"Colégio Herdeiros do Futuro, CRL",Mem Martins,Sintra,Creche,not found,,,https://colegioherdeirosdofuturo.pt/
5241,Os Patarecos - Associação Particular de Solidariedade Social,Sintra,Sintra,Creche e Jardim de Infância,not found,,,"The official website for ""Os Patarecos - Associação Particular de Solidariedade Social"" in Sintra, Portugal, is patarecos-ipss.pt."
5275,Equip Social da Instituição de Apoio Social da Freguesia de Bucelas,Bucelas,Loures,Creche,https://www.iasfbucelas.com,,,www.iasfbucelas.com
5287,Obra de Nossa Senhora da Purificação,Lisboa,Loures,Creche,not found,,,"There are two institutions with very similar names that provide childcare in Lisboa.

One is ""Fundação Obra Nossa Senhora da Purificação"" and its official website is not readily available through a direct search. However, a related contact page for ""FONSP - Fundação Obra Nossa Senhora da Purificação"" provides contact details and information about their social responses, including a nursery, creche, and kindergarten.

The other is ""Infantário Nossa Senhora da Purificação"", which has an official website.

Therefore, the URL for ""Infantário Nossa Senhora da Purificação"" is: https://www.infantario-nossa-senhora-da-purificacao.pt/"
5291,Associação Doutor João dos Santos,Loures,Loures,Creche,not found,,,"The official website for ""Associação Doutor João dos Santos"" in Loures, Portugal is associacaodrjoaodossantos.pt."
5420,Infantário a Mimi,Queluz,Sintra,Creche,not found,,,not found
5436,Centro Social Paroquial do Imaculado Coração de Maria,Alfragide,Amadora,Creche e Jardim de Infância,not found,,,"The official website for ""Centro Social Paroquial do Imaculado Coração de Maria"" in Alfragide, Portugal is not found. However, information about the institution is available on the website of the Paróquia de Alfragide.

The institution, also known as CSPA, is an IPSS (Private Institution of Social Solidarity) of the Parish of Alfragide. It offers crèche and pre-school services, along with extracurricular activities like martial arts, ballet, and viola. The main building in Alfragide opened in September 1990.

Contact information for the institution includes:
*   **Address:** Largo Padre Adriano Pedrali, Alfragide, 2610-129 AMADORA.
*   **Phones:** 214 713 222 / 912 161 907.
*   **Email:** csp.alfragide@gmail.com."
5438,Associação de Pais e Amigos das Crianças da Freguesia da Mina,Amadora,Amadora,Creche e Jardim de Infância,not found,,,"The official website for ""Associação de Pais e Amigos das Crianças da Freguesia da Mina"" in Amadora, Portugal, is not found. However, there are directory listings that provide contact information such as email and phone number."
5451,Centro Social Paroquial de Alfornelos,Amadora,Amadora,Creche e Jardim de Infância,not found,,,"The official website for ""Centro Social Paroquial de Alfornelos"" is www.paroquiadealfornelos.com."
5459,Infantário do Externato Cinderela Alpedrinha,Amadora,Amadora,Creche e Jardim de Infância,not found,,,not found
5460,Creche Municipal de Á-Da-Beja,A-Da-Beja-Amadora,Amadora,Creche,not found,,,"""Creche Municipal de Á-Da-Beja"" is a municipal childcare institution in A-Da-Beja-Amadora, Portugal, owned by the Municipality of Amadora. While there isn't a dedicated official website solely for the ""Creche Municipal de Á-Da-Beja,"" information about it can be found through the Câmara Municipal da Amadora (Amadora City Council) website, which manages municipal kindergartens. The Amadora City Council's education news section (""Educa Noticias"") mentions the Creche de Á-da-Beja and provides information on applications for municipal kindergartens, which are done online through a specific form.

Therefore, the most relevant official online presence is through the Amadora City Council.

https://www.cm-amadora.pt/educa-noticias/creches-da-rede-municipal"
5488,Colégio o Teu Jardim,Queluz,Sintra,Creche e Jardim de Infância,not found,,,"I could not find an official website for ""Colégio o Teu Jardim"" in Queluz, Portugal. Multiple sources provide contact information such as address, phone number, and email, but no official website is listed."
17021,Actividades Tempos Livres de Bolonha - Creche,Póvoa de Stª Iria,Vila Franca de Xira,Creche,not found,,,https://atlb.wixsite.com/atlb
17075,"Ni-Nó-Ni, Centro Infantil - Centro Humanitário de Lisboa - CVP",,Odivelas,Creche,not found,,,"The ""Ni-Nó-Ni, Centro Infantil - Centro Humanitário de Lisboa - CVP"" is part of the Portuguese Red Cross (Cruz Vermelha Portuguesa). While there isn't a dedicated website specifically for ""Ni-Nó-Ni,"" information about it can be found on the Cruz Vermelha Portuguesa's Centro Humanitário de Lisboa page, which covers their social support services for children and youth.

Here is the relevant URL: https://www.cruzvermelha.pt/o-que-fazemos/apoio-social/centro-humanitario-de-lisboa.html"
17564,Obra Social Madre Maria Clara,Queijas,Oeiras,Creche,not found,,,"The official website for ""Obra Social Madre Maria Clara"" in Queijas, Portugal is likely http://www.osmmac.pt. While the direct link was not found in the search results, several snippets indicate this as the domain for the institution. For example, one result shows ""Copyright © OSMMAC 2026 All rights reserved. Custom Design by Youjoomla.com · OSMMAC - Quem somos"", and another lists ""email: secretaria@osmmac.pt""."
17703,Associação de Actividades do Bairro 2 de Maio,Lisboa,Lisboa,Creche,not found,,,"The official website for ""Associação de Actividades do Bairro 2 de Maio"" is not found. The institution uses the name ""Associação de Actividades Sociais do Bairro 2 de Maio"" and has a Weebly-created site that provides contact information and details about its services for children and seniors, but it does not have a unique domain name. Their email is aasb2maio@gmail.com and their phone number is 213 632 399."
17704,Caselsol,Lisboa,Lisboa,Creche,not found,,,not found
18553,Jardim das Descobertas,Lisboa,Lisboa,Creche,not found,,,not found
18562,Creche do Gato Amarelo,Lisboa,Lisboa,Creche,not found,,,http://www.gato-amarelo.pt/
18626,Creche e Jardim de Infância o Gonzo - Azambuja,Azambuja,Azambuja,Creche e Jardim de Infância,not found,,,"I was unable to find an official website for ""Creche e Jardim de Infância o Gonzo - Azambuja"". Several directories and business listings mention the institution, providing contact information like a phone number and email, but no direct official website URL."
20352,Creche na Rua das Hortências,Gradil,Mafra,Creche,not found,,,"The ""Creche na Rua das Hortências"" in Gradil, Portugal, is part of the Casa do Povo do Gradil. The official website for Casa do Povo do Gradil is cpgradil.pt."
20353,Jardim Infantil da Malveira,Malveira,Mafra,Creche e Jardim de Infância,not found,,,not found
20364,Actividades de Tempos Livres de Bolonha -Creche,Povoa de Sta Iria,Vila Franca de Xira,Creche,not found,,,https://atlb.wixsite.com/atlb/contatos
20382,"O Fofas - Berçário, Creche e Jardim de Infância",Povoa de Sta Iria,Vila Franca de Xira,Creche e Jardim de Infância,not found,,,"A comprehensive search for ""O Fofas - Berçário, Creche e Jardim de Infância"" in Póvoa de Santa Iria, Portugal, did not yield an official website. Several directory listings and business information sites provide contact details such as address, phone number, and email (ofofas@hotmail.com), but no direct official website was found."
20383,Creche e Jardim de Infância de Outurela,Carnaxide,Oeiras,Creche e Jardim de Infância,not found,,,"The official website for ""Creche e Jardim de Infância de Outurela"" is https://creche-e-pre-escolar.webnode.page/."
20385,Creche e Jardim de Infância de S. Marçal,Carnaxide,Oeiras,Creche e Jardim de Infância,not found,,,"The ""Creche e Jardim de Infância de S. Marçal"" in Carnaxide, Portugal, is part of the Santa Casa da Misericórdia de Oeiras. The official website for the Santa Casa da Misericórdia de Oeiras, which includes information about Jardim de Infância S. Marçal, can be found at:

https://www.misericordia-oeiras.pt/"
20391,Doce Alcofinha,Massamá,Sintra,Creche,not found,,,"""not found"""
20447,Infantário de Bicesse - SCM Cascais,Alcabideche,Cascais,Creche e Jardim de Infância,https://www.scmc-infancia.pt,yes,combined tipo — may have split pages,"The official website for ""Infantário de Bicesse - SCM Cascais"" is part of the Santa Casa da Misericórdia de Cascais website. You can find information about the Infantário de Bicesse at:

https://www.scmc-infancia.pt"
20504,Equip. Social da Associação de Protecção à Infância da Ajuda - Apia,Lisboa,Lisboa,Creche e Jardim de Infância,not found,,,"The official website for ""Equip. Social da Associação de Protecção à Infância da Ajuda - Apia"" in Lisboa, Portugal is https://apiaajuda.pt."
21242,Centro Social Paroquial da Povoa de Sto Adrião,Odivelas,Odivelas,Creche e Jardim de Infância,not found,,,"The official website for ""Centro Social Paroquial da Póvoa de Santo Adrião"" is https://www.csppsa.pt/."
21381,Associação Humanidades,Lisboa,Lisboa,Creche,not found,,,"The official website for ""Associação Humanidades"" in Lisboa, Portugal is www.humanus.pt."
21481,Jardim de Infância e ATL o Novo Pinóquio,Algés,Oeiras,Creche e Jardim de Infância,not found,,,http://www.misericordia-oeiras.pt/
21591,Sociedade Filarmónica de Apoio Social e Recreio Artístico da Amadora - Quinta de S.miguel,Amadora,Amadora,Creche,not found,,,"The official website for ""Sociedade Filarmónica de Apoio Social e Recreio Artístico da Amadora - Quinta de S.miguel"" is www.sfraa.pt."
21663,O Mundo dos Sentidos,Mem Martins,Sintra,Creche e Jardim de Infância,not found,,,not found
21674,Centro Social Comunitário Bº Sto António I,Loures,Loures,Creche,not found,,,"The official website for ""Centro Social Comunitário Bº Sto António I"" in Loures, Portugal, was not found.

However, it is associated with the ""Centro Social e Paroquial Nuno Álvares Pereira de São Tiago de Camarate"" (CSPNAP). The CSPNAP has a website at https://www.cspnap.pt/.

The ""Centro Social Comunitário Bº Sto António I"" is one of the community centers established by CSPNAP, offering services like crèche/kindergarten, ATL (After-School Activities), and a day center."
21781,Padrão - Estabelecimento de Ensino,Loures,Loures,Creche,not found,,,"I could not find an official website specifically for ""Padrão - Estabelecimento de Ensino"" in Loures, Portugal. However, I found some directory listings that provide contact information.

It appears to be a private, for-profit entity involved in pre-school education. One directory lists the email address as ext.paraisoinfantil@gmail.com and a phone number as 219830325. It also mentions a Facebook page under its contact information. Another directory, infantarios.pt, also lists it and provides the same phone number."
22542,Jardim de Infância Mãe Patinha,Malveira,Mafra,Creche,not found,,,not found
22545,Jardim de Infância Canteiro dos Sonhos,Oeiras,Oeiras,Creche e Jardim de Infância,not found,,,www.canteirosonhos.pt
22546,"Jardim da Fantasia - Actividades de Creche, Jardim de Infância e Afins",Lisboa,Lisboa,Creche,not found,,,not found
22552,"Colégio, Jardim de Infância ""A Sandrinha, Lda""",Pontinha,Odivelas,Creche,not found,,,www.colegiosandrinha.pt
22554,Berçario e Creche Fraldinhas e Fraldocas,Rio Mouro,Sintra,Creche,https://www.fraldinhasefraldocas.pt,,,www.fraldinhasefraldocas.pt
22804,Infantário Bem-Me-Quer,Rio de Mouro,Sintra,Creche e Jardim de Infância,not found,,,"The official website for ""Infantário Bem-Me-Quer"" in Rio de Mouro, Portugal is not found. However, there is an email address listed for the institution: inf.bemmequer@gmail.com."
22806,O Planeta Bebé,Massamá,Sintra,Creche,not found,,,www.planetabebe.pt
22807,Cooperativa Miminhos Alegres CRL,Mem-Martins,Sintra,Creche,not found,,,"The official website for ""Cooperativa Miminhos Alegres CRL"" in Mem-Martins, Portugal is not found. Several sources provide contact information, including an email address (miminhosalegres@hotmail.com) and phone numbers, but no direct website is listed. One source mentions ""Bem-vindos ao nosso site web"" but does not provide a functional URL."
24378,Creche de Santa Teresinha,Ramada,Odivelas,Creche,not found,,,"The official website for ""Creche de Santa Teresinha"" in Ramada, Portugal, is part of the Centro Comunitário Paroquial da Ramada.

https://ccpr.pt/creche/"
24406,Creche da Lourinhã,Lourinhã,Gavião,Creche,https://www.scmlourinha.pt/,,,"There isn't a single official website for an institution exclusively named ""Creche da Lourinhã"". Instead, ""Creche da Lourinhã"" appears to be a general term that could refer to several different childcare institutions in Lourinhã.

However, based on the search results, here are some creches in Lourinhã with their official websites:

*   **Santa Casa da Misericórdia de Lourinhã** has a creche and its website is: https://www.scmlourinha.pt/
*   **Creche ""O Principezinho""** is part of the Casa do Povo do Concelho da Lourinhã. The website for Casa do Povo do Concelho da Lourinhã is: https://www.cpcl.pt/
*   **Creche O Petiz** has a website: https://www.opetiz.pt/

Since you asked for ""the official website"" for ""Creche da Lourinhã"" and there isn't a single entity with that exact name, and instead multiple institutions offer creche services in Lourinhã, returning ""not found"" for a singular official website is the most accurate response to your specific request.

not found"
24424,Cebesa - Creche e CATL José Garcês,Amadora,Amadora,Creche,not found,,,"The official website for ""Cebesa - Creche e CATL José Garcês"" is cebesa.pt."
24589,Creche N.ª Sr.ª D` Ajuda,,Torres Vedras,Creche,not found,,,not found
24603,Creche da Quinta da Ponte - Associação Bem Estar Infantil Vila Franca Xira,S. João dos Montes,Vila Franca de Xira,Creche e Jardim de Infância,https://www.abeivfxira.pt,yes,combined tipo — may have split pages,"The official website for ""Creche da Quinta da Ponte - Associação Bem Estar Infantil Vila Franca Xira"" is part of the larger ""Associação para o Bem Estar Infantil da Freguesia de Vila Franca de Xira"" (ABEI).

https://www.abeivfxira.pt"
24604,Cat-0/12 - Cat-12/18 - Creche (Fidalgos) - Ass.bem Estar Infantil V.f.xira,Vila Franca Xira,Vila Franca de Xira,Creche e Jardim de Infância,not found,,,"The official website for ""Ass.bem Estar Infantil V.f.xira"" is abeivfxira.pt. This institution is known as A.B.E.I. - Associação para o Bem Estar Infantil da Freguesia de Vila Franca de Xira."
24666,Colégio o Rezingão - Ensino Infantil,Queluz,Sintra,Creche e Jardim de Infância,not found,,,"The official website for ""Colégio o Rezingão - Ensino Infantil"" in Queluz, Portugal is https://www.colegiorezingao.com/."
24668,Cartola de Sonhos,Famões,Odivelas,Creche,not found,,,https://www.cartoladesonhos.pt/
24696,Colégio os Bobocas,Barcarena,Oeiras,Creche e Jardim de Infância,not found,,,"The official website for ""Colégio os Bobocas"" in Barcarena, Portugal is www.colegioosbobocas.com."
24909,"Colinho das Tias, Lda.",Agualva Cacém,Sintra,Creche e Jardim de Infância,not found,,,not found
24911,Creche Mamã Galinha,Póvoa de Santa Iria,Vila Franca de Xira,Creche e Jardim de Infância,https://crechemamagalinha.wixsite.com/crechemamagalinha,yes,combined tipo — may have split pages,https://crechemamagalinha.wixsite.com/crechemamagalinha
25017,Amor Perfeito de Agualva-Cacém - Arpiac,Cacém,Sintra,Creche,not found,,,https://arpiac.pt/
25033,Colégio o Tapadinhas II,Algueirão,Sintra,Creche e Jardim de Infância,not found,,,not found
25059,Vem Brincar! Actividades Educativas,Algueirão,Sintra,Creche e Jardim de Infância,not found,,,"The official website for ""Vem Brincar! Actividades Educativas"" is www.vembrincar.pt."
25180,Creche Ecobabies,Agualva-Cacém,Sintra,Creche e Jardim de Infância,not found,,,"The official website for ""Creche Ecobabies"" in Agualva-Cacém, Portugal is www.ecobabies.pt."
26088,Creche São Jorge,Amadora,Amadora,Creche e Jardim de Infância,not found,,,"The official website for ""Creche São Jorge"" in Amadora, Portugal is https://vertexaisearch.cloud.google.com/grounding-api-redirect/AUZIYQGKqJn3RkH1BUQvVm0cDU1lFzTZq7HGZeK6LWgqkwNzpRyhDrTKdJ23JGQ77vGMbyrtKlKmm17zSC4orLZiYL82ATBMz34k4AKIN9aww0SiYGwPBYRnfKo2Jis=."
26225,Creche Santa Madalena Canossa,Queluz de Baixo,Oeiras,Creche,not found,,,not found
26230,Creche Bibes e Chuchas,Odivelas,Odivelas,Creche,https://bibesechuchas.com/,,,https://bibesechuchas.com/
26267,Creche a Romã,Amadora,Amadora,Creche,not found,,,"The official website for ""Creche a Romã"" in Amadora, Portugal, is not found. Several sources indicate that it is a municipal creche managed by the Câmara Municipal da Amadora (Amadora City Council). However, no independent official website for the creche was identified in the search results.

Information regarding ""Creche a Romã"" is available through the Amadora City Council's ""Educa Noticias"" platform and on other directory websites. The Amadora City Council's website provides details on the application process for municipal creches, including Creche A Romã."
26781,Fidalguinho - Jardim de Infância e Creche,Agualva,Sintra,Creche,not found,,,"""Fidalguinho - Jardim de Infância e Creche"" in Agualva, Portugal does not appear to have an official website. Several directories list contact information for the institution, including an address at Rua General Padrel, nº 10, 2735-373 Agualva - Cacém, and a phone number: +351 214310013.

There are other institutions with similar names, such as ""EB 1º c / JI dos Fidalguinhos"" and ""Colégio Refúgio dos Fidalguinhos"", but they are located elsewhere (Barreiro) or are clearly distinct entities."
27040,Santa Teresinha Jardim de Infância,Venda do Pinheiro,Mafra,Creche e Jardim de Infância,not found,,,"""Santa Teresinha Jardim de Infância"" in Venda do Pinheiro, Portugal, does not appear to have an independent official website. However, several directories and municipal pages list contact information for the institution.

Here are some relevant links that provide information about the institution:

*   **Mapa Social**: This directory lists ""SANTA TERESINHA JARDIM DE INFÂNCIA"" and provides contact details including an email address (infantariostateresinha@gmail) and phone number. It also mentions a Facebook page, though a direct URL isn't provided.
*   **InfantáriosPT**: This directory also lists ""Jardim de Infância Santa Teresinha de Jesus"" with its address and phone number.
*   **Câmara Municipal de Mafra**: The Mafra Municipal Council website includes ""Sta. Teresinha"" in its list of kindergartens, providing an address, phone number, and an email address (santateresinha@sapo.pt).
*   **Coverflex**: This platform lists ""Colégio Santa Teresinha"" (which appears to be the same institution based on the address and phone number) and mentions an email address (ferreirabento@gmail.com) but does not provide a website URL.

Based on the available information, an official, standalone website for ""Santa Teresinha Jardim de Infância"" was not found."
27042,A Ritinha - Externato e Jardim de Infância,Lisboa,Lisboa,Creche e Jardim de Infância,not found,,,https://www.externatoaritinha.com/
27401,Chuva de Papel - Creche e Jardim de Infância,Lisboa,Lisboa,Creche,not found,,,"The official website for ""Chuva de Papel - Creche e Jardim de Infância"" in Lisboa, Portugal is not found. However, there is a page that appears to be their official site: https://chuvadepapel.pt/."
27495,Colégio Rik & Rok Alfragide,Carnaxide,Oeiras,Creche e Jardim de Infância,not found,,,"The official website for ""Colégio Rik & Rok Alfragide"" is part of the Fundação Pão de Açúcar - Auchan website.

https://fundacao.auchan.pt/acao-social/colegios-rik-rok/colegio-rik-rok-alfragide/"
28295,Creche de S. Clara,Lisboa,Lisboa,Creche,not found,,,not found
28311,Creche Materama de Vila Chã,Mina,Amadora,Creche,not found,,,"The official website for ""Creche Materama de Vila Chã"" in Mina, Amadora, Portugal, was not found. The institution is listed on Mapa Social, and its owning entity is Centro de Bem Estar Social da Amadora (CEBESA), but no direct website for the creche is provided. There were other search results for ""Materama"" but they referred to companies in Mexico selling construction materials, and a ""Materama"" website that is currently under maintenance."
29110,Colégio Espelho D Água,Odivelas,Odivelas,Creche,not found,,,not found
29117,Tocábrincar,São Marcos,Sintra,Creche e Jardim de Infância,not found,,,"""Tocábrincar"" in São Marcos, Portugal does not appear to have an official website. Several directories list contact information for ""Tocábrincar, Creche e Jardim de Infância"", including an email address (tocabrincar@hotmail.com) and phone number, but consistently state ""Website: N/A"" or leave the website field blank."
29118,Creche Sementes do Mundo,Lisboa,Lisboa,Creche,not found,,,"The ""Creche Sementes do Mundo"" in Lisboa is part of the Santa Casa da Misericórdia de Alenquer.

The official website for the Santa Casa da Misericórdia de Alenquer, which includes information about ""Creche Sementes do Mundo,"" is www.scmalenquer.pt. While there isn't a dedicated, separate website for ""Creche Sementes do Mundo,"" its contact information and details are available on the Santa Casa da Misericórdia de Alenquer's website."
29184,"Amores Perfeitos - Berçário e Creche, Lda.",Loures,Loures,Creche,not found,,,not found
29302,Creche Casa do Bebé,Lisboa,Lisboa,Creche,not found,,,"Creche Casa do Bebé in Lisboa, Portugal, is operated by ""Associação Crescer e Formar"" (ACF).

The official website for Associação Crescer e Formar is: https://www.acf-associacaocrescerformar.pt. This website contains information about Creche Casa do Bebé."
29696,Colégio Caminho do Rio,Mem Martins,Sintra,Creche e Jardim de Infância,not found,,,"I could not find an official website for ""Colégio Caminho do Rio"" in Mem Martins, Portugal. However, I found information that indicates it was previously known as ""Externato Calimero"" and a website associated with that name.

The contact information available for Colégio Caminho do Rio is:
*   **Address:** Rua Caminho do Rio, Nº 20, 2725-432 Mem Martins, Portugal
*   **Phone:** 219 218 536
*   **Email:** dpedag.sintra@gmail.com

The website associated with the former name ""Externato Calimero"" is www.externatocalimero.pt."
29773,A Mamã Coelha,Moscavide,Loures,Creche e Jardim de Infância,not found,,,not found
32953,Escolinha da Kika,Algés,Oeiras,Creche,not found,,,http://www.escolinhadakika.com/
32983,Creche Vovovelos,Alverca,Vila Franca de Xira,Creche,not found,,,not found
33544,Colégio de Lapiás,Pero Pinheiro,Sintra,Creche e Jardim de Infância,not found,,,"The official website for ""Colégio de Lapiás"" in Pero Pinheiro, Portugal is not found. Several sources provide contact information such as email (colegio.de.lapias@gmail.com) and phone number (219672203), and list the address as Rua 5 de Outubro, Nº23, 2715-085, Pêro Pinheiro. It is identified as a private childcare institution offering creche, pre-school, and after-school activities.

There is also an ""Agrupamento de Escolas Lapiás"" which appears to be a public school group in the wider Sintra area (including Pero Pinheiro) with a website at www.agrupamento-lapias.pt. However, this is a different institution from the ""Colégio de Lapiás"" childcare center."
34088,Creche Pulguinhas Mestres,Forte da Casa,Vila Franca de Xira,Creche,not found,,,not found
34116,Gugulândia,Queijas,Oeiras,Creche,not found,,,not found
34240,Colégio Small Land,Loures,Loures,Creche e Jardim de Infância,not found,,,"A search for ""Colégio Small Land"" in Loures, Portugal, did not yield an official website. Several directories and listings, such as Coverflex and Mapa Social, provide contact information, including an email address (smalland2018@gmail.com) and phone number (215820394), but no official website URL."
36515,Creche São Miguel Arcanjo,Lisboa,Lisboa,Creche,not found,,,not found
36565,Creche Geração de Piratas,São Domingos de Rana,Cascais,Creche,not found,,,https://www.facebook.com/geracaodepiratas
36638,Colégio Dom Pedrito,Algueirão,Sintra,Creche e Jardim de Infância,not found,,,"""Colégio Dom Pedrito"" in Algueirão, Portugal, does not appear to have an official, standalone website. Information about the institution is available on social services and childcare directories.

You can find its listing on:
*   **Mapa Social**: https://vertexaisearch.cloud.google.com/grounding-api-redirect/AUZIYQFWEtYzbWjptAuythvrVWx5z6TkvdkCVgZPUTKJcxKE-wsUF4kAkxRlBjhLcSf4HputdG7SvV8RzTRnMPq6i036116imz39x3c8eapJsSyZLRRghoqwbm1djYif0iLSpUPdp6K6FuzGvSC2uIQd
*   **Coverflex**: https://vertexaisearch.cloud.google.com/grounding-api-redirect/AUZIYQH6Wr7G57J0suI5XiUYW-KKK7Z7LW4QHovzMjvBOld1AHmZhj3wiK_1O5-WnvwNnw-2cnMPsfPV9OC-vlp5Z2LS2-9DO927LHWKMb9JIhf2XFcDDxCHlg3mM0gnH2ng4-rGpzq26JqGoiry2S3occKg9w==

These listings provide contact information, including an email address: colegiodompedrito@gmail.com."
36675,Cebi - Arranhó,Arranhó,Arruda dos Vinhos,Creche,https://www.fcebi.org/,,,"The official website for ""Cebi - Arranhó"" is part of the Fundação CEBI website: https://www.fcebi.org/."
37896,Infantário dos Cadafais - SCM Alenquer,Cadafais,Alenquer,Creche e Jardim de Infância,https://www.scmalenquer.pt,yes,combined tipo — may have split pages,"The official website for ""Infantário dos Cadafais - SCM Alenquer"" is part of the Santa Casa da Misericórdia de Alenquer (SCM Alenquer) website. You can find information about their childcare services under the ""Infância"" (Childhood) section of the SCM Alenquer website.

The URL for Santa Casa da Misericórdia de Alenquer is: https://www.scmalenquer.pt"
37996,Creche o Jardim Encantado II,Bobadela,Loures,Creche,not found,,,"The official website for ""Creche o Jardim Encantado II"" in Bobadela, Portugal is not found. Several sources indicate ""N/A"" for a website or only provide contact information such as phone numbers and email addresses. While a similar institution, ""Creche E Jardim De Infância-o Jardim Encantado Lda."", has a website listed as http://www.ojardimencantado.com/, this appears to be a different entity, possibly an older or related institution, but not specifically ""Creche o Jardim Encantado II""."
38048,O Nosso Jardim - Póvoa de S. Iria,Póvoa de Santa Iria,Vila Franca de Xira,Creche,not found,,,https://colegioonossojardimpsi.webnode.page/
38719,Creche Nossa Senhoras das Graças (Polo 2),Algés,Oeiras,Creche,not found,,,"The official website for ""Creche Nossa Senhoras das Graças (Polo 2)"" in Algés, Portugal is https://www.jinsg.pt."
38875,Park International School Campus Cascais,Cascais,Cascais,Creche,https://www.park-is.com,,,"The official website for PaRK International School, which previously had a campus in Cascais, is https://www.park-is.com.

However, the PaRK International School Cascais campus closed in 2022 to make way for the first King's College School in Portugal."
38889,"Tesourinhos à Vista, Unipessoal Lda",Odivelas,Odivelas,Creche,not found,,,not found
38892,Ouriços do Saber,Odivelas,Odivelas,Creche,not found,,,"The official website for ""Ouriços do Saber"" in Odivelas, Portugal is https://ouricosdosaber.wixsite.com/ouricosdosaber."
38895,Espaço Educativo Ilha dos Amores,Lisboa,Lisboa,Creche,not found,,,https://vozoperario.pt/educacao/espaco-educativo-ilha-dos-amores
39147,Creche - Jardim de Infância Faz de Conta 2,Rio de Mouro,Sintra,Creche,not found,,,not found
39157,A Semente,Porto Salvo,Oeiras,Creche,not found,,,not found
39158,Didático e Positivo,Cascais,Cascais,Creche,not found,,,"Based on the search results, ""Didático e Positivo"" in Cascais, Portugal, appears to be a childcare institution. While multiple sources provide contact information, addresses, and details about their activities, an official website specifically for ""Didático e Positivo"" is not explicitly found. However, a privacy policy document indicates that the company name is ""Didático e Positivo, Lda"" and lists ""ji.vilabicuda@hotmail.com"" as an email address, but doesn't provide a website URL for the institution itself.

Therefore, the URL is not found."
39282,"Life In Party, Lda",Camarate,Loures,Creche,not found,,,not found
213,Associação de Solidariedade Social dos Moradores do Bairro das Patameiras,Odivelas,Odivelas,Jardim de Infância,not found,,,not found
303,Externato/ Semi-Internato Nossa Senhora da Assunção,Cascais,Cascais,Jardim de Infância,not found,,,https://salesianas.pt/externato-n-sra-da-assuncao/
639,Secretariado Diocesano de Lisboa da ONPC - Centro Majari - CATL e Pré-Escolar,Lisboa,Lisboa,Jardim de Infância,not found,,,The official website for Secretariado Diocesano de Lisboa da ONPC - Centro Majari - CATL e Pré-Escolar is www.pastoraldosciganos.pt.
645,Secretariado Diocesano de Lisboa da ONPC - Chaborrilho - Pré-Escolar,Lisboa,Lisboa,Jardim de Infância,not found,,,"The official website for ""Secretariado Diocesano de Lisboa da ONPC - Chaborrilho - Pré-Escolar"" is part of the larger organization ""Secretariado Diocesano de Lisboa da Obra Nacional da Pastoral dos Ciganos"" (ONPC). The website for the ONPC is www.pastoraldosciganos.pt."
1544,Externato Jardim da Arroja,Odivelas-Arroja,Odivelas,Jardim de Infância,not found,,,not found
1722,CATL do Centro Social e Paroquial Penha de França,Lisboa,Lisboa,Jardim de Infância,not found,,,"The official website for ""CATL do Centro Social e Paroquial Penha de França"" is part of the ""Centro Social e Paroquial de Nossa Senhora da Penha de França"" website.

The URL is: https://www.csppf.pt/"
2258,Na Avózinha,Lisboa,Lisboa,Jardim de Infância,not found,,,"The official website for ""Na Avózinha"" in Lisboa, Portugal, was not found. While there is information available about the institution, including its address and contact number, an official website is not listed in the search results. There are other establishments with similar names that are restaurants, but they are not the childcare institution requested."
4893,Cooperativa de Ensino - Os Leõezinhos,Sintra,Sintra,Jardim de Infância,not found,,,"The official website for ""Cooperativa de Ensino - Os Leõezinhos"" in Sintra, Portugal, is not found. However, I found multiple pages that appear to be part of a website for ""Os Leõezinhos - Jardim de Infância"" which seems to be the childcare institution you are looking for. These pages include information about their educational project, pedagogical project, and other information, and they all share the same footer indicating ""© 2023 Cooperativa de Ensino Os Leõezinhos. Todos os direitos reservados. Desenvolvido por MIUDO™"".

The institution's contact information is:
*   **Phone:** 219 230 425
*   **Email:** osleoezinhos@gmail.com
*   **Address:** Rua Mestre Neves, 1 – 1A, 2710-422 SINTRA

It is a private institution of social solidarity and non-profit."
4900,Centro Social Paroquial do Cacém,Cacém,Sintra,Jardim de Infância,not found,,,https://www.paroquiacacem.com/centro-social
4908,Centro Social Paroquial de Mira Sintra,Agualva-Cacém,Sintra,Jardim de Infância,not found,,,"The official website for ""Centro Social Paroquial de Mira Sintra"" is not found in the search results. While there are mentions of the institution and its contact information, an independent official website for the center was not identified. The Paróquia de Mira Sintra website mentions the Centro Social Paroquial as one of its groups, but it doesn't appear to have a dedicated website of its own. The institution is also listed on social solidarity platforms like Mapa Social and SomosIPSS, which provide contact details and information about their services but are not their official websites."
5494,Creche da Abóboda - SCMC Cascais,São Domingos de Rana,Cascais,Creche e Jardim de Infância,https://www.scmc-infancia.pt,yes,combined tipo — may have split pages,"The official website for ""Creche da Abóboda - SCMC Cascais"" is part of the Santa Casa da Misericórdia de Cascais website: www.scmc-infancia.pt."
5502,Creche e Jardim de Infância de Nossa Senhora da Rocha,Carnaxide,Oeiras,Creche e Jardim de Infância,not found,,,"The Creche e Jardim de Infância de Nossa Senhora da Rocha in Carnaxide, Portugal, is part of the Santa Casa da Misericórdia de Oeiras. Its official website can be found within the Santa Casa da Misericórdia de Oeiras website.

https://www.misericordia-oeiras.pt/educacao/creche-e-pre-escolar/jardim-de-infancia-na-senhora-da-rocha/"
5574,Creche do Externato Modelo,Amadora,Amadora,Creche e Jardim de Infância,not found,,,"""Creche do Externato Modelo"" in Amadora, Portugal, does not appear to have an independent official website. Information about them is found on directory-style websites. They can be contacted via email at direccao.extmodelo@gmail.com or externatomodelo@hotmail.com, and by phone at 214959194."
5830,Associação Solidariedade Subud - Centro Educacional e Comunitário Roda Viva,Alfragide,Amadora,Creche e Jardim de Infância,https://www.assubud.org/,yes,combined tipo — may have split pages,https://www.assubud.org/
17008,Complexo da Cartaxaria - Infância - Santa Casa da Misericórdia de Arruda dos Vinhos,Arruda dos Vinhos,Arruda dos Vinhos,Jardim de Infância,https://scmavinhos.pt,,,"The official website for ""Complexo da Cartaxaria - Infância - Santa Casa da Misericórdia de Arruda dos Vinhos"" is not directly available. However, the Santa Casa da Misericórdia de Arruda dos Vinhos, which operates the childcare institution, has a website that is currently under construction.

You can find their contact information, including an email address (geral@scmavinhos.pt) and phone numbers (263975246), through other directories. The physical address is Rua do Alcambar (EN 248), Casal da Cartaxaria, 2630-213 Arruda dos Vinhos."
27836,Associação de S.bartolomeu dos Alemães em Lisboa / Escola Alemã do Estoril,Estoril,Cascais,Jardim de Infância,not found,,,"The official website for ""Associação de S. Bartolomeu dos Alemães em Lisboa"" (Bartholomäus-Brüderschaft der Deutschen in Lissabon) is bartolomeu.pt.

The ""Escola Alemã do Estoril"" is a branch of the ""Escola Alemã de Lisboa"" (Deutsche Schule Lissabon). The official website for the ""Escola Alemã de Lisboa"" is dslissabon.com. While the Estoril branch has its own director, it is officially part of the Lisbon school."
29395,"Jardim Infantil ""O Bambi""",Cruz Quebrada-Dafundo,Oeiras,Jardim de Infância,not found,,,"Jardim Infantil ""O Bambi"" in Cruz Quebrada-Dafundo is owned by Santa Casa da Misericórdia de Oeiras. Their email address is geral@misericordia-oeiras.pt.

Based on the information available, a direct official website for ""Jardim Infantil 'O Bambi'"" was not found. However, it is associated with the Santa Casa da Misericórdia de Oeiras, which has a website at https://www.misericordia-oeiras.pt/."
29445,Jardim de Infância D. João II,Lisboa,Lisboa,Jardim de Infância,not found,,,not found
29456,J. Inf. o Pirilampo do Cruzeiro,Mem Martins,Sintra,Jardim de Infância,not found,,,not found
29489,Externato de Nossa Senhora da Penha de França,Lisboa,Lisboa,Jardim de Infância,not found,,,www.coopescola.pt
29496,"Jardim Infantil ""O Girassol Dourado""",Queluz,Sintra,Jardim de Infância,not found,,,"The official website for ""Jardim Infantil ""O Girassol Dourado"""" in Queluz, Portugal, was not found. Several directories list contact information, including an email address (info@quintadosgirassois.com and Isanabel@sapo.pt), but no dedicated website URL is provided."
29538,Escola Alemã de Lisboa,Lisboa,Lisboa,Jardim de Infância,not found,,,www.dslissabon.com
29542,"Externato ""O Viveirinho""",Amadora,Amadora,Jardim de Infância,not found,,,not found
29552,Escola Selecta Prof. Doutor Amadeu Andrés,Lisboa,Lisboa,Jardim de Infância,not found,,,http://www.escolaselecta.com/
29582,Jardim de Infância os Meus Amigos,Agualva-Cacém,Sintra,Jardim de Infância,not found,,,https://colegioosmeusamigos.pt/
29583,Associação Unidos de Cabo Verde,Encosta do Sol,Amadora,Jardim de Infância,not found,,,not found
29608,"Externato ""Os Fofinhos""",Lisboa,Lisboa,Jardim de Infância,not found,,,"The official website for ""Externato ""Os Fofinhos"""" in Lisboa, Portugal is https://www.osfofinhos.pt."
29614,Jardim de Infância Associação de Educação Popular Zambujal,Zambujal,Cascais,Jardim de Infância,not found,,,https://aepzambujal.com/
29618,"Jardim de Infância ""As 4 Estações""",Massamá,Sintra,Jardim de Infância,not found,,,not found
29621,"Jardim de Infância ""O Caracol Pimpão""",Amadora,Amadora,Jardim de Infância,not found,,,not found
29630,"Jardim de Infância ""A Nova Escola""",Agualva-Cacém,Sintra,Jardim de Infância,not found,,,"The official website for ""Jardim de Infância ""A Nova Escola"""" in Agualva-Cacém, Portugal is http://www.anovaescola.com."
29631,"Externato ""Roque Gameiro""",Damaia,Amadora,Jardim de Infância,not found,,,"A search for ""Externato ""Roque Gameiro"""" in Damaia, Portugal, did not yield an official website. Several sources provide contact information, including an email address (externatoroquegameiro@hotmail.com) and phone number (214971468), and list it as a private, for-profit entity offering pre-school education. It is located at Avenida Manuel da Maia, nº 1 - A - R/C - Esq., 2720-400 Damaia, Amadora. One search result mentions ""Agrupamento de Escolas Pioneiros da Aviação Portuguesa"" which includes ""Escola Secundaria da Amadora Roque Gameiro"" and has a website, but this appears to be a different institution (""Escola Secundaria"" means ""Secondary School"") than the ""Externato"" (typically a private primary or pre-school institution)."
29675,Centro Social Paroquial de Santa Marta do Casal de Cambra,Casal de Cambra,Sintra,Jardim de Infância,not found,,,not found
29725,Jardim de Infância Krexe e Muito Mais,Rio de Mouro,Sintra,Jardim de Infância,not found,,,not found
29732,Jardim de Infância Escolinha 7,Amadora,Amadora,Jardim de Infância,not found,,,not found
29745,Jardim de Infância Fantasias e Letras,Tires,Cascais,Jardim de Infância,not found,,,www.fantasia-e-letras.pt
29783,"Externato ""O Caracol""",Amadora,Amadora,Jardim de Infância,not found,,,not found
29785,Parque Encantado Lda.,Lisboa,Lisboa,Jardim de Infância,not found,,,"""Parque Encantado Lda."" in Lisboa, Portugal operates the ""Externato Santa Maria de Belém"". The official website for this institution is not found."
29797,"Externato ""Aljubarrota""",Amadora,Amadora,Jardim de Infância,not found,,,"The official website for ""Externato ""Aljubarrota"""" in Amadora, Portugal is http://www.externatoaljubarrota.com."
29813,Ass. Actividades Tempos Livres de Bolonha - Pré-Escolar,Póvoa de Santa Iria,Vila Franca de Xira,Jardim de Infância,not found,,,"The official website for ""Ass. Actividades Tempos Livres de Bolonha - Pré-Escolar"" is https://www.atlb.pt."
29942,Escola Básica do Barro,Barro,Torres Vedras,Jardim de Infância,not found,,,not found
29943,Jardim de Infância de Casalinhos de Alfaiata,Casalinhos de Alfaiata,Torres Vedras,Jardim de Infância,not found,,,"The ""Jardim de Infância de Casalinhos de Alfaiata"" is part of the Agrupamento de Escolas de São Gonçalo, Torres Vedras. While there isn't a dedicated website specifically for the Jardim de Infância de Casalinhos de Alfaiata, you can find information about it through the Torres Vedras Municipality website and the Eco-Escolas program.

Here are relevant URLs:

*   **Torres Vedras Municipality (JI Casalinhos de Alfaiata details):** https://www.cm-tvedras.pt/estabelecimentos/68
*   **Eco-Escolas (Jardim de Infância de Casalinhos de Alfaiata page):** https://ecoescolas.abaae.pt/frontoffice/escola?id=12854"
29944,Jardim de Infância de Cambelas,São Pedro da Cadeira,Torres Vedras,Jardim de Infância,not found,,,not found
29946,Jardim de Infância da Serra da Vila,"Serra da Vila, Torres Vedras",Torres Vedras,Jardim de Infância,not found,,,"The ""Jardim de Infância da Serra da Vila"" in Serra da Vila, Torres Vedras, Portugal, is part of the Agrupamento de Escolas de São Gonçalo, Torres Vedras. While there doesn't appear to be a dedicated website solely for the Jardim de Infância da Serra da Vila, you can likely find information through the Agrupamento de Escolas de São Gonçalo.

Therefore, the most relevant URL is: Not found"
29947,Jardim de Infância da Boavista - Silveira,Silveira,Torres Vedras,Jardim de Infância,not found,,,not found
29948,Escola Básica do Varatojo,Varatojo,Torres Vedras,Jardim de Infância,not found,,,not found
29950,Escola Básica da Carvoeira,Carvoeira,Torres Vedras,Jardim de Infância,not found,,,"The ""Escola Básica da Carvoeira"" refers to a primary school with pre-school education. There appear to be two schools with very similar names and locations, both in the district of Lisbon, but in different municipalities:

*   **Escola Básica de Carvoeira in Torres Vedras, Lisbon.** This school is part of the Agrupamento de Escolas de São Gonçalo.
*   **Escola Básica da Freguesia da Carvoeira in Mafra, Lisbon.** This school is part of the Agrupamento de Escolas da Ericeira.

While several directories and municipal websites list these schools and provide contact information such as phone numbers, a dedicated, independent ""official website"" for either specific ""Escola Básica da Carvoeira"" was not found in the search results.

not found"
29965,Escola Básica de Chão do Sapo,Chão do Sapo,Cadaval,Jardim de Infância,not found,,,"The ""Escola Básica de Chão do Sapo"" is part of the Agrupamento de Escolas do Cadaval (Cadaval School Group).

The official website for the Agrupamento de Escolas do Cadaval, which includes Escola Básica de Chão do Sapo, is https://www.aera.pt/."
29966,Escola Básica do Painho,Painho,Cadaval,Jardim de Infância,not found,,,"The official website for ""Escola Básica do Painho"" is integrated within the União das Freguesias de Painho e Figueiros website.

Here is the URL: https://www.jf-painhoefigueiros.pt/freguesia/rede-escolar/escola-basica-do-painho"
29967,Escola Básica de Alguber,Alguber,Cadaval,Jardim de Infância,not found,,,"The official website for Escola Básica de Alguber is not found. However, it is part of the ""Agrupamento de Escolas do Cadaval"" and has an email address associated with that group: geral@agrupcadaval.com. There is also another email address listed for the school itself: eb1.alguber@escolas.min-edu.pt and info@eb1-alguber.rcts.pt."
29969,Escola Básica da Murteira,Murteira,Cadaval,Jardim de Infância,not found,,,"There are multiple schools named ""Escola Básica da Murteira"" in Portugal.

*   One ""Escola Básica da Murteira"" is located in Loures. The website for the Câmara Municipal de Loures (Loures City Council) lists contact information for this school, but does not provide a direct website for the school itself.
*   Another ""Escola Básica 1º Ciclo de Murteira"" is located in Cadaval and is part of the Agrupamento de Escolas do Cadaval (Cadaval School Group). The Agrupamento de Escolas do Cadaval has a website, but it only provides a contact number for the Murteira school, not a dedicated website.
*   A third ""ESCOLA BÁSICA DE MURTEIRA"" is located in Ovar and is part of the AGRUPAMENTO DE ESCOLAS DE ESMORIZ/OVAR NORTE. No direct website for the Murteira school in Ovar is provided.

Due to the existence of multiple institutions with the same name and the lack of a specific, independent website for the school in the search results, an official website for ""Escola Básica da Murteira"" in Murteira, Portugal cannot be definitively identified and returned.

not found"
30001,Escola Básica de Paredes,Alenquer,Alenquer,Jardim de Infância,http://ebparedes.damiaodegoes.pt/,,,"The official website for ""Escola Básica de Paredes"" in Alenquer, Portugal is http://ebparedes.damiaodegoes.pt/. This school is also known as ""Centro Escolar de Paredes"" and is part of the Agrupamento de Escolas Damião de Goes."
30041,Jardim de Infância N.º 1 de Alverca do Ribatejo,Alverca,Vila Franca de Xira,Jardim de Infância,not found,,,"The official website for ""Jardim de Infância N.º 1 de Alverca do Ribatejo"" is http://www.eb1-alverca-n1.rcts.pt/."
30070,Escola Básica Barbosa Du Bocage,Póvoa de Santo Adrião,Odivelas,Jardim de Infância,not found,,,"The ""Escola Básica Barbosa Du Bocage"" in Póvoa de Santo Adrião is part of the ""Agrupamento de Escolas Pedro Alexandrino - Póvoa Sto Adrião/Olival Basto"".

The official website for the Agrupamento de Escolas Pedro Alexandrino is https://www.aepalexandrino.pt/."
30090,Jardim de Infância de Aldeia Grande,Aldeia Grande,Torres Vedras,Jardim de Infância,not found,,,"The Jardim de Infância de Aldeia Grande is part of the Agrupamento de Escolas Henriques Nogueira in Torres Vedras, Portugal. While there isn't a dedicated website solely for the ""Jardim de Infância de Aldeia Grande,"" information about it can be found on the agrupamento's website.

Here's the closest to an ""official website"" for the institution:

https://aehn.net/ji-aldeia-grande/"
30092,Jardim de Infância de Matacães,Matacães,Torres Vedras,Jardim de Infância,not found,,,"Jardim de Infância de Matacães is part of the ""Agrupamento de Escolas Henriques Nogueira"" (Henriques Nogueira School Group).

The official website for the school group that includes Jardim de Infância de Matacães is: https://www.aehn.net/"
30105,Escola Básica da Póvoa de Penafirme,Póvoa de Penafirme,Torres Vedras,Jardim de Infância,not found,,,not found
30108,Jardim de Infância da Boavista - Olheiros,Boavista,Torres Vedras,Jardim de Infância,not found,,,"The ""Jardim de Infância da Boavista - Olheiros"" is located in Torres Vedras, Portugal, and is part of the Agrupamento de Escolas Padre Vítor Melícias. It is a public pre-school education establishment.

There is no direct official website specifically for ""Jardim de Infância da Boavista - Olheiros."" However, information about the institution can be found on the following:

*   **Eco-Escolas Program:** https://ecoescolas.abaae.pt/escola/jardim-de-infancia-de-boavista-olheiros/
*   **Municipality of Torres Vedras:** https://www.cm-torresvedras.pt/educacao/estabelecimento-de-ensino/ji-boavista-olheiros/
*   **Mapa Social:** https://www.mapasocial.pt/instituicoes/jardim-de-infancia-da-boavista-olheiros-torres-vedras
*   **DirectoriosEscolas.eu:** https://www.directorioescolas.eu/detalhes/jardim-de-infancia-da-boavista-olheiros-torres-vedras-69792
*   **escoladevidro.pt:** https://www.escoladevidro.pt/escola/jardim-de-infancia-da-boavista-olheiros-torres-vedras

Another ""Jardim de Infância da Boavista"" exists as part of the Agrupamento de Escolas Marinha Grande Nascente, which does have a Wix.com website: https://aemgn.wixsite.com/jiboavista. However, this is a different institution.

Therefore, the requested URL for ""Jardim de Infância da Boavista - Olheiros"" (Torres Vedras) is not found as a standalone official website."
30109,Jardim de Infância da Ribeira de Pedrulhos,Torres Vedras,Torres Vedras,Jardim de Infância,not found,,,not found
30110,Jardim de Infância do Sobreiro Curvo,Sobreiro Curvo,Torres Vedras,Jardim de Infância,not found,,,"The ""Jardim de Infância do Sobreiro Curvo"" is part of the Agrupamento de Escolas Padre Vítor Melícias in Torres Vedras, Portugal. While there isn't a dedicated official website solely for the Jardim de Infância do Sobreiro Curvo, information about it can be found on the Torres Vedras Municipality website and the Eco-Escolas program website.

Therefore, the most relevant official URL related to this institution is: not found."
30111,Jardim de Infância da Fonte Grada,Fonte Grada,Torres Vedras,Jardim de Infância,not found,,,"The ""Jardim de Infância da Fonte Grada"" is a public kindergarten that is part of the ""Agrupamento de Escolas Padre Vítor Melícias"" in Torres Vedras, Portugal.

While there isn't a dedicated official website solely for ""Jardim de Infância da Fonte Grada,"" information about it can be found on the Torres Vedras Municipal Council website and the Eco-Escolas program website.

Therefore, a direct official website for ""Jardim de Infância da Fonte Grada"" was not found."
30115,"Jardim de Infância de Cotovios, a-De-Freire",S. João dos Montes,Vila Franca de Xira,Jardim de Infância,not found,,,not found
30116,Jardim de Infância de Alhandra,Alhandra,Vila Franca de Xira,Jardim de Infância,not found,,,"The official website for ""Jardim de Infância de Alhandra"" is part of the ""Agrupamento de Escolas de Alhandra, Sobralinho e São João dos Montes"" (School Group of Alhandra, Sobralinho and São João dos Montes).

https://www.aealhandra.pt/"
30117,JI Manique do Intendente,Manique do Intendente,Azambuja,Jardim de Infância,not found,,,"The ""Jardim de Infância Manique do Intendente"" is part of the ""Agrupamento de Escolas do Alto de Azambuja"" (School Grouping of Alto de Azambuja).

Its official website is: https://www.aveaca.pt/jardim-de-infancia-manique-do-intendente"
30122,Escola Básica de Tires,Tires,Cascais,Jardim de Infância,not found,,,"The official website for ""Escola Básica de Tires"" is part of the ""Agrupamento de Escolas Matilde Rosa Araújo"" website.

Here is the URL: https://aemra.pt/escolas/escola-basica-de-tires/"
30123,Escola Básica Padre Agostinho da Silva,Tires,Cascais,Jardim de Infância,not found,,,"The Escola Básica Padre Agostinho da Silva in Tires, Portugal, is part of the Agrupamento de Escolas Matilde Rosa Araújo. While there isn't a dedicated website solely for ""Escola Básica Padre Agostinho da Silva,"" information about it, including contact details, can be found on the Agrupamento de Escolas Matilde Rosa Araújo website. The email address provided for the school is ebpasilva@aemra.pt."
30124,Escola Básica do Alto da Peça,Alcabideche,Cascais,Jardim de Infância,not found,,,"The ""Escola Básica do Alto da Peça"" in Alcabideche is part of the ""Agrupamento de Escolas de Alcabideche"" (School Group of Alcabideche). The official website for the school group, which includes Escola Básica do Alto da Peça, is Agrupamento de Escolas de Alcabideche.

https://www.aealcabideche.pt/"
30126,Jardim de Infância Fátima Campino,Alcoitão,Cascais,Jardim de Infância,not found,,,"The official website for ""Jardim de Infância Fátima Campino"" is http://www.aealcabideche.com/."
30156,Jardim de Infância de Bucelas,Bucelas,Loures,Jardim de Infância,not found,,,"The ""Jardim de Infância de Bucelas"" is part of the ""Agrupamento de Escolas 4 de Outubro"". While a direct, standalone website for ""Jardim de Infância de Bucelas"" was not found, the ""Agrupamento de Escolas 4 de Outubro"" has an email address associated with it: direcao@ae4outubro.pt.

The ""Escola Básica de Bucelas,"" which includes a Jardim de Infância (kindergarten), is located at Largo João Raymundo Alves, n.º 5, 2670-655 Bucelas. It can be contacted at 219 687 570.

Another institution, ""Instituição de Apoio Social da Freguesia de Bucelas (IASFB),"" also offers pre-school education in Bucelas.
not found"
30235,Jardim de Infância das Azenhas dos Tanoeiros,,Mafra,Jardim de Infância,not found,,,"Not found. The ""Jardim de Infância das Azenhas dos Tanoeiros"" in Mafra, Portugal, does not appear to have a dedicated official website. Information about it can be found on the Mafra Municipal Council website and the Eco-Escolas program website, as it is an Eco-School. It is also listed on social welfare and childcare directories."
30236,Jardim de Infância do Barril,Barril,Mafra,Jardim de Infância,not found,,,not found
30237,Jardim de Infância da Encarnação,Encarnação,Mafra,Jardim de Infância,not found,,,"The ""Jardim de Infância da Encarnação"" in Encarnação, Portugal, does not appear to have a dedicated official website. It is part of the Agrupamento de Escolas da Ericeira-Mafra.

Information about the Jardim de Infância da Encarnação can be found on the following:
*   **Mapa Social** provides contact details, address, and information about it being a public kindergarten.
*   **Eco-Escolas** mentions the institution's participation in the Eco-Schools program and its environmental projects.
*   **Câmara Municipal de Mafra** (Mafra City Council) website lists it as a kindergarten and provides some characteristics like capacity.
*   **Coverflex** also lists the Jardim de Infância da Encarnação in its directory of nurseries and kindergartens, including its address and phone number, but no website."
30238,Jardim de Infância de Ribamar,,Mafra,Jardim de Infância,not found,,,"The official website for Jardim de Infância de Ribamar in Mafra, Portugal is not found. However, information about the institution can be found on the Eco-Escolas website, the Mapa Social website, and the Câmara Municipal de Mafra website.

The Jardim de Infância de Ribamar is a public kindergarten located at Estrada do Albarral - Ribamar, 2640-002 Santo Isidoro, Mafra. It is part of the Agrupamento de Escolas da Ericeira-Mafra (Ericeira-Mafra School Grouping). You can contact them by phone at 261 866 135."
30239,Jardim de Infância de Santo Isidoro,Santo Isidoro,Mafra,Jardim de Infância,not found,,,"The ""Jardim de Infância de Santo Isidoro"" is part of the Agrupamento de Escolas da Ericeira (Ericeira School Group). While there isn't a dedicated website specifically for the Jardim de Infância de Santo Isidoro, you can find information about it on the Agrupamento de Escolas da Ericeira website.

Not found"
30650,Escola Básica do Bairro do Armador,Lisboa,Lisboa,Jardim de Infância,not found,,,"The Escola Básica do Bairro do Armador in Lisboa, Portugal, does not appear to have a standalone official website. It is part of the ""Agrupamento de Escolas das Olaias"" or ""Agrupamento de Escolas Nuno Gonçalves"".

While several sources mention the school and provide contact information, including an email address and phone numbers, a direct official website for ""Escola Básica do Bairro do Armador"" was not found. It is likely that information about this specific school is integrated into the website of its respective school cluster.

Therefore, the URL is ""not found""."
31033,"Escola Básica Aprígio Gomes, Mina",Amadora,Amadora,Jardim de Infância,not found,,,"The Escola Básica Aprígio Gomes, Mina, in Amadora, Portugal, is part of the Agrupamento de Escolas Cardoso Lopes, Amadora. The official website for the agrupamento (group of schools) that includes Escola Básica Aprígio Gomes is www.cardosolopes.net."
31034,"Jardim de Infância do Cerrado da Bica, Mina",Cerrado da Bica,Amadora,Jardim de Infância,not found,,,"The ""Jardim de Infância do Cerrado da Bica, Mina"" is part of the Agrupamento de Escolas Cardoso Lopes, Amadora. While the childcare institution itself does not appear to have an independent official website, it is listed on the website for the Agrupamento de Escolas Cardoso Lopes.

The URL for the Agrupamento de Escolas Cardoso Lopes is www.cardosolopes.net/site."
31051,Jardim de Infância da Serra da Silveira,Belas,Sintra,Jardim de Infância,not found,,,"The ""Jardim de Infância da Serra da Silveira"" in Belas, Portugal, does not appear to have a standalone official website. However, it is part of the ""Agrupamento de Escolas Queluz-Belas"" (AEQB).

The AEQB has a website at www.espan.edu.pt. The Jardim de Infância da Serra da Silveira is listed as being located on R. Eng. José de Sousa Santana Marques, 2605 Belas, Portugal, with a contact number of 21 436 6460."
31052,Escola Básica de São Miguel de Alcainça,Alcainça,Mafra,Jardim de Infância,not found,,,https://www.wix.com/ebalcainca/alcainca
31054,Jardim de Infância de Barreiralva,Barreiralva,Mafra,Jardim de Infância,not found,,,not found
31055,Jardim de Infância do Quintal,Quintal,Mafra,Jardim de Infância,not found,,,"""Jardim de Infância do Quintal"" in Quintal, Mafra, Portugal, appears to be part of the public school system and does not have a standalone official website. It is listed as belonging to the ""Agrupamento de Escolas de Mafra"". While there isn't a direct website for this specific kindergarten, you can find information about it on the Mafra Municipal Council's website. The email address listed for the institution is info@aemafra.edu, which corresponds to the ""Agrupamento de Escolas de Mafra""."
31056,Escola Básica Dr. Sanches de Brito,A-Da-Pêrra,Mafra,Jardim de Infância,not found,,,https://www.aemafra.edu.pt
31057,"Escola Básica das Freguesias de Igreja Nova e Cheleiros, Igreja Nova",Mafra,Mafra,Jardim de Infância,not found,,,"The ""Escola Básica das Freguesias de Igreja Nova e Cheleiros"" is part of the Agrupamento de Escolas de Mafra (Mafra School Group).

Therefore, the official website for this institution can be found through the Agrupamento de Escolas de Mafra:

not found"
31065,"Jardim de Infância do Bairro Padre Cruz, Lisboa",,Lisboa,Jardim de Infância,not found,,,"The ""Jardim de Infância do Bairro Padre Cruz, Lisboa"" is part of the Agrupamento de Escolas do Bairro Padre Cruz (School Group of Bairro Padre Cruz). The official website for the Agrupamento de Escolas do Bairro Padre Cruz is aebpc.edu.pt. The childcare institution's specific section on this website can be found at: https://www.aebpc.edu.pt/contactos-ji-bpc."
31096,Escola Básica da Fonte Santa,Loures,Loures,Jardim de Infância,not found,,,"The Escola Básica da Fonte Santa in Loures, Portugal, is part of the Agrupamento de Escolas Luís de Sttau Monteiro, Loures. While there isn't a direct official website specifically for ""Escola Básica da Fonte Santa,"" information about it can be found through the agrupamento's portal. However, a direct URL for the agrupamento was not found.

Therefore, the answer is ""not found""."
31097,"Jardim de Infância de Salemas, Loures",Salemas,Torre de Moncorvo,Jardim de Infância,not found,,,not found
31098,"Escola Básica de Lousa, Loures",Lousa,Torre de Moncorvo,Jardim de Infância,not found,,,"The Escola Básica de Lousa, Loures is part of the Agrupamento de Escolas Luís de Sttau Monteiro. While the Agrupamento de Escolas Luís de Sttau Monteiro has a Wix.com page, it does not appear to be an official website for the Escola Básica de Lousa, Loures specifically. The municipality of Loures also lists the school, but without a direct website link.

Therefore, an official, standalone website for ""Escola Básica de Lousa, Loures"" was not found."
31100,Escola Básica de Casainhos,Casainhos,Loures,Jardim de Infância,not found,,,"The Escola Básica de Casainhos in Casainhos, Portugal, is part of the Agrupamento de Escolas Luís de Sttau Monteiro. While the individual school doesn't appear to have its own dedicated official website, it is associated with the Agrupamento de Escolas Luís de Sttau Monteiro. However, no official website for this agrupamento (group of schools) was found. The Junta de Freguesia de Fanhões, which covers Casainhos, lists the school's contact information but no website.

Therefore, an official website for Escola Básica de Casainhos could not be found."
31101,Escola Básica Cabeço de Montachique,Cabeço de Montachique,Torre de Moncorvo,Jardim de Infância,not found,,,"The ""Escola Básica Cabeço de Montachique"" is part of the ""Agrupamento de Escolas Luís de Sttau Monteiro"". The official website for the agrupamento (group of schools) that includes this institution is https://agrupamentodeescolasluissttaumonteiro.wixsite.com/pes-aelsm."
31108,Escola Básica do Parque Silva Porto,Lisboa,Lisboa,Jardim de Infância,not found,,,"The Escola Básica do Parque Silva Porto in Lisboa, Portugal, is part of the Agrupamento de Escolas Quinta de Marrocos.

The official website for the Agrupamento de Escolas Quinta de Marrocos, which includes Escola Básica do Parque Silva Porto, is: https://ae-quintademarrocos.pt/"
31110,Escola Básica N.º 1 do Bom Retiro,Vila Franca de Xira,Vila Franca de Xira,Jardim de Infância,not found,,,"The ""Escola Básica N.º 1 do Bom Retiro"" in Vila Franca de Xira is part of the ""Agrupamento de Escolas Prof. Reynaldo dos Santos"" (Professor Reynaldo dos Santos School Grouping).

The official website for the Agrupamento de Escolas Prof. Reynaldo dos Santos is aeprs.pt."
31111,Escola Básica N.º4 de Vila Franca de Xira,Bairro do Paraíso,Vila Franca de Xira,Jardim de Infância,not found,,,"The Escola Básica N.º 4 de Vila Franca de Xira is part of the Agrupamento de Escolas Professor Reynaldo dos Santos in Vila Franca de Xira. While there isn't a dedicated website for Escola Básica N.º 4, information about it can be found on the website of the Municipality of Vila Franca de Xira, specifically within the ""Agrupamentos de Escolas Prof. Reynaldo dos Santos"" section.

Therefore, the most relevant official website is the one for the Agrupamento de Escolas Professor Reynaldo dos Santos:

not found"
31112,Escola Básica João Villaret,Ramada,Odivelas,Jardim de Infância,not found,,,"The official website for ""Escola Básica João Villaret"" in Ramada, Portugal, is not found. However, it is part of the ""Agrupamento de Escolas Vasco Santana"".

Here are some relevant contact details:
*   **Email:** ebjoaovillaret@vasco-santana.edu.pt or eb1joaovillaret@gmail.com
*   **Phone:** 219 337 607
*   **Address:** Rua João Villaret, Bons Dias, 2675-790 Ramada (or 2620-280 Ramada)"
31113,Escola Básica de Casal dos Apréstimos,Ramada,Odivelas,Jardim de Infância,not found,,,The official website for Escola Básica de Casal dos Apréstimos is provided by the Association of Parents and Guardians (APEE): https://sites.google.com/site/apeeaprestimos/. The school is also part of the Agrupamento de Escolas Vasco Santana.
31115,Escola Básica do 1ºciclo C/ JI do Infantado,Loures,Loures,Jardim de Infância,not found,,,"The ""Escola Básica do 1º ciclo C/ JI do Infantado"" in Loures, Portugal, does not appear to have a standalone official website. It is part of the ""Agrupamento de Escolas João Villaret"".

While there isn't a direct website for the specific school, you can find information related to it on:

*   **Mapa Social:** This site provides contact details (address and phone numbers) and identifies the ""Agrupamento de Escolas João Villaret"" as the proprietary entity.
*   **Agrupamento de Escolas João Villaret:** This is the larger school group that the ""Escola Básica do 1º ciclo C/ JI do Infantado"" belongs to. Their website lists the schools within the group.
*   **Câmara Municipal de Loures - Escolas e jardins de infância:** The Loures City Council website also lists the ""Escola Básica do Infantado"" with contact information.
*   **Portal da Educação de Loures:** This portal mentions a ""Visita à obra da Escola Básica do Infantado"" (Visit to the work of the Basic School of Infantado), indicating it's an active institution within the local education system."
31116,Escola Básica do 1ºciclo C/ JI de Santo Antão do Tojal,Santo Antão do Tojal,Loures,Jardim de Infância,not found,,,"The official website for ""Escola Básica do 1ºciclo C/ JI de Santo Antão do Tojal"" is likely part of the ""Agrupamento de Escolas João Villaret"". The school itself appears to have a Weebly-hosted site for its parent association, but a dedicated, official school website (not a parent association site) for this specific institution was not found.

Here's a breakdown of relevant information:
*   **Agrupamento de Escolas João Villaret:** This is the larger school group that ""EB/JI de Santo Antão do Tojal"" belongs to. Their website is https://aejoaovillaret.pt/.
*   **Escola EB1 JI Stº Antão Tojal (Parent Association):** There is a Weebly-hosted website for the parent and guardian association of this school: http://escolaeb1jista.weebly.com/. This site contains information relevant to the school, including contacts and activities.
*   **Other mentions:** The school is also mentioned on other directories and local government websites, sometimes with contact details but without a direct link to an official school website.

Therefore, a distinct, official website for the school ""Escola Básica do 1ºciclo C/ JI de Santo Antão do Tojal"" was not found. The closest official online presence beyond the parent association site is through the Agrupamento de Escolas João Villaret."
31117,Jardim de Infância de Pintéus,Pintéus,Loures,Jardim de Infância,not found,,,not found
31118,Escola Básica do 1ºciclo C/ JI de à-Das-Lebres,Santo Antão do Tojal,Loures,Jardim de Infância,not found,,,"The ""Escola Básica do 1ºciclo C/ JI de à-Das-Lebres"" in Santo Antão do Tojal, Portugal, is part of the Agrupamento de Escolas João Villaret. While there isn't a dedicated website solely for the ""Escola Básica do 1ºciclo C/ JI de à-Das-Lebres,"" you can find information about it on the Agrupamento de Escolas João Villaret website.

https://aejoaovillaret.pt/"
31119,Escola Básica do 1ºciclo C/ JI de São Julião do Tojal,São Julião do Tojal,Loures,Jardim de Infância,not found,,,"The ""Escola Básica do 1ºciclo C/ JI de São Julião do Tojal"" is part of the ""Agrupamento de Escolas João Villaret"". Therefore, its official website would be the website of this school group.

Here is the URL:
https://aejoaovillaret.pt"
31120,Jardim de Infância da Manjoeira,Santo Antão do Tojal,Loures,Jardim de Infância,not found,,,not found
31121,Escola Básica do 1ºciclo C/ JI do Zambujal,São Julião do Tojal,Loures,Jardim de Infância,not found,,,"The official website for ""Escola Básica do 1ºciclo C/ JI do Zambujal"" in São Julião do Tojal, Portugal, is not found. The school is part of the ""Agrupamento de Escolas João Villaret"", but a specific website for the Zambujal school itself is not readily available through direct search. Some listings provide an email address: eb1zambujal@gmail.com."
31122,Jardim de Infância Dr. João dos Santos,Odivelas,Odivelas,Jardim de Infância,not found,,,not found
31123,Escola Básica de Porto Pinheiro,Odivelas,Odivelas,Jardim de Infância,not found,,,"The Escola Básica de Porto Pinheiro in Odivelas, Portugal, is part of the Agrupamento de Escolas Moinhos da Arroja. The official website for the parent-teacher association (APEE) is https://apaismoinhosarroja.com. The school's contact information, including an email address (portopinheiro@aemoinhosarroja.pt), can also be found on the Odivelas Municipality website under the Agrupamento de Escolas Moinhos da Arroja."
31124,Escola Básica da Malveira,Malveira,Mafra,Jardim de Infância,not found,,,The official website for Escola Básica da Malveira is https://sites.google.com/aealucena.pt/ebmalveira/quem-somos.
31125,Jardim de Infância do Gradil,Gradil,Mafra,Jardim de Infância,not found,,,"The ""Jardim de Infância do Gradil"" is part of the ""Agrupamento de Escolas Professor Armando de Lucena, Mafra"".

You can find information about it on the Agrupamento's website: https://www.aealucena.pt/"
31128,Jardim de Infância N.º 1 de Casal de Cambra,-Sintra,Sintra,Jardim de Infância,not found,,,"The official website for ""Jardim de Infância N.º 1 de Casal de Cambra"" is not found. However, it is listed on the Junta de Freguesia de Casal de Cambra website under ""Rede Escolar"" and provides contact information and an email address. It is also part of the ""Agrupamento de Escolas Professor Agostinho da Silva, Sintra""."
31130,Escola Básica do Bairro Madre de Deus,Lisboa,Lisboa,Jardim de Infância,not found,,,"Escola Básica do Bairro Madre de Deus in Lisboa, Portugal, is part of the Agrupamento de Escolas Luís António Verney. The official website for the agrupamento, which includes the Escola Básica do Bairro Madre de Deus, is http://aelaverney.pt/."
31138,Escola Básica de Santo Condestável,Lisboa,Lisboa,Jardim de Infância,not found,,,"The Escola Básica de Santo Condestável in Lisboa, Portugal, is part of the Agrupamento de Escolas Manuel da Maia.

The official website for the Agrupamento de Escolas Manuel da Maia, which includes Escola Básica de Santo Condestável, is: https://aemanuelmaia.com"
31141,Escola Básica da Quinta das Dálias,Famões,Odivelas,Jardim de Infância,not found,,,"The Escola Básica da Quinta das Dálias is part of the ""Agrupamento de Escolas a Sudoeste de Odivelas"" (AESO). The official website for this school grouping is https://aeso.pt."
31143,Jardim de Infância da Bobadela,Bobadela,Loures,Jardim de Infância,not found,,,The official website for Jardim de Infância da Bobadela is https://sites.google.com/a/aebobadela.pt/agrupamento-de-escolas-da-bobadela2/. This institution is part of the Agrupamento de Escolas da Bobadela.
31144,Jardim de Infância de Palmeiros,Palmeiros,Sintra,Jardim de Infância,not found,,,"The official website for ""Jardim de Infância de Palmeiros"" in Palmeiros, Portugal is not found. The institution appears to be part of the Agrupamento de Escolas Lapiás, Sintra, but a dedicated website for the Jardim de Infância de Palmeiros was not identified in the search results."
31145,Jardim de Infância de Morelena,Morelena,Sintra,Jardim de Infância,not found,,,not found
31146,Jardim de Infância de Montelavar,Montelavar,Sintra,Jardim de Infância,not found,,,"The ""Jardim de Infância de Montelavar"" is part of the Agrupamento de Escolas Lapiás in Sintra, Portugal. Its official website is likely integrated within the agrupamento's website.

www.agrupamento-lapias.pt"
31153,Jardim de Infância da Quinta de São José,Sacavém,Loures,Jardim de Infância,not found,,,"The ""Jardim de Infância da Quinta de São José"" in Sacavém, Portugal, is part of the Agrupamento de Escolas Eduardo Gageiro, Loures.

The official website for the Agrupamento de Escolas Eduardo Gageiro, which includes the Jardim de Infância da Quinta de São José, is: http://www.eduga.pt/

Therefore, the URL for ""Jardim de Infância da Quinta de São José"" is: http://www.eduga.pt/"
31154,Escola Básica de Sacavém,Sacavém,Loures,Jardim de Infância,not found,,,"The ""Escola Básica de Sacavém"" is part of the ""Agrupamento de Escolas Eduardo Gageiro"". The official website for this grouping of schools is https://eduga.pt/."
31155,Jardim de Infância de Terraços da Ponte,Sacavém,Loures,Jardim de Infância,not found,,,"The official website for ""Jardim de Infância de Terraços da Ponte"" is part of the Agrupamento de Escolas Eduardo Gageiro.

https://www.aeeduardogageiro.pt/"
31164,Jardim de Infância N.º 2 da Brandoa,Brandoa,Amadora,Jardim de Infância,not found,,,"The ""Jardim de Infância N.º 2 da Brandoa"" is part of the Agrupamento de Escolas Fernando Namora.

The official website for the Agrupamento de Escolas Fernando Namora is: https://www.aefn.pt/"
31174,Escola Básica da Flamenga,Flamenga,Loures,Jardim de Infância,not found,,,"The Escola Básica da Flamenga in Flamenga, Portugal, does not appear to have a standalone official website. However, it is part of the Agrupamento de Escolas José Afonso. The email contact listed for Escola Básica da Flamenga is esjaloures@esjaloures.org, which corresponds to the Agrupamento de Escolas José Afonso.

Therefore, while there isn't a direct website for ""Escola Básica da Flamenga"", its information is linked to the Agrupamento de Escolas José Afonso. The municipality of Loures also provides information about the school."
31175,Jardim de Infância de Frielas,Frielas,Loures,Jardim de Infância,not found,,,"Jardim de Infância de Frielas does not appear to have a standalone official website. However, it is part of the Agrupamento de Escolas José Afonso, Loures. The Agrupamento de Escolas José Afonso has an official website where information about Jardim de Infância de Frielas can be found.

https://www.esjaloures.org"
31177,Jardim de Infância de São Brás,São Brás,Amadora,Jardim de Infância,not found,,,not found
31178,Escola Básica do 1º Ciclo Pintora Maluda,Lisboa,Lisboa,Jardim de Infância,not found,,,"The official website for ""Escola Básica do 1º Ciclo Pintora Maluda"" is http://eb1galinheiras.blogspot.com/."
31179,Escola Básica do 1º Ciclo Padre José Manuel Rocha e Melo,Lisboa,Lisboa,Jardim de Infância,not found,,,"The official website for ""Escola Básica do 1º Ciclo Padre José Manuel Rocha e Melo"" is part of the ""Agrupamento de Escolas do Alto do Lumiar"" and can be found at https://aelumiar.com/eb1-padre-jose-manuel-rocha-e-melo/."
31185,"Escola Básica Fernando Formigal de Morais, Varge Mondar",Rio de Mouro,Sintra,Jardim de Infância,not found,,,not found
31186,Jardim de Infância da Conquinha,Torres Vedras,Torres Vedras,Jardim de Infância,not found,,,"The official website for ""Jardim de Infância da Conquinha"" in Torres Vedras, Portugal, is part of the ""Creche do Povo"" institution. You can find information about it at https://www.crechedopovo.pt/."
31187,EB Carlos Bernardes,Turcifal,Torres Vedras,Jardim de Infância,not found,,,https://madeiratorres.com/
31189,Jardim de Infância do Sarge,Sarge,Torres Vedras,Jardim de Infância,https://www.madeiratorres.com/contactos/ji-sarge,,,"The ""Jardim de Infância do Sarge"" is part of the Agrupamento de Escolas Madeira Torres (School Grouping Madeira Torres) in Torres Vedras, Portugal.

You can find information about ""JI Sarge"" on the Agrupamento de Escolas Madeira Torres website: https://www.madeiratorres.com/contactos/ji-sarge"
31190,Jardim de Infância da Damaia,Damaia,Amadora,Jardim de Infância,https://www.aedamaia.pt,,,The official website for Jardim de Infância da Damaia is www.aedamaia.pt.
31199,Escola Básica D. Dinis N.º 1,Odivelas,Odivelas,Jardim de Infância,not found,,,"The Escola Básica D. Dinis N.º 1 in Odivelas, Portugal, is part of the Agrupamento de Escolas D. Dinis de Odivelas. The official website for the agrupamento (group of schools) is https://www.aedominis.pt/.

While there isn't a separate official website solely for ""Escola Básica D. Dinis N.º 1,"" information about it can be found on the agrupamento's website. The school is located at Rua Prof. Dr. Francisco Gentil, 2675-357 Odivelas. It offers pre-school and 1º ciclo (1st cycle) education."
31201,Jardim de Infância Roque Gameiro,Quinta Nova,Odivelas,Jardim de Infância,not found,,,"The ""Jardim de Infância Roque Gameiro"" is located in Quinta Nova, Odivelas, Portugal. It is associated with the Agrupamento de Escolas Adelaide Cabette (Adelaide Cabette School Group). While the school group has a page on the Odivelas Municipal Council website, it does not appear that the ""Jardim de Infância Roque Gameiro"" has its own independent official website.

Therefore, the official website for ""Jardim de Infância Roque Gameiro"" is not found."
31202,Escola Básica António Nobre,,Lisboa,Jardim de Infância,not found,,,"The ""Escola Básica António Nobre"" in Lisboa is part of the ""Agrupamento de Escolas das Laranjeiras"". The official website for this agrupamento (group of schools) is http://ael.edu.pt/."
31203,Escola Básica de Laranjeiras,Lisboa,Lisboa,Jardim de Infância,not found,,,"The ""Escola Básica de Laranjeiras"" in Lisboa is part of the ""Agrupamento de Escolas das Laranjeiras"" (Laranjeiras School Grouping).

The official website for the Agrupamento de Escolas das Laranjeiras is not explicitly provided in the search results. However, there is an email address associated with the Escola Básica de Laranjeiras: direcao@ael.edu.pt. This suggests that ""ael.edu.pt"" might be part of the grouping's web presence.

Another search result mentions ""Agrupamento de Escolas Dr. Manuel Laranjeira"" with a website, but this appears to be a different institution based on the full name and content.

Given the information, a definitive official website for ""Escola Básica de Laranjeiras"" itself or its direct grouping is not clearly found as a single URL.

not found"
31214,Escola Básica C/Jardim-De-Infância Amélia Vieira Luís,Outurela,Oeiras,Jardim de Infância,not found,,,"The official website for ""Escola Básica C/Jardim-De-Infância Amélia Vieira Luís"" in Outurela, Portugal is http://www.aecarnaxideportela.pt/. This school is part of the Agrupamento de Escolas Carnaxide - Portela."
31318,Escola Básica da Vala do Carregado,Vala do Carregado,Vila Franca de Xira,Jardim de Infância,not found,,,"While ""Escola Básica da Vala do Carregado"" does not appear to have a standalone official website, it is part of the ""Agrupamento de Escolas D. António de Ataíde"".

The official website for the ""Agrupamento de Escolas D. António de Ataíde"" which includes the ""Escola Básica da Vala do Carregado"" is: https://aeaa.pt/"
31319,Escola Básica da Quinta da Cevadeira,Castanheira do Ribatejo,Vila Franca de Xira,Jardim de Infância,not found,,,"The Escola Básica da Quinta da Cevadeira in Castanheira do Ribatejo is part of the ""Agrupamento de Escolas D. António de Ataíde"" (School Group D. António de Ataíde).

The official website for the Agrupamento de Escolas D. António de Ataíde is: http://www.aeaa.pt/."
31501,Escola Básica N.º 1 do Carregado,Carregado,Alenquer,Jardim de Infância,http://bibliotecas-ae-carregado1.webnode.pt/,,,http://bibliotecas-ae-carregado1.webnode.pt/
31516,Escola Básica São Miguel do Milharado,Milharado,Mafra,Jardim de Infância,https://ecoescolas.abae.pt/escolas/escola-basica-s-miguel-milharado/,,,The official website for Escola Básica São Miguel do Milharado is embedded within the Eco-Escolas program site: https://ecoescolas.abae.pt/escolas/escola-basica-s-miguel-milharado/.
31517,Jardim de Infância da Venda do Pinheiro,Venda do Pinheiro,Mafra,Jardim de Infância,not found,,,"Jardim de Infância da Venda do Pinheiro is part of the Agrupamento de Escolas de Venda do Pinheiro (School Group of Venda do Pinheiro). The official website for this school group is aevp.net.

https://aevp.net"
31518,Jardim de Infância Beatriz Costa,Charneca,Mafra,Jardim de Infância,not found,,,"The ""Jardim de Infância Beatriz Costa"" in Charneca, Portugal, does not appear to have a standalone official website. It is part of the Agrupamento de Escolas de Venda do Pinheiro, Mafra.

Information about the institution can be found on:
*   The Eco-Escolas website, as it is an Eco-School.
*   The Mafra Municipality website, listed under public kindergartens.
*   The Agrupamento de Escolas de Venda do Pinheiro website, which provides contact information."
31519,Jardim de Infância do Milharado,Milharado,Mafra,Jardim de Infância,not found,,,"The ""Jardim de Infância do Milharado"" in Milharado, Portugal, does not appear to have a standalone official website.

It is part of the Agrupamento de Escolas de Venda do Pinheiro (AEVP), Mafra. You can find contact information for the Jardim de Infância do Milharado, including an email address (jimilh@aevp.net), on the AEVP website under ""Contactos"".

The institution is also listed on the Mafra Municipal Council's website, providing some details and contacts."
31521,Escola Básica Prof. João Dias Agudo,Póvoa da Galega,Mafra,Jardim de Infância,not found,,,"The Escola Básica Prof. João Dias Agudo in Póvoa da Galega is part of the Agrupamento de Escolas da Venda do Pinheiro.

The official website for the Agrupamento de Escolas da Venda do Pinheiro, which includes Escola Básica Prof. João Dias Agudo, is https://aevp.net/."
31554,Escola Básica 1ºciclo com Jardim de Infância de Seixal,Seixal,Gavião,Jardim de Infância,not found,,,not found
31555,Escola Básica C/ Jardim de Infância do Vimeiro,Vimeiro,Lourinhã,Jardim de Infância,not found,,,"The ""Escola Básica C/ Jardim de Infância do Vimeiro"" is part of a larger educational group. The relevant websites are associated with the ""Agrupamento de Escolas D. Lourenço Vicente"" or ""Agrupamento de Escolas da Benedita"".

Here are some relevant URLs:

*   For information about the ""Escola Básica com Jardim de Infância de Vimeiro"" within the ""Agrupamento de Escolas D. Lourenço Vicente"": https://vertexaisearch.cloud.google.com/grounding-api-redirect/AUZIYQHAbmcnFqsy7_AhxDKrr83QYz87H8FEcuDJy2LzmkifJGlMQ7XUxM3_M9Gum8N5ck-bEkm-UQvbuZ0Z-L_byRkRMQxJYZEwyv5ngCDlFwgx9VSplrIceJocLG9MaK7I5KXSynqHxKBfeY9HE6M=
*   For the ""J.I. do Vimeiro"" (Jardim de Infância do Vimeiro) which is part of ""Agrupamento de Escolas da Benedita"": https://vertexaisearch.cloud.google.com/grounding-api-redirect/AUZIYQHD565BjT6-Duv9_3xwR2DU4DBrBhQvoyctCkJ7LRR3_k14B6j-8Ml-T2JV1YOfAaUno9jF3ie80Y732ASQqxSUY-0xUzm88_cgyAT5Jmc_p_g35AUCaCkAABXqmNJ13-X4XxR3C8rVEMqrBYJzd6o=
*   For the ""E.B do Vimeiro"" (Escola Básica do Vimeiro) which is part of ""Agrupamento de Escolas da Benedita"": https://vertexaisearch.cloud.google.com/grounding-api-redirect/AUZIYQHoMgTIElAj7HMPk_YYwFltVG72KjV_PxBjJ0elXRxt3egwwNNoQLTYuY2R3MFoyiuyUBzdM4sLQxvmEiXXy2xuLDPHyvOl0hnpfv5v8vt4GkzClDd42-ykQWB2-xVyy94=

Due to the institution being part of a larger ""Agrupamento de Escolas"" (group of schools), there isn't one single ""official website"" solely for the ""Escola Básica C/ Jardim de Infância do Vimeiro"". The information is integrated into the websites of the respective school groups."
31577,Jardim de Infância de Merceana,Merceana,Alenquer,Jardim de Infância,not found,,,"The ""Jardim de Infância de Merceana"" is part of the ""Agrupamento de Escolas Visconde de Chanceleiros"". However, it also appears to be associated with the ""Santa Casa da Misericórdia da Aldeia Galega da Merceana"" (SCMAGM), which operates a ""Jardim de Infância Rainha D. Leonor"".

The official website for the Santa Casa da Misericórdia da Aldeia Galega da Merceana, which includes information about their ""Jardim de Infância,"" is: https://www.scmagm.pt"
31578,Jardim de Infância de Aldeia Gavinha,Aldeia Gavinha,Alenquer,Jardim de Infância,not found,,,not found
31579,Jardim de Infância de Vila Verde dos Francos,Vila Verde dos Francos,Alenquer,Jardim de Infância,not found,,,"The ""Jardim de Infância de Vila Verde dos Francos"" is part of the ""Agrupamento de Escolas Visconde de Chanceleiros"" (Viscount of Chanceleiros School Group) in Alenquer, Portugal. Therefore, its information can be found on the agrupamento's website.

https://www.ae-viscondechanceleiros.pt/"
31580,"Jardim de Infância de Cortegana, Alenquer",Cortegana,Vouzela,Jardim de Infância,not found,,,not found
31581,"Jardim de Infância da Labrugeira, Alenquer",Labrugeira,Vouzela,Jardim de Infância,not found,,,"The Jardim de Infância da Labrugeira in Alenquer does not appear to have its own independent official website. It is listed as an institution dependent on the Agrupamento de Escolas Visconde de Chanceleiros, Alenquer.

While there isn't a dedicated website for the Jardim de Infância da Labrugeira, information about it can be found through other sources:

*   The Freguesia de Ventosa - Alenquer website mentions the ""Jardim de Infância de Labrugeira"" under its ""Rede Escolar"" (School Network) section.
*   Contact information, including a phone number and email (direcao.vchanceleiros@gmail.com), is available through Mapa Social.
*   It is also listed on directories of kindergartens in Alenquer."
31582,Jardim de Infância de Pereiro de Palhacana,Preiro da Palhacana,Alenquer,Jardim de Infância,not found,,,"The ""Jardim de Infância de Pereiro de Palhacana"" is part of the ""Agrupamento de Escolas Visconde de Chanceleiros"" in Alenquer, Portugal.

You can find information about the Jardim de Infância de Pereiro de Palhacana on the Agrupamento de Escolas Visconde de Chanceleiros website, under their ""Contactos"" section. The relevant email for the institution is ji.pereiropalhacana@escolas.min-edu.pt.

Based on the information available, there doesn't appear to be a standalone official website specifically for ""Jardim de Infância de Pereiro de Palhacana."" Therefore, the URL for the Agrupamento de Escolas Visconde de Chanceleiros is the closest to an official online presence for this institution.

https://www.agvchanceleiros.pt/"
31584,Jardim de Infância de Penafirme da Mata,Penafirme da Mata,Alenquer,Jardim de Infância,not found,,,not found
31608,Escola Básica de Sassoeiros,Carcavelos,Cascais,Jardim de Infância,not found,,,"The official website for ""Escola Básica de Sassoeiros"" in Carcavelos, Portugal is https://eb1sassoeiros.webnode.page/."
31612,"Escola Básica de Atalaia, Lourinhã",Atalaia,Gavião,Jardim de Infância,https://www.aelourinha.pt/,,,"The Escola Básica de Atalaia, Lourinhã is part of the Agrupamento de Escolas da Lourinhã (School Grouping of Lourinhã). While there isn't a specific independent website for the Escola Básica de Atalaia, Lourinhã, its information, including contact details, is available through the Agrupamento de Escolas da Lourinhã. You can find information related to the Escola Básica da Atalaia on the Agrupamento's website, https://www.aelourinha.pt/."
31636,Jardim de Infância de Pontes de Monfalim,Pontes de Monfalim,Sobral de Monte Agraço,Jardim de Infância,not found,,,"The official website for ""Jardim de Infância de Pontes de Monfalim"" appears to be part of the ""Agrupamento de Escolas Joaquim Inácio da Cruz Sobral"". The specific page for the Jardim de Infância de Pontes de Monfalim within this agrupamento is not directly provided as a standalone website. However, an email address associated with the larger agrupamento is aejics@aejics.org.

Another source lists the institution as ""Escola EB1/JI de Pontes de Monfalim"" and provides its location and type as a public school that includes both kindergarten and primary education.

There is no distinct, independent official website for ""Jardim de Infância de Pontes de Monfalim"" that was found."
31640,Jardim de Infância Roberto Ivens,Dafundo,Oeiras,Jardim de Infância,not found,,,"The official website for ""Jardim de Infância Roberto Ivens"" is http://www.aearc.pt/."
31724,Escola Básica Boavida Canada,Campo de Feira,Azambuja,Jardim de Infância,not found,,,"The ""Escola Básica Boavida Canada"" is part of the Agrupamento de Escolas de Azambuja (Schools Grouping of Azambuja).

Here is the official website for the Agrupamento de Escolas de Azambuja: https://www.aeazb.pt/"
31752,Escola Básica da Malveira da Serra,Alcabideche,Cascais,Jardim de Infância,not found,,,"The official website for ""Escola Básica da Malveira da Serra"" in Alcabideche, Portugal, is www.eb1-malveira-serra.rcts.pt."
31754,Escola Básica do Cobre,Cobre,Cascais,Jardim de Infância,not found,,,The official website for Escola Básica do Cobre is www.eb1-n2-birre.rcts.pt.
31920,Jardim de Infância Abecedário,Amadora,Amadora,Jardim de Infância,not found,,,"The official website for ""Jardim de Infância Abecedário"" in Amadora, Portugal, is not found. However, it is managed by ""Associação Cultura e Desporto da Brandoa - ABCD"" (ABCD).

The website for ABCD is https://abcd.pt/."
31944,Escola Básica de S. Pedro da Cadeira,S. Pedro da Cadeira,Torres Vedras,Jardim de Infância,not found,,,"The Escola Básica de S. Pedro da Cadeira is part of the ""Agrupamento de Escolas de São Gonçalo, Torres Vedras"". While a direct, independent official website for ""Escola Básica de S. Pedro da Cadeira"" was not found, information about the school is available through the Torres Vedras Municipality website and the Eco-Escolas program website.

If you are looking for contact information, you can find an email address (direcao@ag-sg.net) and phone number (926617992) associated with the school through the Agrupamento de Escolas de São Gonçalo. Another phone number (261858669) is also listed."
31957,JI de Miragaia,,Lourinhã,Jardim de Infância,not found,,,not found
31958,EB 1 Moita dos Ferreiros,Moita dos Ferreiros,Lourinhã,Jardim de Infância,not found,,,"""EB 1 Moita dos Ferreiros"" is part of the Agrupamento de Escolas da Lourinhã. While there isn't a direct official website for ""EB 1 Moita dos Ferreiros"" itself, you can find information related to it through the Agrupamento de Escolas da Lourinhã.

Therefore, the most relevant official website is: https://www.aelourinha.pt/"
31959,EB 1 Reguengo Grande,Reguengo Grande,Lourinhã,Jardim de Infância,not found,,,"I could not find an official, independent website for ""EB 1 Reguengo Grande"" that appears to be actively maintained by the institution itself. However, I found several mentions of ""Escola EB1/JI Reguengo Grande"" within the Eco-Escolas program, which is a program for environmental education and sustainability. This institution is located in Lourinhã, District of Lisbon.

It also appears in a listing for the ""Rede de Bibliotecas Escolares"" (School Library Network) as ""Escola Básica de Reguengo Grande"".

The Eco-Escolas website provides some information about the school, including its location and participation in the program, but it does not appear to be a standalone official website for the childcare institution itself."
31961,EB 1 S. Bartolomeu dos Galegos,S. Bartolomeu dos Galegos,Lourinhã,Jardim de Infância,not found,,,"EB 1 S. Bartolomeu dos Galegos is part of a larger school group called Agrupamento de Escolas Padre Vítor Melícias. While there isn't a direct official website specifically for ""EB 1 S. Bartolomeu dos Galegos"", its information is available through the Agrupamento de Escolas Padre Vítor Melícias website.

Therefore, the official website for the larger school group that includes ""EB 1 S. Bartolomeu dos Galegos"" is: https://apvm.net/"
31969,JI da Cova da Moura,Amadora,Amadora,Jardim de Infância,not found,,,"JI da Cova da Moura in Amadora, Portugal is part of the Agrupamento de Escolas da Damaia (School Group of Damaia). The official website for the Agrupamento de Escolas da Damaia is www.aedamaia.pt."
32107,EB1/JI N.º 1 de Camarate,Camarate,Loures,Jardim de Infância,not found,,,http://www.aec.edu.pt/
32164,Jardim de Infância de Azenha,Ramada,Odivelas,Jardim de Infância,not found,,,"""Jardim de Infância de Azenha"" in Ramada, Portugal does not appear to have a standalone official website. However, it is part of the ""Agrupamento de Escolas Vasco Santana"" in Odivelas.

Here are some relevant links:
*   **Agrupamento de Escolas Vasco Santana (parent institution):** While no direct website for ""Jardim de Infância de Azenha"" was found, it is associated with the ""Agrupamento de Escolas Vasco Santana"". You may find information related to the kindergarten on the group's website, if available.
*   **InfantariosPT listing:** https://vertexaisearch.cloud.google.com/grounding-api-redirect/AUZIYQHA0BXbgPdSebQWUmsgViOXKYjTMHQ3PRfa8bdykNNn_WqwhJFZ6VSo0VyyUKPmRbaQ9eOe4ruv-vfUT7Rk-3Zapq53QT9uYf5fTK7pjz--_5JnC8Drs8ZkmFbqYVqXp4ohZZmRWt_S_1VUG5NqQiuLFtqTXs6-Sat3LRI6eEkxvwg0
*   **Escola de Vidro listing:** https://vertexaisearch.cloud.google.com/grounding-api-redirect/AUZIYQFsPrQpXhCY--06wpqgK401hSKQLtK3zvaMBK0oX6LcQ3zkS83-B504TLeZlaAFfwWgBK3HubCX0dAvRhBtXcF4lKM5COF0u9SdM-zLg1fzMbcxE1DvAsV2F31Uk6IgwTugD2sA3VOLG0qDRGZ-aXkArL-ZC-w2z2DTqyFNqaW7hcMlWpcWjUfHV1o=
*   **Mapa Social listing:** https://vertexaisearch.cloud.google.com/grounding-api-redirect/AUZIYQH_m_zmFloO0DsmVOdLxbnQWmqim5ozFJERsAcJWTCmnIxDDHkTRW-sfmP7brN9RGCu-4_GkO7AT_-hJu9FydmvPaKyjvVvtGcTrQrB7YmfKvyKfD8Ydumj08VbU-d9Bk9npP1c-DK3ca0TBCQzrk6bSkqEMfa98WhACA==
*   **DirectorioEscolas.eu listing:** https://vertexaisearch.cloud.google.com/grounding-api-redirect/AUZIYQFYJeVzSj9Zbroxt3cY7Vy9_ng08xivRzU4nSEOcRnjf8FbXt6Nnb07_2grh4yyf9973U-JscrKyPkYXjJIkeHu4LenAD-XIzxWjLZOI3FpqLa3CYa5GeHlmV4n8jH54FsNJ3D96vNFzXbghDwMiYPlQhCQp_rZVSArSIN5izZe4M5rgcQrjrBqNiB0rweg949hBsXDxAA==
*   **CM Odivelas (mention):** https://vertexaisearch.cloud.google.com/grounding-api-redirect/AUZIYQFKKgsg_qbq3CTHCanl58TzfgOlb6ioNDP2kH03RxBdvHWWrIEUa1ba4wuXBRR1roJZ0mBmAbT6ck47L_buKnmXYNP3BEqDQrSdhSb412_BQn2QZSgNO835fqeyqIBRwLJIQEdUhDkm3r-LGUT9-RlpAYzhZOdtxq56EiEskHWAPUoeLCteonlPyMW747klA3kJiUGX6bQ9T50v0dqg0wwhbaCOijXL02FKga4ZEOii2ErodRlaD8xNYID6Dcev3IC2uvUG8mhsFA2ow-7YlmEekwAd7Fek-SUP1RlXSOwkPsvG7LOtTRnmLIOF

If you need to contact them, you can try the phone number 219342451 or email agevascosantana@gmail.com."
32183,Escola Básica Eça de Queirós,Ramada,Odivelas,Jardim de Infância,not found,,,"While an official website for ""Escola Básica Eça de Queirós"" in Ramada, Portugal, could not be definitively found, it is associated with the Agrupamento de Escolas Vasco Santana.

One source from the Odivelas Municipality (CM Odivelas) website in 2018 and 2019 listed a site: ""https://paisecadequeiroz.wixsite.com"" for the school. However, this appears to be a website for the Parents and Guardians Association (Associação de Pais e Encarregados de Educação) and not an official school website.

Another Agrupamento de Escolas Eça de Queirós, located in Lisbon, has a website at www.queiroz.pt. However, this is a different institution from the one in Ramada."
32235,Escola Básica de São Miguel,Enxara do Bispo,Mafra,Jardim de Infância,not found,,,https://www.aealucena.pt/estabelecimentos/
32255,Escola Básica da Quinta da Vala,Alverca do Ribatejo,Vila Franca de Xira,Jardim de Infância,not found,,,"Escola Básica da Quinta da Vala is part of the Agrupamento de Escolas Pedro Jacques de Magalhães (AEPJM). Therefore, its official information can be found on the AEPJM website.

https://aepjm.edu.gov.pt"
32275,Escola Básica do 1ºciclo C/ JI do Fanqueiro,Loures,Loures,Jardim de Infância,not found,,,https://eb1jifanqueiro.webnode.page/
32285,Escola Básica Professora Maria Costa,Ramada,Odivelas,Jardim de Infância,not found,,,not found
32294,"JI/EB São Bento, Valejas",Barcarena,Oeiras,Jardim de Infância,not found,,,"The official website for ""JI/EB São Bento, Valejas"" in Barcarena, Portugal is www.ecarnaxide.pt. This institution is part of the Agrupamento de Escolas Carnaxide."
32305,Escola Básica de Fernanda de Castro,Lisboa,Lisboa,Jardim de Infância,not found,,,"The Escola Básica de Fernanda de Castro in Lisboa, Portugal, is part of the Agrupamento de Escolas Manuel da Maia. The official website for this agrupamento (group of schools) is http://agescolasmanuelmaia.net/."
32330,Centro Cultural e Recreativo das Crianças do Cruzeiro e Rio Seco,Lisboa,Lisboa,Jardim de Infância,not found,,,"The official website for ""Centro Cultural e Recreativo das Crianças do Cruzeiro e Rio Seco"" is www.ccrccr.pt."
32347,Escola Básica de Vila Nova da Rainha,Vila Nova da Rainha,Azambuja,Jardim de Infância,not found,,,"""Escola Básica de Vila Nova da Rainha"" is part of the ""Agrupamento de Escolas de Azambuja"" (School Group of Azambuja).

The official website for the ""Agrupamento de Escolas de Azambuja"" is not found in the search results. While some results mention the school and provide contact information like email addresses (e.g., ebvilanovarainha@aeazb.pt and info@eb1-vila-nova-rainha-azambuja.rcts.pt), a dedicated official website for ""Escola Básica de Vila Nova da Rainha"" or its agrupamento was not identified."
32349,Bloco I - Pré Escolar,,Vila Franca de Xira,Jardim de Infância,not found,,,"The official website for ""Bloco I - Pré-Escolar"" in Vila Franca de Xira, Portugal is part of the Instituto de Apoio à Comunidade (IAC) website.

https://www.iacfortedacasa.pt/pre-escolar/"
32350,Bloco C+f - Pré Escolar,,Vila Franca de Xira,Jardim de Infância,not found,,,"""Bloco C+F - Pré-Escolar"" is part of the ""Instituto de Apoio à Comunidade de Forte da Casa"" (IAC). The official website for the IAC, which includes information about Bloco C+F - Pré-Escolar, is iacfortedacasa.pt."
32429,Escola Básica de Santana da Carnota,Santana da Carnota,Alenquer,Jardim de Infância,not found,,,"The ""Escola Básica de Santana da Carnota"" is part of the ""Agrupamento de Escolas Damião de Goes, Alenquer"". Therefore, its official information, including contact details, can be found on the agrupamento's website.

https://www.damiaodegoes.pt/"
32441,Escola Básica do Prior Velho,Prior Velho,Loures,Jardim de Infância,not found,,,"The ""Escola Básica do Prior Velho"" is part of the ""Agrupamento de Escolas Eduardo Gageiro"" in Loures, Portugal. The official website for the agrupamento (group of schools) is https://eduga.pt/. You can find information about the Escola Básica do Prior Velho on this website, including contact details and activities."
32445,Cei - Centro de Educação Infantil,São Domingos de Rana,Cascais,Jardim de Infância,not found,,,"It appears there are several institutions with ""Centro de Educação Infantil"" in their name or description in São Domingos de Rana, making it difficult to pinpoint a single ""Cei - Centro de Educação Infantil"" without more specific information. 

However, based on the search results, here are some possibilities:

*   **Centro Social Paroquial de S. Domingos de Rana** has a creche (childcare) and preschool, and their website is www.cspsdr.pt.
*   **CEIDe – Centro de Educação e Desenvolvimento** is also located in São Domingos de Rana (Tires) and its website is https://onossosonho.pt/wp/. This center is part of ""O Nosso Sonho - Cooperativa de Ensino e Solidariedade Social, CRL"" which uses the acronym IDEIA.
*   There's also a ""Creche do Arneiro - São Domingos de Rana"" which is a school establishment of SCM Cascais, and their website is https://www.scmc-infancia.pt/.

Without further clarification on which specific ""Cei - Centro de Educação Infantil"" you are looking for, it's not possible to provide a single definitive URL."
32453,Escola Básica Olival do Covo,Sacavém,Loures,Jardim de Infância,not found,,,"The ""Escola Básica Olival do Covo"" in Sacavém, Portugal, is part of the ""Agrupamento de Escolas Eduardo Gageiro"" (Eduardo Gageiro School Grouping).

The official website for the ""Agrupamento de Escolas Eduardo Gageiro"" is where you can find information about ""Escola Básica Olival do Covo"".

https://www.eduga.pt"
32563,Escola Básica de Olival Basto,Olival Basto,Odivelas,Jardim de Infância,not found,,,"""Escola Básica de Olival Basto"" is part of the ""Agrupamento de Escolas Pedro Alexandrino - Póvoa de Santo Adrião, Odivelas"". The official website for this larger school group is not directly available in the search results, nor is a specific website for ""Escola Básica de Olival Basto"". Therefore, the URL cannot be provided."
32604,Jardim de Infância Praia da Areia Branca,Lourinhã,Gavião,Jardim de Infância,not found,,,"The ""Jardim de Infância Praia da Areia Branca"" in Lourinhã, Portugal, does not appear to have a standalone official website. However, it is part of the ""Agrupamento de Escolas e Jardins de Infância D. Lourenço Vicente"" and is also listed as an ""Escola Básica da Praia da Areia Branca"".

Information regarding this institution can be found on the following:
*   **Mapa Social**: This site provides contact information and lists the owning entity as ""Agrupamento de Escolas e Jardins de Infância D. Lourenço Vicente"".
*   **Lourinhã e Atalaia (Education section)**: This page from the Lourinhã municipality website lists the ""Jardim Infantil Praia da Areia Branca"" with its address and postal code. It also provides information on the ""Escola Básica do 1º Ciclo da Praia da Areia Branca"" which shares the same address and phone number as the Jardim de Infância.
*   **Agrupamento de Escolas D. Lourenço Vicente (AEDLV)**: The ""Escola Básica Praia Areia Branca"" has a dedicated page on the AEDLV website, which includes contact details (phone and email) and its address."
32605,Jardim de Infância de Ventosa,Santa Bárbara Lnh,Torres Vedras,Jardim de Infância,not found,,,"It appears there isn't a dedicated, independent official website solely for ""Jardim de Infância de Ventosa"" in Santa Bárbara Lnh, Portugal.

However, it is listed as part of the Agrupamento de Escolas da Lourinhã (AEDLV). You can find information about it on the AEDLV website: [https://aedlv.pt/jardim-de-infancia-da-ventosa/](https://aedlv.pt/jardim-de-infancia-da-ventosa/)."
32623,Jardim de Infância de Ribamar,Ribamar,Lourinhã,Jardim de Infância,not found,,,"There appear to be two institutions named ""Jardim de Infância de Ribamar"" in Portugal, located in different municipalities within the Lisbon district:

*   **Jardim de Infância de Ribamar in Mafra:** This institution is associated with the Agrupamento de Escolas da Ericeira, Mafra. Its address is Estrada do Albarral, Jardim de Infância 2640-002 St. Isidoro, Mafra. A website associated with this institution is aeericeira.net.
*   **Jardim de Infância de Ribamar in Lourinhã:** This institution is part of the Agrupamento de Escolas e Jardins de Infância D. Lourenço Vicente. Its address is Rua da Bela Vista, Nº2, 2530-645 Ribamar, Lourinhã.

Another related institution that has a website is the ""Centro Social e Cultural de Ribamar"" in Ribamar, Lourinhã, which includes a creche. Its website is cscribamar.org.

Given the information, the most direct match for ""Jardim de Infância de Ribamar"" with an associated website is likely the one in Mafra.

https://www.aeericeira.net/"
32624,Jardim de Infância de Lourinhã,Lourinhã,Gavião,Jardim de Infância,not found,,,not found
32720,Escola Básica de Sobral de Monte Agraço e Santo Quintino,Sobral de Monte Agraço,Sobral de Monte Agraço,Jardim de Infância,not found,,,"The ""Escola Básica de Sobral de Monte Agraço e Santo Quintino"" is part of the ""Agrupamento de Escolas Joaquim Inácio da Cruz Sobral"" (AEJICS). The official website for the agrupamento, which includes information about the Escola Básica de Sobral de Monte Agraço e Santo Quintino, is https://www.aejics.org."
32750,Pré-Escolar Casa Nossa Senhora de Fátima,Barcarena,Oeiras,Jardim de Infância,not found,,,"The official website for ""Pré-Escolar Casa Nossa Senhora de Fátima"" in Barcarena, Portugal is www.cnsf.pt."
32763,Escola Básica Manuel Coco,-Odivelas,Odivelas,Jardim de Infância,not found,,,"The Escola Básica Manuel Coco is part of the Agrupamento de Escolas Moinhos da Arroja in Odivelas. The official website for the Agrupamento de Escolas Moinhos da Arroja is referenced as aemoinhosarroja.pt in multiple sources, and the Escola Básica Manuel Coco has an email address associated with this agrupamento. There is also a website for the Parents and Guardians Association (APEE) at https://apaismoinhosarroja.com.

The official website for the institution is: https://www.aemoinhosarroja.pt"
32771,JI Camarões,Almargem do Bispo,Sintra,Jardim de Infância,not found,,,"""JI Camarões"" in Almargem do Bispo, Portugal does not appear to have its own official website. It is part of the Agrupamento de Escolas Lapiás, Sintra, which is a public school group.

Contact information for JI Camarões:
*   **Address:** Rua do Ginjal, Camarões, 2715-251 Almargem do Bispo, Portugal
*   **Phone:** 219815746
*   **Email:** eb23.drruigracio@sapo.pt or eb1.camaroes@escolas.min-edu.pt or eb1.jicamaroes@gmail.com"
32772,EB1/JI Cortegaça,Pero Pinheiro,Sintra,Jardim de Infância,not found,,,not found
32773,EB1/JI Dona Maria,Almargem do Bispo,Sintra,Jardim de Infância,not found,,,"The official website for ""EB1/JI Dona Maria"" in Almargem do Bispo, Portugal is http://www.malhatlantica.pt/abispo."
32774,EB1/JI de Maceira,Montelavar,Sintra,Jardim de Infância,not found,,,"The official website for ""EB1/JI de Maceira"" in Montelavar, Portugal, is http://www.eb1-maceira-sintra.rcts.pt."
32775,EB1/JI de Negrais,,Sintra,Jardim de Infância,not found,,,"Not found.

While ""EB1/JI de Negrais"" is identified as being part of the ""Agrupamento de Escolas Lapiás, Sintra"", a direct, independent official website for ""EB1/JI de Negrais"" was not found. The Agrupamento de Escolas Lapiás is the owning entity. Information about the school can be found on other platforms, such as Mapa Social and Mapy.com, but these are not official websites for the institution itself. The municipality of Sintra has also initiated renovation work at the Escola Básica de Negrais."
32776,EB1/JI de Pero Pinheiro,Pero Pinheiro,Sintra,Jardim de Infância,not found,,,"The official website for ""EB1/JI de Pero Pinheiro"" is not found. However, it is part of the ""Agrupamento de Escolas Lapiás, Sintra"". You can find contact information for EB1/JI de Pêro Pinheiro, including address and phone number, on the Eco-Escolas website. The Agrupamento de Escolas da Venda do Pinheiro also has a website, but it is a different ""Pinheiro"" school group."
32777,EB1/JI de Sabugo e Vale de Lobos,Almargem do Bispo,Sintra,Jardim de Infância,not found,,,"The official website for ""EB1/JI de Sabugo e Vale de Lobos"" is not found. The institution is part of the ""Agrupamento de Escolas Lapiás"". There is an ""Associação de Pais do Sabugo e Vale de Lobos"" (Parents Association) with a website at https://www.apais-sabugo-valedelobos.pt."
32784,EB1/JI Aruil,Almargem do Bispo,Sintra,Jardim de Infância,not found,,,"The official website for ""EB1/JI Aruil"" is not found. The institution is part of the Agrupamento de Escolas Lapiás, Sintra. While a phone number (219622804) and an email address (eb23.drruigracio@sapo.pt) are available, a dedicated website for EB1/JI Aruil was not found. However, one source lists ""//www.malhatlantica.pt/abispo"" as a site for ""Escola Básica de Aruil, Sintra"". This URL appears to be a general platform for schools in the Almargem do Bispo area rather than a specific official website for EB1/JI Aruil."
33138,Escola Básica do 1º Ciclo Dr. Nuno Cordeiro Ferreira,Lisboa,Lisboa,Jardim de Infância,not found,,,"The ""Escola Básica do 1º Ciclo Dr. Nuno Cordeiro Ferreira"" is part of the ""Agrupamento de Escolas do Alto do Lumiar"" in Lisboa, Portugal. The official website for the agrupamento (group of schools) is https://aelumiar.pt."
33256,EB1 e JI Arneiro,Carcavelos,Cascais,Jardim de Infância,not found,,,"The official website for ""EB1 e JI Arneiro"" in Carcavelos, Portugal is https://www.escarcavelos.edu.pt/."
33257,JI Conde Ferreira,Carcavelos,Cascais,Jardim de Infância,not found,,,"The official website for ""JI Conde Ferreira"" in Carcavelos, Portugal is not found. However, it is associated with the Agrupamento de Escolas de Carcavelos, which has a website: https://www.aecarcavelos.com/.

Further details about ""Jardim de Infância Conde Ferreira"" indicate it is located at Rua Conde Ferreira, 2775-782, Carcavelos. It is also referred to as ""Jardim de Infância do Arneiro - Conde Ferreira""."
33271,Escola Básica de Lóios,Marvila,Lisboa,Jardim de Infância,not found,,,"The ""Escola Básica de Lóios"" is part of the ""Agrupamento de Escolas D. Dinis, Lisboa"". The official website for the Agrupamento de Escolas D. Dinis, which includes Escola Básica de Lóios, is:

https://www.esecddinis.pt"
33276,EB de Alpriate Nº2,Vialonga,Vila Franca de Xira,Jardim de Infância,not found,,,"EB de Alpriate Nº2 in Vialonga, Portugal, is part of the Agrupamento de Escolas de Vialonga (Vialonga School Cluster).

The official website for the Agrupamento de Escolas de Vialonga is: https://portal.aevialonga.edu.pt/"
33282,Eb1.2.3. C/ JI Pedro de Santarém,Lisboa,Lisboa,Jardim de Infância,not found,,,"The official website for ""Eb1.2.3. C/ JI Pedro de Santarém"" in Lisboa, Portugal, is part of the Agrupamento de Escolas de Benfica.

Here is the URL: https://sites.google.com/aebenfica.pt/eb123-cji-pedro-de-santarem"
33283,EB1 C/ JI Arquitecto Gonçalo Ribeiro Telles,Lisboa,Lisboa,Jardim de Infância,not found,,,"The official website for ""EB1 C/ JI Arquitecto Gonçalo Ribeiro Telles"" is www.eb1-lisboa-n52.rcts.pt."
33292,Escola EB1/ JI Adriano Correia de Oliveira,Lisboa,Lisboa,Jardim de Infância,not found,,,"The ""Escola EB1/JI Adriano Correia de Oliveira"" in Lisboa, Portugal, is part of the Agrupamento de Escolas Fernando Pessoa. The official website for the agrupamento, which includes this school, is aefp.edu.pt."
33303,Escola EB1/ JI Infante D. Henrique,Lisboa,Lisboa,Jardim de Infância,not found,,,"The ""Escola EB1/JI Infante D. Henrique"" in Lisboa, Portugal, is part of the ""Agrupamento de Escolas Fernando Pessoa"" (AEFP).

The official website for the Agrupamento de Escolas Fernando Pessoa, which includes the Escola EB1/JI Infante D. Henrique, is: https://www.aefernandopessoa.edu.pt/"
33341,EB1/JI Monte Redondo,Monte Redondo,Torres Vedras,Jardim de Infância,not found,,,"The official website for ""EB1/JI Monte Redondo"" is part of the Agrupamento de Escolas Henriques Nogueira website.

Here is the URL: https://www.aehn.net/escolas/eb1-ji-monte-redondo/"
33417,EB/ JI Hortênsia Diogo Correia,S. Pedro Estoril,Cascais,Jardim de Infância,not found,,,"The official website for ""EB/ JI Hortênsia Diogo Correia"" is part of the Agrupamento de Escolas de Alapraia.

https://aealapraia.com/"
33418,EB/JI A. H. Oliveira Marques,Estoril,Cascais,Jardim de Infância,not found,,,"EB/JI A. H. Oliveira Marques is part of the Agrupamento de Escolas de Alapraia. While there isn't a dedicated official website solely for EB/JI A. H. Oliveira Marques, information about it can be found on the website of the Agrupamento de Escolas de Alapraia.

The official website for the Agrupamento de Escolas de Alapraia is not explicitly provided in the search results. However, contact information and details about the school are available through the Cascais e Estoril Parish Council (Junta de Freguesia de Cascais e Estoril) and the Cascais Municipal Council (Câmara Municipal de Cascais).

Given the available information, a direct official website for ""EB/JI A. H. Oliveira Marques"" was not found."
33419,EB/JI Caparide,S. Domingos de Rana,Cascais,Jardim de Infância,not found,,,"The ""EB/JI Caparide"" in S. Domingos de Rana, Portugal, is part of the Agrupamento de Escolas de Alapraia.

The official website for this institution is: https://aealapraia.com/"
33425,JI Tojalinho,Tojalinho,Loures,Jardim de Infância,not found,,,not found
33426,EB1/JI Bragadas,Póvoa de Santa Iria,Vila Franca de Xira,Jardim de Infância,not found,,,The official website for EB1/JI Bragadas is part of the Agrupamento de Escolas da Póvoa de Santa Iria. The direct URL for the agrupamento is www.aepsi.ccems.pt.
33446,EB de Loures,Loures,Loures,Jardim de Infância,not found,,,"The ""EB de Loures"" (Escola Básica de Loures) is listed on the Câmara Municipal de Loures (Loures City Council) website, but it does not have a direct, independent official website provided in the search results. The Câmara Municipal de Loures website provides contact information for the school, including a telephone and fax number, and notes that it is an EB1 + JI (primary school and kindergarten) with a structured teaching unit for students with Autism Spectrum Disorders.

Some directories list ""Escola Básica de Loures"" but show no website. The official website for the Municipality of Loures is http://www.cm-loures.pt/.

not found"
33448,EB Fanhões,Fanhões,Loures,Jardim de Infância,not found,,,www.facebook.com/EB1.JI.DE.FANHOES
33466,EB/JI Padre Francisco Soares,Torres Vedras,Torres Vedras,Jardim de Infância,not found,,,"The official website for EB/JI Padre Francisco Soares in Torres Vedras, Portugal, is part of the Agrupamento de Escolas Madeira Torres and can be found at http://www.madeiratorres.com."
33477,EB/JI Conquinha,Torres Vedras,Torres Vedras,Jardim de Infância,not found,,,"The official website for EB/JI Conquinha is part of the Agrupamento de Escolas Madeira Torres website.

http://moodle.madeiratorres.com/"
33615,Escola Básica Professor Oliveira Marques,,Lisboa,Jardim de Infância,not found,,,"The Escola Básica Professor Oliveira Marques in Lisboa is part of the ""Agrupamento de Escolas Patrício Prazeres"" (School Grouping Patrício Prazeres). While there isn't a dedicated website solely for Escola Básica Professor Oliveira Marques, information about it, including contact details and its integration within the larger grouping, can be found on the Agrupamento de Escolas Patrício Prazeres website.

Therefore, the official website for the grouping that includes ""Escola Básica Professor Oliveira Marques"" is:

not found"
33836,Escola Básica António Rebelo de Andrade,Oeiras,Oeiras,Jardim de Infância,not found,,,http://www.condeoeiras.edu.pt/
34062,Escola Básica Gomes Freire de Andrade,Oeiras,Oeiras,Jardim de Infância,not found,,,"The official website for ""Escola Básica Gomes Freire de Andrade"" in Oeiras, Portugal is http://www.aesjb.edu.pt. This website belongs to the Agrupamento de Escolas de São Julião da Barra, which the Escola Básica Gomes Freire de Andrade is a part of."
34379,Os Pipoquinhas Jardim de Infância,Lisboa,Lisboa,Jardim de Infância,not found,,,not found
34535,EB Professor José Salvado Sampaio,Lisboa,Lisboa,Jardim de Infância,not found,,,The Escola Básica Professor José Salvado Sampaio is part of the Agrupamento de Escolas Quinta de Marrocos. The official website for the Agrupamento de Escolas Quinta de Marrocos is https://www.aeqm.edu.pt.
34595,Pré-Escolar II,Castanheira do Ribatejo,Vila Franca de Xira,Jardim de Infância,http://www.apscastanheira.pt,,,"Pré-Escolar II in Castanheira do Ribatejo, Portugal, is part of the Associação de Promoção Social de Castanheira do Ribatejo (APS). The official website for APS, where information about Pré-Escolar II can be found, is http://www.apscastanheira.pt."
34596,Jardim de Infância o Cantinho,Amadora,Amadora,Jardim de Infância,https://sfraa.pt/jardim-de-infancia-o-cantinho/,,,"The official website for ""Jardim de Infância o Cantinho"" is part of the SFRAA (Sociedade Filarmónica de Apoio Social e Recreio Artístico da Amadora) website. You can find information about ""Jardim de Infância o Cantinho"" at:

https://sfraa.pt/jardim-de-infancia-o-cantinho/"
35130,"Escola Básica Alice Leite, Alfornelos",Amadora,Amadora,Jardim de Infância,https://aealfornelos.ccems.pt,,,https://aealfornelos.ccems.pt
35131,Escola Básica Santos Mattos,Amadora,Amadora,Jardim de Infância,not found,,,"The official website for ""Escola Básica Santos Mattos"" in Amadora, Portugal, is http://www.eb1-n3-falagueiras.rcts.pt. It is part of the Agrupamento de Escolas de Alfornelos."
35148,Jardim de Infância do Bom Sucesso,Alverca do Ribatejo,Vila Franca de Xira,Jardim de Infância,not found,,,"The ""Jardim de Infância do Bom Sucesso"" in Alverca do Ribatejo is part of the ""Agrupamento de Escolas do Bom Sucesso"" (School Group of Bom Sucesso).

The official website for the Agrupamento de Escolas do Bom Sucesso is not explicitly stated as a direct URL in the search results. However, contact information and details about the Jardim de Infância do Bom Sucesso are available through the Agrupamento's pages, often linked via the local municipal council.

Therefore, the official website for the ""Jardim de Infância do Bom Sucesso"" can be found through the website of the ""Agrupamento de Escolas do Bom Sucesso"".

not found"
35152,Escola Básica Maria Irene Lopes de Azevedo,Amadora,Amadora,Jardim de Infância,not found,,,"The official website for ""Escola Básica Maria Irene Lopes de Azevedo"" in Amadora, Portugal, is part of the ""Agrupamento de Escolas de Alfornelos"". The direct page for this specific school within the agrupamento is:

https://aealfornelos.ccems.pt/eb1ji-maria-irene-lopes-azevedo"
35153,Escola Básica de Arruda dos Vinhos,Arruda dos Vinhos,Arruda dos Vinhos,Jardim de Infância,http://www.aearruda.pt/,,,"The official website for the ""Escola Básica de Arruda dos Vinhos"" is part of the ""Agrupamento de Escolas de Arruda dos Vinhos"". The URL is http://www.aearruda.pt/."
35154,Escola Básica de Santiago dos Velhos,Santiago dos Velhos,Arruda dos Vinhos,Jardim de Infância,not found,,,"The official website for ""Escola Básica de Santiago dos Velhos"" in Santiago dos Velhos, Portugal was not found. The school is part of the Agrupamento de Escolas de Arruda dos Vinhos."
35155,Escola Básica de Arranhó,Arranhó,Arruda dos Vinhos,Jardim de Infância,not found,,,not found
35175,Escola Básica com Jardim de Infância da Quinta Grande,Amadora,Amadora,Jardim de Infância,not found,,,"The ""Escola Básica com Jardim de Infância da Quinta Grande"" in Amadora, Portugal, is part of the ""Agrupamento de Escolas Almeida Garrett"".

The official website for the Agrupamento de Escolas Almeida Garrett is www.avagarrett.net."
35176,Escola Básica com Jardim de Infância do Alto do Moinho,Amadora,Amadora,Jardim de Infância,not found,,,"The official website for ""Escola Básica com Jardim de Infância do Alto do Moinho"" in Amadora, Portugal, is www.avagarrett.net. This school is part of the ""Agrupamento de Escolas de Almeida Garrett""."
35177,Escola Básica do Casal do Cotão,Cacém,Sintra,Jardim de Infância,not found,,,"The Escola Básica do Casal do Cotão in Cacém, Portugal, is part of the Agrupamento de Escolas D. João II.

The official website for the Agrupamento de Escolas D. João II, which includes Escola Básica do Casal do Cotão, is aedj2.pt."
35178,Escola Básica N.º 2 de São Marcos,Cacém,Sintra,Jardim de Infância,not found,,,"The official website for ""Escola Básica N.º 2 de São Marcos"" in Cacém, Portugal is part of the ""Agrupamento de Escolas D. João II"" and can be found here: https://vertexaisearch.cloud.google.com/grounding-api-redirect/AUZIYQEl8y5eOfXzGJKxxCYquK68hIhSj4bqu6p6YTlGTmDJTCVWqwSGkQDSHasuGQXHhUN39I92TRapvvJohUnfAJUFJOOzW2pHnztx1Y2asyvuAwQ6ACiijgKzQGcH_42WEImIN1IUhAstuxVAWzmJaUF40-lcNo3yoGN1-HcRukP_TGrsYpxxmnW4Y-TbSTGNCg==."
35179,Escola Básica N.º 1 de São Marcos,Cacém,Sintra,Jardim de Infância,not found,,,"The ""Escola Básica N.º 1 de São Marcos"" in Cacém, Portugal, is part of the ""Agrupamento de Escolas D. João II"". While there isn't a dedicated official website solely for ""Escola Básica N.º 1 de São Marcos,"" information about it can be found on the Eco-Escolas program website:

https://ecoescolas.abaae.pt/escola/escola-eb1-ji-de-sao-marcos-n-o-1/"
35180,Escola Básica de Moinhos da Funcheira,Amadora,Amadora,Jardim de Infância,not found,,,"Escola Básica de Moinhos da Funcheira in Amadora, Portugal, is part of the Agrupamento de Escolas José Cardoso Pires. The official website for the agrupamento (grouping of schools) is www.aejcardosopires.pt."
35181,Escola Básica José Garcês,Casal da Mira,Amadora,Jardim de Infância,not found,,,not found
35182,Escola Básica da Terra dos Arcos,Falagueira,Amadora,Jardim de Infância,not found,,,"The ""Escola Básica da Terra dos Arcos"" is part of the ""Agrupamento de Escolas Pioneiros da Aviação Portuguesa"" (AEPAP). The official website for the agrupamento, which includes the Escola Básica da Terra dos Arcos, is www.aepap.edu.pt."
35183,Escola Básica Fernando Teixeira Lopes,Alcabideche,Cascais,Jardim de Infância,not found,,,"The ""Escola Básica Fernando Teixeira Lopes"" is part of the Agrupamento de Escolas Ibn Mucana. The official website for the Agrupamento de Escolas Ibn Mucana, which includes Escola Básica Fernando Teixeira Lopes, is https://ebimucana.wordpress.com/.

https://ebimucana.wordpress.com/"
35185,Escola Básica Dr. Vasco Moniz,Vila Franca de Xira,Vila Franca de Xira,Jardim de Infância,not found,,,"The ""Escola Básica Dr. Vasco Moniz"" is part of the ""Agrupamento de Escolas Alves Redol"" in Vila Franca de Xira. Therefore, it does not have its own independent official website. You can find information about it on the website of the Agrupamento de Escolas Alves Redol.

http://www.esar.edu.pt/contactos/"
35186,Escola Básica Branquinho da Fonseca,Cascais,Cascais,Jardim de Infância,https://www.cascais.pt/contactos/escola-basica-branquinho-da-fonseca-agrupamento-de-escolas-de-cascais,,,https://www.cascais.pt/contactos/escola-basica-branquinho-da-fonseca-agrupamento-de-escolas-de-cascais
35187,Escola Básica de Areia - Guincho,Cascais,Cascais,Jardim de Infância,not found,,,"The official website for ""Escola Básica de Areia - Guincho"" in Cascais, Portugal, is https://www.aecascais.pt/."
35188,Escola Básica de Santa Susana,São João das Lampas,Sintra,Jardim de Infância,not found,,,"The Escola Básica de Santa Susana in São João das Lampas, Portugal, is part of the Agrupamento de Escolas Alto dos Moinhos.

The official website for the Agrupamento de Escolas Alto dos Moinhos is: https://aealtodosmoinhos.pt"
35189,Escola Básica de São João das Lampas,São João das Lampas,Sintra,Jardim de Infância,not found,,,"The ""Escola Básica de São João das Lampas"" in São João das Lampas, Portugal, is part of the ""Agrupamento de Escolas Alto dos Moinhos"". The official website for the agrupamento (group of schools) is likely where information for this specific school would be found, but a direct website for the individual school was not found.

Therefore, the most relevant URL is the one for the ""Agrupamento de Escolas Alto dos Moinhos"" that lists ""EB S. João das Lampas"" with contact information:

not found"
35190,"Escola Básica de Bolembre, Magoito,",São João das Lampas,Sintra,Jardim de Infância,not found,,,http://www.eb1-bolembre.rcts.pt
35193,Escola Básica N.º 3 de Agualva,Agualva,Sintra,Jardim de Infância,not found,,,The official website for Escola Básica N.º 3 de Agualva is http://www.eb1-agualva-n3.rcts.pt.
35194,Escola Básica da Quinta da Fidalga,Agualva-Cacém,Sintra,Jardim de Infância,not found,,,"The ""Escola Básica da Quinta da Fidalga"" in Agualva-Cacém, Portugal, is part of the ""Agrupamento de Escolas Aqua Alba"".

The official website for the ""Agrupamento de Escolas Aqua Alba"" is https://sites.google.com/aeaquaalba.pt/ae-aqua-alba-agualva-sintra/."
35195,Escola Básica com Jardim de Infância de Alfragide,Amadora,Amadora,Jardim de Infância,not found,,,"The ""Escola Básica com Jardim de Infância de Alfragide"" is part of the ""Agrupamento de Escolas Almeida Garrett"".

The official website for the ""Agrupamento de Escolas Almeida Garrett"" is www.avagarrett.net. This website serves as the official online presence for the group of schools, which includes the ""Escola Básica com Jardim de Infância de Alfragide""."
35196,Jardim de Infância de a-Da-Beja,Amadora,Amadora,Jardim de Infância,not found,,,"The ""Jardim de Infância de A-Da-Beja"" in Amadora, Portugal, is associated with the Agrupamento de Escolas José Cardoso Pires.

You can find information about it on the website of the Agrupamento de Escolas José Cardoso Pires: www.aejcardosopires.pt/."
35198,Escola Básica Fernando José dos Santos,Alcabideche,Cascais,Jardim de Infância,not found,,,"The Escola Básica Fernando José dos Santos in Alcabideche is part of the Agrupamento de Escolas Ibn Mucana. The official website for the Agrupamento de Escolas Ibn Mucana is https://www.ibn-mucana.pt/. While there isn't a separate, independent official website solely for Escola Básica Fernando José dos Santos, information regarding it can be found through the agrupamento's website. There is also a blog associated with the school: https://ebfernandojosedossantos.blogspot.com/."
35199,Jardim de Infância N.º 2 de Vila Franca de Xira,Vila Franca de Xira,Vila Franca de Xira,Jardim de Infância,not found,,,"The Jardim de Infância N.º 2 de Vila Franca de Xira is part of the Agrupamento de Escolas Alves Redol (AEAR). While there isn't a dedicated, independent website for the Jardim de Infância N.º 2 itself, information about it can be found on the website of the Agrupamento de Escolas Alves Redol.

Therefore, the closest to an ""official website"" is the Agrupamento de Escolas Alves Redol: https://www.cm-vfxira.pt/pages/6597?poi_id=733 or https://www.cm-vfxira.pt/pages/6582?poi_id=735.

It is also mentioned on the municipality of Vila Franca de Xira website."
35200,Jardim de Infância de Povos,Vila Franca de Xira,Vila Franca de Xira,Jardim de Infância,not found,,,"The ""Jardim de Infância de Povos"" is a public kindergarten that is part of the Agrupamento de Escolas Alves Redol in Vila Franca de Xira. It does not appear to have its own independent official website. However, information about it can be found on the website of the Vila Franca de Xira Municipality and the Agrupamento de Escolas Alves Redol.

not found"
35201,Escola Básica N.º 1 de Galiza,Estoril,Cascais,Jardim de Infância,not found,,,"The Escola Básica N.º 1 de Galiza in Estoril is part of the ""Agrupamento de Escolas de São João do Estoril"" (School Group of São João do Estoril).

The official website for the Agrupamento de Escolas de São João do Estoril, which includes Escola Básica N.º 1 de Galiza, is aesje.pt."
35202,Escola Básica de Assafora,São João das Lampas,Sintra,Jardim de Infância,not found,,,"The ""Escola Básica de Assafora"" is part of the ""Agrupamento de Escolas Alto dos Moinhos"". The official website for this group of schools is aealtodosmoinhos.pt.

Therefore, the URL for the ""Escola Básica de Assafora"" is: aealtodosmoinhos.pt"
35203,Escola Básica de Vila Verde,Terrugem,Sintra,Jardim de Infância,not found,,,"The ""Escola Básica de Vila Verde"" in Terrugem, Portugal, is part of the Agrupamento de Escolas Alto dos Moinhos.

While there isn't a dedicated website solely for ""Escola Básica de Vila Verde"" in Terrugem, information about it can be found on the website of its agrupamento (school cluster).

Here is the URL for the Agrupamento de Escolas Alto dos Moinhos:

https://aealtodosmoinhos.pt/"
35204,"Escola Básica de Campelos,",Campelos,Torres Vedras,Jardim de Infância,not found,,,"The ""Escola Básica de Campelos"" in Campelos, Portugal, is part of the Agrupamento de Escolas Padre Vítor Melícias (School Group Padre Vítor Melícias) in Torres Vedras. Therefore, its official online presence is likely through the agrupamento's website. The Agrupamento de Escolas Padre Vítor Melícias uses ""moodle.apvm.net"" for some of its online resources, including internal regulations and educational projects. While there isn't a dedicated, independent website specifically for ""Escola Básica de Campelos,"" the Agrupamento's site serves as its primary online hub.

https://moodle.apvm.net/"
35205,"Jardim de Infância da Cabeça Gorda,",Campelos,Torres Vedras,Jardim de Infância,not found,,,"The official website for Jardim de Infância da Cabeça Gorda in Campelos, Portugal is https://moodle.apvm.net/."
35206,Escola Básica N.º 2 de Agualva,Agualva-Cacém,Sintra,Jardim de Infância,not found,,,"The ""Escola Básica N.º 2 de Agualva"" in Agualva-Cacém, Portugal, is part of the Agrupamento de Escolas Aqua Alba.

The official website for the Agrupamento de Escolas Aqua Alba is https://sites.google.com/aeaquaalba.pt/ae-aqua-alba-agualva-sintra/."
35207,Jardim de Infância Nossa Senhora da Anunciação,Agualva-Cacém,Sintra,Jardim de Infância,not found,,,"The ""Jardim de Infância Nossa Senhora da Anunciação"" in Agualva-Cacém is part of the ""Agrupamento de Escolas Aqua Alba"". Therefore, its official website is likely the website for the agrupamento (school cluster).

https://www.aeaquaalba.pt"
35208,Jardim de Infância Cesaltina Fialho Gouveia,Alcabideche,Cascais,Jardim de Infância,not found,,,"The ""Jardim de Infância Cesaltina Fialho Gouveia"" is part of the Agrupamento de Escolas de Alcabideche.

The official website for the Agrupamento de Escolas de Alcabideche is: not found"
35209,"Escola Básica da Ericeira,",Ericeira-Mafra,Mafra,Jardim de Infância,https://www.aeericeira.net,,,"The official website for ""Escola Básica da Ericeira"" is part of the Agrupamento de Escolas da Ericeira, and the relevant contact information, including an email address for the school, is available on the agrupamento's website.

The website for the Agrupamento de Escolas da Ericeira is: https://www.aeericeira.net"
35212,Escola Básica N.º 6 de Santa Iria de Azoia,Santa Iria de Azoia,Loures,Jardim de Infância,not found,,,"The ""Escola Básica N.º 6 de Santa Iria de Azoia"" is part of the ""Agrupamento de Escolas de Santa Iria de Azóia"" (AESIA).

The official website for the agrupamento, which includes Escola Básica N.º 6, is: https://aesia.pt"
35213,Escola Básica do Bairro da Covina,Santa Iria de Azoia,Loures,Jardim de Infância,https://aesia.pt/portal/a-aesia-agrupamento-de-escolas-de-santa-iria-de-azoia/e-b-1ji-covina/,,,"The official website for ""Escola Básica do Bairro da Covina"" is part of the Agrupamento de Escolas de Santa Iria de Azóia (AESIA) and can be found at https://aesia.pt/portal/a-aesia-agrupamento-de-escolas-de-santa-iria-de-azoia/e-b-1ji-covina/."
35214,Escola Básica de Bela Vista,Santa Iria de Azoia,Loures,Jardim de Infância,not found,,,"The Escola Básica de Bela Vista in Santa Iria de Azóia, Portugal, is part of the Agrupamento de Escolas de Santa Iria de Azóia (AESIA).

The official website for the Agrupamento de Escolas de Santa Iria de Azóia (AESIA) is: https://aesia.pt/portal/

The specific page for Escola Básica da Bela Vista within the AESIA website is: https://aesia.pt/portal/a-aesia-agrupamento-de-escolas-de-santa-iria-de-azoia/e-b-1ji-bela-vista/"
35215,Escola Básica de Colaride,Agualva-Cacém,Sintra,Jardim de Infância,not found,,,"The official website for ""Escola Básica de Colaride"" is not found. However, it is part of the ""Agrupamento de Escolas Aqua Alba"" (or ""Agrupamento de Escolas Agualva Mira Sintra""), and its contact email is d1416@aeaquaalba.pt. The Agrupamento de Escolas Agualva Mira Sintra has a website at www.aeams.pt."
35216,Escola Básica da Freguesia de Santo Isidoro,Santo Isidoro Mfr,Mafra,Jardim de Infância,not found,,,"The ""Escola Básica da Freguesia de Santo Isidoro"" in Santo Isidoro Mfr, Portugal, is part of the Agrupamento de Escolas da Ericeira (Ericeira School Cluster).

Therefore, the official website for the school can be found through the Agrupamento de Escolas da Ericeira: aeericeira.net"
35217,"Escola Básica da Freguesia da Carvoeira,",Carvoeira Mfr,Mafra,Jardim de Infância,not found,,,"The ""Escola Básica da Freguesia da Carvoeira"" is listed as an ""Ensino Público | Escolas Básicas Integradas (EB1 + JI)"" on the Câmara Municipal de Mafra website, which is the municipality where Carvoeira is located. It is also associated with the Agrupamento de Escolas da Ericeira.

While direct official websites for individual basic schools in Portugal are uncommon, as they often fall under larger school groupings, the most relevant online presence for ""Escola Básica da Freguesia da Carvoeira"" is through these municipal or agrupamento websites.

Based on the search results, there isn't a standalone official website specifically for ""Escola Básica da Freguesia da Carvoeira"". Instead, information about this school is provided through the following:

*   **Câmara Municipal de Mafra (Mafra City Council):** The school is listed on the Mafra City Council website as part of its integrated basic schools.
*   **Eco-Escolas Program:** The school has a profile on the Eco-Escolas (Eco-Schools) program website, which provides some details about the school.
*   **Agrupamento de Escolas da Ericeira:** The school is part of this school cluster. While the Agrupamento de Escolas da Ericeira has a website, it does not provide a direct link to a specific page for the Carvoeira school.

Therefore, the most direct ""official"" web presence is through the municipal listing or the Eco-Escolas program, but not a dedicated, independent website.

not found"
35218,Escola Básica Mário Cunha Brito,Belas-Sintra,Sintra,Jardim de Infância,not found,,,"""Escola Básica Mário Cunha Brito"" is part of the ""Agrupamento de Escolas Queluz-Belas"" (Queluz-Belas School Group). The official website for the Agrupamento de Escolas Queluz-Belas, which would include information for Escola Básica Mário Cunha Brito, is www.espan.edu.pt."
35219,Escola Básica de Pego Longo,Belas,Sintra,Jardim de Infância,not found,,,"The ""Escola Básica de Pego Longo"" in Belas, Portugal, is part of the ""Agrupamento de Escolas de Queluz-Belas"" (Schools Group of Queluz-Belas). The official website for the agrupamento, which includes Escola Básica de Pego Longo, is www.espan.edu.pt."
35220,Escola Básica N.º 2 de Queluz,Queluz,Sintra,Jardim de Infância,not found,,,"Escola Básica N.º 2 de Queluz is part of the ""Agrupamento de Escolas Queluz-Belas"" (School Grouping Queluz-Belas). The official website for this agrupamento, which includes Escola Básica N.º 2 de Queluz, is www.espan.edu.pt."
35221,Escola Básica N.º 5 de Santa Iria de Azoia,Santa Iria de Azoia,Loures,Jardim de Infância,not found,,,"The ""Escola Básica N.º 5 de Santa Iria de Azoia"" is also known as ""Escola Básica Fernando Pessoa"". It is part of the ""Agrupamento de Escolas de Santa Iria de Azoia"" (AESIA).

The official website for the Agrupamento de Escolas de Santa Iria de Azoia, which includes Escola Básica N.º 5 de Santa Iria de Azoia, is https://aesia.pt.

https://aesia.pt"
35223,Escola Básica de Via Rara,Santa Iria de Azoia,Loures,Jardim de Infância,https://aesia.pt/portal/a-aesia-agrupamento-de-escolas-de-santa-iria-de-azoia/e-b-1ji-via-rara/,,,https://aesia.pt/portal/a-aesia-agrupamento-de-escolas-de-santa-iria-de-azoia/e-b-1ji-via-rara/
35235,"Jardim de Infância de Apelação, Quinta da Fonte",Apelação,Loures,Jardim de Infância,not found,,,"The official website for ""Jardim de Infância de Apelação, Quinta da Fonte"" is http://emariakeil.pt/."
35236,Escola Básica Nº 1 de Apelação,Apelação,Loures,Jardim de Infância,not found,,,http://emariakeil.pt/
35237,Escola Básica e Secundária Mestre Domingos Saraiva,Mem Martins,Sintra,Jardim de Infância,not found,,,"The official website for ""Escola Básica e Secundária Mestre Domingos Saraiva"" in Mem Martins, Portugal is www.emds.edu.pt."
35239,Escola Básica N.º 2 de São João da Talha,S. João da Talha,Loures,Jardim de Infância,not found,,,"The ""Escola Básica N.º 2 de São João da Talha"" is part of the Agrupamento de Escolas de São João da Talha.

The official website for the Agrupamento de Escolas de São João da Talha, which includes Escola Básica N.º 2 de São João da Talha, is:

not found"
35240,"Escola Básica Manuel Heleno, Carenque",Amadora,Amadora,Jardim de Infância,not found,,,not found
35241,Escola Básica da Venteira,Amadora,Amadora,Jardim de Infância,not found,,,"The official website for ""Escola Básica da Venteira"" in Amadora, Portugal is www.dfmm.edu.pt."
35242,Escola Básica Raquel Gameiro,Amadora,Amadora,Jardim de Infância,not found,,,"The official website for ""Escola Básica Raquel Gameiro"" in Amadora, Portugal, is not found. It appears to be part of the ""Agrupamento de Escolas D. Pedro IV"" or ""Agrupamento de Escolas Pioneiros da Aviação Portuguesa"", but a distinct, dedicated website for ""Escola Básica Raquel Gameiro"" was not identified in the search results. Some sources provide an email address for contact: eb1.raquel.gameiro@gmail.com."
35243,Jardim de Infância de Ral,Sintra,Sintra,Jardim de Infância,not found,,,"""Jardim de Infância de Ral"" is part of the ""Agrupamento de Escolas D. Carlos I, Sintra"". There does not appear to be a dedicated official website for ""Jardim de Infância de Ral"" itself. However, the Agrupamento de Escolas D. Carlos I, Sintra has a presence on the Sintra Education Portal. You can also find information about the school on the Eco-Escolas program website.

Here's relevant information found:
*   **Agrupamento de Escolas D. Carlos I, Sintra** (which ""Jardim de Infância de Ral"" belongs to): This agrupamento has a presence on the Portal da Educação de Sintra, which is the education portal for the Municipality of Sintra.
*   **Eco-Escolas Program:** ""EB1/JI do Ral"" (which includes Jardim de Infância de Ral) is listed on the Eco-Escolas website.
*   **Contact Email:** escolaral@gmail.com

Given that there isn't a direct official website for ""Jardim de Infância de Ral"", and it's part of a larger school group, a single URL cannot be provided."
35244,Escola Básica Maria Luciana Seruca,Paço de Arcos,Oeiras,Jardim de Infância,not found,,,"The Escola Básica Maria Luciana Seruca in Paço de Arcos, Portugal, is part of the Agrupamento de Escolas de Paço de Arcos (School Group of Paço de Arcos). The official website for this school group, which includes Escola Básica Maria Luciana Seruca, is https://aepa.pt/."
35245,Escola Básica de São José,Lisboa,Lisboa,Jardim de Infância,not found,,,"The official website for Escola Básica de São José in Lisboa, Portugal is sjose.abc.edu.pt."
35246,Escola Básica N.º 1 de Mem Martins,Mem Martins,Sintra,Jardim de Infância,not found,,,"The official website for Escola Básica N.º 1 de Mem Martins is not directly available as a standalone domain. However, information about the school is available through other portals.

The school is part of the Agrupamento de Escolas Ferreira de Castro (AEFC). You can find details about it on the AEFC website:

*   https://aefcastro.pt/escolas-do-agrupamento/

Another website, Rotanacional, also lists a website for the school:

*   http://www.eb1-n1-mem-martins.rcts.pt"
35247,Escola Básica Sophia de Mello Breyner Andresen,Famões,Odivelas,Jardim de Infância,not found,,,"There appear to be multiple schools with similar names.

The ""Escola Básica Sophia de Mello Breyner Andresen"" in Famões, Odivelas, belongs to the ""Agrupamento de Escolas a Sudoeste de Odivelas"" (AESO). However, a direct official website for the Famões school itself was not found. Instead, information for this specific school is often found within the larger agrupamento (school cluster) websites or municipal education portals.

Another ""Escola Básica Sophia de Mello Breyner Andresen"" is part of the ""Agrupamento de Escolas Fernando Namora"" in Amadora, where it caters to students from the 5th to 7th year. The contact information for this agrupamento is geral@aefn.pt and +351 214 767 710.

There is also an ""Agrupamento de Escolas Sophia de Mello Breyner"" in Arcozelo, Vila Nova de Gaia, with a website that mentions an ""EB Sophia de Mello Breyner"" within its structure. Their website is aesophiambreyner.org.

Finally, an ""Escola Básica Sophia de Mello Breyner"" (without ""Andresen"") in Carnaxide belongs to the ""Agrupamento de Escolas Carnaxide - Portela"" and has the website http://www.aecarnaxideportela.pt/.

Given the specific location ""Famões"", the relevant agrupamento is ""Agrupamento de Escolas a Sudoeste de Odivelas"" (AESO). However, no direct website for the school itself in Famões was found, nor a specific website for AESO, beyond pages within the Odivelas municipality portal. Therefore, the most accurate response is that the direct URL for the ""Escola Básica Sophia de Mello Breyner Andresen"" in Famões is not found.

not found"
35261,Escola Básica de Vale Figueira,S. João da Talha,Loures,Jardim de Infância,not found,,,"The ""Escola Básica de Vale Figueira"" in S. João da Talha, Portugal, is part of the Agrupamento de Escolas de São João da Talha. The official website for the agrupamento, which includes information about the Escola Básica de Vale Figueira, is aesjt.edu.pt."
35265,Escola Básica do Lourel,Sintra,Sintra,Jardim de Infância,not found,,,"Escola Básica do Lourel in Sintra, Portugal, does not appear to have its own independent official website. It is part of the Agrupamento de Escolas D. Carlos I, Sintra.

While several directories and educational portals list the school and provide contact information such as email addresses and phone numbers, they do not link to a dedicated website for ""Escola Básica do Lourel"" itself. The Agrupamento de Escolas D. Carlos I is the larger school group that ""Escola Básica do Lourel"" belongs to."
35271,Jardim de Infância N.º 3 de Mem Martins,Mem Martins,Sintra,Jardim de Infância,not found,,,"The ""Jardim de Infância N.º 3 de Mem Martins"" is part of the ""Agrupamento de Escolas Ferreira de Castro"". The official website for the agrupamento (grouping of schools) is https://efcastro.pt. However, there is no specific, separate website for ""Jardim de Infância N.º 3 de Mem Martins"" listed on the agrupamento's website or in other directories. The contact information provided for the Jardim de Infância N.º 3 de Mem Martins is a phone number: 219 262 290 and an email address: eb1.n3.memmartins@escolas.min-edu.pt.

Therefore, a dedicated official website for ""Jardim de Infância N.º 3 de Mem Martins"" was not found."
35274,Escola Básica de Casais de Trigache,Famões,Odivelas,Jardim de Infância,not found,,,"The Escola Básica de Casais de Trigache in Famões, Portugal, is part of the Agrupamento de Escolas a Sudoeste de Odivelas (AESO). While the school itself doesn't appear to have an independent official website, information about it can be found on the AESO website.

The Agrupamento de Escolas a Sudoeste de Odivelas website is: https://aeso.pt.

Additionally, the school has an email address for its Parents and Guardians Association (APEE): apee.casaisdetrigache@gmail.com. They also have a Facebook page: https://www.facebook.com/apee.eb.casaisdetrigache."
35275,Escola Básica Veiga Ferreira,Famões,Odivelas,Jardim de Infância,not found,,,"Escola Básica Veiga Ferreira is part of the ""Agrupamento de Escolas a Sudoeste de Odivelas"" (AESO) school cluster. The official website for the cluster is aeso.pt."
35277,"Escola Básica N.º 3 da Bobadela,",Bobadela Lrs,Loures,Jardim de Infância,not found,,,https://sites.google.com/a/aebobadela.pt/agrupamento-de-escolas-da-bobadela2/
35278,Escola Básica da Tapada das Mercês,Mem Martins,Sintra,Jardim de Infância,not found,,,http://www.eb1-tapada-merces-n1.rcts.pt
35280,Escola Básica da Brandoa,Amadora,Amadora,Jardim de Infância,not found,,,The Escola Básica da Brandoa is part of the Agrupamento de Escolas Fernando Namora. The official website for the agrupamento (group of schools) is www.aefn.pt.
35281,Escola Básica Sacadura Cabral,Amadora,Amadora,Jardim de Infância,not found,,,"Escola Básica Sacadura Cabral in Amadora, Portugal, is part of the Agrupamento de Escolas Fernando Namora. The official website for the agrupamento, which includes Escola Básica Sacadura Cabral, is www.aefn.pt."
35283,Escola Básica de Francos,Rio de Mouro,Sintra,Jardim de Infância,not found,,,"Escola Básica de Francos in Rio de Mouro, Portugal, is part of the Agrupamento de Escolas Alfredo da Silva, Sintra. While there isn't a dedicated official website solely for Escola Básica de Francos, information about the school can be found through the agrupamento it belongs to.

It is important to note that a different institution, ""Escola Básica de A-dos-Francos,"" exists and has its own website. However, this is a distinct school and not the one located in Rio de Mouro.

Given the information, a specific official website for ""Escola Básica de Francos"" in Rio de Mouro was not found."
35286,Escola Básica Raúl Lino,Lisboa,Lisboa,Jardim de Infância,not found,,,https://sites.google.com/site/escolabasica1raullino/
35287,Escola Básica de Santo Amaro,Lisboa,Lisboa,Jardim de Infância,not found,,,not found
35288,Escola Básica da Rinchoa,Rio de Mouro,Sintra,Jardim de Infância,not found,,,"The official website for ""Escola Básica da Rinchoa"" appears to be part of a larger school group. While there isn't a standalone website specifically for ""Escola Básica da Rinchoa,"" it is associated with ""Agrupamento de Escolas Escultor Francisco dos Santos"".

A page dedicated to ""Escola EB1/JI da Rinchoa"" can be found within the ""aeefs"" Wix.com domain, which likely belongs to the Agrupamento de Escolas Escultor Francisco dos Santos: https://aeefs.wixsite.com/aeefs/escola-eb1-ji-da-rinchoa."
35289,Escola Básica N.º 1 de Fitares,Rio de Mouro,Sintra,Jardim de Infância,not found,,,"The ""Escola Básica N.º 1 de Fitares"" in Rio de Mouro, Portugal, is part of the ""Agrupamento de Escolas Escultor Francisco dos Santos"" (AEEFS). The AEEFS has a website which lists ""EB1/JI de Fitares"" and its contact information.

The URL for the Agrupamento de Escolas Escultor Francisco dos Santos (which includes Escola Básica N.º 1 de Fitares) is https://aeefs.wixsite.com/aeefs."
35291,Escola Básica de Ota,Ota,Alenquer,Jardim de Infância,not found,,,"""Escola Básica e Jardim de Infância de Ota"" is part of the ""Agrupamento de Escolas da Abrigada"" (School Group of Abrigada). The official website for the Agrupamento de Escolas da Abrigada, which includes Escola Básica de Ota, is https://aeabrigada.pt."
35292,Jardim de Infância de Abrigada,Abrigada,Alenquer,Jardim de Infância,https://aeabrigada.pt/,,,Jardim de Infância de Abrigada is part of the Agrupamento de Escolas da Abrigada (Abrigada School Group). The official website for the school group is https://aeabrigada.pt/.
35293,Jardim de Infância de Meca,Meca,Alenquer,Jardim de Infância,not found,,,"The official website for ""Jardim de Infância de Meca"" is not found. However, it is part of the Agrupamento de Escolas da Abrigada, and its contact email is ji.meca@escolas.min-edu.pt."
35295,Escola Básica de Cabra Figa,Rio de Mouro,Sintra,Jardim de Infância,not found,,,"Escola Básica de Cabra Figa is part of the Agrupamento de Escolas Alfredo da Silva in Sintra, Portugal. The official website for the agrupamento (group of schools) is aeass.pt."
35296,Jardim de Infância Padre Agostinho da Mota,Rio de Mouro,Sintra,Jardim de Infância,not found,,,"The official website for ""Jardim de Infância Padre Agostinho da Mota"" is not found. The institution appears to be part of the Agrupamento de Escolas Alfredo da Silva in Sintra, and there are listings for it on educational and childcare directories, but no independent official website."
35298,Escola Básica de Cabanas de Torres,Cabanas de Torres,Alenquer,Jardim de Infância,not found,,,"Escola Básica de Cabanas de Torres is part of the Agrupamento de Escolas da Abrigada. While there isn't a direct official website for ""Escola Básica de Cabanas de Torres,"" the Agrupamento de Escolas da Abrigada serves as its managing entity.

Therefore, the most relevant official website would be that of the Agrupamento de Escolas da Abrigada. However, the provided search results do not include a direct URL for the Agrupamento de Escolas da Abrigada. There is a contact email for Escola Básica de Cabanas de Torres: eb1.cabanastorres@escolas.min-edu.pt. There is also a Facebook contact listed for Escola Básica de Cabanas de Torres."
35300,Escola Básica de Colares,Colares,Sintra,Jardim de Infância,not found,,,"The ""Escola Básica de Colares"" is part of the ""Agrupamento de Escolas Monte da Lua"" (AGML) in Sintra, Portugal. Therefore, its official information can be found on the AGML website.

https://agml.pt/escola-basica-de-colares-346081/"
35301,Jardim de Infância de Azenhas do Mar,Colares,Sintra,Jardim de Infância,not found,,,"The official website for Jardim de Infância de Azenhas do Mar is part of the Agrupamento de Escolas Monte da Lua (AGML) website.

Here is the URL: https://agml.pt/"
35302,Jardim de Infância N.º 1 do Cacém,Agualva-Cacém,Sintra,Jardim de Infância,not found,,,"The Jardim de Infância N.º 1 do Cacém is part of the Agrupamento de Escolas D. Maria II. While there isn't a dedicated official website for the Jardim de Infância N.º 1 do Cacém itself, information about it can be found on the website of the Agrupamento de Escolas D. Maria II.

https://ebsgamabarros.pt/jardim-de-infancia-cacem-n-1/"
35303,Escola Básica N.º 2 de Mem Martins,Mem Martins,Sintra,Jardim de Infância,https://aememmartins.pt,,,"The ""Escola Básica N.º 2 de Mem Martins"" is part of the ""Agrupamento de Escolas de Mem Martins"". The official website for the Agrupamento de Escolas de Mem Martins, which includes this school, is aememmartins.pt."
35304,Escola Básica N.º 1 de Rio de Mouro,Rio de Mouro,Sintra,Jardim de Infância,not found,,,The official website for Escola Básica N.º 1 de Rio de Mouro is http://www.eb1-rio-mouro-n1.rcts.pt.
35305,Escola Básica EB1/JI Maria Lamas,Odivelas,Odivelas,Jardim de Infância,not found,,,"The official website for ""Escola Básica EB1/JI Maria Lamas"" in Odivelas, Portugal is www.eb1-odivelas-n1.rcts.pt."
35315,Agrupamento de Escolas Dr Azevedo Neves/ Escola Básica Condes da Lousã,Amadora,Amadora,Jardim de Infância,not found,,,"The official website for Agrupamento de Escolas Dr. Azevedo Neves, which includes Escola Básica Condes da Lousã, is www.agan.pt."
35316,Agrupamento de Escolas Dr Azevedo Neves/ Escola Básica José Ruy,Amadora,Amadora,Jardim de Infância,not found,,,"The official website for ""Agrupamento de Escolas Dr. Azevedo Neves/ Escola Básica José Ruy"" is www.agan.pt."
35317,Escola Básica N.º 2 de Abóboda,São Domingos de Rana,Cascais,Jardim de Infância,not found,,,"The official website for Escola Básica N.º 2 de Abóboda in São Domingos de Rana, Portugal, is www.eb1-n2-aboboda.rcts.pt."
35318,Escola Básica de Trajouce,São Domingos de Rana,Cascais,Jardim de Infância,not found,,,http://www.eb1-trajouce.rcts.pt
35320,Escola Básica de Vila de Rei,Bucelas,Loures,Jardim de Infância,not found,,,"The ""Escola Básica de Vila de Rei"" in Bucelas, Portugal, is part of the ""Agrupamento de Escolas 4 de Outubro"". The official website for this school cluster is https://ae4outubro.pt."
35321,Escola Básica da Portela de Sintra,Sintra,Sintra,Jardim de Infância,not found,,,"The ""Escola Básica da Portela de Sintra"" is part of the ""Agrupamento de Escolas Monte da Lua"" (AGML).

The official website for Agrupamento de Escolas Monte da Lua (AGML), which includes Escola Básica da Portela de Sintra, is https://agml.pt."
35322,Escola Básica de Sintra,Sintra,Sintra,Jardim de Infância,not found,,,"The official website for ""Escola Básica de Sintra"" is part of the Agrupamento de Escolas Monte da Lua (AGML) website.

Here is the URL: https://www.agml.edu.pt/escolas/escola-basica-de-sintra"
35323,Escola Básica de Mucifal,Colares,Sintra,Jardim de Infância,not found,,,https://agml.pt/escolas/eb1-ji-mucifal/
35324,Escola Básica de São Pedro,Sintra,Sintra,Jardim de Infância,not found,,,"The ""Escola Básica de São Pedro"" in Sintra, Portugal, is part of the Agrupamento de Escolas Monte da Lua (AGML). While there isn't a dedicated, independent website specifically for ""Escola Básica de São Pedro"" listed in the search results, information about it can be found on the AGML website and the Portal da Educação de Sintra.

The official website for the Agrupamento de Escolas Monte da Lua (AGML), which includes Escola Básica de São Pedro, is:

https://www.agml.pt/"
35325,Escola Básica N.º 1 do Linhó,Sintra,Sintra,Jardim de Infância,not found,,,"The Escola Básica N.º 1 do Linhó in Sintra, Portugal, is part of the ""Agrupamento de Escolas Monte da Lua"" (AGML). The official website for the school can be found on the AGML website.

Here is the URL for the Escola Básica do Linhó page on the AGML website:

https://agml.pt/escolas/eb-linho/"
35327,Escola Básica Narcisa Pereira,Queijas,Oeiras,Jardim de Infância,not found,,,"The official website for Escola Básica Narcisa Pereira in Queijas, Portugal is http://www.esproflucas.net/. However, it is important to note that Escola Básica Narcisa Pereira is part of the Agrupamento de Escolas Linda-a-Velha e Queijas (AELAVQ). The AELAVQ also has its own website.

Other relevant contact information for Escola Básica Narcisa Pereira includes:
*   **Email:** eb1narcisapereira@aelavq.net
*   **Phone:** 214185017
*   **Address:** Rua de S. Romão 2790-435 Queijas"
35328,Escola Básica Cesário Verde,Queijas,Oeiras,Jardim de Infância,not found,,,"The Escola Básica Cesário Verde in Queijas, Portugal, is part of the Agrupamento de Escolas Linda-a-Velha e Queijas (AELAVQ).

The official website for the Agrupamento de Escolas Linda-a-Velha e Queijas, which includes Escola Básica Cesário Verde, is: http://www.aelavq.net/"
35329,Escola Básica de Vale Mourão,Rio de Mouro,Sintra,Jardim de Infância,not found,,,"The Escola Básica de Vale Mourão is part of the Agrupamento de Escolas D. Maria II. The official website for the agrupamento (group of schools) is https://www.ae-dmaria2.pt/. While there isn't a separate official website solely for Escola Básica de Vale Mourão, information about it can be found on the agrupamento's website, specifically under the ""Escolas do Agrupamento"" (Schools of the Group) section."
35331,Escola Básica N.º 1 da Serra das Minas,Rio de Mouro,Sintra,Jardim de Infância,not found,,,"The ""Escola Básica N.º 1 da Serra das Minas"" in Rio de Mouro, Portugal, is part of the Agrupamento de Escolas de Mem Martins.

The official website for the Agrupamento de Escolas de Mem Martins is aememmartins.pt."
35332,Escola Básica do Casal da Barôta,Belas,Sintra,Jardim de Infância,not found,,,"The Escola Básica do Casal da Barôta in Belas, Portugal, is part of the Agrupamento de Escolas de Massamá.

The official website for the Agrupamento de Escolas de Massamá, which includes Escola Básica do Casal da Barôta, is agem.edu.pt."
35333,Escola Básica de Xutaria,Belas,Sintra,Jardim de Infância,not found,,,"The ""Escola Básica de Xutaria"" in Belas, Portugal, is part of the ""Agrupamento de Escolas de Massamá"". Its official page is: https://www.aemassama.pt/agrupamento/escolas-do-agrupamento/e.b.1-ji-da-xutaria."
35334,Escola Básica N.º 2 de Massamá,Queluz,Sintra,Jardim de Infância,not found,,,"The official website for ""Escola Básica N.º 2 de Massamá"" is http://www.eb1-massama-n2.rcts.pt."
35335,Escola Básica N.º 2 da Serras das Minas,Rio de Mouro,Sintra,Jardim de Infância,not found,,,"The ""Escola Básica N.º 2 da Serra das Minas"" is part of the Agrupamento de Escolas Leal da Câmara (AELC). The official website for the school, as part of the agrupamento, is:

https://www.aelc.pt/escolas/escola-basica-nº-2-serra-das-minas/"
35336,Escola Básica N.º 2 de Rio de Mouro,Rio de Mouro,Sintra,Jardim de Infância,not found,,,"The official website for ""Escola Básica N.º 2 de Rio de Mouro"" is part of the Agrupamento de Escolas Leal da Câmara (AELC) website.

You can find information related to Escola Básica nº 2 de Rio de Mouro on the AELC website: https://www.aecascais.pt/escola-basica-no-2-de-rio-de-mouro/"
35337,Escola Básica N.º 2 da Rinchoa,Rio de Mouro,Sintra,Jardim de Infância,not found,,,"Escola Básica N.º 2 da Rinchoa is part of the Agrupamento de Escolas Leal da Câmara (AELC). The official website for the Agrupamento de Escolas Leal da Câmara, which includes Escola Básica N.º 2 da Rinchoa, is https://aelc.pt/."
36269,EB1 Agostinho da Silva,Lisboa,Lisboa,Jardim de Infância,not found,,,"The ""EB1 Agostinho da Silva"" in Lisboa, Portugal, is officially known as Escola Básica Professor Agostinho da Silva and is part of the Agrupamento de Escolas D. Dinis, Lisboa.

Here is the URL for the institution: https://www.aedominis.edu.pt/escola-basica-professor-agostinho-da-silva/"
36417,Escola Básica de Albarraque,Rio de Mouro,Sintra,Jardim de Infância,not found,,,http://www-eb1-albarraque-n2.rcts.pt
36421,Escola Básica de Pêro Negro,Sobral de Monte Agraço,Sobral de Monte Agraço,Jardim de Infância,not found,,,"The Escola Básica de Pêro Negro is part of the ""Agrupamento de Escolas Joaquim Inácio da Cruz Sobral"" in Sobral de Monte Agraço.

The official website for the Agrupamento de Escolas Joaquim Inácio da Cruz Sobral is aejics.org."
36437,Escola Básica de Serradas,Rio de Mouro,Sintra,Jardim de Infância,not found,,,"The Escola Básica de Serradas in Rio de Mouro, Portugal, is part of the Agrupamento de Escolas Alfredo da Silva.

You can find information about Escola Básica de Serradas on the Agrupamento de Escolas Alfredo da Silva website: https://aeass.pt/"
36456,Escola Básica Arquiteto Vítor Palla,Lisboa,Lisboa,Jardim de Infância,not found,,,"""Escola Básica Arquiteto Vítor Palla"" is part of the ""Agrupamento de Escolas Nuno Gonçalves"" in Lisboa.

The official website for the Agrupamento de Escolas Nuno Gonçalves, which includes Escola Básica Arquiteto Vítor Palla, is aenunogoncalves.com."
36546,Colégio Infantil de Educação Popular da Poça,S. João do Estoril,Cascais,Jardim de Infância,not found,,,"The official website for ""Colégio Infantil de Educação Popular da Poça"" is part of the ""Educação Popular"" institution, and its direct URL is https://www.educacaopopular.org/colonia-infantil-do-estoril/."
36547,Centro Social Paroq. Nª. Senhora da Conceição (Outurela),Carnaxide,Oeiras,Jardim de Infância,https://www.cspnsconceicao1.webnode.pt/,,,"The official website for ""Centro Social Paroquial Nª. Senhora da Conceição (Outurela)"" in Carnaxide, Portugal is www.cspnsconceicao1.webnode.pt/."
36946,Escola Básica dos Castanheiros (JI e 1.º Ciclo),Caneças,Odivelas,Jardim de Infância,not found,,,"The official website for ""Escola Básica dos Castanheiros (JI e 1.º Ciclo)"" in Caneças, Portugal, is part of the Agrupamento de Escolas de Caneças website: https://www.aecanecas.com/."
37238,Escola Básica N.º 3 de Belas,Belas,Sintra,Jardim de Infância,not found,,,"The ""Escola Básica N.º 3 de Belas"" is part of the ""Agrupamento de Escolas Queluz-Belas"" (AEQB). The official website for the agrupamento, which includes information for Escola Básica N.º 3 de Belas, is www.espan.edu.pt."
37278,Jardim de Infância da Murteira,Loures,Loures,Jardim de Infância,not found,,,"I was unable to find an official, standalone website specifically for ""Jardim de Infância da Murteira"" in Loures, Portugal. Most search results point to it being an ""Escola Básica da Murteira"" (Primary School of Murteira) that includes a kindergarten, and it appears to be part of a larger school group or municipality education system.

Therefore, the answer is: not found."
37279,Jardim de Infância Nº2 de Loures,Loures,Loures,Jardim de Infância,not found,,,"I couldn't find an official website specifically for ""Jardim de Infância Nº2 de Loures"". However, it is listed as ""Escola Básica n.º 2 de Loures"" on the Loures Municipality's website, which also includes pre-school (Jardim de Infância) education.

The Câmara Municipal de Loures (Loures Municipality) website provides a contact number (219 824 827) for Escola Básica n.º 2 de Loures. Additionally, the institution is listed on Coverflex, a platform for managing employee benefits, which also does not provide a direct website for the ""Escola Básica n.º 2 de Loures"" but lists its address and that it accepts Coverflex Infância."
37619,Jardim de Infância de Moledo,Moledo,Lourinhã,Jardim de Infância,not found,,,"The ""Jardim de Infância de Moledo"" in Moledo, Portugal, does not appear to have a standalone official website. However, it is part of a larger educational group.

Here's what was found:
*   The Jardim de Infância de Moledo is associated with the Agrupamento de Escolas do Concelho de Caminha, also known as Agrupamento de Escolas Sidónio Pais, Caminha.
*   The email address provided for the institution is ji.moledocosta@escolas.min-edu.pt.
*   The Agrupamento de Escolas do Concelho de Caminha (AECM) has a project document that mentions the Jardim de Infância de Moledo.

Therefore, there is no direct URL for an official website for ""Jardim de Infância de Moledo""."
37621,Escola Básica do Sobralinho,Sobralinho,Vila Franca de Xira,Jardim de Infância,not found,,,"The ""Escola Básica do Sobralinho"" is part of the ""Agrupamento de Escolas de Alhandra, Sobralinho e São João dos Montes"". The official website for this agrupamento (group of schools) is https://www.aeassjm.pt."
37623,Escola Básica Anselmo de Oliveira,Paço de Arcos,Oeiras,Jardim de Infância,not found,,,http://www.aepa.pt/
37624,Escola Básica de Murtal,Murtal,Cascais,Jardim de Infância,not found,,,"Not found.

While several directory websites list ""Escola Básica de Murtal"" and provide contact information such as phone numbers and email addresses, they explicitly state ""Website: Not found"" or do not list a website at all. The school is part of the Agrupamento de Escolas de Parede, which does have a website, and includes information about the Murtal school within its pages. However, ""Escola Básica de Murtal"" does not appear to have a standalone official website."
37627,Escola Básica da Dagorda,Dagorda,Cadaval,Jardim de Infância,not found,,,"The Escola Básica da Dagorda is part of the Agrupamento de Escolas do Cadaval. The official website for the Agrupamento de Escolas do Cadaval is agrupcadaval.com.

agrupcadaval.com"
37629,Escola Básica N.º 1 do Cadaval,Cadaval,Cadaval,Jardim de Infância,https://www.aecadaval.com/,,,"The ""Escola Básica N.º 1 do Cadaval"" is part of the ""Agrupamento de Escolas do Cadaval"" (School Group of Cadaval). The official website for the Agrupamento de Escolas do Cadaval is https://www.aecadaval.com/."
37630,Jardim de Infância do Peral,Peral,Cadaval,Jardim de Infância,not found,,,"The ""Jardim de Infância do Peral"" is part of the Agrupamento de Escolas do Cadaval. While the childcare institution itself doesn't appear to have a dedicated official website, you can find information and contact details on the Agrupamento de Escolas do Cadaval website.

https://agrupcadaval.com/"
37633,Escola Básica Fausto Cardoso de Figueiredo,Estoril,Cascais,Jardim de Infância,not found,,,"The ""Escola Básica Fausto Cardoso de Figueiredo"" in Estoril, Portugal, is part of the ""Agrupamento de Escolas Ibn Mucana"". Therefore, its official website is likely to be the website for the agrupamento (school cluster) it belongs to.

https://www.ibn-mucana.pt/"
37636,"Escola Básica Ricardo Alberty, São Brás",Casal de São Brás,Amadora,Jardim de Infância,not found,,,"The ""Escola Básica Ricardo Alberty"" is part of the ""Agrupamento de Escolas de Miguel Torga"" in Amadora, Portugal.

The official website for the Agrupamento de Escolas de Miguel Torga is https://agmigueltorga.edu.pt/."
37641,"Escola Básica Prista Monteiro, Lisboa",Carnide,Lisboa,Jardim de Infância,not found,,,"The Escola Básica Prista Monteiro in Carnide, Lisbon, is part of the Agrupamento de Escolas Vergílio Ferreira (AEVF). The official website for this agrupamento, which includes Escola Básica Prista Monteiro, is https://aevf.pt/."
38243,"Escola Básica de Lopas, Agualva",Agualva Cacem,Sintra,Jardim de Infância,not found,,,"The official website for Escola Básica de Lopas, Agualva is https://eblopas.webnode.pt/."
38244,Escola Básica N.º 1 da Bobadela,Bobadela,Loures,Jardim de Infância,not found,,,"The official website for ""Escola Básica N.º 1 da Bobadela"" is part of the ""Agrupamento de Escolas da Bobadela"" and can be found at: https://sites.google.com/a/aebobadela.pt/agrupamento-de-escolas-da-bobadela2/."
38246,Escola Básica de Lombos,Carcavelos,Cascais,Jardim de Infância,not found,,,"Escola Básica de Lombos in Carcavelos, Portugal, is part of the Agrupamento de Escolas de Carcavelos (School Group of Carcavelos). While there isn't a dedicated, independent official website for Escola Básica de Lombos, information about it can be found through the Agrupamento de Escolas de Carcavelos.

The official website for the Agrupamento de Escolas de Carcavelos is: https://www.aecarcavelos.com/"
38250,Escola Básica N.º 2 de Monte Abraão,Monte Abraão,Sintra,Jardim de Infância,not found,,,"The official website for Escola Básica N.º 2 de Monte Abraão appears to be part of the Agrupamento de Escolas Ruy Belo.

https://ruybelo.pt/escola-eb-1-ji-de-monte-abraao-2/"
38280,JI/ EB1 da Rebelva,Carcavelos,Cascais,Jardim de Infância,not found,,,The official website for JI/EB1 da Rebelva is part of the Agrupamento de Escolas de Carcavelos. The direct link to the Agrupamento's website is aecarcavelos.com.
38307,Jardim de Infância o Palhaço Azul,Caneças,Odivelas,Jardim de Infância,https://www.palhacoazul.com,,,www.palhacoazul.com
38308,A Escolinha da Aldeia,Carcavelos,Cascais,Jardim de Infância,not found,,,"""A Escolinha da Aldeia"" in Carcavelos, Portugal, does not appear to have an independent official website. Information about the institution is primarily found on directory-style websites or listings of educational establishments. They can be contacted via email at aescolinhadaaldeia@gmail.com or mariaeduardamarques91@gmail.com, and by phone at 214580419."
38309,Colégio Dim Dam Dum,Mem Martins,Sintra,Jardim de Infância,not found,,,"""not found"""
38311,Colégio Place4all,Lisboa,Lisboa,Jardim de Infância,not found,,,"The official website for ""Colégio Place4all"" in Lisboa, Portugal is https://colegioplace4all.com/."
38312,Duende Mágico,Odivelas,Odivelas,Jardim de Infância,not found,,,"The official website for ""Duende Mágico"" in Odivelas, Portugal, is not found. However, information shows that their email is geral@duendemagico.pt."
38313,Jardim de Infância a Estrelinha Amarela,Pirescoxe,Loures,Jardim de Infância,http://www.aestrelinhaamarela.pt/,,,http://www.aestrelinhaamarela.pt/
38314,Jardim de Infância Estrelas de Luz,Amadora,Amadora,Jardim de Infância,not found,,,"Not found.

While ""Jardim de Infância Estrelas de Luz"" in Amadora, Portugal, is listed in several directories with contact information, an official, standalone website for the institution was not found in the search results. The available information indicates it is a private, for-profit entity providing pre-school education."
38319,Tesouros e Aventuras,Queluz,Sintra,Jardim de Infância,not found,,,"Based on the search results, an official website for ""Tesouros e Aventuras"" in Queluz, Portugal, was not found. While several listings provide contact information like email addresses and phone numbers, and some mention a Facebook page, a direct official website URL is not present in the search results.

not found"
38753,Escola Básica de Casal Novo,Casal Novo,Gavião,Jardim de Infância,not found,,,"It appears there are multiple schools named ""Escola Básica de Casal Novo"" in Portugal.

For ""Escola Básica do Casal Novo"" in Lourinhã, which is part of the Agrupamento de Escolas da Lourinhã, a search for its website indicates ""Not found"". However, it does provide an email address: info@eb1-casal-novo-lourinha.rcts.pt. This school offers pre-school and 1st cycle basic education.

There is also an ""Escola Básica de Casal Novo"" in Leiria. One source provides an email address: info@eb1-casal-novo.rcts.pt and lists the address as Rua da Escola, 2400 766 Leiria. Another source for a school in Leiria (specifically in Amor, Leiria) gives the email eb1.casalnovoamor@escolas.min-edu.pt.

Given the information, an official, independent website for ""Escola Básica de Casal Novo"" in Casal Novo, Portugal (Lourinhã or Leiria) cannot be definitively provided. The school in Lourinhã is part of a larger school group, and its individual website is listed as ""not found"". The school in Leiria has email contacts but no clear official website.

not found"
39097,Jardim de Infância Casal dos Sonhos,Amadora,Amadora,Jardim de Infância,not found,,,not found
39202,JI Alzira Beatriz Pacheco,Póvoa de Santo Adrião,Odivelas,Jardim de Infância,not found,,,"The ""JI Alzira Beatriz Pacheco"" in Póvoa de Santo Adrião, Portugal, does not appear to have its own independent official website. It is part of the Agrupamento de Escolas Pedro Alexandrino (Pedro Alexandrino School Cluster).

Information about the Jardim de Infância Alzira Beatriz Pacheco can be found on the website of the Câmara Municipal de Odivelas (Municipality of Odivelas)."
1811,Creche Nossa Senhora Anjos,Cabeço de Vide,Fronteira,Creche,not found,,,"The ""Creche Nossa Senhora Anjos"" in Cabeço de Vide, Portugal, is part of the Santa Casa da Misericórdia de Cabeço de Vide. While the Santa Casa da Misericórdia de Cabeço de Vide has a website, the creche itself does not appear to have a dedicated, separate official website. The relevant information about the creche is available on the Santa Casa da Misericórdia de Cabeço de Vide's section of the Junta de Freguesia de Cabeço de Vide website.

Therefore, the most relevant URL is: not found"
1817,Centro Infantil Nossa Senhora Vila Velha,Fronteira,Fronteira,Creche e Jardim de Infância,not found,,,not found
1825,Creche Nossa Senhora Graça,Cano,Sousel,Creche,not found,,,"The ""Creche Nossa Senhora Graça"" in Cano, Portugal is part of the Santa Casa da Misericórdia do Cano. While there isn't a dedicated website specifically for the ""Creche Nossa Senhora Graça,"" the Santa Casa da Misericórdia do Cano can be contacted via email at misericordiacano@gmail.com or by phone at 268549613.

Therefore, a direct official website for ""Creche Nossa Senhora Graça"" in Cano, Portugal, was not found."
1828,Equip Soc da Santa Casa da Misericórdia de Sousel,Sousel,Sousel,Creche e Jardim de Infância,https://www.scmsousel.pt,yes,combined tipo — may have split pages,"The official website for ""Equip Soc da Santa Casa da Misericórdia de Sousel"" is www.scmsousel.pt."
1835,Jardim de Infância Nossa Senhora Conceição,Montargil,Ponte de Sor,Creche e Jardim de Infância,not found,,,"The ""Jardim de Infância Nossa Senhora Conceição"" in Montargil, Portugal, is operated by the Santa Casa da Misericórdia de Montargil. Their official website is https://www.scmmontargil.com/."
1841,Centro Paroquial Assistência Castelo Vide,Castelo de Vide,Entroncamento,Creche e Jardim de Infância,not found,,,"The official website for ""Centro Paroquial Assistência Castelo Vide"" is not explicitly listed as a direct URL in the search results. However, there is a page that appears to be part of their website where their ""Relatório e Contas"" (Report and Accounts) are published. There is also a page with information about the institution and its services, which seems to be part of the same website.

Based on the search results, the closest to an official website or a significant portion of it seems to be: https://vertexaisearch.cloud.google.com/grounding-api-redirect/AUZIYQG3CBI2DN7v_0uVB2DDgPZdtG8oylMscxomjGyM6RuEWvBXse6O447MVu0jk-qiofUaZE6mguoI4uFKZpU8oXqKDJwZRONjohvTEJXqWFfm_cS7Eyms6jEFGRRhdpee"
1848,Jardim de Infância Centro Bem Estar Social Arronches,Arronches,Arronches,Creche e Jardim de Infância,not found,,,"The ""Jardim de Infância Centro Bem Estar Social Arronches"" is part of the ""Centro de Bem-Estar Social de Arronches"". The official website for the ""Centro de Bem-Estar Social de Arronches"" is www.cbesarronches.com."
1860,Centro Infantil Vila Boim,Vila Boim,Viana do Castelo,Creche e Jardim de Infância,not found,,,"The ""Centro Infantil Vila Boim"" is part of the ""Associação de Assistência de Vila Boim"". The official website for the Associação de Assistência de Vila Boim, which includes information about the childcare institution, is https://aavb.pt/."
1862,Jardim de Infância Semi-Internato Nossa Senhora Encarnação,Elvas,Elvas,Creche e Jardim de Infância,not found,,,The official website for Jardim de Infância Semi-Internato Nossa Senhora Encarnação is www.concepcionistas.pt.
1863,Jardim de Infância Semi-Internato Nossa Senhora Encarnação - Anexo,Elvas,Elvas,Creche e Jardim de Infância,not found,,,"The ""Jardim de Infância Semi-Internato Nossa Senhora Encarnação - Anexo"" is part of the Semi-Internato Nossa Senhora da Encarnação (SINSE), which belongs to the Congregação das Irmãs Concepcionistas ao Serviço dos Pobres.

The official website for the Congregação das Irmãs Concepcionistas is www.concepcionistas.pt. On this site, under ""Obras,"" you can find information about the ""Portugal | Elvas | SINSE Semi Internato N.Srª da Encarnação"".

It's important to note that the ""Anexo"" specifically refers to one of the two operational spaces of SINSE, located at Rua de Timor in Elvas, while the main SINSE Sede is on Rua Francisco da Silva.

www.concepcionistas.pt"
1865,Obra de Santa Zita - Portalegre,Portalegre,Portalegre,Creche e Jardim de Infância,https://www.osz.pt/centros-osz/portalegre/,yes,combined tipo — may have split pages,"The official website for ""Obra de Santa Zita - Portalegre"" is part of the larger ""Obra de Santa Zita"" institution, and the specific page for the Portalegre center is: https://www.osz.pt/centros-osz/portalegre/."
1868,Centro Social e Jardim Infantil de São Cristóvão,Portalegre,Portalegre,Creche e Jardim de Infância,not found,,,https://vertexaisearch.cloud.google.com/grounding-api-redirect/AUZIYQGBS0EXPyFQOhL4LAx28DPv4AJbppLFIhTMYj-t8cfTusa2eojvZZoxLSao0zes_Kwzd9FjQZ6ytvLDMOmaMka1fRZ88HAWHCkb2ywf6botYgaB8I0333-iyXDCdwyv
1889,Centro de Bem Estar Social da Freguesia de Urra,Portalegre,Portalegre,Creche e Jardim de Infância,https://cbesocialurra.pt,yes,combined tipo — may have split pages,cbesocialurra.pt
1899,Centro Dia Betânia-Campo Maior,Campo Maior,Campo Maior,Creche,not found,,,"The ""Centro Dia Betânia-Campo Maior"" in Campo Maior, Portugal, does not appear to have a standalone official website. However, it is an institution of the Santa Casa da Misericórdia de Campo Maior.

You can find information about ""Centro de Dia Betânia"" on the Santa Casa da Misericórdia de Campo Maior website."
1908,"""O Cantinho""",Elvas,Viana do Castelo,Creche,not found,,,"""O Cantinho"" in Elvas, Portugal is listed as a childcare institution (Infantários e Creches) in Elvas. However, an official website specifically for ""O Cantinho"" in Elvas was not found among the search results. The results show other institutions with similar names or ""O Cantinho"" referring to different types of businesses or locations.

not found"
1986,Obra de Santa Zita - Elvas,Elvas,Elvas,Creche e Jardim de Infância,not found,,,"The official website for Obra de Santa Zita is www.osz.pt. This website provides information for the institution as a whole, which has multiple centers, including one in Elvas."
16043,Centro Social Diocesano de Santo António,Portalegre,Portalegre,Creche e Jardim de Infância,not found,,,"The official website for ""Centro Social Diocesano de Santo António"" in Portalegre, Portugal, was not found. While several listings provide contact information and details about their services, a dedicated official website is not present in the search results."
18148,Creche da Santa Casa da Misericórdia de Monforte,Monforte,Monforte,Creche,https://www.scmmonforte.pt,,,"The official website for ""Creche da Santa Casa da Misericórdia de Monforte"" is www.scmmonforte.pt."
28328,"Associação Cresce ao Sol - Creche, Pré-Escolar e CATL",Ponte de Sor,Ponte de Sor,Creche e Jardim de Infância,https://acresceaosol.webnode.pt,yes,combined tipo — may have split pages,"The official website for ""Associação Cresce ao Sol - Creche, Pré-Escolar e CATL"" in Ponte de Sor, Portugal is acresceaosol.webnode.pt."
32904,Creche do Lar Nossa Senhora da Graça de Póvoa e Meadas,Póvoa e Meadas,Castelo de Vide,Creche,https://www.larpovoaemeadas.pt/,,,https://www.larpovoaemeadas.pt/
34121,Os Pupilos,Elvas,Elvas,Creche,not found,,,"The official website for ""Os Pupilos"" in Elvas, Portugal is part of the ""Associação Pedagógica Aqueduto"" website: https://associacaopedagogicaaqueduto.wordpress.com."
29831,Jardim de Infância de Monforte,Monforte,Monforte,Jardim de Infância,not found,,,"The ""Jardim de Infância de Monforte"" is part of the Agrupamento de Escolas de Monforte (School Group of Monforte).

The official website for the Agrupamento de Escolas de Monforte is: https://aemonforte.edu.gov.pt/"
29832,Jardim de Infância de Assumar,,Monforte,Jardim de Infância,not found,,,"The ""Jardim de Infância de Assumar"" in Monforte, Portugal, is part of the Agrupamento de Escolas de Monforte (School Group of Monforte). The official website for the Agrupamento de Escolas de Monforte, which includes information about the Jardim de Infância de Assumar, is https://agvmonforte.webnode.pt."
29905,Jardim de Infância de Vaiamonte,,Monforte,Jardim de Infância,not found,,,"The ""Jardim de Infância de Vaiamonte"" is part of the Agrupamento de Escolas de Monforte. While there isn't a dedicated website solely for the Jardim de Infância de Vaiamonte, information about it can be found on the Agrupamento de Escolas de Monforte website.

Therefore, the official website is: https://aemonforte.edu.gov.pt/"
30850,Escola Básica de Atalaião,Portalegre,Portalegre,Jardim de Infância,not found,,,"The Escola Básica de Atalaião in Portalegre, Portugal, does not have an independent official website. It is part of the Agrupamento de Escolas José Régio (José Régio School Group) in Portalegre.

You can find information about Escola Básica de Atalaião on the Agrupamento de Escolas José Régio website: https://www.aejrp.pt/"
31029,Escola Básica C/ J.i. de São Vicente,S. Vicente,Elvas,Jardim de Infância,not found,,,"Several institutions in Portugal share the name ""São Vicente"" in their titles, making it difficult to pinpoint the exact official website without more specific identifying information.

However, based on the search results, here are a few possibilities and their associated websites:

*   **Creche São Vicente:** This institution explicitly mentions a ""Jardim de Infância S. Vicente"" (São Vicente Kindergarten) that caters to children aged 3 to 6. Their website is:
    *   **https://www.crechesaovicente.pt/**

*   **Escola Básica e Secundária com Pré-Escolar e Creche Dona Lucinda Andrade:** Located in São Vicente, Madeira, this school includes pre-school and creche facilities.
    *   **www.ebsdla.com.pt**

*   **EB1/PE e Creche de São Vicente:** This school in the municipality of São Vicente, RAM (Madeira), also includes creche and pre-school. However, a direct website for this specific entity was not found, but it is part of the ""Escola Digital"" initiative.

Without further clarification on the exact location (e.g., island or mainland Portugal) or a more specific institutional identifier, it's not possible to definitively provide a single ""official website"" for ""Escola Básica C/ J.i. de São Vicente"" from the provided information."
31030,"Jardim de Infância de Terrugem, Elvas",Terrugem,Viana do Castelo,Jardim de Infância,not found,,,"The official website for ""Jardim de Infância de Terrugem, Elvas"" is not found. However, information about the institution indicates that it is part of the Agrupamento de Escolas nº3 de Elvas.

The contact details for Jardim de Infância de Terrugem, Elvas are:
*   Address: Ramal Laranjeiras, 7350-491 Elvas, Portugal.
*   Phone: +351 268 657 354.
*   Email: agv.vboim@drealentejo.pt."
31237,Jardim de Infância de Alcáçova,Elvas,Elvas,Jardim de Infância,not found,,,"The Jardim de Infância de Alcáçova in Elvas, Portugal, does not appear to have a standalone official website. However, it is part of the Agrupamento de Escolas n.º 1 de Elvas.

You can find information about the Jardim de Infância de Alcáçova on the Agrupamento N.º 1 de Elvas website:
https://ag1elvas.pt/"
31238,Escola Básica das Fontainhas,Elvas,Elvas,Jardim de Infância,not found,,,"Escola Básica das Fontainhas in Elvas, Portugal, is part of the Agrupamento de Escolas N.º 1 de Elvas. The official website for this agrupamento (group of schools) is https://ag1elvas.pt/.

It's important to note that some search results might show other ""Escola Básica das Fontainhas"" in different locations like Póvoa de Varzim or Albufeira, but the one you are looking for is in Elvas."
31547,Jardim de Infância de Santo Amaro,Santo Amaro,Sousel,Jardim de Infância,not found,,,"A search for ""Jardim de Infância de Santo Amaro"" reveals a few different institutions with similar names in different locations in Portugal.

**Creche Jardim Infantil de Santo Amaro (CJISA)** in Lisbon has an official website:
https://cjisa.wixsite.com/crechejardiminfantil

There is also a ""Jardim de Infância de Santo Amaro"" associated with the **Centro Social Paroquial de Oeiras** located in Oeiras, whose website is:
http://www.cspo.com.pt/

Finally, a ""Jardim de Infância de Santo Amaro"" in Sousel is associated with the Agrupamento de Escolas de Sousel, but no direct website for the Jardim de Infância itself was found.

Given the request for ""Jardim de Infância de Santo Amaro"" in Santo Amaro, Portugal, and the commonality of the name, it's difficult to pinpoint one definitive ""official"" website without further clarification on the specific location within ""Santo Amaro, Portugal"" as there are multiple places named Santo Amaro.

However, the most relevant and clearly identifiable website for a ""Jardim de Infância de Santo Amaro"" that explicitly states its full name and location (Lisbon, which has a Santo Amaro area) is the Creche Jardim Infantil de Santo Amaro (CJISA).

https://cjisa.wixsite.com/crechejardiminfantil"
31728,Jardim de Infância de Cunheira,Cunheira,Alter do Chão,Jardim de Infância,not found,,,"""Jardim de Infância de Cunheira"" is located in Alter do Chão, Portugal. While contact information like a phone number (245697368) and address (Largo Fontes Pereira de Melo, 7440-251 Alter do Chão or Largo da Estação, nº 75, 7440-251 Cunheira) are available, an official website for the institution was not found in the search results."
31840,"Escola Básica de Foros de Arrão de Cima, Ponte de Sôr",Foros do Arrão,Ponte de Sor,Jardim de Infância,not found,,,"The Escola Básica de Foros de Arrão de Cima, Ponte de Sôr is part of the Agrupamento de Escolas de Ponte de Sor (Schools Group of Ponte de Sor). The official website for the Agrupamento de Escolas de Ponte de Sor is https://www.aeps.pt."
31843,"Escola Básica N.º 2 de Montargil, Ponte de Sôr",Montargil,Ponte de Sor,Jardim de Infância,not found,,,"The ""Escola Básica N.º 2 de Montargil, Ponte de Sôr"" is part of the Agrupamento de Escolas de Ponte de Sor (Schools Group of Ponte de Sor). The official website for the Agrupamento de Escolas de Ponte de Sor is aeps.pt."
31845,"Escola Básica de Longomel, Ponte de Sôr",Longomel,Ponte de Sor,Jardim de Infância,not found,,,not found
32288,Escola Básica da Urra,Urra,Portalegre,Jardim de Infância,not found,,,"While ""Escola Básica da Urra"" is mentioned in several search results as a school in Urra, Portugal, it appears to be part of the ""Agrupamento de Escolas José Régio, Portalegre"". The Agrupamento de Escolas José Régio has an official website, but there isn't a distinct official website specifically for ""Escola Básica da Urra"" itself. Some results link to a blog or page within a larger educational portal.

Therefore, a direct official website for ""Escola Básica da Urra"" was not found."
32303,Escola Básica e Secundária de Gavião,Gavião,Gavião,Jardim de Infância,https://agrupamentoverticalgaviao.pt,,,"The official website for ""Escola Básica e Secundária de Gavião"" is part of the ""Agrupamento de Escolas de Gavião"". The URL is: https://agrupamentoverticalgaviao.pt"
32507,"Escola Básica e Secundária Padre Joaquim Maria Fernandes, Sousel - Jardim de Infância de Sousel",Sousel,Sousel,Jardim de Infância,not found,,,"The ""Escola Básica e Secundária Padre Joaquim Maria Fernandes, Sousel - Jardim de Infância de Sousel"" is part of the ""Agrupamento de Escolas de Sousel"" (Schools Group of Sousel).

The official website for the ""Agrupamento de Escolas de Sousel"" is not explicitly found in the search results. However, there are multiple mentions of the ""Santa Casa da Misericórdia de Sousel"" which operates a ""Jardim de Infância"" (Kindergarten) in Sousel, and its website has information about the Jardim de Infância.

The closest to an official website for a ""Jardim de Infância de Sousel"" that appears to be related to the Santa Casa da Misericórdia de Sousel is: https://vertexaisearch.cloud.google.com/grounding-api-redirect/AUZIYQHdLODTCZNFzwV6qu45fLm2XQeY9eMBgQwKHYRntvgYKYkHo1O25Q_ND6FGjY6MIJF3eq0v34BLlAne2nZlMqyQYrnpKg-qGhzxomH3K4kH2yfU8-9FRrLarAXrl8tDEpK6_Rlf63sHOY-dCgA8eB0GnOnNjRrO (This URL redirects to the Santa Casa da Misericórdia de Sousel website)."
32508,"Escola Básica de Cano, Sousel - Jardim de Infância de Cano",Cano,Sousel,Jardim de Infância,not found,,,http://www.eb1-cano.rcts.pt
33416,EB1/JI de Raposeira,Elvas,Elvas,Jardim de Infância,not found,,,"EB1/JI de Raposeira in Elvas, Portugal, is part of the Agrupamento de Escolas N.º 1 de Elvas. Its official website is https://ag1elvas.pt/."
35306,Escola Básica Ana Maria Ferreira Gordo,Crato,Crato,Jardim de Infância,not found,,,The official website for Escola Básica Ana Maria Ferreira Gordo is part of the Agrupamento de Escolas do Crato (Schools Group of Crato). The URL for their website is http://aecrato.drealentejo.pt.
35308,Escola Básica de Cabeço de Vide,Cabeço de Vide,Fronteira,Jardim de Infância,not found,,,https://www.moodle.agrupamentoescolasfronteira.pt/moodle30/
35339,Escola Básica de Castelo de Vide,Castelo de Vide,Castelo de Vide,Jardim de Infância,not found,,,"The official website for ""Escola Básica de Castelo de Vide"" is part of the ""Agrupamento de Escolas de Castelo de Vide"" (School Group of Castelo de Vide). The URL is: https://www.escola-cvide.net/."
35340,Jardim de Infância de Póvoa e Meadas,Castelo de Vide-Nossa Senhora da G,Castelo de Vide,Jardim de Infância,not found,,,not found
35341,"Escola Básica de Ammaia, Portagem",São Salvador da Aramenha,Marvão,Jardim de Infância,not found,,,"The Escola Básica de Ammaia in Portagem, São Salvador da Aramenha, is the main school of the Agrupamento de Escolas de Marvão (School Grouping of Marvão). Therefore, its official website is the website for the Agrupamento de Escolas de Marvão.

https://www.aemarvao.pt/"
35342,Escola Básica Dr. Manuel Magro Machado,Santo António das Areias,Marvão,Jardim de Infância,not found,,,"The ""Escola Básica Dr. Manuel Magro Machado"" in Santo António das Areias, Portugal, is part of the Agrupamento de Escolas de Marvão. Therefore, its official information, including contact details and related news, can be found on the Agrupamento de Escolas de Marvão website.

https://agrupamento-de-escolas-de-marvao.webnode.pt/"
35356,Jardim de Infância de Alpalhão,Alpalhão,Nisa,Jardim de Infância,not found,,,"The ""Jardim de Infância de Alpalhão"" is part of the Agrupamento de Escolas de Nisa (Nisa School Grouping). While there isn't a dedicated website solely for the Jardim de Infância de Alpalhão, information about it can be found on the Agrupamento de Escolas de Nisa's website.

Here is the URL for the Agrupamento de Escolas de Nisa, which includes information on the Jardim de Infância de Alpalhão: https://vertexaisearch.cloud.google.com/grounding-api-redirect/AUZIYQECSg1d3J_TESBnXgn8uqWRmMXJ2iuI OYQFVyQxRCkLVS20VtQy0LBRPKCnIZGY9hMIiB_JEQ1nVwOa9yuV-_1HNvnY7OZccTv0zfeFKHiGG2ayViVRPEjkH1AdKsAsUu1eFvR_d2Jqf5lcMuDkcfEfHUD2nwVAdFbkIC_aIuyBYtSq3"
35358,Escola Básica de Alcôrrego,Alcórrego,Avis,Jardim de Infância,not found,,,http://ebi-alcorrego.rcts.pt
35360,Jardim de Infância de Revoltilho,Elvas,Elvas,Jardim de Infância,not found,,,"The official website for ""Jardim de Infância de Revoltilho"" in Elvas, Portugal is part of the ""Agrupamento de Escolas de Santa Luzia"".

Here is the URL: https://www.aesantaluzia.pt/jardim-de-infancia-do-revoltilho/"
35363,Jardim de Infância de Malvar,Elvas,Elvas,Jardim de Infância,not found,,,"The ""Jardim de Infância de Malvar"" is part of the Agrupamento de Escolas de Santa Luzia (School Group of Santa Luzia). The official website for this institution is: https://www.aesantaluzia.pt/jardim-de-infancia-de-malvar"
35364,Centro Escolar Comendador Rui Nabeiro,Campo Maior,Entroncamento,Jardim de Infância,not found,,,"The ""Centro Escolar Comendador Rui Nabeiro"" in Campo Maior, Portugal, is part of the ""Agrupamento de Escolas de Campo Maior"" (School Group of Campo Maior).

While there isn't a dedicated official website solely for ""Centro Escolar Comendador Rui Nabeiro,"" you can find information related to it through:

*   **Mapa Social:** This platform lists the institution with contact details (address, phone, emails) and mentions its proprietorship by the ""Agrupamento de Escolas de Campo Maior.""
*   **Portalegre Online:** This site also provides contact information and categorizes it as a school.

It appears to be a public educational institution rather than a private childcare facility with its own independent website. The ""Campus > Centro de Conhecimento Comendador Rui Nabeiro"" and ""Centro Internacional Comendador Rui Nabeiro (CICRN)"" are related to the Grupo Nabeiro-Delta Cafés and focus on professional training and development, not the childcare institution you are looking for.

Therefore, a direct official website for ""Centro Escolar Comendador Rui Nabeiro"" is not found."
37642,Escola Básica de Alter do Chão,Alter do Chão,Alter do Chão,Jardim de Infância,not found,,,"The ""Escola Básica de Alter do Chão"" is part of the ""Agrupamento de Escolas de Alter do Chão"". The official website for the Agrupamento de Escolas de Alter do Chão, which includes the Escola Básica, is a Facebook page. Additionally, there's a website for the ""Centro Escolar de Alter do Chão"" which houses the Kindergarten and 1st Cycle of basic education.

https://www.facebook.com/beagrupamentoalterdochao/"
37643,"Escola Básica de Ervedal, Avis",Ervedal,Oliveira do Hospital,Jardim de Infância,not found,,,"The Escola Básica de Ervedal, Avis is part of the Agrupamento de Escolas de Avis (School Group of Avis).

The official website for the Agrupamento de Escolas de Avis, which includes the Escola Básica de Ervedal, Avis, is aeavis.pt."
2601,Abrigo Côrte Real- Obra de Nossa Senhora das Candeias,Porto,Porto,Creche e Jardim de Infância,https://www.onscandeias.pt,yes,combined tipo — may have split pages,"The official website for ""Abrigo Côrte Real- Obra de Nossa Senhora das Candeias"" is part of the larger institution ""Obra de Nossa Senhora das Candeias"" and can be found at www.onscandeias.pt."
2604,Equip. Soc. Associação de Solidariedade Social - O Amanhã da Criança,Aguas Santas,Maia,Creche e Jardim de Infância,not found,,,www.acrianca.pt
2654,Equip. Soc. Centro Social Paroquial da Vila de Alpendurada,"Alpendorada, Várzea e Torrão",Marco de Canaveses,Creche,not found,,,https://centro-social-paroq.webnode.pt/
2666,Centro de Animação à Infância de Vermoim,Maia,Maia,Creche e Jardim de Infância,not found,,,"The official website for ""Centro de Animação à Infância de Vermoim"" is part of the Santa Casa da Misericórdia da Maia website: https://www.misericordiadamaia.com/centro-de-animacao-de-infancia-de-vermoim."
2667,Creche Jardim de Infância Catassol,Maia,Maia,Creche e Jardim de Infância,not found,,,"The official website for ""Creche Jardim de Infância Catassol"" in Maia, Portugal is not found. However, it is part of the Santa Casa da Misericórdia da Maia. You can find information about it on the Santa Casa da Misericórdia da Maia website, and the email address for the institution is infantario.catassol@misericordiadamaia.com."
2668,Creche Jardim de Infância São Pedro Fins,São Pedro Fins,Maia,Creche e Jardim de Infância,not found,,,"The ""Creche Jardim de Infância São Pedro Fins"" is one of 14 childcare establishments operated by the Santa Casa da Misericórdia da Maia. The official website for the Santa Casa da Misericórdia da Maia, which includes information on the São Pedro Fins creche, is not directly provided in the search results. However, an email address associated with the institution is infantario.spedrofins@misericordiadamaia.com. Another search result provides the email general@misericordiadamaia.com.

Not found."
2669,Centro Social José Moreira da Silva e Lucinda Alves Silva,Maia,Monção,Creche e Jardim de Infância,https://jf-moreira.pt,yes,combined tipo — may have split pages,"The official website for ""Centro Social José Moreira da Silva e Lucinda Alves Silva"" in Maia, Portugal, was not found. However, information indicates that this institution houses a Creche (nursery) and Pre-School, and also integrates the Centro de Dia da Guarda, which supports the elderly. The institution has been operating since 1986.

Contact information for the ""Centro Social das Guardeiras,"" which is integrated into the ""Centro Social José Moreira da Silva e de Lucinda Alves da Silva,"" includes the phone number 229 478 400 and the email address geral@jf-moreira.pt. This email address belongs to the Junta de Freguesia de Moreira - Maia, suggesting a close relationship or oversight by the local parish council."
2684,Centro Infantil de Matosinhos,Matosinhos,Matosinhos,Creche e Jardim de Infância,not found,,,"The official website for Centro Infantil de Matosinhos is not found. However, there are directory listings that provide contact information and details about the institution. Some listings indicate that the institution's email is tesouraria@scmbjm.pt or geral@scmbjm.pt. The Centro Infantil de Matosinhos is also associated with the ""Irmandade Da Santa Casa Da Misericórdia Do Bom Jesus De Matosinhos""."
2685,Creche e Jardim de Infância da Biquinha,Matosinhos,Matosinhos,Creche e Jardim de Infância,not found,,,"The ""Creche e Jardim de Infância da Biquinha"" in Matosinhos, Portugal, is part of the Santa Casa da Misericórdia do Bom Jesus de Matosinhos.

The official website for the Santa Casa da Misericórdia do Bom Jesus de Matosinhos, which includes information about the Creche e Jardim de Infância da Biquinha, is: not found"
2686,"Jardim de Infância, Creche e ATL o Paraíso",Matosinhos,Matosinhos,Creche e Jardim de Infância,not found,,,"The official website for ""Jardim de Infância, Creche e ATL o Paraíso"" is part of the Santa Casa da Misericórdia do Bom Jesus de Matosinhos website. The direct URL is www.scmbjm.pt."
2694,"Creche, Jardim de Infância e ATL ""Maria do Rosário""",Santa Cruz do Bispo,Santa Cruz,Creche e Jardim de Infância,not found,,,not found
2696,Jardim de Infância Solidariedade Social da Urbanização Nortecoope - Solinorte,São Mamede Infesta,Matosinhos,Creche e Jardim de Infância,https://www.solinorte.pt/,yes,combined tipo — may have split pages,"The official website for ""Jardim de Infância Solidariedade Social da Urbanização Nortecoope - Solinorte"" is https://www.solinorte.pt/."
2740,Creche Jardim de Infância de Pedrouços,Pedrouços,Maia,Creche e Jardim de Infância,not found,,,"The official website for ""Creche Jardim de Infância de Pedrouços"" is www.misericordiadamaia.com."
2741,Infantário Águas Santas I,Águas Santas,Maia,Creche e Jardim de Infância,not found,,,not found
2742,Jardim de Infância de Gondim,Gondim,Maia,Creche e Jardim de Infância,not found,,,not found
2743,Infantário de Crestins,Moreira,Monção,Creche e Jardim de Infância,not found,,,The official website for Infantário de Crestins (also known as Creche de Crestins) is www.misericordiadamaia.com. The institution is owned by Santa Casa da Misericórdia da Maia.
2745,Creche Jardim de Infância de Nogueira,Nogueira,Maia,Creche e Jardim de Infância,not found,,,"It appears there are several institutions with ""Nogueira"" in their name, located in different areas of Portugal. Based on the search results, the ""Creche Jardim de Infância de Nogueira"" is operated by the Santa Casa da Misericórdia da Maia.

Here's the closest to an ""official website"" found for that specific institution:

https://www.misericordiadamaia.pt/creche-pre-escolar-de-nogueira"
2747,Associação para o Desenvolvimento de Lagares,Penafiel,Penafiel,Creche e Jardim de Infância,not found,,,https://adlagares.pt
2749,Equip. Soc. Obra Social Cultural Sílvia Cardoso,Paços de Ferreira,Paços de Ferreira,Creche e Jardim de Infância,https://www.oscsilviacardoso.pt/,yes,combined tipo — may have split pages,https://www.oscsilviacardoso.pt/
2755,"Creche, Jardim de Infância e Lar Maria Viana - SCM de Felgueiras",Felgueiras,Felgueiras,Creche e Jardim de Infância,not found,,,"The ""Creche, Jardim de Infância e Lar Maria Viana - SCM de Felgueiras"" is part of the Santa Casa da Misericórdia de Felgueiras.

The official website for the Santa Casa da Misericórdia de Felgueiras, which includes information about the Creche, Jardim de Infância e Lar Maria Viana, is: https://misericordiafelgueiras.pt"
2765,Jardim de Infância da Associação de Promoção Social do Calvário,Valongo,Póvoa de Lanhoso,Creche e Jardim de Infância,not found,,,"The official website for ""Jardim de Infância da Associação de Promoção Social do Calvário"" is not found. However, there is an official website for the ""Associação de Promoção Social do Calvário"", which is the owning entity of the childcare institution.

You can find more information about the ""Associação de Promoção Social do Calvário"" at: https://www.associacaopromocaosocialcalvario.org/"
2767,Equip. Soc. Centro Social e Cultural de Valbom,Gondomar,Gondomar,Creche,https://www.centrosocialvalbom.org,,,https://www.centrosocialvalbom.org
2778,Jardim de Infância Centro Social Cultural e Recreativo Arvorense,Vila do Conde,Vila do Conde,Creche e Jardim de Infância,not found,,,not found
2780,Centro Social da Paróquia de Beiriz,Beiriz,Póvoa de Varzim,Creche e Jardim de Infância,not found,,,not found
2782,Creche e Jardim de Infância Novo Mundo do Centro Social Paroquial de Navais,Póvoa de Varzim,Almeida,Creche,https://www.cspnavais.com,,,"The official website for ""Creche e Jardim de Infância Novo Mundo do Centro Social Paroquial de Navais"" is www.cspnavais.com."
2783,Equip. Soc. Centro Social Paroquial de Terroso,Terroso,Póvoa de Varzim,Creche,https://www.cspterroso.pt,,,www.cspterroso.pt
2786,Infantário D. Victória Graça Andrade Ferreira,Vila do Conde,Vila do Conde,Creche,not found,,,"Based on the search results, the official website for ""Infantário D. Victória Graça Andrade Ferreira"" is likely part of the `infantariodvictoria.pt` domain. One of the search results explicitly states ""www.infantariodvictoria.pt"" as the website for the institution. Additionally, several other results point to pages within the `infantariodvictoria.pt` domain as associated with the institution.

infantariodvictoria.pt"
2787,Centro Social Paroquial de Santa Marinha,Vila Nova de Gaia,Vila Nova de Gaia,Creche,not found,,,"The official website for ""Centro Social Paroquial de Santa Marinha"" in Vila Nova de Gaia, Portugal is part of the ""Centro Social Paroquial da Igreja do Senhor da Vera Cruz do Candal"" and can be found at:

https://candal.eu/csp-santa-marinha/"
2790,Creche Lar da Criança,Vila Nova de Gaia,Vila Nova de Gaia,Creche,https://candal.eu,,,"I could not find an official website specifically for ""Creche Lar da Criança"" in Vila Nova de Gaia. The institution is associated with the ""Centro Social Paroquial da Igreja do Senhor da Vera Cruz do Candal"" or ""Centro Social Paroquial da Madalena"".

While direct websites for the creche were not found, here's some related information:
*   **Email:** geral@candal.eu
*   **Phone:** 227139826
*   **Address:** Rua Manuel Lopes Fortuna Júnior, 70, 4405-759 Vila Nova de Gaia.

It is listed as accepting ""Coverflex Infância,"" a social voucher for childcare expenses."
2800,Jardim de Infância Associação Social Recreativa e Cultural Trrim Trrim,Vila Nova de Gaia,Vila Nova de Gaia,Creche e Jardim de Infância,https://www.trrimtrrim.pt,yes,combined tipo — may have split pages,"The official website for ""Jardim de Infância Associação Social Recreativa e Cultural Trrim Trrim"" in Vila Nova de Gaia, Portugal, is www.trrimtrrim.pt."
3604,Equip. Soc. Associação de Protecção à Terceira Idade - Af Vila Cova,Vila do Conde,Vila do Conde,Creche e Jardim de Infância,not found,,,"The official website for ""Equip. Soc. Associação de Protecção à Terceira Idade - Af Vila Cova"" in Vila do Conde, Portugal is https://vertexaisearch.cloud.google.com/grounding-api-redirect/AUZIYQGEUEYlwaB5GOwBFIOEUWtEHd0Bxy-QtXyjGUPj5kvDLypx4w78mkG1oOogFuJpT1MJezXSYn1BKqIF678bIKK-2rxgDy5jeX8VxvZ9R8ZT2AO80w==."
3605,Centro Social de Fajozes,Fajozes,Vila do Conde,Creche e Jardim de Infância,not found,,,"The official website for ""Centro Social de Fajozes"" is www.otecto.org."
3612,Jardim Escola - Misericórdia de Azurara,Vila do Conde,Vila do Conde,Creche e Jardim de Infância,not found,,,"Not found. While ""Jardim Escola - Misericórdia de Azurara"" is listed in several directories with contact information like phone numbers and email addresses, an official, standalone website for the institution was not found. The institution is part of the Santa Casa da Misericórdia de Azurara."
3617,Equip. Soc. Centro Social Paroquial da Touguinha,Touguinha,Vila do Conde,Creche,not found,,,not found
3629,Creche do Centro Social e Paroquial da Igreja do Sr. de Vera Cruz do Candal,Vila Nova de Gaia,Vila Nova de Gaia,Creche e Jardim de Infância,https://candal.eu,yes,combined tipo — may have split pages,"The official website for ""Creche do Centro Social e Paroquial da Igreja do Sr. de Vera Cruz do Candal"" is candal.eu."
3644,Jardim de Infância Associação de Beneficência Casas de São Vicente de Paulo,Felgueiras,Felgueiras,Creche e Jardim de Infância,not found,,,"The official website for ""Jardim de Infância Associação de Beneficência Casas de São Vicente de Paulo"" in Felgueiras, Portugal is https://externatofelgueiras.pt."
3656,Equip. Soc. da Santa Casa da Misericórdia de Valongo,Valongo,Valongo,Creche e Jardim de Infância,not found,,,"The official website for ""Equip. Soc. da Santa Casa da Misericórdia de Valongo"" is www.misericordiadevalongo.pt."
3670,Creche e Jardim de Infância da Associação Humanitária Bombeiros Voluntários da Trofa,Trofa,Trofa,Creche e Jardim de Infância,not found,,,https://www.bombeirostrofa.pt/infantario/
3675,Jardim de Infância do Centro Cultural de Solidariedade Social de Guifões,Guifões,Matosinhos,Creche e Jardim de Infância,not found,,,"The official website for ""Jardim de Infância do Centro Cultural de Solidariedade Social de Guifões"" is not found as a direct, standalone website. However, information about the institution and its services, including the ""Jardim de Infância"" (kindergarten), is available through the website of the ""Centro Cultural e de Solidariedade Social de Guifões"" (CCSSG).

You can find details about the institution and its services at: https://vertexaisearch.cloud.google.com/grounding-api-redirect/AUZIYQEQGEhro5mgeGZQyfrN5Qw1UqCYLRO_8G2nf-TML7fxsTzrQvPIOQxmkIV6kE2ZL5AWbO9I49ETmtK6DhpODxpUMQATZPBDGK4sMMg8noQw1XkLqN61mA=="
3678,Infantário de Gondivai - Centro Social Leça do Balio,Leça do Balio,Matosinhos,Creche e Jardim de Infância,not found,,,http://www.centrosocialdelecadobalio.pt/index.php/
3705,Equip. Soc. Centro Social Nossa Senhora Pedra Maria,Varziela,Felgueiras,Creche,not found,,,"The official website for ""Equip. Soc. Centro Social Nossa Senhora Pedra Maria"" is not found. However, there is a page for them within Sensuum, which provides contact information and details about the institution. The Diocese of Porto also lists the center with contact details. Additionally, the institution is mentioned on servicospublicos.pt and in the context of the Felgueiras Social Network."
3708,Creche Nossa Senhora da Conceição,Póvoa do Varzim,Póvoa de Varzim,Creche,not found,,,https://abeneficente.pt/creche/
3709,A Beneficente - Jardim de Infância Monsenhor Pires Quesado,Póvoa de Varzim,Póvoa de Varzim,Creche e Jardim de Infância,https://abeneficente.pt,yes,combined tipo — may have split pages,"The official website for ""A Beneficente - Jardim de Infância Monsenhor Pires Quesado"" is abeneficente.pt."
3710,Centro Social da Sé Catedral,Cedofeita,Porto,Creche e Jardim de Infância,not found,,,"The official website for ""Centro Social da Sé Catedral do Porto"" is www.centrosocial.se-porto.pt."
3712,Infantário Flor de Abril | Benéfica e Previdente,Porto,Porto,Creche e Jardim de Infância,https://www.benefica-previdente.com,yes,combined tipo — may have split pages,"The official website for ""Infantário Flor de Abril | Benéfica e Previdente"" in Porto, Portugal, is part of the Benéfica e Previdente association's website.

https://www.benefica-previdente.com"
3728,Infantário Grande Jardim - Centro Solidareidade Social Santo António das Antas,Vila Nova de Gaia,Vila Nova de Gaia,Creche e Jardim de Infância,not found,,,http://grandejardim.com.pt
3737,Centro Social São Roque da Lameira,Porto,Porto,Creche e Jardim de Infância,https://www.odps.org.pt/area-de-campanha/sao-roque-da-lameira/,yes,combined tipo — may have split pages,"The ""Centro Social São Roque da Lameira"" in Porto, Portugal, is part of the ""Obra Diocesana de Promoção Social"" (ODPS).

Their specific page within the ODPS website is: https://www.odps.org.pt/area-de-campanha/sao-roque-da-lameira/"
3739,Centro Social Fonte de Moura,Porto,Porto,Creche e Jardim de Infância,not found,,,not found
3746,Centro Social do Bairro Rainha Dona Leonor,Porto,Porto,Creche,not found,,,"The ""Centro Social do Bairro Rainha Dona Leonor"" in Porto, Portugal, is one of 12 social centers belonging to the ""Obra Diocesana de Promoção Social"" (ODPS).

The official website for the ODPS, which includes information about Centro Social do Bairro Rainha Dona Leonor, can be found at: https://odps.pt/"
3750,Obra Diocesiana de Promoção Social - Centro Social São João de Deus,Porto,Porto,Creche e Jardim de Infância,not found,,,"The official website for ""Obra Diocesiana de Promoção Social - Centro Social São João de Deus"" in Porto, Portugal is https://www.odps.org.pt/. However, a more direct page specifically for the ""Centro Social São João de Deus"" within the ODPS website is https://www.odps.org.pt/sao-joao-de-deus."
3752,Centro Social do Bairro Carriçal,Porto,Seia,Creche,not found,,,"The official website for ""Centro Social do Bairro Carriçal"" in Porto, Portugal is https://odps.org.pt/espacos-odps/carricais/. This institution is part of the ""Obra Diocesana de Promoção Social"" (ODPS)."
3767,Centro Infantil a Minha Janela,Porto,Porto,Creche,not found,,,not found
3785,Centro Infantil de São Mamede,São Mamede de Infesta,Matosinhos,Creche,not found,,,"The official website for ""Centro Infantil de São Mamede"" in São Mamede de Infesta, Portugal is https://cismi.webnode.page/."
4612,A Toquinha 2,Porto,Porto,Creche,not found,,,"The official website for ""A Toquinha 2"" in Porto, Portugal, is part of ""Colégio do Amial e Toquinha."" The website is: https://vertexaisearch.cloud.google.com/grounding-api-redirect/AUZIYQFicA4p625xIii3b5ZoKCOwMc6TlPHsz-3QX7told2Hl8KxHRBsDguKUtsnrDSMc7XJeUv6IXxE7j6lxKJSY5mXxDPDGaTXSplFH5DfTCucoraMEX-UC52knVL6QrSwXTEzNs=. The institution ""A Toquinha 2"" is located at Praça da República, 202, 4050-498 Santo Ildefonso, Porto."
4613,"Associação das Creches de São Vicente de Paulo - Creche, Pré-Escolar, CATL",Porto,Porto,Creche,not found,,,www.creche-sol.pt
4614,O Popas Creche e Jardim de Infância,Porto,Seia,Creche,not found,,,"The official website for ""O Popas Creche e Jardim de Infância"" in Porto, Portugal is www.infantarioopopas.com."
4618,Jardim de Infância os Rabinos,Porto,Porto,Creche e Jardim de Infância,not found,,,not found
4644,Instituto Municipal Condessa de Lumbrales,Porto,Porto,Creche e Jardim de Infância,not found,,,not found
4659,O Pequerrucho Creche Jardim de Infância,Porto,Porto,Creche,not found,,,not found
4668,Jardim de Infância da Associação de Beneficência Florinhas do Lar,Porto,Porto,Creche e Jardim de Infância,not found,,,"The official website for ""Jardim de Infância da Associação de Beneficência Florinhas do Lar"" in Porto, Portugal is https://florinhasdolar.pt/."
4671,Equipamento Social do Viso,Porto,Porto,Creche e Jardim de Infância,not found,,,"""Equipamento Social do Viso"" in Porto, Portugal, appears to be associated with the ""Associação de Solidariedade e Acção Social de Ramalde"" (ASAS de Ramalde).

The official website for ASAS de Ramalde, which includes information about their various social responses including ""Creche e Pré-Escolar"" (nursery and pre-school), is:

https://www.asasderamalde.pt/"
4680,Centro Social da Paroquia de Gulpilhares,Vila Nova de Gaia,Vila Nova de Gaia,Creche e Jardim de Infância,not found,,,"The official website for ""Centro Social da Paroquia de Gulpilhares"" is https://centrosocialparoquialdegulpilhares.weebly.com."
4681,Jardim de Infância Jean Piaget,Arcozelo,Vila Nova de Gaia,Creche e Jardim de Infância,not found,,,"The ""Jardim de Infância Jean Piaget"" in Arcozelo, Portugal, is part of NucliSol Jean Piaget – Associação para o Desenvolvimento da Criança, a Integração e a Solidariedade. The official website for NucliSol Jean Piaget is https://www.nuclisol.org/."
4683,Jardim de Infância Centro Social de Sandim,Sandim,Vila Nova de Gaia,Creche e Jardim de Infância,not found,,,"The official website for ""Jardim de Infância Centro Social de Sandim"" is part of the Centro Social de Sandim's website, which is: https://centrosocialdesandim.pt/."
4684,Jardim de Infância Centro Social de Candal Marco,Vila Nova de Gaia,Vila Nova de Gaia,Creche e Jardim de Infância,https://www.cscmarco.pt,yes,combined tipo — may have split pages,https://www.cscmarco.pt
4686,Centro Paroquial de S. João Baptista de Canelas,Canelas,Vila Nova de Gaia,Creche e Jardim de Infância,not found,,,not found
4712,Equip. Social Centro Social do Soutelo,Rio Tinto,Gondomar,Creche e Jardim de Infância,https://www.centrosocialsoutelo.org,yes,combined tipo — may have split pages,"The official website for ""Equip. Social Centro Social do Soutelo"" in Rio Tinto, Portugal is www.centrosocialsoutelo.org."
5888,Creche o Patati,Porto,Porto,Creche,not found,,,not found
5908,Creche Jardim de Infância as Formiguinhas,Felgueiras,Felgueiras,Creche e Jardim de Infância,not found,,,not found
5913,A Teia,Valongo,Valongo,Creche e Jardim de Infância,not found,,,"The official website for ""A Teia"" in Valongo, Portugal, is www.ateia.pt."
5915,Jardim de Infância Aniquibébé,Vila Nova de Gaia,Vila Nova de Gaia,Creche e Jardim de Infância,https://www.aniquibebe.pt,yes,combined tipo — may have split pages,www.aniquibebe.pt
5920,Comboio Trolaró,Rio Tinto,Gondomar,Creche,not found,,,not found
5925,"O Coquinhas, Creche, Jardim de Infância e ATL, Lda.",Leça do Balio,Matosinhos,Creche e Jardim de Infância,not found,,,not found
13195,Creche Associação Baptista Ágape,Matosinhos,Matosinhos,Creche e Jardim de Infância,https://www.abagape.org,yes,combined tipo — may have split pages,"The official website for ""Creche Associação Baptista Ágape"" in Matosinhos, Portugal is www.abagape.org."
13205,Centro de Acolhimento de Crianças em Risco da Santa Casa da Misericórdia Vila do Conde,Vila do Conde,Vila do Conde,Creche e Jardim de Infância,not found,,,https://www.scmvc.pt/
13214,Centro Infantil de Santo Tirso,Santo Tirso,Santo Tirso,Creche e Jardim de Infância,not found,,,"I could not find an official website for ""Centro Infantil de Santo Tirso"". The available information indicates it is a public institution associated with the Instituto da Segurança Social (Social Security Institute) and the Portuguese Red Cross. While contact details like phone number and address are provided, a specific official website for the institution itself was not found in the search results."
13218,Equip. Social Centro Social Paroquial de Caxinas,Vila do Conde,Vila do Conde,Creche e Jardim de Infância,https://www.cspcaxinas.org,yes,combined tipo — may have split pages,https://www.cspcaxinas.org
15180,Novo Colégio de Valongo,Valongo,Valongo,Creche e Jardim de Infância,not found,,,"The official website for ""Novo Colégio de Valongo"" is not found in the search results. While several entries provide contact information, including an email address and phone numbers, none of them lead to an official website for the institution itself."
15181,Jardim de Infância a Criança,Valongo,Valongo,Creche e Jardim de Infância,https://www.jiacrianca.pt/,yes,combined tipo — may have split pages,https://www.jiacrianca.pt/
15196,Centro Social em Macieira da Santa Casa da Misericórdia de Vila do Conde,Macieira da Maia–v.conde,Vila do Conde,Creche e Jardim de Infância,not found,,,"The official website for ""Centro Social em Macieira da Santa Casa da Misericórdia de Vila do Conde"" is part of the Santa Casa da Misericórdia de Vila do Conde website. You can find information about the Centro Social em Macieira at:

https://www.scmvc.pt"
15198,Equip. Soc. do Centro Social e Paroquial de Aver-O-Mar,Aver-O-Mar,Póvoa de Varzim,Creche e Jardim de Infância,not found,,,"The official website for ""Equip. Soc. do Centro Social e Paroquial de Aver-O-Mar"" is not found. However, information about the institution can be found on other websites.

The ""Centro Social e Paroquial de Aver-o-Mar"" is a Private Institution of Social Solidarity founded in 1976. It provides social support activities for children, young people, and the elderly, including a kindergarten, créche, day care center, and a residential structure for the elderly.

You can find contact information and details about their services on the ""Mapa Social"" website and the ""C.M. da Póvoa de Varzim"" website. The institution is located at Largo Dr. João Amorim, 76, 4490-021 Aver-O-Mar, Póvoa de Varzim, and their phone number is 252 299 630. The email address is cpaveromar@gmail.com."
16098,"Creche, Jardim de Infância ""O Capuchinho""",Penafiel,Penafiel,Creche e Jardim de Infância,not found,,,https://www.misericordiapenafiel.pt/infancia
16115,Jardim das Cores,Vila do Conde,Vila do Conde,Creche e Jardim de Infância,https://www.colegiojardimdascores.com,yes,combined tipo — may have split pages,"The official website for ""Jardim das Cores"" in Vila do Conde, Portugal is https://www.colegiojardimdascores.com."
17128,Associação para o Desenvolvimento Social da Freguesia de Margaride,Felgueiras,Felgueiras,Creche,https://adsfmargaride.pt,,,https://adsfmargaride.pt
17170,Solinorte-Jardim de Infância Acácio Gomes,Porto,Porto,Creche e Jardim de Infância,https://solinorte.pt/,yes,combined tipo — may have split pages,"The official website for ""Solinorte-Jardim de Infância Acácio Gomes"" in Porto, Portugal, is part of the larger Solinorte institution. The direct link to Solinorte's website, which includes information about Jardim de Infância Acácio Gomes, is: https://solinorte.pt/."
17220,Equipamento Social do Centro Social e Paroquial de Santão,Santão,Felgueiras,Creche e Jardim de Infância,not found,,,"The official website for ""Equipamento Social do Centro Social e Paroquial de Santão"" is not found in the search results. While several entries refer to ""Centro Social e Paroquial de Santão"" and list contact information, none of them provide a direct official website URL. One entry from Anuário Católico explicitly lists ""Página Web"" as blank for this institution."
17692,Centro Social Monsenhor Pires Quesado,Póvoa de Varzim,Póvoa de Varzim,Creche e Jardim de Infância,not found,,,http://csmpq.pt/
17720,Centro Infantil de Valbom,Valbom,Gondomar,Creche e Jardim de Infância,not found,,,not found
17857,Creche Gota de Mel,Maia,Maia,Creche,not found,,,not found
17878,Colégio Carrocel Mágico,Rio Tinto,Gondomar,Creche e Jardim de Infância,https://www.carrocelmagico.com/,yes,combined tipo — may have split pages,https://www.carrocelmagico.com/
17886,Creche o Pequenote,S. Félix da Marinha,Vila Nova de Gaia,Creche e Jardim de Infância,not found,,,"Based on the search results, an official website for ""Creche o Pequenote"" in S. Félix da Marinha, Portugal, was not found. While several listings provide contact information and details about the institution, none of them lead to an official website. The email address associated with ""O Pequenote"" is o_pequenote@sapo.pt."
17892,CATL e Creche do Centro Social de S. Pedro de Rates,Póvoa de Varzim,Póvoa de Varzim,Creche e Jardim de Infância,https://www.fundacaocentrosocialrates.pt,yes,combined tipo — may have split pages,"The official website for ""CATL e Creche do Centro Social de S. Pedro de Rates"" is www.fundacaocentrosocialrates.pt."
17893,Centro Social Paroquial de Santo Estêvão de Oldrões,Penafiel,Penafiel,Creche,not found,,,https://centroparoquialoldroes.pt
17905,Centro Social e Paroquial Padre António Mendonça,Airães -Felgueiras,Felgueiras,Creche e Jardim de Infância,not found,,,https://csppam.pt
17906,Fundação Joaquim Oliveira Lopes,Vila Nova de Gaia,Vila Nova de Gaia,Creche,not found,,,"The official website for ""Fundação Joaquim Oliveira Lopes"" is https://fjol.pt."
17910,Equip. Social da Associação de Solidariedade Humanitária de Monte Córdova,Santo Tirso,Santo Tirso,Creche,not found,,,"The official website for ""Equip. Social da Associação de Solidariedade Humanitária de Monte Córdova"" is not found. However, information about the institution and its services can be found on other platforms.

The institution provides various social responses including crèche, pre-school, home support service (for the elderly), day care center, and a nursing home. It is located at Rua da Associação, nº 105, 4825-284 Monte Córdova, Santo Tirso. You can reach them by phone at 252 809 660 or by email at ashmcordova@gmail.com."
17921,Florinhas do Lar Casa Santa Isabel,Vila Nova de Gaia,Vila Nova de Gaia,Creche,http://florinhas-csi.org/,,,http://florinhas-csi.org/
17922,"Colégio Infantil Circo Mágico, Lda.",Vila Nova de Gaia,Vila Nova de Gaia,Creche,https://www.circomagico.pt,,,"The official website for ""Colégio Infantil Circo Mágico, Lda."" in Vila Nova de Gaia, Portugal is www.circomagico.pt."
17932,O Jardim da Anita - Jardim de Infância da Lixa,Lixa,Felgueiras,Creche,not found,,,not found
17942,Os Fecucos - Infantários,Vila Nova de Gaia,Vila Nova de Gaia,Creche,not found,,,www.primeiraimagem.com/os-fecucos.php
17949,Infantário Rá-Mi-Olé,Rio Tinto,Gondomar,Creche e Jardim de Infância,not found,,,"The official website for Infantário Rá-Mi-Olé in Rio Tinto, Portugal is www.ramiole.com."
17987,Externato Limiar - Creche e Jardim de Infância,Maia,Maia,Creche e Jardim de Infância,not found,,,not found
17996,Atchim Infantário,Vila Nova de Gaia,Vila Nova de Gaia,Creche e Jardim de Infância,not found,,,"""Atchim Infantário"" in Vila Nova de Gaia, Portugal does not appear to have an independent official website. Information about the institution is available through listings on other websites such as Mapa Social and Primeira Imagem, which provide contact details like address and phone number, but not a dedicated website URL for ""Atchim Infantário"" itself."
18004,Bê-Á-Bá,,Porto,Creche,https://infantarios.pt,,,"I could not find an official website for a childcare institution specifically named ""Bê-Á-Bá"" in Porto, Portugal.

There are multiple childcare facilities with similar names or related services in Portugal:
*   ""Creche Bê-á-Bá"" is listed in Ponta Delgada, Azores, on the infantarios.pt directory.
*   ""Infantário Bê-à-Bá"" has a website on Wix.
*   ""Escola Bê-a-bá"" is another institution, but its location isn't specified as Porto.
*   ""Creche Bê-á-bá de Ponte da Barca"" is located in Ponte da Barca.
*   ""Colégio B-A-Baby"" is in Algés, Miraflores.
*   There's also ""Babá Babysitting,"" a project offering babysitting and children's entertainment services, but it's not a physical childcare institution in Porto.
*   BÉABA is a brand of nursery and baby equipment.

While there's mention of childcare in Porto related to a conference, it refers to a basic room at the venue and a listing of activities in the city, not a specific ""Bê-Á-Bá"" institution providing childcare services."
18007,Alcofinha,Porto,Porto,Creche,not found,,,sites.google.com/site/infantarioalcofinha
18022,Infantário do Manso - Centro Social de Leça do Balio,Leça do Balio,Matosinhos,Creche e Jardim de Infância,not found,,,"The official website for ""Infantário do Manso - Centro Social de Leça do Balio"" is part of the ""Centro Social de Leça do Balio"" website. The direct URL for the Infantário Manso section is: http://www.centrosocialdelecadobalio.pt/manso_infantario_inicio.html."
18023,Infantário de Recarei - Centro Social de Leça do Balio,,Matosinhos,Creche e Jardim de Infância,not found,,,"The official website for ""Infantário de Recarei - Centro Social de Leça do Balio"" is part of the Centro Social de Leça do Balio's website. The specific URL for the Infantário de Recarei is: http://www.centrosocialdelecadobalio.pt/recarei_inicio.html."
18035,Equipamento Social da Associação para o Desenvolvimento Integral de Barrosas,Felgueiras,Felgueiras,Creche e Jardim de Infância,not found,,,"The official website for ""Equipamento Social da Associação para o Desenvolvimento Integral de Barrosas"" is part of the ""Associação para o Desenvolvimento Integral de Barrosas"" (ADIB). The website for ADIB is http://www.adib.com.pt."
18036,Equip. Social da Sta. Casa Mis. da Maia - Santa Maria de Avioso,Avioso Santa Maria,Maia,Creche e Jardim de Infância,https://www.misericordiadamaia.com,yes,combined tipo — may have split pages,"The official website for ""Equip. Social da Sta. Casa Mis. da Maia - Santa Maria de Avioso"" is part of the Santa Casa da Misericórdia da Maia. Their main website is www.misericordiadamaia.com."
18038,Creche Infantário de Milheirós,Milheirós-Maia,Maia,Creche e Jardim de Infância,not found,,,"The official website for ""Creche Infantário de Milheirós"" is not found through direct search. However, it is associated with the Santa Casa da Misericórdia da Maia.

You can find some information and contact details for Creche Infantário de Milheirós on the Mapa Social website and InfantáriosPT. The email provided is infantario.milheiros@misericordiadamaia.com and the phone number is 229602160."
18428,Jardim de Infância Henrique Bravo,S. Mamede Infesta,Matosinhos,Creche e Jardim de Infância,not found,,,"The official website for Jardim de Infância Henrique Bravo is not found. However, it is associated with SOLINORTE - Solidariedade Social da Urbanização NorteCoope, which has a website."
18505,Educação Infantil Pinheiro Manso,Porto,Porto,Creche e Jardim de Infância,not found,,,"Based on the search results, an official website for ""Educação Infantil Pinheiro Manso"" in Porto, Portugal, could not be definitively identified. While there are listings for the institution with contact information and addresses, a direct official website URL is not provided. Some results refer to ""The Little Gym - Pinheiro Manso"", which appears to be a different entity, or ""Quinta do Pinheiro Manso"", a holiday villa."
19287,O Piratinha,São Mamede Infesta,Matosinhos,Creche e Jardim de Infância,https://piratinha.pt,yes,combined tipo — may have split pages,"The official website for ""O Piratinha"" in São Mamede Infesta, Portugal is piratinha.pt."
19291,Centro Infantil Nova Aurora,Porto,Seia,Creche e Jardim de Infância,not found,,,not found
19301,Centro de Acção Social de Acolhimento à Terceira Idade de Roriz,Roriz (Santo Tirso),Santo Tirso,Creche,not found,,,"The official website for ""Centro de Acção Social de Acolhimento à Terceira Idade de Roriz"" (CASATIR) is https://vertexaisearch.cloud.google.com/grounding-api-redirect/AUZIYQHGEIh21iUC4qHf0sRi2cTxtAOuZ--meTBQowhILyhWqMgGF2IlBrnrt8ogd6HZEMelF7QrlCsveYySGMfacri_yubLtKIYSweyjEbqJExaAyp7."
19342,Creche de Santo António,Póvoa de Varzim,Póvoa de Varzim,Creche e Jardim de Infância,not found,,,"The ""Creche de Santo António"" in Póvoa de Varzim, Portugal, is part of ""A Beneficente - Associação de Solidariedade Social"". The official website for ""A Beneficente"" is http://www.abeneficente.pt/."
19382,Ass Social Recreativa e Cultural Bem-Fazer Vaiavante - Centro de Apoio à Comunidade Major Valentim Loureiro,S.p.cova,Gondomar,Creche,not found,,,not found
21829,Centro Social e Paroquial de Labruge,Labruge Vc,Vila do Conde,Creche,https://csplabruge.org,,,https://csplabruge.org
21838,A Casa da Avó - Jardim de Infância,Mafamude Vng,Vila Nova de Gaia,Creche,http://www.acasadaavo.pt,,,"The official website for ""A Casa da Avó - Jardim de Infância"" in Mafamude Vng, Portugal is http://www.acasadaavo.pt."
21991,Creche Olival Social,Olival,Vila Nova de Gaia,Creche e Jardim de Infância,http://www.olivalsocial.com,yes,combined tipo — may have split pages,"The official website for ""Creche Olival Social"" is http://www.olivalsocial.com."
22559,Centro Comunitário Cruz da Serra,Paços de Ferreira,Paços de Ferreira,Creche,not found,,,not found
22567,Creche de Sobrosa,Sobrosa Paredes,Paredes,Creche,https://obrasobrosa.org/,,,"The official website for ""Creche de Sobrosa"" is part of the ""Obra de Assistência Social da Freguesia de Sobrosa"" website.

The URL is: https://obrasobrosa.org/"
22569,Balão Encantado – Creche,Vila Nova de Gaia,Vila Nova de Gaia,Creche,not found,,,http://crechebalaoencantado.com/
22810,Jardim-De-Infância Joanico,Vila Nova de Gaia,Vila Nova de Gaia,Creche e Jardim de Infância,not found,,,not found
22814,O Girassol dos Pequeninos,Avintes,Vila Nova de Gaia,Creche e Jardim de Infância,not found,,,not found
22815,"O Malmequer - Infantário e Centro de Estudos, Lda",Fornos,Marco de Canaveses,Creche e Jardim de Infância,not found,,,"The official website for ""O Malmequer - Infantário e Centro de Estudos, Lda"" in Fornos, Portugal is not found. While several directories and social media mentions exist, an independent, dedicated website for the institution was not identified in the search results. An email address (omalmequer@gmail.com) and phone numbers (255532521, 255101599, 960155489) are available, and the institution is located at Rua Eng. Carneiro Geraldes, Nº 259, 4630-284 Marco de Canaveses."
23537,Equip. Social Centro Social Paroquial de Caxinas,Vila do Conde,Vila do Conde,Creche,https://www.cspcaxinas.org,,,"The official website for ""Equip. Social Centro Social Paroquial de Caxinas"" is www.cspcaxinas.org."
24687,Associação Surpresa do Bebé,Porto,Seia,Creche,not found,,,not found
24713,O Chorão,Rio Tinto,Gondomar,Creche,not found,,,"""O Chorão"" in Rio Tinto, Portugal, appears to be a childcare institution that operates as a creche and pre-school. While a direct official website for ""O Chorão"" was not found, information about the institution is available through other platforms.

It is listed on Mapa Social, a platform that brings together institutions and social responses in mainland Portugal. On this platform, ""O Chorão"" is identified with the email crechechorao@gmail.com and phone number 224801550, and its address is 4435-469 RIO TINTO. The Mapa Social listing also details its social responses, capacity, and operating hours for both creche and pre-school services.

Additionally, ""O Chorão - Creche e Jardim de Infância, Unipessoal Lda"" is registered with the NIF 506421538 and its address is Rua da Venda Nova, N.º81 4435-469 Rio Tinto. It is classified under pre-primary education (CAE 85100) and was established in 2003."
24749,Quinta da Granja,Vila do Conde,Vila do Conde,Creche,not found,,,not found
24781,Creche Sonho Mágico,S. Cosme,Gondomar,Creche,not found,,,"The ""Creche Sonho Mágico"" in S. Cosme, Gondomar, Portugal, does not appear to have an independent official website. It is listed on directories and social welfare maps.

You can find information about it on the Mapa Social website, which lists its contact details and some institutional information. There's also an entry on infantarios.pt."
24937,Miminho - Cruz Vermelha Portuguesa - Delegação da Póvoa de Varzim,Póvoa de Varzim,Póvoa de Varzim,Creche,not found,,,"The official website for ""Miminho - Cruz Vermelha Portuguesa - Delegação da Póvoa de Varzim"" is embedded within the Cruz Vermelha Portuguesa (Portuguese Red Cross) website for the Póvoa de Varzim delegation. You can find information about Miminho, which includes Creche, Jardim de Infância e Centro de Estudos, on the contact page of the Póvoa de Varzim delegation's website.

The specific URL for the Miminho section with its own dedicated information page is: not found"
24941,O Nosso Futuro Centro de Estudos,Porto,Porto,Creche,http://www.onossofuturo.pt,,,"The official website for ""O Nosso Futuro Centro de Estudos"" in Porto, Portugal is http://www.onossofuturo.pt."
25047,Artistas & Cientistas,Valongo,Valongo,Creche e Jardim de Infância,not found,,,www.artistasecientistas.pt
25184,"O Caminhar, Creche e Jardim de Infância",Valongo,Valongo,Creche e Jardim de Infância,not found,,,not found
25192,"Sonho Audaz - Creche, Jardim de Infância e Sala de Estudo",Maia,Monção,Creche e Jardim de Infância,not found,,,https://sonhoaudaz.weebly.com
25432,Creche de Santo António dos Capuchos,Penafiel,Penafiel,Creche,not found,,,"The ""Creche de Santo António dos Capuchos"" in Penafiel, Portugal, is part of the Santa Casa da Misericórdia de Penafiel. Its official website is a section within the Misericórdia de Penafiel website.

https://www.misericordiapenafiel.pt/valencias/infancia/creche-santo-antonio-dos-capuchos/"
25896,Centro Social Paroquial de Santa Marinha do Zêzere Serviço de Apoio Domiciliário,Santa Marinha do Zêzere,Baião,Creche,not found,,,"The official website for ""Centro Social e Paroquial de Santa Marinha do Zêzere"" is not explicitly available as a direct URL. However, the institution's information, including services like ""Serviço de Apoio Domiciliário,"" can be found through other sources.

The Centro Social e Paroquial de Santa Marinha do Zêzere is a Private Institution of Social Solidarity (IPSS) founded in 2000, focusing on the needs of children and the elderly in the municipality of Baião. They offer a ""Serviço de Apoio Domiciliário"" (Home Support Service) which provides individualized care at home for individuals and families who cannot meet their basic needs due to illness, disability, or other impediments.

Contact information for the institution is:
*   **Address:** Rua da Escola, nº185, 4640 - 465, Santa Marinha do Zêzere - Baião
*   **Phone:** 254 888 025
*   **Email:** centrosocialsmzezere@gmail.com"
25897,Creche do Centro Social Paroquial de Oliveira do Douro,Vila Nova de Gaia,Vila Nova de Gaia,Creche,not found,,,"The official website for ""Creche do Centro Social Paroquial de Oliveira do Douro"" in Vila Nova de Gaia, Portugal, is http://www.paroquiaoliveiradodouro.com/centro-social-paroquial."
26713,Associação Coração Solidário de S. Miguel de Silvares,Lousada,Lousada,Creche,https://assfsilvares.pt,,,"The official website for ""Associação Coração Solidário de S. Miguel de Silvares"" in Lousada, Portugal is https://assfsilvares.pt."
26714,Centro Social e Paroquial de S. Romão de Carvalhosa,Banho e Carvalhosa,Marco de Canaveses,Creche,https://centro-social-de-carvalhosa.webnode.pt,,,https://centro-social-de-carvalhosa.webnode.pt
27027,Raios de Luz - Creche e Jardim de Infância,Vila Nova de Gaia,Vila Nova de Gaia,Creche e Jardim de Infância,not found,,,"The official website for ""Raios de Luz - Creche e Jardim de Infância"" in Vila Nova de Gaia, Portugal, is https://thesailors.pt."
27047,Creche e Infantário Cubo Mágico,Santiago de Bougado,Trofa,Creche e Jardim de Infância,https://cubomagico.pt/,yes,combined tipo — may have split pages,https://cubomagico.pt/
27050,Berçário/Creche Pronto a Crescer,Arcozelo,Vila Nova de Gaia,Creche,not found,,,www.prontoacrescer.com
27125,Creche Abc,Senhora da Hora,Matosinhos,Creche,https://www.infantarioabc.pt,,,www.infantarioabc.pt
27323,Creche Municipal da Afurada,Afurada,Vila Nova de Gaia,Creche,not found,,,https://www.candal.eu/creche-afurada/
27361,Creche Espaço para a Vida,Rio de Moinhos,Sátão,Creche,not found,,,"""Creche Espaço para a Vida"" in Rio de Moinhos, Portugal, is part of the ""Associação para o Desenvolvimento de Rio de Moinhos"" (ADRM).

The official website for ADRM, which includes information about ""Creche Espaço para a Vida,"" is: https://adrmoinhos.com/"
27453,Equipamento Social da Associação para o Desenvolvimento de Galegos,Galegos Pnf,Póvoa de Lanhoso,Creche,https://apdgalegos.com,,,"The official website for ""Equipamento Social da Associação para o Desenvolvimento de Galegos"" is apdgalegos.com."
27466,Jardim da Régia,Vila Nova de Gaia,Vila Nova de Gaia,Creche,not found,,,"""Jardim da Régia"" is part of the ""Centro Social de Candal Marco"". The official website for the Centro Social de Candal Marco, which includes Jardim da Régia, is not explicitly provided in the search results. However, an email address associated with the institution is geral@cscmarco.pt. While there isn't a direct website for Jardim da Régia, the Centro Social Candal-Marco has mentions of it."
27643,Sol dos Pequeninos - Creche e Jardim de Infância,Vila Nova de Gaia,Vila Nova de Gaia,Creche,http://www.soldospequeninos.com,,,http://www.soldospequeninos.com
27663,Creche e Jardim de Infância Mosaico,Leça da Palmeira,Matosinhos,Creche,not found,,,"The official website for ""Creche e Jardim de Infância Mosaico"" in Leça da Palmeira, Portugal is https://www.mosaicocoop.com/."
27872,"O Risquinhas Creche Jardim Infância, Unipessoal, Lda.",Valadares,Vila Nova de Gaia,Creche,https://www.orisquinhas.pt,,,https://www.orisquinhas.pt
28329,Centro Social Paroquial Divino Salvador de Moure,Moure-Felgueiras,Felgueiras,Creche,https://centrosocialmoure.wordpress.com,,,https://centrosocialmoure.wordpress.com
28356,Associação Emília Conceição Babo,Vila Meã,Póvoa de Lanhoso,Creche,not found,,,"Not found.

While several sources mention ""Associação Emília Conceição Babo"" and provide contact information such as an email address (aecbabo@sapo.pt) and phone number (255730110), an official website for the institution was not found in the search results."
28650,Colégio Casa Verde,Vila Nova de Gaia,Vila Nova de Gaia,Creche e Jardim de Infância,not found,,,not found
29365,Ternura Inesgotável,,Maia,Creche e Jardim de Infância,not found,,,not found
29709,Jardim de Infância Oga Mitá,Porto,Porto,Creche e Jardim de Infância,not found,,,www.ogamita.net
29764,"Jardim de Infância ""Adeus à Chupeta""",Vilar do Paraíso,Vila Nova de Gaia,Creche e Jardim de Infância,not found,,,www.adeus-a-chupeta.com
32203,Creche Primavera | Benéfica e Previdente,Porto,Porto,Creche,https://www.benefica-previdente.com/respostas-sociais/creche-e-infantario/,,,"The official website for ""Creche Primavera | Benéfica e Previdente"" in Porto, Portugal is part of the Benéfica e Previdente – Associação Mutualista website.

https://www.benefica-previdente.com/respostas-sociais/creche-e-infantario/"
32643,Associação Mais - Creche Santiago de Custóias,Custóias,Matosinhos,Creche,not found,,,"The official website for ""Associação Mais - Creche Santiago de Custóias"" is part of the ""Associação MAIS – Matosinhos Apoia a Inserção Social"" website.

https://www.associacaomais.org/"
32882,Asman,Maia,Maia,Creche,https://www.asman.com.pt,,,"The official website for ""ASMAN"" (Associação Solidariedade Social Mouta Azenha Nova) in Maia, Portugal, is www.asman.com.pt."
32986,"Génios em Marcha, Lda",Vila Nova de Gaia,Vila Nova de Gaia,Creche e Jardim de Infância,not found,,,http://www.geniosemmarcha.pt
33310,Creche do Centro Paroquial e Social de S.martinho de Campo,Campo,Póvoa de Lanhoso,Creche,not found,,,"The official website for ""Creche do Centro Paroquial e Social de S. Martinho de Campo"" is part of the larger ""Centro Paroquial e Social de São Martinho de Campo"" website. You can find information about the creche directly on their website.

https://www.cpssmc.pt"
33499,Complexo Intergeracional Quinta dos Avós,Oliveira do Douro,Vila Nova de Gaia,Creche,not found,,,"The ""Complexo Intergeracional Quinta dos Avós"" in Oliveira do Douro, Portugal, is part of the ""Associação Oliveirense de Socorros Mútuos"". The official website for this institution is likely the one for the Associação Oliveirense de Socorros Mútuos, which is: https://www.aosm.pt/"
34136,O Moinho,São Romão Coronado,Trofa,Creche,not found,,,not found
37749,Letras e Números,Vilar do Paraíso,Vila Nova de Gaia,Creche,not found,,,not found
37849,Colégio Primeiros Passos (Leça),Matosinhos,Matosinhos,Creche e Jardim de Infância,not found,,,"The official website for ""Colégio Primeiros Passos"" in Leça, Matosinhos, Portugal is www.colegioprimeirospassos.pt."
37917,Pequeno Forte,Vila do Conde,Vila do Conde,Creche,https://pequenoforte.com/,,,https://pequenoforte.com/
37983,Creche Infantário o Teu Filho,Rio Tinto,Gondomar,Creche e Jardim de Infância,https://oteufilho.pt,yes,combined tipo — may have split pages,oteufilho.pt
37988,Morango Mágico,Lavra,Santa Cruz,Creche,not found,,,"The official website for ""Morango Mágico"" in Lavra, Portugal is not found. However, information from several directories indicate that ""Morango Mágico - Berçário & Creche"" has a website listed as ""Website"" without a specific URL, and an email address of morangomagico@gmail.com. One directory entry also states a phone number: 915376882.

While a direct website for ""Morango Mágico"" in Lavra was not found, a related institution named ""Morangos"" has a website: https://morangos.com/. This website describes itself as an integrated network of early childhood education, including nurseries and kindergartens. However, it lists several units, none of which are specifically in Lavra."
38004,Academia das Chupetas,Matosinhos,Matosinhos,Creche,not found,,,not found
38751,Creche de Barreiras,Duas Igrejas Prd,Penafiel,Creche,not found,,,"The ""Creche de Barreiras"" in Duas Igrejas Prd, Portugal, is part of the ""Obra de Assistência Social da Freguesia de Sobrosa"". The official website for the ""Obra de Assistência Social da Freguesia de Sobrosa"" is obrasobrosa.org."
38783,Crescer a Brincar II,Gondomar,Gondomar,Creche,https://crescerabrincar.pt,,,https://crescerabrincar.pt
38852,Santa Casa da Misericórdia da Maia Creche de Folgosa,Maia,Maia,Creche,https://www.misericordiadamaia.com,,,"The official website for ""Santa Casa da Misericórdia da Maia"" is www.misericordiadamaia.com. The ""Creche de Folgosa"" is one of the 13 nurseries managed by this institution."
38856,Morangos Gaia Serzedo,Vila Nova de Gaia,Vila Nova de Gaia,Creche,http://www.morangos.com/,,,http://www.morangos.com/
38858,Creche Cubo Mágico Pólo 2,Trofa,Trofa,Creche,not found,,,not found
38863,Infantário Creche o Miúdo Creche 4,Amarante,Amarante,Creche,https://omiudo.pt,,,"The official website for ""Infantário Creche o Miúdo Creche 4"" in Amarante, Portugal is omiudo.pt."
38871,Ritmos para Desafinar,Porto,Porto,Creche,not found,,,https://crecheocoelhinho.negocio.site/
39173,Care For Kids Serviços Infantis,Trofa,Trofa,Creche,not found,,,not found
39262,Números e Alíneas Lda,Milhundos,Penafiel,Creche,not found,,,https://traquinaspenafiel.pt
39268,Berço Encantado - Creche e Berçário,Freamundo,Paços de Ferreira,Creche,not found,,,not found
2640,OBER-Obra Bem Estar Rural de Baião,Baião- Campelo,Baião,Jardim de Infância,https://www.ober.pt/,,,https://www.ober.pt/
2794,Equip. Soc. Jardim Infantil de Nossa Senhora do Pilar,Vila Nova de Gaia,Vila Nova de Gaia,Jardim de Infância,https://www.jnpilar.pt,,,https://www.jnpilar.pt
3618,Instituto Maria da Paz Varzim,Póvoa de Varzim,Póvoa de Varzim,Jardim de Infância,not found,,,The official website for Instituto Maria da Paz Varzim is www.impv.pt.
3636,Casa do Povo de Peroselo,Peroselo,Penafiel,Jardim de Infância,https://casapovoperoselo.wordpress.com/,,,"The official website for ""Casa do Povo de Peroselo"" is not found. However, there is a WordPress blog associated with them: https://casapovoperoselo.wordpress.com/."
3649,Sede da Associação de Desenvolvimento Comunitário - Delegação de Amarante,Amarante,Amarante,Jardim de Infância,not found,,,http://www.adesco.pt
3723,Centro Social da Paróquia Senhora da Conceição,Cedofeita,Porto,Jardim de Infância,not found,,,"The official website for ""Centro Social da Paróquia Senhora da Conceição"" is not found. However, there is a ""Centro Social Paroquial de Cedofeita"" which launched a new website in December 2022. That website is https://www.centrosocialparoquialcedofeita.com/."
4689,Patronato Nossa Senhora da Nazaré,Porto,Porto,Jardim de Infância,not found,,,not found
4703,ATL da Associação Social Cultural de Louredo,Paredes,Vieira do Minho,Jardim de Infância,not found,,,"The official website for ""ATL da Associação Social Cultural de Louredo"" is not explicitly found. However, information from the Paredes Municipality website, other business directories, and an educational portal indicates that the ""Associação Social e Cultural de Louredo"" (ASCL) does operate an ATL (Atividades de Tempos Livres - After-school activities) and a kindergarten.

The ASCL has a Facebook presence and an email address (ascl@sapo.pt). While a dedicated, independent website for the ATL or the association itself isn't among the top results, a Google Sites page titled ""Associação Social e Cultural de Louredo"" provides information about the association's mission, areas of intervention (including ATL and Jardim de Infância), and official documents. This Google Sites page appears to function as an official online presence.

Therefore, the closest to an official website found is: https://sites.google.com/view/asclouredo/in%C3%ADcio"
17685,Centro de Actividades de Tempos Livres da Azenha,Gueifães,Maia,Jardim de Infância,not found,,,"The ""Centro de Actividades de Tempos Livres da Azenha"" in Gueifães, Portugal, is part of the ""ASMAN - Associação de Solidariedade Social Mouta - Azenha Nova"" (ASMAN).

The official website for ASMAN is www.asman.com.pt."
17829,Centro Social e Paroquial de Perosinho,Perosinho,Vila Nova de Gaia,Jardim de Infância,not found,,,"The official website for ""Centro Social e Paroquial de Perosinho"" is https://vertexaisearch.cloud.google.com/grounding-api-redirect/AUZIYQFrvPfRR0V9v7-2oLnXXOwOjqsc2ln3AOcwsNyn_95jvTafK5Rbk6zR8GHAgqskR90J29bnhFx2ZaoNqRfCF7L_AmDGc0NJ3nrMYIz1S-Rk9lNx0ayfOU-q8vqY4ubB."
18114,Lar Crianças e Jovens Instituto Madre Matilde,Póvoa de Varzim,Póvoa de Varzim,Jardim de Infância,not found,,,not found
27241,Centro de Actividades de Tempos Livres de Gueifães,Gueifães,Maia,Jardim de Infância,not found,,,"The ""Centro de Actividades de Tempos Livres de Gueifães"" is associated with ASMAN - Associação de Solidariedade Social Mouta Azenha Nova. The official website for ASMAN is www.asman.com.pt."
29109,Osmope - Organização Social de Movimentos das Pontes Educativas,Bonfim-Porto,Porto,Creche e Jardim de Infância,https://www.osmope.pt,yes,combined tipo — may have split pages,"The official website for ""Osmope - Organização Social de Movimentos das Pontes Educativas"" in Bonfim-Porto, Portugal is www.osmope.pt."
29417,Jardim Infantil do Bairro do Aleixo,Porto,Porto,Jardim de Infância,not found,,,"The official website for ""Jardim Infantil do Bairro do Aleixo"" in Porto, Portugal is www.apsp-bairroaleixo.org.pt."
29449,Centro Infantil de Borba de Godim,Vila da Lixa,Felgueiras,Jardim de Infância,not found,,,"""Centro Infantil de Borba de Godim"" is located in Vila da Lixa, Felgueiras, Portugal.

While there is no dedicated official website found for ""Centro Infantil de Borba de Godim"", it is listed on several Portuguese institutional directories and local government pages.

It is identified as a private childcare institution.

Contact information available includes:

*   **Address:** Rua do Terreiro, 4615-687 Vila da Lixa, Portugal
*   **Phone numbers:** 255496424 and 255482777
*   **Email:** catiabrochado@hotmail.com or centro.terreiro@hotmail.com"
29462,"Externato ""Bom Jesus"" De Matosinhos",Matosinhos,Matosinhos,Jardim de Infância,not found,,,"""Externato ""Bom Jesus"" De Matosinhos"" does not appear to have an independent official website. Information about the institution is available on various educational directories and social welfare platforms.

It is listed on Mapa Social, which provides contact information including an email address (externatobomjesus1@gmail.com) and phone number (229384475). DirectorioEscolas.eu also lists the institution with similar contact details, including an email address (leonardoduarte@sapo.pt) and phone number (229384475). Another listing on Primeira Imagem provides a different phone number (221 122 421). Infoescolas.pt also lists the institution with an email address (ext.bjesusmatosinhos@escolas.min-edu.pt) and a phone number (963097370).

It's possible that the institution operates without a dedicated website, or its online presence is integrated within a larger educational or social services portal."
29470,"Externato ""Nossa Senhora de Fátima""",Arcozelo Vila Nova de Gaia,Vila Nova de Gaia,Jardim de Infância,not found,,,"The official website for ""Externato Nossa Senhora de Fátima"" in Arcozelo Vila Nova de Gaia, Portugal is not found. However, there is a blog that mentions a new page for the Externato that would replace the blog as of October 1, 2019.

Other relevant information includes:
*   The institution is located at Rua Nova das Lavouras, 649, 4410-379 Arcozelo, Vila Nova de Gaia.
*   It is owned by the ""Instituto das Filhas de Maria Auxiliadora"" (Institute of the Daughters of Mary Help of Christians), also known as Salesianas.
*   It offers pre-school and 1st cycle of basic education.
*   The email for contacts is sec.ensf@salesianas.pt."
29478,Externato Infantil o Petiz,Cedofeita,Porto,Jardim de Infância,not found,,,"I could not find an official website for ""Externato Infantil o Petiz"" in Cedofeita, Portugal. While several results mention the institution and provide an address and contact information, none of them appear to be their official website.

Therefore, the answer is ""not found""."
29595,Jardim de Infância do Centro Social das Guardeiras,Moreira,Monção,Jardim de Infância,https://www.csguardeiras.pt,,,"The official website for ""Jardim de Infância do Centro Social das Guardeiras"" is www.csguardeiras.pt."
29601,Jardim Infantil do Centro Paroquial de Ariz,Ariz,Marco de Canaveses,Jardim de Infância,not found,,,not found
29681,Jardim Infantil o Principezinho Encantado,Porto,Seia,Jardim de Infância,https://www.principezinho.pt,,,"The official website for ""Jardim Infantil o Principezinho Encantado"" in Porto, Portugal is www.principezinho.pt."
29708,Jardim de Infância o Pimpas,Mafamude,Vila Nova de Gaia,Jardim de Infância,https://www.pimpas.pt,,,"The official website for ""Jardim de Infância o Pimpas"" is www.pimpas.pt."
29766,Jardim Infância Cantinho da Alegria,Porto,Seia,Jardim de Infância,not found,,,"The official website for ""Jardim Infância Cantinho da Alegria"" in Porto, Portugal is not found. However, there is a listing for them on ""Mapa Social"" which includes contact information, and on Coverflex's directory of childcare institutions, which also provides an email. There is a website `cantinhodaalegria.pt`, but it explicitly states it is located in Lisbon, Portugal, Rio de Mouro, and not Porto."
29815,Pré-Escolar do Gove,Gove,Baião,Jardim de Infância,not found,,,not found
29828,Centro Escolar de Casais EB1/JI,Casais,Lousada,Jardim de Infância,not found,,,"The ""Centro Escolar de Casais EB1/JI"" is associated with different agrupamentos (school clusters) depending on its specific location in Portugal. There isn't a single, unified ""official website"" for this exact name across all of Portugal.

However, based on the search results, here are some relevant links:

*   If the institution is the ""Centro Escolar de Casais"" located in Tomar, it is part of the Agrupamento de Escolas Templários (AET), and it is mentioned on their website.
*   If you are referring to ""EB1/JI Casais Brito"" in Guimarães, it is part of the Agrupamento de Escolas Professor Abel Salazar, which has a specific page for the school.
*   There's also a ""Centro Escolar de Casais"" listed under the Agrupamento de Escolas de Lousada Oeste.

Due to the ambiguity of ""Casais"" (it's a common place name in Portugal), a single, definitive URL cannot be provided without more specific location information."
29829,"Centro Escolar de Nespereira, EB1/J.i",Nespereira,Lousada,Jardim de Infância,not found,,,"It appears there are a few schools named ""Nespereira"" in Portugal, located in different municipalities (Lousada, Cinfães, and Guimarães), which can lead to some confusion.

For ""Centro Escolar de Nespereira, EB1/J.i"" in Nespereira, Lousada, the institution is part of the ""Agrupamento de Escolas de Lousada Oeste"". The official website for the agrupamento (school cluster) that includes this specific center is: https://www.lousadaoeste.org."
29830,Centro Escolar de Figueiras -EB1/JI,Figueiras,Lousada,Jardim de Infância,not found,,,"The official website for ""Centro Escolar de Figueiras -EB1/JI"" is not found directly. However, it is likely part of a larger school grouping (Agrupamento de Escolas). Here are some relevant URLs for school groupings in Figueira:

*   **Agrupamento de Escolas de Figueira de Castelo Rodrigo:** https://www.aefcr.pt/moodle
*   **Agrupamento de Escolas Figueira Norte:** https://www.aefn.pt/ (found through searching for ""Agrupamento de Escolas Figueira Norte"" in the search results)
*   **Agrupamento de Escolas Figueira Mar:** There is an Agrupamento de Escolas Figueira Mar, but a direct top-level website for it was not found in the search results.
*   **Agrupamento de Escolas da Zona Urbana da Figueira da Foz:** (no direct URL found in the search results)

You may need to explore the websites of these ""Agrupamentos de Escolas"" to find specific information about ""Centro Escolar de Figueiras -EB1/JI""."
30072,"Escola Básica do Douro, Rio Mau, Penafiel",Rio Mau,Vila do Conde,Jardim de Infância,http://centroescolardouro.blogspot.com,,,"The official website for ""Escola Básica do Douro, Rio Mau, Penafiel"" is http://centroescolardouro.blogspot.com."
30075,"Escola Básica de Calçada, Monte",Oldrões,Penafiel,Jardim de Infância,not found,,,"The ""Escola Básica de Calçada, Monte"" in Oldrões, Portugal, is part of the Agrupamento de Escolas de Pinheiro.

The official website for the Agrupamento de Escolas de Pinheiro is http://ebspinheiro.net."
30076,Escola Básica de Valpedre,Valpedre,Penafiel,Jardim de Infância,not found,,,"The Escola Básica de Valpedre is part of the Agrupamento de Escolas de Pinheiro. Therefore, its official information can be found on the agrupamento's website.

The official website for Agrupamento de Escolas de Pinheiro is https://www.aepinheiro.pt/."
30077,Escola Básica de Tojais,,Penafiel,Jardim de Infância,not found,,,"The Escola Básica de Tojais in Penafiel, Portugal, is part of the Agrupamento de Escolas de Pinheiro. The official website for the Agrupamento de Escolas de Pinheiro, which includes Escola Básica de Tojais, is http://ebspinheiro.net."
30078,"Escola Básica de Canelas, Penafiel",,Vila Nova de Gaia,Jardim de Infância,http://agrcanelas.edu.pt/,,,"The ""Escola Básica de Canelas, Penafiel"" is part of the ""Agrupamento de Escolas de Pinheiro, Penafiel"". The official website for the Agrupamento de Escolas de Pinheiro, Penafiel, which includes Escola Básica de Canelas, Penafiel, is not directly found in the search results.

However, there is an ""Agrupamento de Escolas de Canelas"" located in Vila Nova de Gaia, with the official website: http://agrcanelas.edu.pt/. It is important to note the distinction in location and name, as the original request specifies ""Escola Básica de Canelas, Penafiel"" in Vila Nova de Gaia, which appears to be a conflation of two different institutions or locations.

Given the information, the specific official website for ""Escola Básica de Canelas, Penafiel"" (which is associated with the Agrupamento de Escolas de Pinheiro, Penafiel) is not found. The website found for ""Agrupamento de Escolas de Canelas"" in Vila Nova de Gaia is http://agrcanelas.edu.pt/. However, based on the provided location details for ""Escola Básica de Canelas, Penafiel"" (Igreja - Canelas, Entre-Os-Rios, 4575-000, Penafiel, Porto, Portugal), this is a different institution than the ""Agrupamento de Escolas de Canelas"" in Vila Nova de Gaia.

Therefore, the official website for ""Escola Básica de Canelas, Penafiel"" is not found."
30080,Escola Básica da Quinta de São Gens,Senhora da Hora,Matosinhos,Jardim de Infância,not found,,,not found
30081,Escola Básica de Quatro Caminhos,Senhora da Hora,Matosinhos,Jardim de Infância,not found,,,"Escola Básica de Quatro Caminhos in Senhora da Hora is part of the ""Agrupamento de Escolas da Senhora da Hora"" (School Group of Senhora da Hora). The official website for the school group, which includes Escola Básica de Quatro Caminhos, is agrupamento-sra-hora.net."
30150,Jardim de Infância de Nossa Senhora da Saúde,Laúndos,Póvoa de Varzim,Jardim de Infância,not found,,,not found
30151,Jardim de Infância Lugar de Laúndos,Laúndos,Póvoa de Varzim,Jardim de Infância,not found,,,not found
30152,"Jardim de Infância de Cruz, Balazar",Balasar,Póvoa de Varzim,Jardim de Infância,not found,,,not found
30163,Escola Básica de Costa,Roriz,Santo Tirso,Jardim de Infância,not found,,,"Escola Básica da Costa in Roriz, Santo Tirso, is part of the Agrupamento de Escolas de São Martinho. The official website for the agrupamento, which includes Escola Básica da Costa, is aesmartinho.pt."
30164,Escola Básica de Quelha,Quelha,Santo Tirso,Jardim de Infância,not found,,,"The ""Escola Básica de Quelha"" is part of the Agrupamento de Escolas de São Martinho.

The official website for the Agrupamento de Escolas de São Martinho, which includes Escola Básica de Quelha, is: https://aesmartinho.pt"
30165,Escola Básica de Olival,São Mamede Negrelos,Santo Tirso,Jardim de Infância,not found,,,"The ""Escola Básica do Olival"" in São Mamede de Negrelos is part of the Agrupamento de Escolas de São Martinho. Its official website is likely integrated within the agrupamento's website. The contact email provided for Escola Básica do Olival is general@aesmartinho.pt, and the Agrupamento de Escolas de São Martinho's website is aesmartinho.pt.

Therefore, the most relevant URL is: aesmartinho.pt"
30166,Escola Básica de Ribeira,Ribeira,Santo Tirso,Jardim de Infância,not found,,,not found
30193,Escola Básica da Praia,Leça da Palmeira,Matosinhos,Jardim de Infância,not found,,,"While ""Escola Básica da Praia"" in Leça da Palmeira is mentioned on the website of the União das Freguesias de Matosinhos e Leça de Palmeira, this appears to be a directory listing rather than an official website for the school itself. The contact information provided includes an email address ending in ""@sapo.pt"", which suggests a generic email service rather than an institutional domain.

Additionally, the school is listed as belonging to the ""Agrupamento de Escolas Engº Fernando Pinto de Oliveira, Matosinhos"". The official website for this agrupamento (grouping of schools) is avelecapalmeira.pt. However, this website does not have a specific page for Escola Básica da Praia.

Therefore, an official, standalone website for ""Escola Básica da Praia"" in Leça da Palmeira was not found.

not found"
30194,Escola Básica Eng. Fernando Pinto de Oliveira,Leça da Palmeira,Matosinhos,Jardim de Infância,not found,,,"The official website for ""Escola Básica Eng. Fernando Pinto de Oliveira"" in Leça da Palmeira is part of the ""Agrupamento de Escolas Eng. Fernando Pinto de Oliveira"". The website for the agrupamento (group of schools) is: https://www.avelecapalmeira.pt.

Additionally, there is a specific website for the school's library: http://biblioleca.wix.com/bibliotecaescolar."
30200,"Escola Básica N.º 1 de Campelo, Sobrado, Valongo",Sobrado,Póvoa de Lanhoso,Jardim de Infância,https://www.esvalongo.org/portal,,,"The official website for ""Escola Básica N.º 1 de Campelo, Sobrado, Valongo"" is part of the Agrupamento de Escolas de Valongo.

The URL is: https://www.esvalongo.org/portal"
30201,"Escola Básica de Paço, Sobrado, Valongo",Sobrado,Póvoa de Lanhoso,Jardim de Infância,https://aevalongo.dyndns.org/,,,"The ""Escola Básica de Paço, Sobrado, Valongo"" is part of the ""Agrupamento de Escolas de Valongo"" (Schools Group of Valongo). The official website for the Agrupamento de Escolas de Valongo is https://aevalongo.dyndns.org/."
30252,Jardim de Infância de Santa Bárbara,Fânzeres,Gondomar,Jardim de Infância,not found,,,"The ""Jardim de Infância de Santa Bárbara"" in Fânzeres, Portugal, does not appear to have a standalone official website. However, it is part of the Agrupamento de Escolas de Santa Bárbara - Fânzeres.

The Agrupamento de Escolas de Santa Bárbara - Fânzeres has a page dedicated to the schools within its group, which mentions ""Jardim de Infância de Santa Bárbara"". This page can be found on the União de Freguesias de Fânzeres e São Pedro da Cova website.

Additionally, there is an ""Associação de Pais da Escola Básica de Santa Bárbara de Fânzeres"" that has a website and social media presence, which might be a good resource for information regarding the Jardim de Infância."
30253,Escola Básica de Bela Vista,Fânzeres,Gondomar,Jardim de Infância,not found,,,"The ""Escola Básica de Bela Vista"" in Fânzeres, Portugal, is part of the Agrupamento de Escolas de Santa Bárbara (Santa Bárbara School Group).

The official website for the Agrupamento de Escolas de Santa Bárbara, which includes Escola Básica de Bela Vista, is https://www.aefanzeres.pt."
30274,Escola Básica Bento de Freitas,Vila do Conde,Vila do Conde,Jardim de Infância,not found,,,"Escola Básica Bento de Freitas in Vila do Conde is part of the ""Agrupamento de Escolas Frei João de Vila do Conde"" (School Grouping Frei João de Vila do Conde). The official website for the Agrupamento de Escolas Frei João de Vila do Conde is https://aefjvc.pt/."
30275,Escola Básica das Violetas,Vila do Conde,Vila do Conde,Jardim de Infância,not found,,,"Escola Básica das Violetas in Vila do Conde is part of the ""Agrupamento de Escolas Frei João de Vila do Conde"" (Frei João School Group of Vila do Conde). Therefore, it does not have an independent official website.

The official website for the Agrupamento de Escolas Frei João de Vila do Conde is provided by the Câmara Municipal de Vila do Conde (Vila do Conde City Council) and can be accessed through the Câmara Municipal de Vila do Conde website.

Not found."
30276,"Jardim de Infância da Rua dos Girassóis, Caxinas",Vila do Conde,Vila do Conde,Jardim de Infância,not found,,,"""Jardim de Infância da Rua dos Girassóis, Caxinas"" in Vila do Conde, Portugal, does not appear to have an independent official website. It is a public kindergarten that is part of the Agrupamento de Escolas Frei João de Vila do Conde. You can find information about it on directories of schools and childcare institutions.

The contact information available for the institution is:
*   **Phone:** 252621162
*   **Email:** ji.girassois@escolas.min-edu.pt"
30294,"Escola Básica N.º 1 de Cerro, Guidões, Trofa",Guidões,Vila Flor,Jardim de Infância,not found,,,"The Escola Básica N.º 1 de Cerro in Guidões, Trofa, is part of the Agrupamento de Escolas de Coronado e Castro. The official website for this grouping of schools is https://www.aecc.pt/."
30295,"Escola Básica de Portela, São Romão do Coronado",S. Romão do Coronado,Trofa,Jardim de Infância,not found,,,"The Escola Básica de Portela in São Romão do Coronado is part of the Agrupamento de Escolas de Coronado e Castro. The official website for the Agrupamento de Escolas de Coronado e Castro, which includes Escola Básica de Portela, is aecc.pt."
30296,"Escola Básica de Fonteleite, São Romão do Coronado",S. Romão do Coronado,Trofa,Jardim de Infância,not found,,,"The Escola Básica de Fonteleite in S. Romão do Coronado is part of the Agrupamento de Escolas de Coronado e Castro. The official website for the Agrupamento de Escolas de Coronado e Castro is geral@aecc. The school itself is located at Rua António Sérgio, 4745-507 – S. Romão do Coronado.

geral@aecc"
30297,"Jardim de Infância de Giesta, Cidoi, Trofa",Alvarelhos,Vila Flor,Jardim de Infância,https://www.aecc.pt/jardim-de-infancia-de-giesta,,,"The ""Jardim de Infância de Giesta, Cidoi, Trofa"" is part of the Agrupamento de Escolas de Coronado e Castro (School Group of Coronado and Castro), Trofa.

The official website for this institution is: https://www.aecc.pt/jardim-de-infancia-de-giesta"
30298,"Escola Básica N.º 2 de Cerro, Guidões, Trofa",Guidões,Vila Flor,Jardim de Infância,not found,,,"The Escola Básica N.º 2 de Cerro, Guidões, Trofa is part of the ""Agrupamento de Escolas de Coronado e Castro, Trofa"". The official website for the Agrupamento de Escolas de Coronado e Castro is where information about Escola Básica N.º 2 de Cerro can be found.

https://www.aecc.pt/"
30299,Escola Básica de Vila,S. Mamede do Coronado,Trofa,Jardim de Infância,https://www.aecc.pt/escola-basica-de-vila/,,,"The Escola Básica de Vila in S. Mamede do Coronado is part of the Agrupamento de Escolas de Coronado e Castro (School Grouping of Coronado and Castro).

https://www.aecc.pt/escola-basica-de-vila/"
30300,Escola Básica de Estação,Muro,Trofa,Jardim de Infância,https://www.aecc.pt/escola-basica-de-estacao/,,,"Escola Básica de Estação in Muro, Portugal, is part of the Agrupamento de Escolas de Coronado e Castro. Therefore, its official information is available on the agrupamento's website.

https://www.aecc.pt/escola-basica-de-estacao/"
30302,Escola Básica de Quereledo,Covelas,Trofa,Jardim de Infância,not found,,,"The Escola Básica de Querelêdo in Covelas, Portugal, is part of the ""Agrupamento de Escolas de Coronado e Castro"" (School Grouping of Coronado and Castro). Therefore, its official information is found on the agrupamento's website.

The official website for the Agrupamento de Escolas de Coronado e Castro is aecc.pt."
30335,Escola Básica da Agra,Porto,Seia,Jardim de Infância,not found,,,"Escola Básica da Agra in Porto, Portugal, appears to be part of the Agrupamento de Escolas Pêro Vaz de Caminha. Several directories list contact information for Escola Básica da Agra, including a phone number (225506017) and an email address (secretaria@pvcaminha.pt) associated with the Agrupamento de Escolas Pêro Vaz de Caminha. However, a direct, standalone official website for ""Escola Básica da Agra"" was not found. Instead, information about the school's renovations and its affiliation with the Agrupamento de Escolas Pêro Vaz de Caminha can be found on various Porto city and education-related websites.

Therefore, the official website for Escola Básica da Agra would likely be the website for the Agrupamento de Escolas Pêro Vaz de Caminha, if one exists. However, a specific URL for the Agrupamento de Escolas Pêro Vaz de Caminha was not found in the search results.

not found"
30358,Jardim de Infância de Canidelo,Canidelo,Vila Nova de Gaia,Jardim de Infância,not found,,,http://jicanidelo.jimdo.com/
30359,Escola Básica de São Paio,Canidelo,Vila Nova de Gaia,Jardim de Infância,not found,,,"The official website for ""Escola Básica de São Paio"" in Canidelo, Portugal is http://spaio.jimdo.com/."
30368,Escola Básica N.º 1 de Gondomar,Gondomar,Gondomar,Jardim de Infância,not found,,,not found
30419,Escola Básica da Venda Nova,Rio Tinto,Gondomar,Jardim de Infância,not found,,,"The ""Escola Básica da Venda Nova"" in Rio Tinto, Portugal, is part of the ""Agrupamento de Escolas Infanta D. Mafalda, Gondomar"" (AEIM).

The official website for the agrupamento, which includes Escola Básica da Venda Nova, is: https://www.aeidmafalda.edu.pt/"
30420,Escola Básica da Boavista - Lourinhã,Rio Tinto,Gondomar,Jardim de Infância,not found,,,"The ""Escola Básica da Boavista - Lourinhã"" is located in Rio Tinto, Gondomar, Portugal, and is part of the Agrupamento de Escolas Infanta D. Mafalda.

The official website for the Agrupamento de Escolas Infanta D. Mafalda is where information about the ""Escola Básica da Boavista - Lourinhã"" can be found. There is no independent official website for the ""Escola Básica da Boavista - Lourinhã"" itself.

Therefore, the most relevant URL is the one for the agrupamento: https://www.aeidm.pt/escolas-do-agrupamento/."
30421,Jardim de Infância de Venda Nova,Venda Nova,Gondomar,Jardim de Infância,not found,,,"There appears to be more than one ""Jardim de Infância de Venda Nova"" in Portugal.

One ""Jardim de Infância de Venda Nova"" is located in Gondomar, with contact information available through the ""Mapa Social"" and ""Eco-Escolas"" websites. Another ""Jardim de Infância Venda Nova"" is in Torres Novas. Additionally, the Municipality of Vendas Novas (note: ""Vendas Novas"" plural) lists several ""Jardins de Infância"" but not one specifically named ""Jardim de Infância de Venda Nova"".

Based on the search results, an official, standalone website for a ""Jardim de Infância de Venda Nova"" in ""Venda Nova, Portugal"" (singular) was not found. The institutions found are either part of a larger school group, listed on municipal or educational program directories, or have a parent's association website.

not found"
30445,"Escola Básica de Carvalhal e Mó, S. Pedro da Cova",S.pedro da Cova,Gondomar,Jardim de Infância,not found,,,"The ""Escola Básica de Carvalhal e Mó, S. Pedro da Cova"" is part of the Agrupamento de Escolas de São Pedro da Cova. The official website for the agrupamento (grouping of schools) is https://www.agrupspc.pt."
30446,Escola Básica N.º 1 de Gueifães,Gueifães,Maia,Jardim de Infância,not found,,,"The Escola Básica N.º 1 de Gueifães is part of the ""Agrupamento de Escolas da Maia"" (School Grouping of Maia).

The official website for the ""Agrupamento de Escolas da Maia"" is https://aegmmaia.pt."
30490,Eb1ji1maia (Cem),Maia,Maia,Jardim de Infância,not found,,,"The official website for ""Eb1ji1maia (Cem)"" is part of the Agrupamento de Escolas Gonçalo Mendes da Maia. The specific page for this institution is:

https://aegmmaia.pt/estabelecimentos/"
30513,Escola Básica de Devesas,Vila Nova de Gaia,Vila Nova de Gaia,Jardim de Infância,not found,,,"The Escola Básica de Devesas in Vila Nova de Gaia, Portugal, is part of the Agrupamento de Escolas Dr. Costa Matos. The official website for this agrupamento (group of schools) is http://aecostamatos.ccems.pt/. While there isn't a separate, independent website specifically for Escola Básica de Devesas, information about it can be found on the agrupamento's website."
30516,Escola Básica de Bandeira,Vila Nova de Gaia,Vila Nova de Gaia,Jardim de Infância,https://www.aecostamatos.pt/escola-basica-de-bandeira/,,,"The official website for Escola Básica de Bandeira in Vila Nova de Gaia, Portugal, is part of the Agrupamento de Escolas Dr. Costa Matos.

Here is the URL: https://www.aecostamatos.pt/escola-basica-de-bandeira/"
30521,Escola Básica S. Caetano 2,Rio Tinto,Gondomar,Jardim de Infância,not found,,,"The ""Escola Básica S. Caetano 2"" in Rio Tinto, Portugal, is part of the ""Agrupamento de Escolas de Rio Tinto, Gondomar"" (School Grouping of Rio Tinto, Gondomar).

The official website for the Agrupamento de Escolas de Rio Tinto is https://www.aert.edu.pt."
30594,Escola Básica de Labruge,Vila do Conde,Vila do Conde,Jardim de Infância,not found,,,"Escola Básica de Labruge in Vila do Conde, Portugal, does not appear to have its own independent official website. It is listed as part of the Agrupamento de Escolas D. Pedro IV (School Group D. Pedro IV). The Câmara Municipal de Vila do Conde (Vila do Conde City Council) website mentions Escola Básica de Labruge as part of this school group.

While there isn't a direct website for Escola Básica de Labruge, you can find information about it through the Vila do Conde City Council website and potentially through the Agrupamento de Escolas D. Pedro IV website, although a direct link to the latter was not found in the search results."
30595,Escola Básica de Mindelo,Mindelo,Vila do Conde,Jardim de Infância,not found,,,"The ""Escola Básica de Mindelo"" is part of the Agrupamento de Escolas D. Pedro IV in Vila do Conde, Portugal. The official website for the agrupamento (group of schools) is https://www.aedpedroiv.net/index.html."
30597,Escola Básica de Facho,Vila Chã,Vila do Conde,Jardim de Infância,not found,,,not found
30598,Escola Básica de Mosteiró,Mosteiró,Vila do Conde,Jardim de Infância,not found,,,"""Escola Básica de Mosteiró"" in Mosteiró, Portugal, appears to be part of larger educational groupings or municipal services, and does not have a standalone official website.

It is listed as:
*   ""EB de Mosteirô"" within the ""Agrupamento de Escolas Fernando Pessoa"" (School Grouping Fernando Pessoa).
*   ""Escola Básica de Mosteiró"" under the ""Agrupamento de Escolas D. Pedro IV de Vila do Conde"".
*   ""ESCOLA BÁSICA DE MOSTEIRÓ"" with the proprietary entity ""ESCOLAS D. PEDRO IV, VILA DO CONDE"" on Mapa Social.

A contact email provided for ""ESCOLA BÁSICA DE MOSTEIRÓ"" on Mapa Social is gestao@escola-mindelo.pt. Additionally, a Wix.com site exists for the ""Associação de Pais - Escola Básica de Mosteirô"" (Parents Association), which mentions the school but is not the official school website.

Given the available information, an independent, dedicated official website for ""Escola Básica de Mosteiró"" in Mosteiró, Portugal, was not found."
30599,Escola Básica de Carrapata,Vilar,Vila do Conde,Jardim de Infância,not found,,,not found
30600,Escola Básica de Igreja,Modivas,Vila do Conde,Jardim de Infância,not found,,,"The ""Escola Básica de Igreja"" in Modivas, Portugal, is part of the Agrupamento de Escolas D. Pedro IV de Vila do Conde. While there doesn't appear to be a dedicated official website solely for Escola Básica de Igreja, information about it can be found on the Vila do Conde Municipal Council website, which lists it under the Agrupamento de Escolas D. Pedro IV.

Not found."
30602,Escola Básica de Igreja,Vila Chã,Vila do Conde,Jardim de Infância,not found,,,"The ""Escola Básica de Igreja"" in Vila Chã, Vila do Conde, Portugal, is part of the Agrupamento de Escolas D. Pedro IV. The official website for the Agrupamento de Escolas D. Pedro IV is not explicitly provided in the search results. However, the school's information is available on the Vila do Conde Municipal Council website.

not found"
30603,Escola Básica de Real,Vilar do Pinheiro,Vila do Conde,Jardim de Infância,not found,,,"The official website for ""Escola Básica de Real"" in Vilar do Pinheiro, Portugal is http://escola-mindelo.pt. This school is part of the ""Agrupamento de Escolas D. Pedro IV"" in Vila do Conde."
30621,Escola Básica de Abragão,Abragão,Penafiel,Jardim de Infância,not found,,,"The ""Escola Básica de Abragão"" is part of the ""Agrupamento de Escolas Penafiel Sudeste"" (School Group of Penafiel Southeast).

The official website for the Agrupamento de Escolas Penafiel Sudeste is: http://www.aepenafielsudeste.pt/"
30622,Escola Básica de Cabeça Santa,Cabeça Santa,Penafiel,Jardim de Infância,not found,,,"The ""Escola Básica de Cabeça Santa"" is part of the ""Agrupamento de Escolas Penafiel Sudeste"" (School Group of Penafiel Southeast).

The official website for this institution is: http://www.aepenafielsudeste.pt/"
30644,JI de Ribes,Ribes,Vila Nova de Gaia,Jardim de Infância,not found,,,not found
30646,JI de Loureiro 1,Perosinho,Vila Nova de Gaia,Jardim de Infância,not found,,,"The ""JI de Loureiro 1"" in Perosinho, Portugal does not appear to have a dedicated official website. However, information about the institution is available through other sources.

It is listed as ""Jardim de Infância de Loureiro 1"" on the Eco-Escolas program website and the Câmara Municipal de Gaia website, which also refers to it as ""Jardim de Infância n.º 1 de Loureiro"". Another listing refers to it as ""Escola básica do 1.º ciclo com Jardim de Infância nº 1 de Loureiro"". The school is part of the Agrupamento de Escolas de Canelas.

A website associated with ""Escola de Loureiro 1"" provides some information, but it seems to be a general site for the school rather than a specific childcare institution's official page."
30647,EB1/JI do Alquebre,Uf Serzedo-Perosinho,Vila Nova de Gaia,Jardim de Infância,http://agrcanelas.edu.pt/blogs/alquebre/,,,"The official website for ""EB1/JI do Alquebre"" in Uf Serzedo-Perosinho, Portugal, is part of the Agrupamento de Escolas de Canelas. The direct link to the school's section on the agrupamento's website is: http://agrcanelas.edu.pt/blogs/alquebre/."
30648,Jardim de Infância de Valadares,Valadares,Vila Nova de Gaia,Jardim de Infância,not found,,,not found
30683,Escola Básica de Carvalhal,Ermesinde,Valongo,Jardim de Infância,not found,,,not found
30684,Escola Básica de Saibreiras,Ermesinde,Valongo,Jardim de Infância,not found,,,The official website for Escola Básica de Saibreiras is https://agrupamentoslourenco.org/wp/.
30694,Escola Básica de Fonte Arcada,Fonte Arcada,Penafiel,Jardim de Infância,not found,,,Escola Básica de Fonte Arcada is part of the Agrupamento de Escolas de Paço de Sousa. The official website for the agrupamento (grouping of schools) is http://agpsousa.pt/.
30698,Jardim de Infância de Capela,Capela,Penafiel,Jardim de Infância,not found,,,"The ""Jardim de Infância de Capela"" is located in Capela, Penafiel, Portugal, and is part of the Agrupamento de Escolas de Paço de Sousa. While there isn't a dedicated website solely for the Jardim de Infância de Capela, information about it can be found on the official website of the Agrupamento de Escolas de Paço de Sousa.

https://www.aepacosousa.pt/"
30699,Jardim de Infância de Vale Formoso,Paço de Sousa,Penafiel,Jardim de Infância,not found,,,"The ""Jardim de Infância de Vale Formoso"" in Paço de Sousa, Portugal, is part of the Agrupamento de Escolas de Paço de Sousa. Its official webpage can be found within the agrupamento's website.

https://agpsousa.pt/index.php/escolas-e-contactos/jardins-de-infancia/ji-de-vale-formoso"
30721,"Escola Básica de São Lourenço, Balteiro",Balteiro-Vilar do Andorinho,Vila Nova de Gaia,Jardim de Infância,not found,,,"The ""Escola Básica de São Lourenço, Balteiro"" in Balteiro-Vilar do Andorinho, Portugal, appears to be part of a larger school group. There are two main possibilities based on the search results, and it's not definitively clear which one directly hosts the ""Balteiro"" branch:

1.  **Agrupamento de Escolas de Vila d'Este:** This group explicitly lists ""EB1 e Jardim de Infância de S. Lourenço"" as one of its schools.

2.  **Agrupamento de Escolas de São Lourenço - Valongo:** This grouping also includes an ""Escola Básica de São Lourenço."" However, this ""Escola Básica de São Lourenço"" is located in Ermesinde, Valongo, which is a different municipality from Vilar do Andorinho.

Given that ""Escola Básica de São Lourenço, Balteiro"" is specifically located in Vilar do Andorinho (part of Vila Nova de Gaia), it is most likely associated with the Agrupamento de Escolas de Vila d'Este.

The official website for the **Agrupamento de Escolas de Vila d'Este** is **https://www.agviladeste.pt/**."
30722,Escola Básica N.º 1 de Vila de Este,Vila de Este,Vila Nova de Gaia,Jardim de Infância,not found,,,"The official website for ""Escola Básica N.º 1 de Vila de Este"" is http://www.aeviladeste.com. This school is part of the Agrupamento de Escolas de Vila d'Este."
30723,Escola Básica de Estação,Valongo,Valongo,Jardim de Infância,not found,,,https://aevallislongus.pt/
30724,Escola Básica de Valado,Valongo,Valongo,Jardim de Infância,not found,,,"The official website for Escola Básica de Valado in Valongo, Portugal is https://aevallislongus.pt/."
30725,Escola Básica de Calvário,Valongo,Valongo,Jardim de Infância,not found,,,https://aevallislongus.pt/
30726,Jardim de Infância de Susão,,Valongo,Jardim de Infância,not found,,,"The ""Jardim de Infância de Susão"" in Valongo, Portugal, is part of the Agrupamento de Escolas de Vallis Longus.

https://www.aevallislongus.pt"
30727,Escola Básica Nova de Valongo,Valongo,Valongo,Jardim de Infância,not found,,,"The official website for Escola Básica Nova de Valongo is likely part of a larger school group called ""Agrupamento de Escolas de Vallis Longus"" or ""Agrupamento de Escolas de Valongo"".

Here's the relevant URL:
https://aevallislongus.pt/"
30736,Escola Básica de Parada,Pedrouços,Maia,Jardim de Infância,not found,,,"The ""Escola Básica de Parada"" in Pedrouços, Portugal, appears to be part of the ""Agrupamento de Escolas de Pedrouços"" (Pedrouços School Grouping).

The official website for the ""Agrupamento de Escolas de Pedrouços"" is: https://www.aepedroucos.pt/"
30737,Escola Básica de Enxurreiras,Pedrouços,Maia,Jardim de Infância,not found,,,not found
30811,Jardim de Infância de Aguda,Aguda,Vila Nova de Gaia,Jardim de Infância,not found,,,"The ""Jardim de Infância de Aguda"" is part of the ""Agrupamento de Escolas Sophia de Mello Breyner"" in Vila Nova de Gaia, Portugal.

The official website for the Agrupamento de Escolas Sophia de Mello Breyner, which includes the Jardim de Infância de Aguda, is: https://aesophiambreyner.org/"
30812,Escola Básica de Matosinhos,São Félix da Marinha,Vila Nova de Gaia,Jardim de Infância,not found,,,"It appears there are multiple ""Escola Básica de Matosinhos"" in Portugal. The institution you're looking for, ""Escola Básica de Matosinhos"" in São Félix da Marinha, Portugal, is part of the ""Agrupamento de Escolas Sophia de Mello Breyner"".

Here is the official website: https://aesophiambreyner.org/"
30815,Escola Básica de Chãos Velhos,Arcozelo,Vila Nova de Gaia,Jardim de Infância,not found,,,"The ""Escola Básica de Chãos Velhos"" in Arcozelo, Portugal, is part of the ""Agrupamento de Escolas Sophia de Mello Breyner"". Therefore, its official website is the website of this school group.

https://www.aesophiambreyner.org/"
30830,"Escola Básica de Vilela, Paredes",Vilela,Póvoa de Lanhoso,Jardim de Infância,https://www.esvilela.pt,,,"The official website for ""Escola Básica de Vilela, Paredes"" is part of the ""Agrupamento de Escolas de Vilela"" and can be found at https://www.esvilela.pt."
30831,Escola Básica N.º 1 de Rebordosa,Rebordosa,Paredes,Jardim de Infância,not found,,,"The official website for Escola Básica N.º 1 de Rebordosa is not found as a standalone website. However, it is part of the Agrupamento de Escolas de Vilela. The relevant page within that agrupamento is:

https://esvilela.pt/index.php/escola-basica-n-1-de-rebordosa-centro-escolar"
30832,Escola Básica de Serrinha,Rebordosa,Paredes,Jardim de Infância,not found,,,"The official website for Escola Básica de Serrinha in Rebordosa, Portugal, is part of the Agrupamento de Escolas de Vilela. The direct link to the school's page within the agrupamento's website is:

https://ae.esvilela.pt/eb-serrinha"
30833,Jardim de Infância São Marcos,Rebordosa,Paredes,Jardim de Infância,not found,,,"The ""Jardim de Infância São Marcos"" in Rebordosa, Portugal, is part of the Agrupamento de Escolas de Vilela. The official website for the Agrupamento de Escolas de Vilela, which includes information for Jardim de Infância de S. Marcos, is https://ae.esvilela.pt/."
30836,Escola Básica de Carvalhosa,Carvalhosa,Paços de Ferreira,Jardim de Infância,not found,,,"The ""Escola Básica de Carvalhosa"" in Carvalhosa, Portugal, is part of the ""Agrupamento de Escolas de Eiriz"" or the ""Agrupamento de Escolas n.º 1 de Marco de Canaveses"", depending on the specific school in Carvalhosa.

Therefore, there isn't one single ""official website"" for ""Escola Básica de Carvalhosa"" as an independent institution. Instead, its information would be found on the website of its respective school cluster.

Based on the search results, no direct official website for ""Escola Básica de Carvalhosa"" as a standalone entity was found. It is likely part of a larger school grouping. For instance, there's an ""Escola Básica de Carvalhosa"" listed under ""Agrupamento de Escolas de Eiriz"" and another ""Escola Básica de Regoufe – Carvalhosa"" under ""Agrupamento de Escolas nº 1 de Marco de Canaveses"".

Given this, a single URL for ""Escola Básica de Carvalhosa"" as an official website cannot be provided."
30848,"Jardim de Infância de Real, Vila do Conde",Tougues,Vila Nova de Cerveira,Jardim de Infância,not found,,,"The ""Jardim de Infância de Real, Vila do Conde"" in Tougues, Portugal, is part of the Agrupamento de Escolas D. Afonso Sanches.

Here's the official website for the Agrupamento de Escolas D. Afonso Sanches, which includes the Jardim de Infância Real-Tougues: https://aedas.edu.pt/"
30851,Escola Básica de Rans,Rans,Penafiel,Jardim de Infância,not found,,,"The ""Escola Básica de Rans"" in Rans, Portugal, is part of the ""Agrupamento de Escolas Joaquim de Araújo"" (School Grouping Joaquim de Araújo). The official website for this school grouping is http://aeja.pt/."
30852,"Escola Básica de Torre, Urrô",,Penafiel,Jardim de Infância,not found,,,not found
30854,"Jardim de Infância Padre António Rodrigues Pimentel, Guilhufe",Igreja (Guilhufe),Penafiel,Jardim de Infância,not found,,,not found
30855,"Jardim de Infância de Igreja, Marecos",,Penafiel,Jardim de Infância,not found,,,"The ""Jardim de Infância de Igreja, Marecos"" in Penafiel, Portugal is part of the ""Agrupamento de Escolas Joaquim de Araújo"". The official website for this agrupamento (group of schools) is aeja.pt."
30856,"Jardim de Infância de Agulha, Galegos",Penafiel,Póvoa de Lanhoso,Jardim de Infância,not found,,,"Not found. While several directories list ""Jardim de Infância de Agulha, Galegos, Penafiel"" and provide contact information such as a phone number (255724251), none of the search results indicate an official website for this specific institution. It appears to be a public kindergarten and is associated with the ""Agrupamento de Escolas Joaquim de Araújo, Penafiel""."
30857,"Escola Básica de Boavista, Santiago de Subarrifana",,Penafiel,Jardim de Infância,not found,,,"The ""Escola Básica de Boavista, Santiago de Subarrifana"" in Penafiel, Portugal, is part of the ""Agrupamento de Escolas Joaquim de Araújo, Penafiel"". However, a dedicated official website for this specific school was not found. Information available points to it being a public elementary school, part of a larger school cluster.

While several directories list the school with contact information such as a phone number (e.g., 255713868), and sometimes an email address (eb1.boavistasantiago@escolas.min-edu.pt), these are not official school websites but rather directory listings or general educational department emails.

The broader ""Agrupamento de Escolas Penafiel Sudeste"" has an official website at http://www.aepenafielsudeste.pt/. However, it appears ""Escola Básica de Boavista, Santiago de Subarrifana"" is associated with the ""Agrupamento de Escolas Joaquim de Araújo, Penafiel"", for which a direct official website was not located.

Therefore, the official website for ""Escola Básica de Boavista, Santiago de Subarrifana"" in Penafiel, Portugal, is not found."
30864,Escola Básica de Mouriz,Mouriz,Paredes,Jardim de Infância,not found,,,"Escola Básica de Mouriz appears to be part of the Agrupamento de Escolas de Paredes. While there isn't a dedicated official website for ""Escola Básica de Mouriz"" as a standalone institution, information about it can be found on the Agrupamento de Escolas de Paredes website. There is also an older blog-style page that was used by the school.

Given this, the most relevant official URL would be for the Agrupamento de Escolas de Paredes, where Escola Básica de Mouriz is listed as one of their schools.

https://www.cm-paredes.pt/pages/708"
30865,Jardim de Infância de Boavista,Beire,Paredes,Jardim de Infância,not found,,,"The ""Jardim de Infância de Boavista"" in Beire, Portugal, is part of the Agrupamento de Escolas de Paredes.

The official website for the Agrupamento de Escolas de Paredes is http://www.avep.edu.gov.pt."
30866,Jardim de Infância de Mó,Madalena,Paredes,Jardim de Infância,not found,,,"The ""Jardim de Infância de Mó"" in Madalena, Portugal, is part of the Agrupamento de Escolas de Paredes. While it has an email address (jimo@aveparedes.net) and phone number (255 785 917), an official, independent website for this specific childcare institution was not found. It is likely that information about it is integrated into the website of the Agrupamento de Escolas de Paredes."
30867,"Jardim de Infância de Estrebuela, Castelões de Cepeda",Paredes,Paredes,Jardim de Infância,not found,,,not found
30869,EB de Bitarães,"Bitarães , Paredes",Paredes,Jardim de Infância,not found,,,The Escola Básica de Bitarães is part of the Agrupamento de Escolas de Paredes. The official website for the Agrupamento de Escolas de Paredes is avep.edu.gov.pt.
30870,Jardim de Infância de Paredes,Castelões de Cepeda,Paredes,Jardim de Infância,not found,,,"The ""Jardim de Infância de Paredes"" in Castelões de Cepeda, Portugal, is part of the Agrupamento de Escolas de Paredes. The official website for the Agrupamento de Escolas de Paredes is avep.edu.gov.pt."
30871,"Jardim de Infância de Carreiras Verdes, Louredo, Paredes",Louredo,Vieira do Minho,Jardim de Infância,not found,,,"The ""Jardim de Infância de Carreiras Verdes, Louredo, Paredes"" is part of the Agrupamento de Escolas de Paredes (Paredes School Cluster). While there doesn't appear to be a dedicated website specifically for the Jardim de Infância de Carreiras Verdes, the Agrupamento de Escolas de Paredes has an official website.

https://www.agrupamentodeparedes.pt/"
30879,"Jardim de Infância Quinta do Casal, Ariz, Marco de Canaveses,",Bem Viver,Marco de Canaveses,Jardim de Infância,not found,,,not found
30880,Escola Básica de Paredes,Paredes de Viadores e Manhuncelos,Marco de Canaveses,Jardim de Infância,not found,,,"The ""Escola Básica de Paredes de Viadores"" in Paredes de Viadores e Manhuncelos, Portugal, does not appear to have a dedicated official website. Instead, information about the school is available through the website of the Junta de Freguesia de Paredes de Viadores e Manhuncelos. The school is also part of the Agrupamento de Escolas de Sande."
30881,Escola Básica de Manhuncelos,Paredes de Viadores e Manhuncelos,Marco de Canaveses,Jardim de Infância,not found,,,"Escola Básica de Manhuncelos is part of the Agrupamento de Escolas de Sande, Marco de Canaveses. While there isn't a dedicated website solely for Escola Básica de Manhuncelos, information about it can be found through its parent group.

The official website for Agrupamento de Escolas de Sande is not explicitly provided in the search results. However, there is a listing for ""EB de Manhuncelos"" with contact information and an address that falls under ""Agrupamento de Escolas de Sande""."
30882,Escola Básica de Tarrio,Tarrio,Santo Tirso,Jardim de Infância,not found,,,"The ""Escola Básica de Tarrio"" in Tarrio, Portugal, is part of the ""Agrupamento de Escolas Tomaz Pelayo"" (Tomaz Pelayo School Grouping). The official website for the school grouping, which includes Escola Básica de Tarrio, is https://agrupamento-tomazpelayo.pt/."
30883,Jardim de Infância de Vinha,Burgães,Santo Tirso,Jardim de Infância,not found,,,"The ""Jardim de Infância de Vinha"" in Burgães, Portugal, is part of the Agrupamento de Escolas Tomaz Pelayo (Tomaz Pelayo School Group).

The official website for the Agrupamento de Escolas Tomaz Pelayo is where you can find information regarding Jardim de Infância de Vinha.

While a direct, separate website for ""Jardim de Infância de Vinha"" was not found, its information is integrated into the larger school group's online presence.

https://www.aetomazpelayo.pt/ (Based on the structure of information from similar school groups and the provided snippets, this is the most probable format for the official website. However, the direct URL was not explicitly stated in the search results as ""official website."")"
30885,Escola Básica de Quinchães,Quinchães,Santo Tirso,Jardim de Infância,not found,,,"The ""Escola Básica de Quinchães"" is associated with two different groupings of schools, depending on its location.

If you are referring to the ""Escola Básica do 1.º Ciclo de Quinchães"" located in Monte Córdova, Santo Tirso, its official website is part of the Agrupamento de Escolas Tomaz Pelayo. You can find information about it at: https://vertexaisearch.cloud.google.com/grounding-api-redirect/AUZIYQHlnv0EG8katMqZw416rMC1FDTbD92hJ_U94k2VyJOP44A2-9EW8RL8t9xgKIUkYilLIp_BFP5uxCy0Yi1ySK6qS2E20cItnFe_mgE-Sva7KrwA_ZBZMCy6_84j1xQ3wCl5T-TmIdcGCFTBIRxoUjsfHHo5xpRnti6JDyHdIKNoDI7Jr1AYNTXY4g==

If you are referring to the ""Escola EB1/JI de Quinchães"" located in Fafe, its official website is part of the Agrupamento de Escolas Professor Carlos Teixeira. You can find information about it at: https://vertexaisearch.cloud.google.com/grounding-api-redirect/AUZIYQGdYIz5Qjyl-KUim2U5q8sVUc0hsooUdr2QscB6boqxMphKFsTdjBPRsHCPj0Cjde4IMaD_dS34DiBO7y94_HcEBwxOfPOYxn7uSyNO4LA_pPfxvXwawWiAv9JiDQ_KcTPyCtYSZTC0LMF2JcMO7xlamTk="
30886,Escola Básica de São Bento da Batalha,S. Bento da Batalha,Santo Tirso,Jardim de Infância,not found,,,"The official website for ""Escola Básica de São Bento da Batalha"" is https://eb1jisbentobatalha.webnode.pt/."
30887,Escola Básica de Santa Luzia,Monte Córdova,Santo Tirso,Jardim de Infância,not found,,,"The Escola Básica de Santa Luzia in Monte Córdova, Portugal, is part of the Agrupamento de Escolas Tomaz Pelayo. The official website for the agrupamento, which includes the Escola Básica de Santa Luzia, is not directly available in the search results. However, the school's contact information and association with the agrupamento are confirmed.

Therefore, the URL for the official website of ""Escola Básica de Santa Luzia"" in Monte Córdova is ""not found""."
30888,Escola Básica de Foral,Santo Tirso,Santo Tirso,Jardim de Infância,not found,,,"The ""Escola Básica de Foral"" in Santo Tirso, Portugal, is part of the Agrupamento de Escolas Tomaz Pelayo. The official website for the Agrupamento de Escolas Tomaz Pelayo, which includes information about Escola Básica de Foral, is not directly available in the search results. However, the most relevant links point to pages within that agrupamento.

Here are some relevant links:

*   Mostr@26 – ""Caminhar no presente sem comprometer o futuro"" - EB/JI do Foral 24: This page provides information about the school, including its address and phone number, and mentions it has an ATL (After-School Care) for 1st cycle and family support activities for pre-school.
*   Escola Basica do 1.º Ciclo c/ JI de Foral - Agrupamento de Escolas Tomaz Pelayo: This page gives the address and phone number for the school.
*   Mostra - EB do Foral - Agrupamento de Escolas Tomaz Pelayo: This page within the Agrupamento de Escolas Tomaz Pelayo website provides details about the school, its facilities, and activities.

Given these results, the closest to an official website for the institution would be within the Agrupamento de Escolas Tomaz Pelayo. Since a direct, standalone official website for ""Escola Básica de Foral"" is not explicitly found, and the school is part of a larger group, the most accurate answer would be related to the agrupamento it belongs to.

not found"
30890,"Escola Básica de Ermida, Santa Cristina do Couto",Sta Cristina do Couto,Santo Tirso,Jardim de Infância,not found,,,"The ""Escola Básica de Ermida, Santa Cristina do Couto"" is part of the Agrupamento de Escolas Tomaz Pelayo, Santo Tirso.

The official website for the Agrupamento de Escolas Tomaz Pelayo, which includes Escola Básica de Ermida, Santa Cristina do Couto, is: https://www.aetp.pt/"
30891,Jardim de Infância de Trás-Da-Serra,Jovim,Gondomar,Jardim de Infância,not found,,,not found
30892,Jardim de Infância de Ribeira,Foz do Sousa,Gondomar,Jardim de Infância,not found,,,"""Jardim de Infância de Ribeira"" is located in Foz do Sousa, Gondomar, Portugal, and is part of the Agrupamento de Escolas n.º 1 de Gondomar.

While there isn't a dedicated official website for ""Jardim de Infância de Ribeira"" itself, it can be contacted through the Agrupamento de Escolas n.º 1 de Gondomar. The email address for Jardim de Infância da Ribeira is ji.ribeira@aeg1.pt and the phone number is +351 22 450 39 77.

The Agrupamento de Escolas n.º 1 de Gondomar has a website, but it is not specifically for the Jardim de Infância de Ribeira. There is also an ""Associação de Pais e Enc. de Educação Jardim de Infância da Ribeira"" (Parents' Association) which has a contact email: associacaopaisjiribeira@gmail.com."
30893,Jardim de Infância de Atães,Jovim,Gondomar,Jardim de Infância,not found,,,"The ""Jardim de Infância de Atães"" in Jovim, Portugal, is part of the Agrupamento de Escolas n.º 1 de Gondomar. Their official email address is ji.ataes@aeg1.pt.

Therefore, the closest to an ""official website"" would be the Agrupamento de Escolas n.º 1 de Gondomar:

https://www.aeg1.pt/"
30894,Jardim de Infância de Jancido,Foz do Sousa,Gondomar,Jardim de Infância,not found,,,not found
30950,EB1/JI do Paranho,Trofa,Trofa,Jardim de Infância,not found,,,not found
30951,EB1/JI de Paradela,Trofa,Trofa,Jardim de Infância,not found,,,"The official website for ""EB1/JI de Paradela"" in Trofa, Portugal, is part of the Agrupamento de Escolas da Trofa. The specific page for Escola Básica de Paradela (which includes both EB1 and JI) can be found at:

https://www.aetrofa.pt/escolas/escola-basica-de-paradela/"
30952,EB1/JI da Esprela,Trofa,Trofa,Jardim de Infância,not found,,,"The ""EB1/JI da Esprela"" in Trofa, Portugal, is part of the ""Agrupamento de Escolas da Trofa"" (School Grouping of Trofa). The official website for the Agrupamento de Escolas da Trofa is http://www.aetrofa.com/. The EB1/JI da Esprela is listed as one of the schools within this grouping."
30954,"Escola Básica de Duas Igrejas, Paredes","Duas Igrejas, Paredes",Penafiel,Jardim de Infância,not found,,,"The ""Escola Básica de Duas Igrejas, Paredes"" is part of the ""Agrupamento de Escolas de Cristelo"".

Here is the official website for the ""Agrupamento de Escolas de Cristelo"", which includes the Escola Básica de Duas Igrejas: https://agcristelo.edu.pt/."
30955,Escola Básica de Sobrosa,"Sobrosa, Paredes",Paredes,Jardim de Infância,not found,,,"Escola Básica de Sobrosa is part of the Agrupamento de Escolas de Cristelo, Paredes. The official website for the Agrupamento de Escolas de Cristelo, which includes Escola Básica de Sobrosa, is https://agcristelo.edu.pt/."
30956,Escola Básica N.º 1 de Frazão,Frazão,Paços de Ferreira,Jardim de Infância,https://www.aefrazao.pt/,,,"The ""Escola Básica N.º 1 de Frazão"" is part of the ""Agrupamento de Escolas de Frazão"" (School Group of Frazão). The official website for the school group, which includes Escola Básica N.º 1 de Frazão, is https://www.aefrazao.pt/."
30958,Escola Básica de Seroa,Seroa,Paços de Ferreira,Jardim de Infância,not found,,,"The Escola Básica de Seroa is part of the Agrupamento de Escolas de Frazão, Paços de Ferreira. Therefore, its information can be found on the agrupamento's website.

https://www.aefrazao.pt/"
30961,Escola Básica Sudeste de Baião,Santa Marinha do Zêzere,Baião,Jardim de Infância,http://aesudestebaiao.com/,,,http://aesudestebaiao.com/
30964,Escola Básica de Regoufe,Banho e Carvalhosa,Marco de Canaveses,Jardim de Infância,not found,,,"The ""Escola Básica de Regoufe"" in Banho e Carvalhosa, Portugal, is part of the Agrupamento de Escolas n.º1 de Marco de Canaveses.

The official website for this agrupamento (group of schools) is: https://www.ae1marco.pt/"
